Time,ELECRESISTANCE+BASESYS4DX-1:DesPer 1:Des Heat Mass Flow [kg/s],ELECRESISTANCE+BASESYS4DX-1:DesPer 1:Des Heat Cap [W],ELECRESISTANCE+BASESYS4DX-1:DesPer 1:Des Cool Mass Flow [kg/s],ELECRESISTANCE+BASESYS4DX-1:DesPer 1:Des Sens Cool Cap [W],ELECRESISTANCE+BASESYS4DX-1:DesPer 1:Des Tot Cool Cap [W],ELECRESISTANCE+BASESYS4DX-1:DesPer 2:Des Heat Mass Flow [kg/s],ELECRESISTANCE+BASESYS4DX-1:DesPer 2:Des Heat Cap [W],ELECRESISTANCE+BASESYS4DX-1:DesPer 2:Des Cool Mass Flow [kg/s],ELECRESISTANCE+BASESYS4DX-1:DesPer 2:Des Sens Cool Cap [W],ELECRESISTANCE+BASESYS4DX-1:DesPer 2:Des Tot Cool Cap [W],ELECRESISTANCE+BASESYS4DX-2:DesPer 1:Des Heat Mass Flow [kg/s],ELECRESISTANCE+BASESYS4DX-2:DesPer 1:Des Heat Cap [W],ELECRESISTANCE+BASESYS4DX-2:DesPer 1:Des Cool Mass Flow [kg/s],ELECRESISTANCE+BASESYS4DX-2:DesPer 1:Des Sens Cool Cap [W],ELECRESISTANCE+BASESYS4DX-2:DesPer 1:Des Tot Cool Cap [W],ELECRESISTANCE+BASESYS4DX-2:DesPer 2:Des Heat Mass Flow [kg/s],ELECRESISTANCE+BASESYS4DX-2:DesPer 2:Des Heat Cap [W],ELECRESISTANCE+BASESYS4DX-2:DesPer 2:Des Cool Mass Flow [kg/s],ELECRESISTANCE+BASESYS4DX-2:DesPer 2:Des Sens Cool Cap [W],ELECRESISTANCE+BASESYS4DX-2:DesPer 2:Des Tot Cool Cap [W],ELECRESISTANCE+BASESYS4DX-3:DesPer 1:Des Heat Mass Flow [kg/s],ELECRESISTANCE+BASESYS4DX-3:DesPer 1:Des Heat Cap [W],ELECRESISTANCE+BASESYS4DX-3:DesPer 1:Des Cool Mass Flow [kg/s],ELECRESISTANCE+BASESYS4DX-3:DesPer 1:Des Sens Cool Cap [W],ELECRESISTANCE+BASESYS4DX-3:DesPer 1:Des Tot Cool Cap [W],ELECRESISTANCE+BASESYS4DX-3:DesPer 2:Des Heat Mass Flow [kg/s],ELECRESISTANCE+BASESYS4DX-3:DesPer 2:Des Heat Cap [W],ELECRESISTANCE+BASESYS4DX-3:DesPer 2:Des Cool Mass Flow [kg/s],ELECRESISTANCE+BASESYS4DX-3:DesPer 2:Des Sens Cool Cap [W],ELECRESISTANCE+BASESYS4DX-3:DesPer 2:Des Tot Cool Cap [W],ELECRESISTANCE+BASESYS4DX-5:DesPer 1:Des Heat Mass Flow [kg/s],ELECRESISTANCE+BASESYS4DX-5:DesPer 1:Des Heat Cap [W],ELECRESISTANCE+BASESYS4DX-5:DesPer 1:Des Cool Mass Flow [kg/s],ELECRESISTANCE+BASESYS4DX-5:DesPer 1:Des Sens Cool Cap [W],ELECRESISTANCE+BASESYS4DX-5:DesPer 1:Des Tot Cool Cap [W],ELECRESISTANCE+BASESYS4DX-5:DesPer 2:Des Heat Mass Flow [kg/s],ELECRESISTANCE+BASESYS4DX-5:DesPer 2:Des Heat Cap [W],ELECRESISTANCE+BASESYS4DX-5:DesPer 2:Des Cool Mass Flow [kg/s],ELECRESISTANCE+BASESYS4DX-5:DesPer 2:Des Sens Cool Cap [W],ELECRESISTANCE+BASESYS4DX-5:DesPer 2:Des Tot Cool Cap [W],ELECRESISTANCE+BASESYS4DX-6:DesPer 1:Des Heat Mass Flow [kg/s],ELECRESISTANCE+BASESYS4DX-6:DesPer 1:Des Heat Cap [W],ELECRESISTANCE+BASESYS4DX-6:DesPer 1:Des Cool Mass Flow [kg/s],ELECRESISTANCE+BASESYS4DX-6:DesPer 1:Des Sens Cool Cap [W],ELECRESISTANCE+BASESYS4DX-6:DesPer 1:Des Tot Cool Cap [W],ELECRESISTANCE+BASESYS4DX-6:DesPer 2:Des Heat Mass Flow [kg/s],ELECRESISTANCE+BASESYS4DX-6:DesPer 2:Des Heat Cap [W],ELECRESISTANCE+BASESYS4DX-6:DesPer 2:Des Cool Mass Flow [kg/s],ELECRESISTANCE+BASESYS4DX-6:DesPer 2:Des Sens Cool Cap [W],ELECRESISTANCE+BASESYS4DX-6:DesPer 2:Des Tot Cool Cap [W],ELECRESISTANCE+BASESYS4DX-7:DesPer 1:Des Heat Mass Flow [kg/s],ELECRESISTANCE+BASESYS4DX-7:DesPer 1:Des Heat Cap [W],ELECRESISTANCE+BASESYS4DX-7:DesPer 1:Des Cool Mass Flow [kg/s],ELECRESISTANCE+BASESYS4DX-7:DesPer 1:Des Sens Cool Cap [W],ELECRESISTANCE+BASESYS4DX-7:DesPer 1:Des Tot Cool Cap [W],ELECRESISTANCE+BASESYS4DX-7:DesPer 2:Des Heat Mass Flow [kg/s],ELECRESISTANCE+BASESYS4DX-7:DesPer 2:Des Heat Cap [W],ELECRESISTANCE+BASESYS4DX-7:DesPer 2:Des Cool Mass Flow [kg/s],ELECRESISTANCE+BASESYS4DX-7:DesPer 2:Des Sens Cool Cap [W],ELECRESISTANCE+BASESYS4DX-7:DesPer 2:Des Tot Cool Cap [W],ELECRESISTANCE+BASESYS4DX-8:DesPer 1:Des Heat Mass Flow [kg/s],ELECRESISTANCE+BASESYS4DX-8:DesPer 1:Des Heat Cap [W],ELECRESISTANCE+BASESYS4DX-8:DesPer 1:Des Cool Mass Flow [kg/s],ELECRESISTANCE+BASESYS4DX-8:DesPer 1:Des Sens Cool Cap [W],ELECRESISTANCE+BASESYS4DX-8:DesPer 1:Des Tot Cool Cap [W],ELECRESISTANCE+BASESYS4DX-8:DesPer 2:Des Heat Mass Flow [kg/s],ELECRESISTANCE+BASESYS4DX-8:DesPer 2:Des Heat Cap [W],ELECRESISTANCE+BASESYS4DX-8:DesPer 2:Des Cool Mass Flow [kg/s],ELECRESISTANCE+BASESYS4DX-8:DesPer 2:Des Sens Cool Cap [W],ELECRESISTANCE+BASESYS4DX-8:DesPer 2:Des Tot Cool Cap [W],ERV1:DesPer 1:Des Heat Mass Flow [kg/s],ERV1:DesPer 1:Des Heat Cap [W],ERV1:DesPer 1:Des Cool Mass Flow [kg/s],ERV1:DesPer 1:Des Sens Cool Cap [W],ERV1:DesPer 1:Des Tot Cool Cap [W],ERV1:DesPer 2:Des Heat Mass Flow [kg/s],ERV1:DesPer 2:Des Heat Cap [W],ERV1:DesPer 2:Des Cool Mass Flow [kg/s],ERV1:DesPer 2:Des Sens Cool Cap [W],ERV1:DesPer 2:Des Tot Cool Cap [W]
00:15:00,7.087790E-02,9.108418E+02,1.077646E-01,0.000000E+00,0.000000E+00,1.889196E-01,3.855088E+03,7.087790E-02,0.000000E+00,0.000000E+00,1.984581E-02,2.550357E+02,2.587860E-02,0.000000E+00,0.000000E+00,2.439846E-02,7.612191E+02,1.984581E-02,0.000000E+00,0.000000E+00,3.685657E-02,4.736385E+02,6.682323E-02,0.000000E+00,1.257726E+02,3.685657E-02,1.319292E+03,3.685657E-02,0.000000E+00,0.000000E+00,5.103212E-02,6.558065E+02,1.749074E-01,0.000000E+00,3.592109E+02,1.508604E-01,2.941326E+03,5.103212E-02,0.000000E+00,0.000000E+00,1.417560E-02,1.821686E+02,8.903902E-02,0.000000E+00,2.979644E+02,5.397165E-02,9.517659E+02,1.417560E-02,0.000000E+00,0.000000E+00,6.520776E-02,8.379756E+02,6.520776E-02,0.000000E+00,0.000000E+00,6.520776E-02,2.334131E+03,6.520776E-02,0.000000E+00,0.000000E+00,6.520780E-02,8.379762E+02,6.520780E-02,0.000000E+00,0.000000E+00,6.520780E-02,2.334133E+03,6.520780E-02,0.000000E+00,0.000000E+00,8.732169E-01,1.122159E+04,1.173988E+00,9.271910E+03,1.348119E+04,1.135436E+00,3.418486E+04,8.732169E-01,0.000000E+00,0.000000E+00
00:30:00,7.087790E-02,9.214183E+02,7.130611E-02,0.000000E+00,0.000000E+00,1.258991E-01,3.151434E+03,7.087790E-02,0.000000E+00,0.000000E+00,1.984581E-02,2.579971E+02,1.984581E-02,0.000000E+00,0.000000E+00,1.984581E-02,7.103867E+02,1.984581E-02,0.000000E+00,0.000000E+00,3.685657E-02,4.791383E+02,4.441692E-02,0.000000E+00,0.000000E+00,3.685657E-02,1.319292E+03,3.685657E-02,0.000000E+00,0.000000E+00,5.103212E-02,6.634216E+02,1.156418E-01,0.000000E+00,1.390225E+02,1.005524E-01,2.379620E+03,5.103212E-02,0.000000E+00,0.000000E+00,1.417560E-02,1.842839E+02,5.912999E-02,0.000000E+00,2.180727E+02,3.597500E-02,7.508229E+02,1.417560E-02,0.000000E+00,0.000000E+00,6.520776E-02,8.477060E+02,6.520776E-02,0.000000E+00,0.000000E+00,6.520776E-02,2.334131E+03,6.520776E-02,0.000000E+00,0.000000E+00,6.520780E-02,8.477066E+02,6.520780E-02,0.000000E+00,0.000000E+00,6.520780E-02,2.334133E+03,6.520780E-02,0.000000E+00,0.000000E+00,8.732169E-01,1.135189E+04,9.947501E-01,7.167058E+03,9.730917E+03,9.995578E-01,3.266772E+04,8.732169E-01,0.000000E+00,0.000000E+00
00:45:00,7.087790E-02,9.319948E+02,7.087790E-02,0.000000E+00,0.000000E+00,7.087790E-02,2.537095E+03,7.087790E-02,0.000000E+00,0.000000E+00,1.984581E-02,2.609585E+02,1.984581E-02,0.000000E+00,0.000000E+00,1.984581E-02,7.103867E+02,1.984581E-02,0.000000E+00,0.000000E+00,3.685657E-02,4.846381E+02,3.685657E-02,0.000000E+00,0.000000E+00,3.685657E-02,1.319292E+03,3.685657E-02,0.000000E+00,0.000000E+00,5.103212E-02,6.710367E+02,5.735206E-02,0.000000E+00,0.000000E+00,5.103212E-02,1.826710E+03,5.103212E-02,0.000000E+00,0.000000E+00,1.417560E-02,1.863992E+02,2.945147E-02,0.000000E+00,5.608866E+01,1.798457E-02,5.499492E+02,1.417560E-02,0.000000E+00,0.000000E+00,6.520776E-02,8.574364E+02,6.520776E-02,0.000000E+00,0.000000E+00,6.520776E-02,2.334131E+03,6.520776E-02,0.000000E+00,0.000000E+00,6.520780E-02,8.574370E+02,6.520780E-02,0.000000E+00,0.000000E+00,6.520780E-02,2.334133E+03,6.520780E-02,0.000000E+00,0.000000E+00,8.732169E-01,1.148219E+04,8.948127E-01,5.842400E+03,6.862361E+03,8.770258E-01,3.129959E+04,8.732169E-01,0.000000E+00,0.000000E+00
01:00:00,7.087790E-02,9.425713E+02,7.087790E-02,0.000000E+00,0.000000E+00,7.087790E-02,2.537095E+03,7.087790E-02,0.000000E+00,0.000000E+00,1.984581E-02,2.639200E+02,1.984581E-02,0.000000E+00,0.000000E+00,1.984581E-02,7.103867E+02,1.984581E-02,0.000000E+00,0.000000E+00,3.685657E-02,4.901379E+02,3.685657E-02,0.000000E+00,0.000000E+00,3.685657E-02,1.319292E+03,3.685657E-02,0.000000E+00,0.000000E+00,5.103212E-02,6.786518E+02,5.103212E-02,0.000000E+00,0.000000E+00,5.103212E-02,1.826710E+03,5.103212E-02,0.000000E+00,0.000000E+00,1.417560E-02,1.885146E+02,1.417560E-02,0.000000E+00,0.000000E+00,1.417560E-02,5.074199E+02,1.417560E-02,0.000000E+00,0.000000E+00,6.520776E-02,8.671668E+02,6.520776E-02,0.000000E+00,0.000000E+00,6.520776E-02,2.334131E+03,6.520776E-02,0.000000E+00,0.000000E+00,6.520780E-02,8.671674E+02,6.520780E-02,0.000000E+00,0.000000E+00,6.520780E-02,2.334133E+03,6.520780E-02,0.000000E+00,0.000000E+00,8.732169E-01,1.161249E+04,8.732169E-01,5.429719E+03,6.005542E+03,8.732169E-01,3.125706E+04,8.732169E-01,0.000000E+00,0.000000E+00
01:15:00,7.087790E-02,9.496223E+02,7.087790E-02,0.000000E+00,0.000000E+00,7.087790E-02,2.537095E+03,7.087790E-02,0.000000E+00,0.000000E+00,1.984581E-02,2.658942E+02,1.984581E-02,0.000000E+00,0.000000E+00,1.984581E-02,7.103867E+02,1.984581E-02,0.000000E+00,0.000000E+00,3.685657E-02,4.938044E+02,3.685657E-02,0.000000E+00,0.000000E+00,3.685657E-02,1.319292E+03,3.685657E-02,0.000000E+00,0.000000E+00,5.103212E-02,6.837285E+02,5.103212E-02,0.000000E+00,0.000000E+00,5.103212E-02,1.826710E+03,5.103212E-02,0.000000E+00,0.000000E+00,1.417560E-02,1.899248E+02,1.417560E-02,0.000000E+00,0.000000E+00,1.417560E-02,5.074199E+02,1.417560E-02,0.000000E+00,0.000000E+00,6.520776E-02,8.736537E+02,6.520776E-02,0.000000E+00,0.000000E+00,6.520776E-02,2.334131E+03,6.520776E-02,0.000000E+00,0.000000E+00,6.520780E-02,8.736543E+02,6.520780E-02,0.000000E+00,0.000000E+00,6.520780E-02,2.334133E+03,6.520780E-02,0.000000E+00,0.000000E+00,8.732169E-01,1.169936E+04,8.732169E-01,5.342851E+03,5.916938E+03,8.732169E-01,3.125706E+04,8.732169E-01,0.000000E+00,0.000000E+00
01:30:00,7.087790E-02,9.566733E+02,7.087790E-02,0.000000E+00,0.000000E+00,7.087790E-02,2.537095E+03,7.087790E-02,0.000000E+00,0.000000E+00,1.984581E-02,2.678685E+02,1.984581E-02,0.000000E+00,0.000000E+00,1.984581E-02,7.103867E+02,1.984581E-02,0.000000E+00,0.000000E+00,3.685657E-02,4.974710E+02,3.685657E-02,0.000000E+00,0.000000E+00,3.685657E-02,1.319292E+03,3.685657E-02,0.000000E+00,0.000000E+00,5.103212E-02,6.888053E+02,5.103212E-02,0.000000E+00,0.000000E+00,5.103212E-02,1.826710E+03,5.103212E-02,0.000000E+00,0.000000E+00,1.417560E-02,1.913350E+02,1.417560E-02,0.000000E+00,0.000000E+00,1.417560E-02,5.074199E+02,1.417560E-02,0.000000E+00,0.000000E+00,6.520776E-02,8.801406E+02,6.520776E-02,0.000000E+00,0.000000E+00,6.520776E-02,2.334131E+03,6.520776E-02,0.000000E+00,0.000000E+00,6.520780E-02,8.801413E+02,6.520780E-02,0.000000E+00,0.000000E+00,6.520780E-02,2.334133E+03,6.520780E-02,0.000000E+00,0.000000E+00,8.732169E-01,1.178623E+04,8.732169E-01,5.255982E+03,5.828335E+03,8.732169E-01,3.125706E+04,8.732169E-01,0.000000E+00,0.000000E+00
01:45:00,7.087790E-02,9.637243E+02,7.087790E-02,0.000000E+00,0.000000E+00,7.087790E-02,2.537095E+03,7.087790E-02,0.000000E+00,0.000000E+00,1.984581E-02,2.698428E+02,1.984581E-02,0.000000E+00,0.000000E+00,1.984581E-02,7.103867E+02,1.984581E-02,0.000000E+00,0.000000E+00,3.685657E-02,5.011375E+02,3.685657E-02,0.000000E+00,0.000000E+00,3.685657E-02,1.319292E+03,3.685657E-02,0.000000E+00,0.000000E+00,5.103212E-02,6.938820E+02,5.103212E-02,0.000000E+00,0.000000E+00,5.103212E-02,1.826710E+03,5.103212E-02,0.000000E+00,0.000000E+00,1.417560E-02,1.927452E+02,1.417560E-02,0.000000E+00,0.000000E+00,1.417560E-02,5.074199E+02,1.417560E-02,0.000000E+00,0.000000E+00,6.520776E-02,8.866276E+02,6.520776E-02,0.000000E+00,0.000000E+00,6.520776E-02,2.334131E+03,6.520776E-02,0.000000E+00,0.000000E+00,6.520780E-02,8.866282E+02,6.520780E-02,0.000000E+00,0.000000E+00,6.520780E-02,2.334133E+03,6.520780E-02,0.000000E+00,0.000000E+00,8.732169E-01,1.187310E+04,8.732169E-01,5.169114E+03,5.739732E+03,8.732169E-01,3.125706E+04,8.732169E-01,0.000000E+00,0.000000E+00
02:00:00,7.087790E-02,9.707753E+02,7.087790E-02,0.000000E+00,0.000000E+00,7.087790E-02,2.537095E+03,7.087790E-02,0.000000E+00,0.000000E+00,1.984581E-02,2.718171E+02,1.984581E-02,0.000000E+00,0.000000E+00,1.984581E-02,7.103867E+02,1.984581E-02,0.000000E+00,0.000000E+00,3.685657E-02,5.048040E+02,3.685657E-02,0.000000E+00,0.000000E+00,3.685657E-02,1.319292E+03,3.685657E-02,0.000000E+00,0.000000E+00,5.103212E-02,6.989587E+02,5.103212E-02,0.000000E+00,0.000000E+00,5.103212E-02,1.826710E+03,5.103212E-02,0.000000E+00,0.000000E+00,1.417560E-02,1.941554E+02,1.417560E-02,0.000000E+00,0.000000E+00,1.417560E-02,5.074199E+02,1.417560E-02,0.000000E+00,0.000000E+00,6.520776E-02,8.931145E+02,6.520776E-02,0.000000E+00,0.000000E+00,6.520776E-02,2.334131E+03,6.520776E-02,0.000000E+00,0.000000E+00,6.520780E-02,8.931152E+02,6.520780E-02,0.000000E+00,0.000000E+00,6.520780E-02,2.334133E+03,6.520780E-02,0.000000E+00,0.000000E+00,8.732169E-01,1.195997E+04,8.732169E-01,5.082245E+03,5.651129E+03,8.732169E-01,3.125706E+04,8.732169E-01,0.000000E+00,0.000000E+00
02:15:00,7.087790E-02,9.760636E+02,7.087790E-02,0.000000E+00,0.000000E+00,7.087790E-02,2.537095E+03,7.087790E-02,0.000000E+00,0.000000E+00,1.984581E-02,2.732978E+02,1.984581E-02,0.000000E+00,0.000000E+00,1.984581E-02,7.103867E+02,1.984581E-02,0.000000E+00,0.000000E+00,3.685657E-02,5.075539E+02,3.685657E-02,0.000000E+00,0.000000E+00,3.685657E-02,1.319292E+03,3.685657E-02,0.000000E+00,0.000000E+00,5.103212E-02,7.027663E+02,5.103212E-02,0.000000E+00,0.000000E+00,5.103212E-02,1.826710E+03,5.103212E-02,0.000000E+00,0.000000E+00,1.417560E-02,1.952130E+02,1.417560E-02,0.000000E+00,0.000000E+00,1.417560E-02,5.074199E+02,1.417560E-02,0.000000E+00,0.000000E+00,6.520776E-02,8.979797E+02,6.520776E-02,0.000000E+00,0.000000E+00,6.520776E-02,2.334131E+03,6.520776E-02,0.000000E+00,0.000000E+00,6.520780E-02,8.979804E+02,6.520780E-02,0.000000E+00,0.000000E+00,6.520780E-02,2.334133E+03,6.520780E-02,0.000000E+00,0.000000E+00,8.732169E-01,1.202512E+04,8.732169E-01,5.017094E+03,5.584677E+03,8.732169E-01,3.125706E+04,8.732169E-01,0.000000E+00,0.000000E+00
02:30:00,7.087790E-02,9.813518E+02,7.087790E-02,0.000000E+00,0.000000E+00,7.087790E-02,2.537095E+03,7.087790E-02,0.000000E+00,0.000000E+00,1.984581E-02,2.747785E+02,1.984581E-02,0.000000E+00,0.000000E+00,1.984581E-02,7.103867E+02,1.984581E-02,0.000000E+00,0.000000E+00,3.685657E-02,5.103038E+02,3.685657E-02,0.000000E+00,0.000000E+00,3.685657E-02,1.319292E+03,3.685657E-02,0.000000E+00,0.000000E+00,5.103212E-02,7.065738E+02,5.103212E-02,0.000000E+00,0.000000E+00,5.103212E-02,1.826710E+03,5.103212E-02,0.000000E+00,0.000000E+00,1.417560E-02,1.962707E+02,1.417560E-02,0.000000E+00,0.000000E+00,1.417560E-02,5.074199E+02,1.417560E-02,0.000000E+00,0.000000E+00,6.520776E-02,9.028449E+02,6.520776E-02,0.000000E+00,0.000000E+00,6.520776E-02,2.334131E+03,6.520776E-02,0.000000E+00,0.000000E+00,6.520780E-02,9.028456E+02,6.520780E-02,0.000000E+00,0.000000E+00,6.520780E-02,2.334133E+03,6.520780E-02,0.000000E+00,0.000000E+00,8.732169E-01,1.209027E+04,8.732169E-01,4.951943E+03,5.518225E+03,8.732169E-01,3.125706E+04,8.732169E-01,0.000000E+00,0.000000E+00
02:45:00,7.087790E-02,9.866401E+02,7.087790E-02,0.000000E+00,0.000000E+00,7.087790E-02,2.537095E+03,7.087790E-02,0.000000E+00,0.000000E+00,1.984581E-02,2.762592E+02,1.984581E-02,0.000000E+00,0.000000E+00,1.984581E-02,7.103867E+02,1.984581E-02,0.000000E+00,0.000000E+00,3.685657E-02,5.130537E+02,3.685657E-02,0.000000E+00,0.000000E+00,3.685657E-02,1.319292E+03,3.685657E-02,0.000000E+00,0.000000E+00,5.103212E-02,7.103814E+02,5.103212E-02,0.000000E+00,0.000000E+00,5.103212E-02,1.826710E+03,5.103212E-02,0.000000E+00,0.000000E+00,1.417560E-02,1.973283E+02,1.417560E-02,0.000000E+00,0.000000E+00,1.417560E-02,5.074199E+02,1.417560E-02,0.000000E+00,0.000000E+00,6.520776E-02,9.077101E+02,6.520776E-02,0.000000E+00,0.000000E+00,6.520776E-02,2.334131E+03,6.520776E-02,0.000000E+00,0.000000E+00,6.520780E-02,9.077108E+02,6.520780E-02,0.000000E+00,0.000000E+00,6.520780E-02,2.334133E+03,6.520780E-02,0.000000E+00,0.000000E+00,8.732169E-01,1.215542E+04,8.732169E-01,4.886791E+03,5.451774E+03,8.732169E-01,3.125706E+04,8.732169E-01,0.000000E+00,0.000000E+00
03:00:00,7.087790E-02,9.919283E+02,7.087790E-02,0.000000E+00,0.000000E+00,7.087790E-02,2.537095E+03,7.087790E-02,0.000000E+00,0.000000E+00,1.984581E-02,2.777399E+02,1.984581E-02,0.000000E+00,0.000000E+00,1.984581E-02,7.103867E+02,1.984581E-02,0.000000E+00,0.000000E+00,3.685657E-02,5.158036E+02,3.685657E-02,0.000000E+00,0.000000E+00,3.685657E-02,1.319292E+03,3.685657E-02,0.000000E+00,0.000000E+00,5.103212E-02,7.141889E+02,5.103212E-02,0.000000E+00,0.000000E+00,5.103212E-02,1.826710E+03,5.103212E-02,0.000000E+00,0.000000E+00,1.417560E-02,1.983860E+02,1.417560E-02,0.000000E+00,0.000000E+00,1.417560E-02,5.074199E+02,1.417560E-02,0.000000E+00,0.000000E+00,6.520776E-02,9.125753E+02,6.520776E-02,0.000000E+00,0.000000E+00,6.520776E-02,2.334131E+03,6.520776E-02,0.000000E+00,0.000000E+00,6.520780E-02,9.125760E+02,6.520780E-02,0.000000E+00,0.000000E+00,6.520780E-02,2.334133E+03,6.520780E-02,0.000000E+00,0.000000E+00,8.732169E-01,1.222057E+04,8.732169E-01,4.821640E+03,5.385322E+03,8.732169E-01,3.125706E+04,8.732169E-01,0.000000E+00,0.000000E+00
03:15:00,7.087790E-02,9.972166E+02,7.087790E-02,0.000000E+00,0.000000E+00,7.087790E-02,2.537095E+03,7.087790E-02,0.000000E+00,0.000000E+00,1.984581E-02,2.792206E+02,1.984581E-02,0.000000E+00,0.000000E+00,1.984581E-02,7.103867E+02,1.984581E-02,0.000000E+00,0.000000E+00,3.685657E-02,5.185535E+02,3.867416E-02,0.000000E+00,0.000000E+00,3.685657E-02,1.319292E+03,3.685657E-02,0.000000E+00,0.000000E+00,5.103212E-02,7.179965E+02,5.103212E-02,0.000000E+00,0.000000E+00,5.103212E-02,1.826710E+03,5.103212E-02,0.000000E+00,0.000000E+00,1.417560E-02,1.994436E+02,1.417560E-02,0.000000E+00,0.000000E+00,1.417560E-02,5.074199E+02,1.417560E-02,0.000000E+00,0.000000E+00,6.520776E-02,9.174405E+02,6.520776E-02,0.000000E+00,0.000000E+00,6.520776E-02,2.334131E+03,6.520776E-02,0.000000E+00,0.000000E+00,6.520780E-02,9.174412E+02,6.520780E-02,0.000000E+00,0.000000E+00,6.520780E-02,2.334133E+03,6.520780E-02,0.000000E+00,0.000000E+00,8.732169E-01,1.228572E+04,8.750345E-01,4.785228E+03,5.398996E+03,8.732169E-01,3.125706E+04,8.732169E-01,0.000000E+00,0.000000E+00
03:30:00,7.087790E-02,1.002505E+03,7.087790E-02,0.000000E+00,0.000000E+00,7.087790E-02,2.537095E+03,7.087790E-02,0.000000E+00,0.000000E+00,1.984581E-02,2.807014E+02,1.984581E-02,0.000000E+00,0.000000E+00,1.984581E-02,7.103867E+02,1.984581E-02,0.000000E+00,0.000000E+00,3.685657E-02,5.213034E+02,4.108490E-02,0.000000E+00,0.000000E+00,3.685657E-02,1.319292E+03,3.685657E-02,0.000000E+00,0.000000E+00,5.103212E-02,7.218040E+02,5.103212E-02,0.000000E+00,0.000000E+00,5.103212E-02,1.826710E+03,5.103212E-02,0.000000E+00,0.000000E+00,1.417560E-02,2.005013E+02,1.417560E-02,0.000000E+00,0.000000E+00,1.417560E-02,5.074199E+02,1.417560E-02,0.000000E+00,0.000000E+00,6.520776E-02,9.223057E+02,6.520776E-02,0.000000E+00,0.000000E+00,6.520776E-02,2.334131E+03,6.520776E-02,0.000000E+00,0.000000E+00,6.520780E-02,9.223064E+02,6.520780E-02,0.000000E+00,0.000000E+00,6.520780E-02,2.334133E+03,6.520780E-02,0.000000E+00,0.000000E+00,8.732169E-01,1.235088E+04,8.774452E-01,4.758286E+03,5.435726E+03,8.732169E-01,3.125706E+04,8.732169E-01,0.000000E+00,0.000000E+00
03:45:00,7.087790E-02,1.007793E+03,7.087790E-02,0.000000E+00,0.000000E+00,7.087790E-02,2.537095E+03,7.087790E-02,0.000000E+00,0.000000E+00,1.984581E-02,2.821821E+02,1.984581E-02,0.000000E+00,0.000000E+00,1.984581E-02,7.103867E+02,1.984581E-02,0.000000E+00,0.000000E+00,3.685657E-02,5.240533E+02,4.319604E-02,0.000000E+00,0.000000E+00,3.685657E-02,1.319292E+03,3.685657E-02,0.000000E+00,0.000000E+00,5.103212E-02,7.256115E+02,5.103212E-02,0.000000E+00,0.000000E+00,5.103212E-02,1.826710E+03,5.103212E-02,0.000000E+00,0.000000E+00,1.417560E-02,2.015589E+02,1.417560E-02,0.000000E+00,0.000000E+00,1.417560E-02,5.074199E+02,1.417560E-02,0.000000E+00,0.000000E+00,6.520776E-02,9.271709E+02,6.520776E-02,0.000000E+00,0.000000E+00,6.520776E-02,2.334131E+03,6.520776E-02,0.000000E+00,0.000000E+00,6.520780E-02,9.271716E+02,6.520780E-02,0.000000E+00,0.000000E+00,6.520780E-02,2.334133E+03,6.520780E-02,0.000000E+00,0.000000E+00,8.732169E-01,1.241603E+04,8.795563E-01,4.726695E+03,5.456317E+03,8.732169E-01,3.125706E+04,8.732169E-01,0.000000E+00,0.000000E+00
04:00:00,7.087790E-02,1.013081E+03,7.087790E-02,0.000000E+00,0.000000E+00,7.108721E-02,2.540601E+03,7.087790E-02,0.000000E+00,0.000000E+00,1.984581E-02,2.836628E+02,1.984581E-02,0.000000E+00,0.000000E+00,1.984581E-02,7.103867E+02,1.984581E-02,0.000000E+00,0.000000E+00,3.685657E-02,5.268032E+02,4.505145E-02,0.000000E+00,0.000000E+00,3.685657E-02,1.319292E+03,3.685657E-02,0.000000E+00,0.000000E+00,5.103212E-02,7.294191E+02,5.103212E-02,0.000000E+00,0.000000E+00,5.103212E-02,1.826710E+03,5.103212E-02,0.000000E+00,0.000000E+00,1.417560E-02,2.026166E+02,1.417560E-02,0.000000E+00,0.000000E+00,1.417560E-02,5.074199E+02,1.417560E-02,0.000000E+00,0.000000E+00,6.520776E-02,9.320361E+02,6.520776E-02,0.000000E+00,0.000000E+00,6.520776E-02,2.334131E+03,6.520776E-02,0.000000E+00,0.000000E+00,6.520780E-02,9.320368E+02,6.520780E-02,0.000000E+00,0.000000E+00,6.520780E-02,2.334133E+03,6.520780E-02,0.000000E+00,0.000000E+00,8.732169E-01,1.248118E+04,8.814118E-01,4.691124E+03,5.463729E+03,8.734262E-01,3.126016E+04,8.732169E-01,0.000000E+00,0.000000E+00
04:15:00,7.087790E-02,1.016607E+03,7.087790E-02,0.000000E+00,0.000000E+00,7.362855E-02,2.583164E+03,7.087790E-02,0.000000E+00,0.000000E+00,1.984581E-02,2.846499E+02,1.984581E-02,0.000000E+00,0.000000E+00,1.984581E-02,7.103867E+02,1.984581E-02,0.000000E+00,0.000000E+00,3.685657E-02,5.286365E+02,4.668967E-02,0.000000E+00,0.000000E+00,3.685657E-02,1.319292E+03,3.685657E-02,0.000000E+00,0.000000E+00,5.103212E-02,7.319574E+02,5.103212E-02,0.000000E+00,0.000000E+00,5.103212E-02,1.826710E+03,5.103212E-02,0.000000E+00,0.000000E+00,1.417560E-02,2.033217E+02,1.417560E-02,0.000000E+00,0.000000E+00,1.417560E-02,5.074199E+02,1.417560E-02,0.000000E+00,0.000000E+00,6.520776E-02,9.352796E+02,6.520776E-02,0.000000E+00,0.000000E+00,6.520776E-02,2.334131E+03,6.520776E-02,0.000000E+00,0.000000E+00,6.520780E-02,9.352802E+02,6.520780E-02,0.000000E+00,0.000000E+00,6.520780E-02,2.334133E+03,6.520780E-02,0.000000E+00,0.000000E+00,8.732169E-01,1.252461E+04,8.830500E-01,4.673884E+03,5.482691E+03,8.759675E-01,3.129799E+04,8.732169E-01,0.000000E+00,0.000000E+00
04:30:00,7.087790E-02,1.020132E+03,7.087790E-02,0.000000E+00,0.000000E+00,7.596673E-02,2.622324E+03,7.087790E-02,0.000000E+00,0.000000E+00,1.984581E-02,2.856371E+02,1.984581E-02,0.000000E+00,0.000000E+00,1.984581E-02,7.103867E+02,1.984581E-02,0.000000E+00,0.000000E+00,3.685657E-02,5.304697E+02,4.814141E-02,0.000000E+00,3.193617E+00,3.685657E-02,1.319292E+03,3.685657E-02,0.000000E+00,0.000000E+00,5.103212E-02,7.344958E+02,5.103212E-02,0.000000E+00,0.000000E+00,5.103212E-02,1.826710E+03,5.103212E-02,0.000000E+00,0.000000E+00,1.417560E-02,2.040268E+02,1.417560E-02,0.000000E+00,0.000000E+00,1.417560E-02,5.074199E+02,1.417560E-02,0.000000E+00,0.000000E+00,6.520776E-02,9.385230E+02,6.520776E-02,0.000000E+00,0.000000E+00,6.520776E-02,2.334131E+03,6.520776E-02,0.000000E+00,0.000000E+00,6.520780E-02,9.385237E+02,6.520780E-02,0.000000E+00,0.000000E+00,6.520780E-02,2.334133E+03,6.520780E-02,0.000000E+00,0.000000E+00,8.732169E-01,1.256805E+04,8.845017E-01,4.653731E+03,5.493083E+03,8.783057E-01,3.133334E+04,8.732169E-01,0.000000E+00,0.000000E+00
04:45:00,7.087790E-02,1.023658E+03,7.087790E-02,0.000000E+00,0.000000E+00,7.814170E-02,2.658750E+03,7.087790E-02,0.000000E+00,0.000000E+00,1.984581E-02,2.866242E+02,1.984581E-02,0.000000E+00,0.000000E+00,1.984581E-02,7.103867E+02,1.984581E-02,0.000000E+00,0.000000E+00,3.685657E-02,5.323030E+02,4.944808E-02,0.000000E+00,1.914575E+01,3.685657E-02,1.319292E+03,3.685657E-02,0.000000E+00,0.000000E+00,5.103212E-02,7.370342E+02,5.103212E-02,0.000000E+00,0.000000E+00,5.103212E-02,1.826710E+03,5.103212E-02,0.000000E+00,0.000000E+00,1.417560E-02,2.047319E+02,1.417560E-02,0.000000E+00,0.000000E+00,1.417560E-02,5.074199E+02,1.417560E-02,0.000000E+00,0.000000E+00,6.520776E-02,9.417665E+02,6.520776E-02,0.000000E+00,0.000000E+00,6.520776E-02,2.334131E+03,6.520776E-02,0.000000E+00,0.000000E+00,6.520780E-02,9.417672E+02,6.520780E-02,0.000000E+00,0.000000E+00,6.520780E-02,2.334133E+03,6.520780E-02,0.000000E+00,0.000000E+00,8.732169E-01,1.261148E+04,8.858084E-01,4.631311E+03,5.497168E+03,8.804807E-01,3.136672E+04,8.732169E-01,0.000000E+00,0.000000E+00
05:00:00,7.087790E-02,1.027183E+03,7.087790E-02,0.000000E+00,0.000000E+00,8.016306E-02,2.692604E+03,7.087790E-02,0.000000E+00,0.000000E+00,1.984581E-02,2.876113E+02,1.984581E-02,0.000000E+00,0.000000E+00,1.984581E-02,7.103867E+02,1.984581E-02,0.000000E+00,0.000000E+00,3.685657E-02,5.341363E+02,5.063578E-02,0.000000E+00,3.290548E+01,3.685657E-02,1.319292E+03,3.685657E-02,0.000000E+00,0.000000E+00,5.103212E-02,7.395725E+02,5.103212E-02,0.000000E+00,0.000000E+00,5.103212E-02,1.826710E+03,5.103212E-02,0.000000E+00,0.000000E+00,1.417560E-02,2.054370E+02,1.417560E-02,0.000000E+00,0.000000E+00,1.417560E-02,5.074199E+02,1.417560E-02,0.000000E+00,0.000000E+00,6.520776E-02,9.450100E+02,6.520776E-02,0.000000E+00,0.000000E+00,6.520776E-02,2.334131E+03,6.520776E-02,0.000000E+00,0.000000E+00,6.520780E-02,9.450107E+02,6.520780E-02,0.000000E+00,0.000000E+00,6.520780E-02,2.334133E+03,6.520780E-02,0.000000E+00,0.000000E+00,8.732169E-01,1.265492E+04,8.869961E-01,4.607047E+03,5.494403E+03,8.825020E-01,3.139823E+04,8.732169E-01,0.000000E+00,0.000000E+00
05:15:00,7.087790E-02,1.023658E+03,1.029067E-01,0.000000E+00,0.000000E+00,2.173099E-01,4.842455E+03,7.087790E-02,0.000000E+00,0.000000E+00,1.984581E-02,2.866242E+02,3.454210E-02,0.000000E+00,6.680709E+00,2.971749E-02,8.668448E+02,1.984581E-02,0.000000E+00,0.000000E+00,3.685657E-02,5.323030E+02,9.071163E-02,8.888362E+00,3.341513E+02,3.685657E-02,1.319292E+03,3.685657E-02,0.000000E+00,0.000000E+00,5.103212E-02,7.370342E+02,2.218710E-01,1.702668E+02,2.136489E+03,1.968563E-01,3.527712E+03,5.103212E-02,0.000000E+00,0.000000E+00,1.417560E-02,2.047319E+02,1.161067E-01,3.390660E+02,1.433129E+03,6.291701E-02,1.071941E+03,1.417560E-02,0.000000E+00,0.000000E+00,6.520776E-02,9.417665E+02,6.520776E-02,0.000000E+00,0.000000E+00,6.520776E-02,2.334131E+03,6.520776E-02,0.000000E+00,0.000000E+00,6.520780E-02,9.417672E+02,6.520780E-02,0.000000E+00,0.000000E+00,6.520780E-02,2.334133E+03,6.520780E-02,0.000000E+00,0.000000E+00,8.732169E-01,1.261148E+04,1.297559E+00,1.070342E+04,1.601585E+04,1.224086E+00,3.629551E+04,8.732169E-01,0.000000E+00,0.000000E+00
05:30:00,7.087790E-02,1.020132E+03,1.029067E-01,0.000000E+00,0.000000E+00,2.852660E-01,5.612431E+03,7.087790E-02,0.000000E+00,0.000000E+00,1.984581E-02,2.856371E+02,4.226762E-02,0.000000E+00,6.809298E+00,4.803836E-02,1.117630E+03,1.984581E-02,0.000000E+00,0.000000E+00,3.685657E-02,5.304697E+02,1.047385E-01,0.000000E+00,3.326701E+02,5.136800E-02,1.488128E+03,3.685657E-02,0.000000E+00,0.000000E+00,5.103212E-02,7.344958E+02,2.331033E-01,4.009313E+01,1.693660E+03,3.018506E-01,4.745589E+03,5.103212E-02,0.000000E+00,0.000000E+00,1.417560E-02,2.040268E+02,1.471321E-01,2.943336E+02,1.113644E+03,1.045711E-01,1.552823E+03,1.417560E-02,0.000000E+00,0.000000E+00,6.520776E-02,9.385230E+02,6.520776E-02,0.000000E+00,0.000000E+00,6.520776E-02,2.334131E+03,6.520776E-02,0.000000E+00,0.000000E+00,6.520780E-02,9.385237E+02,6.520780E-02,0.000000E+00,0.000000E+00,6.520780E-02,2.334133E+03,6.520780E-02,0.000000E+00,0.000000E+00,8.732169E-01,1.256805E+04,1.392913E+00,1.155611E+04,1.695756E+04,1.496457E+00,3.955291E+04,8.732169E-01,0.000000E+00,0.000000E+00
05:45:00,7.087790E-02,1.016607E+03,1.620290E-01,0.000000E+00,0.000000E+00,3.746862E-01,6.471113E+03,7.087790E-02,0.000000E+00,0.000000E+00,1.984581E-02,2.846499E+02,6.365339E-02,0.000000E+00,0.000000E+00,6.920468E-02,1.354493E+03,1.984581E-02,0.000000E+00,0.000000E+00,3.685657E-02,5.286365E+02,1.344315E-01,0.000000E+00,2.064020E+02,7.600060E-02,1.774724E+03,3.685657E-02,0.000000E+00,0.000000E+00,5.103212E-02,7.319574E+02,3.726560E-01,1.304107E+01,1.433573E+03,4.501162E-01,6.471000E+03,5.103212E-02,0.000000E+00,0.000000E+00,1.417560E-02,2.033217E+02,2.206776E-01,2.271284E+02,0.000000E+00,1.560454E-01,2.148124E+03,1.417560E-02,0.000000E+00,0.000000E+00,6.520776E-02,9.352796E+02,6.520776E-02,0.000000E+00,0.000000E+00,6.520776E-02,2.334131E+03,6.520776E-02,0.000000E+00,0.000000E+00,6.520780E-02,9.352802E+02,6.520780E-02,0.000000E+00,0.000000E+00,7.373619E-02,2.433214E+03,6.520780E-02,0.000000E+00,0.000000E+00,8.732169E-01,1.252461E+04,1.917834E+00,1.750581E+04,2.255133E+04,1.880201E+00,4.374341E+04,8.732169E-01,0.000000E+00,0.000000E+00
06:00:00,7.087790E-02,1.013081E+03,2.080447E-01,0.000000E+00,0.000000E+00,4.404975E-01,6.807455E+03,7.087790E-02,0.000000E+00,0.000000E+00,1.984581E-02,2.836628E+02,8.044242E-02,0.000000E+00,0.000000E+00,8.504395E-02,1.470202E+03,1.984581E-02,0.000000E+00,0.000000E+00,3.685657E-02,5.268032E+02,1.573519E-01,0.000000E+00,1.508850E+02,9.488091E-02,1.994407E+03,3.685657E-02,0.000000E+00,0.000000E+00,5.103212E-02,7.294191E+02,4.753524E-01,0.000000E+00,6.518020E+02,5.561571E-01,7.705113E+03,5.103212E-02,0.000000E+00,0.000000E+00,1.417560E-02,2.026166E+02,2.789690E-01,0.000000E+00,0.000000E+00,1.951998E-01,2.600992E+03,1.417560E-02,0.000000E+00,0.000000E+00,6.520776E-02,9.320361E+02,6.520776E-02,0.000000E+00,0.000000E+00,6.844572E-02,2.371787E+03,6.520776E-02,0.000000E+00,0.000000E+00,6.520780E-02,9.320368E+02,6.520780E-02,0.000000E+00,0.000000E+00,9.172310E-02,2.642193E+03,6.520780E-02,0.000000E+00,0.000000E+00,8.732169E-01,1.248118E+04,2.317278E+00,2.077950E+04,2.621716E+04,2.259775E+00,4.736005E+04,8.732169E-01,0.000000E+00,0.000000E+00
06:15:00,7.087790E-02,1.000742E+03,1.489015E-01,0.000000E+00,0.000000E+00,3.668660E-01,5.841012E+03,7.087790E-02,0.000000E+00,0.000000E+00,1.984581E-02,2.802078E+02,6.146327E-02,0.000000E+00,0.000000E+00,7.493297E-02,1.325002E+03,1.984581E-02,0.000000E+00,0.000000E+00,3.685657E-02,5.203868E+02,1.390690E-01,0.000000E+00,1.772821E+02,8.160721E-02,1.818563E+03,3.685657E-02,0.000000E+00,0.000000E+00,5.103212E-02,7.205348E+02,3.537135E-01,0.000000E+00,3.255464E+02,4.598626E-01,6.380348E+03,5.103212E-02,0.000000E+00,0.000000E+00,1.417560E-02,2.001487E+02,2.223166E-01,0.000000E+00,0.000000E+00,1.689301E-01,2.232772E+03,1.417560E-02,0.000000E+00,0.000000E+00,6.520776E-02,9.206840E+02,6.520776E-02,0.000000E+00,0.000000E+00,6.520776E-02,2.334131E+03,6.520776E-02,0.000000E+00,0.000000E+00,6.520780E-02,9.206846E+02,6.520780E-02,0.000000E+00,0.000000E+00,7.783107E-02,2.474759E+03,6.520780E-02,0.000000E+00,0.000000E+00,8.732169E-01,1.232916E+04,1.917701E+00,1.634121E+04,2.165582E+04,1.909336E+00,4.281110E+04,8.732169E-01,0.000000E+00,0.000000E+00
06:30:00,7.087790E-02,9.884028E+02,1.921171E-01,0.000000E+00,0.000000E+00,3.590356E-01,5.754524E+03,7.087790E-02,0.000000E+00,0.000000E+00,1.984581E-02,2.767528E+02,6.833061E-02,0.000000E+00,0.000000E+00,7.075064E-02,1.278776E+03,1.984581E-02,0.000000E+00,0.000000E+00,3.685657E-02,5.139703E+02,1.450441E-01,0.000000E+00,2.690565E+02,7.739821E-02,1.771987E+03,3.685657E-02,0.000000E+00,0.000000E+00,5.103212E-02,7.116505E+02,4.396494E-01,0.000000E+00,6.281512E+02,4.499592E-01,6.280968E+03,5.103212E-02,0.000000E+00,0.000000E+00,1.417560E-02,1.976809E+02,2.472507E-01,0.000000E+00,3.179606E+02,1.617291E-01,2.155040E+03,1.417560E-02,0.000000E+00,0.000000E+00,6.520776E-02,9.093318E+02,6.520776E-02,0.000000E+00,0.000000E+00,6.520776E-02,2.334131E+03,6.520776E-02,0.000000E+00,0.000000E+00,6.520780E-02,9.093325E+02,6.520780E-02,0.000000E+00,0.000000E+00,7.564929E-02,2.450728E+03,6.520780E-02,0.000000E+00,0.000000E+00,8.732169E-01,1.217714E+04,2.189514E+00,1.951668E+04,2.716555E+04,1.868048E+00,4.236513E+04,8.732169E-01,0.000000E+00,0.000000E+00
06:45:00,7.087790E-02,9.760636E+02,1.757745E-01,0.000000E+00,0.000000E+00,3.270176E-01,5.397037E+03,7.087790E-02,0.000000E+00,0.000000E+00,1.984581E-02,2.732978E+02,6.083560E-02,0.000000E+00,0.000000E+00,6.249144E-02,1.186557E+03,1.984581E-02,0.000000E+00,0.000000E+00,3.685657E-02,5.075539E+02,1.338565E-01,0.000000E+00,2.521799E+02,6.817686E-02,1.669017E+03,3.685657E-02,0.000000E+00,0.000000E+00,5.103212E-02,7.027663E+02,3.946379E-01,0.000000E+00,6.153465E+02,3.920905E-01,5.634858E+03,5.103212E-02,0.000000E+00,0.000000E+00,1.417560E-02,1.952130E+02,2.285042E-01,0.000000E+00,4.235019E+02,1.428582E-01,1.944318E+03,1.417560E-02,0.000000E+00,0.000000E+00,6.520776E-02,8.979797E+02,6.520776E-02,0.000000E+00,0.000000E+00,6.520776E-02,2.334131E+03,6.520776E-02,0.000000E+00,0.000000E+00,6.520780E-02,8.979804E+02,6.520780E-02,0.000000E+00,0.000000E+00,6.628873E-02,2.346203E+03,6.520780E-02,0.000000E+00,0.000000E+00,8.732169E-01,1.202512E+04,2.034203E+00,1.794259E+04,2.520289E+04,1.720680E+00,4.071967E+04,8.732169E-01,0.000000E+00,0.000000E+00
07:00:00,7.087790E-02,9.637243E+02,1.722459E-01,0.000000E+00,0.000000E+00,3.163769E-01,5.278218E+03,7.087790E-02,0.000000E+00,0.000000E+00,1.984581E-02,2.698428E+02,5.740240E-02,0.000000E+00,0.000000E+00,5.857560E-02,1.142828E+03,1.984581E-02,0.000000E+00,0.000000E+00,3.685657E-02,5.011375E+02,1.281854E-01,0.000000E+00,2.436668E+02,6.389431E-02,1.621191E+03,3.685657E-02,0.000000E+00,0.000000E+00,5.103212E-02,6.938820E+02,3.841231E-01,0.000000E+00,6.273298E+02,3.723863E-01,5.414804E+03,5.103212E-02,0.000000E+00,0.000000E+00,1.417560E-02,1.927452E+02,2.223541E-01,0.000000E+00,4.082860E+02,1.347308E-01,1.853531E+03,1.417560E-02,0.000000E+00,0.000000E+00,6.520776E-02,8.866276E+02,6.520776E-02,0.000000E+00,0.000000E+00,6.520776E-02,2.334131E+03,6.520776E-02,0.000000E+00,0.000000E+00,6.520780E-02,8.866282E+02,6.520780E-02,0.000000E+00,0.000000E+00,6.520780E-02,2.334133E+03,6.520780E-02,0.000000E+00,0.000000E+00,8.732169E-01,1.187310E+04,1.986595E+00,1.756441E+04,2.462527E+04,1.667382E+00,4.012444E+04,8.732169E-01,0.000000E+00,0.000000E+00
07:15:00,7.087790E-02,9.337575E+02,1.709183E-01,0.000000E+00,0.000000E+00,3.080510E-01,5.185249E+03,7.087790E-02,0.000000E+00,0.000000E+00,1.984581E-02,2.614521E+02,5.479102E-02,0.000000E+00,0.000000E+00,5.532280E-02,1.106505E+03,1.984581E-02,0.000000E+00,0.000000E+00,3.685657E-02,4.855548E+02,1.236786E-01,0.000000E+00,2.485702E+02,6.028102E-02,1.580842E+03,3.685657E-02,0.000000E+00,0.000000E+00,5.103212E-02,6.723059E+02,3.740360E-01,0.000000E+00,6.290089E+02,3.546244E-01,5.216455E+03,5.103212E-02,0.000000E+00,0.000000E+00,1.417560E-02,1.867518E+02,2.182173E-01,0.000000E+00,3.778090E+02,1.277550E-01,1.775619E+03,1.417560E-02,0.000000E+00,0.000000E+00,6.520776E-02,8.590581E+02,6.520776E-02,0.000000E+00,0.000000E+00,6.520776E-02,2.334131E+03,6.520776E-02,0.000000E+00,0.000000E+00,6.520780E-02,8.590587E+02,6.520780E-02,0.000000E+00,0.000000E+00,6.520780E-02,2.334133E+03,6.520780E-02,0.000000E+00,0.000000E+00,8.732169E-01,1.150391E+04,1.945576E+00,1.747594E+04,2.432254E+04,1.622820E+00,3.962681E+04,8.732169E-01,0.000000E+00,0.000000E+00
07:30:00,7.087790E-02,9.037908E+02,1.697974E-01,0.000000E+00,0.000000E+00,3.014182E-01,5.111187E+03,7.087790E-02,0.000000E+00,0.000000E+00,1.984581E-02,2.530614E+02,5.283194E-02,0.000000E+00,0.000000E+00,5.259466E-02,1.076042E+03,1.984581E-02,0.000000E+00,0.000000E+00,3.685657E-02,4.699720E+02,1.199763E-01,0.000000E+00,2.580410E+02,5.721027E-02,1.546553E+03,3.685657E-02,0.000000E+00,0.000000E+00,5.103212E-02,6.507298E+02,3.651260E-01,0.000000E+00,6.311316E+02,3.392219E-01,5.044462E+03,5.103212E-02,0.000000E+00,0.000000E+00,1.417560E-02,1.807584E+02,2.154512E-01,0.000000E+00,3.666771E+02,1.217944E-01,1.709052E+03,1.417560E-02,0.000000E+00,0.000000E+00,6.520776E-02,8.314886E+02,6.520776E-02,0.000000E+00,0.000000E+00,6.520776E-02,2.334131E+03,6.520776E-02,0.000000E+00,0.000000E+00,6.520780E-02,8.314892E+02,6.520780E-02,0.000000E+00,0.000000E+00,6.520780E-02,2.334133E+03,6.520780E-02,0.000000E+00,0.000000E+00,8.732169E-01,1.113472E+04,1.908152E+00,1.742794E+04,2.412476E+04,1.585112E+00,3.920574E+04,8.732169E-01,0.000000E+00,0.000000E+00
07:45:00,7.087790E-02,8.738240E+02,1.686273E-01,0.000000E+00,0.000000E+00,2.960514E-01,5.051262E+03,7.087790E-02,0.000000E+00,0.000000E+00,1.984581E-02,2.446707E+02,5.132854E-02,0.000000E+00,0.000000E+00,5.028017E-02,1.050199E+03,1.984581E-02,0.000000E+00,0.000000E+00,3.685657E-02,4.543893E+02,1.169011E-01,0.000000E+00,2.697784E+02,5.457310E-02,1.517107E+03,3.685657E-02,0.000000E+00,0.000000E+00,5.103212E-02,6.291537E+02,3.575273E-01,0.000000E+00,6.408705E+02,3.257580E-01,4.894122E+03,5.103212E-02,0.000000E+00,0.000000E+00,1.417560E-02,1.747651E+02,2.136924E-01,0.000000E+00,3.717244E+02,1.166492E-01,1.651597E+03,1.417560E-02,0.000000E+00,0.000000E+00,6.520776E-02,8.039192E+02,6.520776E-02,0.000000E+00,0.000000E+00,6.520776E-02,2.334131E+03,6.520776E-02,0.000000E+00,0.000000E+00,6.520780E-02,8.039198E+02,6.520780E-02,0.000000E+00,0.000000E+00,6.520780E-02,2.334133E+03,6.520780E-02,0.000000E+00,0.000000E+00,8.732169E-01,1.076553E+04,1.873418E+00,1.741039E+04,2.400022E+04,1.552842E+00,3.884540E+04,8.732169E-01,0.000000E+00,0.000000E+00
08:00:00,7.087790E-02,8.438572E+02,1.673428E-01,0.000000E+00,0.000000E+00,2.916336E-01,5.001935E+03,7.087790E-02,0.000000E+00,0.000000E+00,1.984581E-02,2.362800E+02,5.017459E-02,0.000000E+00,0.000000E+00,4.829790E-02,1.028066E+03,1.984581E-02,0.000000E+00,0.000000E+00,3.685657E-02,4.388065E+02,1.143205E-01,0.000000E+00,2.821818E+02,5.228875E-02,1.491600E+03,3.685657E-02,0.000000E+00,0.000000E+00,5.103212E-02,6.075776E+02,3.512784E-01,0.000000E+00,6.571484E+02,3.139046E-01,4.761769E+03,5.103212E-02,0.000000E+00,0.000000E+00,1.417560E-02,1.687717E+02,2.127038E-01,0.000000E+00,3.820918E+02,1.121683E-01,1.601562E+03,1.417560E-02,0.000000E+00,0.000000E+00,6.520776E-02,7.763497E+02,6.520776E-02,0.000000E+00,0.000000E+00,6.520776E-02,2.334131E+03,6.520776E-02,0.000000E+00,0.000000E+00,6.520780E-02,7.763503E+02,6.520780E-02,0.000000E+00,0.000000E+00,6.520780E-02,2.334133E+03,6.520780E-02,0.000000E+00,0.000000E+00,8.732169E-01,1.039633E+04,1.840706E+00,1.741556E+04,2.391023E+04,1.524942E+00,3.853388E+04,8.732169E-01,0.000000E+00,0.000000E+00
08:15:00,7.087790E-02,8.103650E+02,1.657878E-01,0.000000E+00,0.000000E+00,2.879470E-01,4.960772E+03,7.087790E-02,0.000000E+00,0.000000E+00,1.984581E-02,2.269022E+02,4.929844E-02,0.000000E+00,0.000000E+00,4.658568E-02,1.008948E+03,1.984581E-02,0.000000E+00,0.000000E+00,3.685657E-02,4.213905E+02,1.121263E-01,0.000000E+00,2.966254E+02,5.029458E-02,1.469334E+03,3.685657E-02,0.000000E+00,0.000000E+00,5.103212E-02,5.834632E+02,3.462860E-01,0.000000E+00,6.798307E+02,3.034019E-01,4.644499E+03,5.103212E-02,0.000000E+00,0.000000E+00,1.417560E-02,1.620732E+02,2.122247E-01,0.000000E+00,3.923556E+02,1.082342E-01,1.557634E+03,1.417560E-02,0.000000E+00,0.000000E+00,6.520776E-02,7.455368E+02,6.520776E-02,0.000000E+00,0.000000E+00,6.520776E-02,2.334131E+03,6.520776E-02,0.000000E+00,0.000000E+00,6.520780E-02,7.455373E+02,6.520780E-02,0.000000E+00,0.000000E+00,6.520780E-02,2.334133E+03,6.520780E-02,0.000000E+00,0.000000E+00,8.732169E-01,9.983710E+03,1.809203E+00,1.747764E+04,2.387979E+04,1.500608E+00,3.826217E+04,8.732169E-01,0.000000E+00,0.000000E+00
08:30:00,7.087790E-02,7.768727E+02,1.646862E-01,0.000000E+00,1.149330E+01,2.848324E-01,4.925997E+03,7.087790E-02,0.000000E+00,0.000000E+00,1.984581E-02,2.175244E+02,4.865927E-02,0.000000E+00,0.000000E+00,4.509720E-02,9.923288E+02,1.984581E-02,0.000000E+00,0.000000E+00,3.685657E-02,4.039745E+02,1.102503E-01,0.000000E+00,3.112917E+02,4.854394E-02,1.449787E+03,3.685657E-02,0.000000E+00,0.000000E+00,5.103212E-02,5.593487E+02,3.425534E-01,0.000000E+00,7.048749E+02,2.940617E-01,4.540211E+03,5.103212E-02,0.000000E+00,0.000000E+00,1.417560E-02,1.553748E+02,2.120923E-01,0.000000E+00,4.006657E+02,1.047597E-01,1.518839E+03,1.417560E-02,0.000000E+00,0.000000E+00,6.520776E-02,7.147239E+02,6.520776E-02,0.000000E+00,0.000000E+00,6.520776E-02,2.334131E+03,6.520776E-02,0.000000E+00,0.000000E+00,6.520780E-02,7.147244E+02,6.520780E-02,0.000000E+00,0.000000E+00,6.520780E-02,2.334133E+03,6.520780E-02,0.000000E+00,0.000000E+00,8.732169E-01,9.571084E+03,1.778842E+00,1.755241E+04,2.386074E+04,1.479251E+00,3.802370E+04,8.732169E-01,0.000000E+00,0.000000E+00
08:45:00,7.087790E-02,7.433804E+02,1.644798E-01,0.000000E+00,4.586536E+01,2.821640E-01,4.896203E+03,7.087790E-02,0.000000E+00,0.000000E+00,1.984581E-02,2.081465E+02,4.823144E-02,0.000000E+00,2.099797E-02,4.379655E-02,9.778065E+02,1.984581E-02,0.000000E+00,0.000000E+00,3.685657E-02,3.865585E+02,1.086430E-01,0.000000E+00,3.263090E+02,4.700031E-02,1.432552E+03,3.685657E-02,0.000000E+00,0.000000E+00,5.103212E-02,5.352343E+02,3.396121E-01,0.000000E+00,7.305803E+02,2.857190E-01,4.447061E+03,5.103212E-02,0.000000E+00,0.000000E+00,1.417560E-02,1.486763E+02,2.121015E-01,0.000000E+00,4.076678E+02,1.016787E-01,1.484438E+03,1.417560E-02,0.000000E+00,0.000000E+00,6.520776E-02,6.839109E+02,6.520776E-02,0.000000E+00,0.000000E+00,6.520776E-02,2.334131E+03,6.520776E-02,0.000000E+00,0.000000E+00,6.520780E-02,6.839114E+02,6.520780E-02,0.000000E+00,0.000000E+00,6.520780E-02,2.334133E+03,6.520780E-02,0.000000E+00,0.000000E+00,8.732169E-01,9.158459E+03,1.751127E+00,1.765664E+04,2.388327E+04,1.460391E+00,3.781312E+04,8.732169E-01,0.000000E+00,0.000000E+00
09:00:00,7.087790E-02,7.098881E+02,1.650904E-01,0.000000E+00,8.121298E+01,2.798674E-01,4.870560E+03,7.087790E-02,0.000000E+00,0.000000E+00,1.984581E-02,1.987687E+02,4.798283E-02,0.000000E+00,9.626407E+00,4.265786E-02,9.650926E+02,1.984581E-02,0.000000E+00,0.000000E+00,3.685657E-02,3.691425E+02,1.072603E-01,0.000000E+00,3.416853E+02,4.563549E-02,1.417313E+03,3.685657E-02,0.000000E+00,0.000000E+00,5.103212E-02,5.111198E+02,3.372618E-01,0.000000E+00,7.565133E+02,2.782430E-01,4.363588E+03,5.103212E-02,0.000000E+00,0.000000E+00,1.417560E-02,1.419779E+02,2.121891E-01,0.000000E+00,4.144574E+02,9.893432E-02,1.453796E+03,1.417560E-02,0.000000E+00,0.000000E+00,6.520776E-02,6.530980E+02,6.520776E-02,0.000000E+00,0.000000E+00,6.520776E-02,2.334131E+03,6.520776E-02,0.000000E+00,0.000000E+00,6.520780E-02,6.530985E+02,6.520780E-02,0.000000E+00,0.000000E+00,6.520780E-02,2.334133E+03,6.520780E-02,0.000000E+00,0.000000E+00,8.732169E-01,8.745834E+03,1.727999E+00,1.781190E+04,2.397835E+04,1.443675E+00,3.762648E+04,8.732169E-01,0.000000E+00,0.000000E+00
09:15:00,7.087790E-02,6.799214E+02,1.664326E-01,0.000000E+00,1.137340E+02,2.778765E-01,4.848331E+03,7.087790E-02,0.000000E+00,0.000000E+00,1.984581E-02,1.903780E+02,4.787401E-02,0.000000E+00,1.826757E+01,4.165518E-02,9.538973E+02,1.984581E-02,0.000000E+00,0.000000E+00,3.685657E-02,3.535597E+02,1.060583E-01,0.000000E+00,3.554669E+02,4.442393E-02,1.403785E+03,3.685657E-02,0.000000E+00,0.000000E+00,5.103212E-02,4.895437E+02,3.353037E-01,0.000000E+00,7.797418E+02,2.715244E-01,4.288573E+03,5.103212E-02,0.000000E+00,0.000000E+00,1.417560E-02,1.359845E+02,2.122450E-01,0.000000E+00,4.205174E+02,9.648139E-02,1.426407E+03,1.417560E-02,0.000000E+00,0.000000E+00,6.520776E-02,6.255285E+02,6.520776E-02,0.000000E+00,0.000000E+00,6.520776E-02,2.334131E+03,6.520776E-02,0.000000E+00,0.000000E+00,6.520780E-02,6.255290E+02,6.520780E-02,0.000000E+00,0.000000E+00,6.520780E-02,2.334133E+03,6.520780E-02,0.000000E+00,0.000000E+00,8.732169E-01,8.376643E+03,1.709864E+00,1.797927E+04,2.410140E+04,1.428798E+00,3.746037E+04,8.732169E-01,0.000000E+00,0.000000E+00
09:30:00,7.087790E-02,6.499546E+02,1.681015E-01,0.000000E+00,1.464208E+02,2.761386E-01,4.828927E+03,7.087790E-02,0.000000E+00,0.000000E+00,1.984581E-02,1.819873E+02,4.788153E-02,0.000000E+00,2.695197E+01,4.076911E-02,9.440040E+02,1.984581E-02,0.000000E+00,0.000000E+00,3.685657E-02,3.379770E+02,1.050153E-01,0.000000E+00,3.695382E+02,4.334538E-02,1.391743E+03,3.685657E-02,0.000000E+00,0.000000E+00,5.103212E-02,4.679677E+02,3.336215E-01,0.000000E+00,8.027922E+02,2.654636E-01,4.220902E+03,5.103212E-02,0.000000E+00,0.000000E+00,1.417560E-02,1.299911E+02,2.121916E-01,0.000000E+00,4.265038E+02,9.428252E-02,1.401856E+03,1.417560E-02,0.000000E+00,0.000000E+00,6.520776E-02,5.979591E+02,6.520776E-02,0.000000E+00,0.000000E+00,6.520776E-02,2.334131E+03,6.520776E-02,0.000000E+00,0.000000E+00,6.520780E-02,5.979595E+02,6.520780E-02,0.000000E+00,0.000000E+00,6.520780E-02,2.334133E+03,6.520780E-02,0.000000E+00,0.000000E+00,8.732169E-01,8.007451E+03,1.696552E+00,1.820028E+04,2.429632E+04,1.415503E+00,3.731193E+04,8.732169E-01,0.000000E+00,0.000000E+00
09:45:00,7.087790E-02,6.199878E+02,1.698211E-01,0.000000E+00,1.788949E+02,2.746115E-01,4.811877E+03,7.087790E-02,0.000000E+00,0.000000E+00,1.984581E-02,1.735966E+02,4.797860E-02,0.000000E+00,3.566446E+01,3.998374E-02,9.352350E+02,1.984581E-02,0.000000E+00,0.000000E+00,3.685657E-02,3.223942E+02,1.041156E-01,0.000000E+00,3.838752E+02,4.238293E-02,1.380997E+03,3.685657E-02,0.000000E+00,0.000000E+00,5.103212E-02,4.463916E+02,3.321321E-01,0.000000E+00,8.256403E+02,2.599915E-01,4.159804E+03,5.103212E-02,0.000000E+00,0.000000E+00,1.417560E-02,1.239978E+02,2.120399E-01,0.000000E+00,4.324829E+02,9.230455E-02,1.379771E+03,1.417560E-02,0.000000E+00,0.000000E+00,6.520776E-02,5.703896E+02,6.520776E-02,0.000000E+00,1.318371E+01,6.520776E-02,2.334131E+03,6.520776E-02,0.000000E+00,0.000000E+00,6.520780E-02,5.703900E+02,6.520780E-02,0.000000E+00,1.318371E+01,6.520780E-02,2.334133E+03,6.520780E-02,0.000000E+00,0.000000E+00,8.732169E-01,7.638260E+03,1.686715E+00,1.845992E+04,2.454194E+04,1.403591E+00,3.717893E+04,8.732169E-01,0.000000E+00,0.000000E+00
10:00:00,7.087790E-02,5.900211E+02,1.716109E-01,3.352698E+00,2.112509E+02,2.732623E-01,4.796813E+03,7.087790E-02,0.000000E+00,0.000000E+00,1.984581E-02,1.652059E+02,4.815251E-02,9.423296E-01,4.439992E+01,3.928416E-02,9.274240E+02,1.984581E-02,0.000000E+00,0.000000E+00,3.685657E-02,3.068115E+02,1.033531E-01,1.098976E+00,3.984668E+02,4.152269E-02,1.371392E+03,3.685657E-02,0.000000E+00,0.000000E+00,5.103212E-02,4.248155E+02,3.307334E-01,1.820353E+00,8.481648E+02,2.550528E-01,4.104663E+03,5.103212E-02,0.000000E+00,0.000000E+00,1.417560E-02,1.180044E+02,2.116880E-01,5.181335E-03,4.383109E+02,9.052668E-02,1.359920E+03,1.417560E-02,0.000000E+00,0.000000E+00,6.520776E-02,5.428201E+02,6.520776E-02,3.217985E+00,4.130697E+01,6.520776E-02,2.334131E+03,6.520776E-02,0.000000E+00,0.000000E+00,6.520780E-02,5.428205E+02,6.520780E-02,3.217987E+00,4.130700E+01,6.520780E-02,2.334133E+03,6.520780E-02,0.000000E+00,0.000000E+00,8.732169E-01,7.269069E+03,1.679042E+00,1.874365E+04,2.481674E+04,1.392907E+00,3.705963E+04,8.732169E-01,0.000000E+00,0.000000E+00
10:15:00,7.087790E-02,5.635798E+02,1.735021E-01,2.979054E+01,2.399810E+02,2.720628E-01,4.783420E+03,7.087790E-02,0.000000E+00,0.000000E+00,1.984581E-02,1.578023E+02,4.838896E-02,8.345329E+00,5.214197E+01,3.866164E-02,9.204734E+02,1.984581E-02,0.000000E+00,0.000000E+00,3.685657E-02,2.930620E+02,1.027226E-01,1.485146E+01,4.114289E+02,4.075344E-02,1.362803E+03,3.685657E-02,0.000000E+00,0.000000E+00,5.103212E-02,4.057778E+02,3.293587E-01,2.085893E+01,8.677299E+02,2.505882E-01,4.054814E+03,5.103212E-02,0.000000E+00,0.000000E+00,1.417560E-02,1.127161E+02,2.110870E-01,5.296127E+00,4.432614E+02,8.892576E-02,1.342045E+03,1.417560E-02,0.000000E+00,0.000000E+00,6.520776E-02,5.184941E+02,6.520776E-02,2.754398E+01,6.612291E+01,6.520776E-02,2.334131E+03,6.520776E-02,0.000000E+00,0.000000E+00,6.520780E-02,5.184945E+02,6.520780E-02,2.754400E+01,6.612296E+01,6.520780E-02,2.334133E+03,6.520780E-02,0.000000E+00,0.000000E+00,8.732169E-01,6.943312E+03,1.673025E+00,1.900238E+04,2.506975E+04,1.383304E+00,3.695241E+04,8.732169E-01,0.000000E+00,0.000000E+00
10:30:00,7.087790E-02,5.371385E+02,1.755649E-01,5.622829E+01,2.688082E+02,2.709899E-01,4.771441E+03,7.087790E-02,0.000000E+00,0.000000E+00,1.984581E-02,1.503988E+02,4.867589E-02,1.574831E+01,5.989426E+01,3.810649E-02,9.142750E+02,1.984581E-02,0.000000E+00,0.000000E+00,3.685657E-02,2.793125E+02,1.022149E-01,2.860293E+01,4.246324E+02,4.006423E-02,1.355107E+03,3.685657E-02,0.000000E+00,0.000000E+00,5.103212E-02,3.867400E+02,3.279499E-01,3.989819E+01,8.869366E+02,2.465440E-01,4.009659E+03,5.103212E-02,0.000000E+00,0.000000E+00,1.417560E-02,1.074279E+02,2.101997E-01,1.058838E+01,4.480869E+02,8.748103E-02,1.325915E+03,1.417560E-02,0.000000E+00,0.000000E+00,6.520776E-02,4.941681E+02,6.520776E-02,5.186998E+01,9.093805E+01,6.520776E-02,2.334131E+03,6.520776E-02,0.000000E+00,0.000000E+00,6.520780E-02,4.941685E+02,6.520780E-02,5.187002E+01,9.093812E+01,6.520780E-02,2.334133E+03,6.520780E-02,0.000000E+00,0.000000E+00,8.732169E-01,6.617556E+03,1.668321E+00,1.927573E+04,2.534104E+04,1.374650E+00,3.685580E+04,8.732169E-01,0.000000E+00,0.000000E+00
10:45:00,7.087790E-02,5.106973E+02,1.778818E-01,8.266572E+01,2.978247E+02,2.700243E-01,4.760660E+03,7.087790E-02,0.000000E+00,0.000000E+00,1.984581E-02,1.429952E+02,4.900375E-02,2.315127E+01,6.765428E+01,3.761040E-02,9.087359E+02,1.984581E-02,0.000000E+00,0.000000E+00,3.685657E-02,2.655630E+02,1.018171E-01,4.235350E+01,4.380512E+02,3.944570E-02,1.348201E+03,3.685657E-02,0.000000E+00,0.000000E+00,5.103212E-02,3.677023E+02,3.264592E-01,5.893820E+01,9.057897E+02,2.428749E-01,3.968693E+03,5.103212E-02,0.000000E+00,0.000000E+00,1.417560E-02,1.021396E+02,2.089951E-01,1.588201E+01,4.527921E+02,8.617503E-02,1.311332E+03,1.417560E-02,0.000000E+00,0.000000E+00,6.520776E-02,4.698421E+02,6.520776E-02,7.619598E+01,1.157533E+02,6.520776E-02,2.334131E+03,6.520776E-02,0.000000E+00,0.000000E+00,6.520780E-02,4.698425E+02,6.520780E-02,7.619603E+01,1.157534E+02,6.520780E-02,2.334133E+03,6.520780E-02,0.000000E+00,0.000000E+00,8.732169E-01,6.291799E+03,1.664667E+00,1.956078E+04,2.562688E+04,1.366835E+00,3.676854E+04,8.732169E-01,0.000000E+00,0.000000E+00
11:00:00,7.087790E-02,4.842560E+02,1.805162E-01,1.091026E+02,3.270606E+02,2.691491E-01,4.750888E+03,7.087790E-02,0.000000E+00,0.000000E+00,1.984581E-02,1.355917E+02,4.936350E-02,3.055423E+01,7.541643E+01,3.716492E-02,9.037620E+02,1.984581E-02,0.000000E+00,0.000000E+00,3.685657E-02,2.518136E+02,1.015170E-01,5.610334E+01,4.516589E+02,3.888795E-02,1.341973E+03,3.685657E-02,0.000000E+00,0.000000E+00,5.103212E-02,3.486646E+02,3.248585E-01,7.797898E+01,9.243152E+02,2.395309E-01,3.931357E+03,5.103212E-02,0.000000E+00,0.000000E+00,1.417560E-02,9.685135E+01,2.074575E-01,2.117699E+01,4.573863E+02,8.498869E-02,1.298087E+03,1.417560E-02,0.000000E+00,0.000000E+00,6.520776E-02,4.455161E+02,6.520776E-02,1.005220E+02,1.405689E+02,6.520776E-02,2.334131E+03,6.520776E-02,0.000000E+00,0.000000E+00,6.520780E-02,4.455165E+02,6.520780E-02,1.005220E+02,1.405690E+02,6.520780E-02,2.334133E+03,6.520780E-02,0.000000E+00,0.000000E+00,8.732169E-01,5.966042E+03,1.661875E+00,1.985543E+04,2.592445E+04,1.359741E+00,3.668933E+04,8.732169E-01,0.000000E+00,0.000000E+00
11:15:00,7.087790E-02,4.666285E+02,1.833901E-01,1.267254E+02,3.473399E+02,2.683512E-01,4.741979E+03,7.087790E-02,0.000000E+00,0.000000E+00,1.984581E-02,1.306560E+02,4.973600E-02,3.548935E+01,8.064496E+01,3.676407E-02,8.992864E+02,1.984581E-02,0.000000E+00,0.000000E+00,3.685657E-02,2.426472E+02,1.012924E-01,6.526953E+01,4.606783E+02,3.838428E-02,1.336350E+03,3.685657E-02,0.000000E+00,0.000000E+00,5.103212E-02,3.359728E+02,3.230820E-01,9.067470E+01,9.359038E+02,2.364796E-01,3.897288E+03,5.103212E-02,0.000000E+00,0.000000E+00,1.417560E-02,9.332585E+01,2.055618E-01,2.471056E+01,4.600213E+02,8.390955E-02,1.286037E+03,1.417560E-02,0.000000E+00,0.000000E+00,6.520776E-02,4.292988E+02,6.520776E-02,1.167393E+02,1.571127E+02,6.520776E-02,2.334131E+03,6.520776E-02,0.000000E+00,0.000000E+00,6.520780E-02,4.292991E+02,6.520780E-02,1.167394E+02,1.571128E+02,6.520780E-02,2.334133E+03,6.520780E-02,0.000000E+00,0.000000E+00,8.732169E-01,5.748871E+03,1.659504E+00,2.004618E+04,2.611540E+04,1.353290E+00,3.661729E+04,8.732169E-01,0.000000E+00,0.000000E+00
11:30:00,7.087790E-02,4.490010E+02,1.864041E-01,1.443479E+02,3.675491E+02,2.676198E-01,4.733813E+03,7.087790E-02,0.000000E+00,0.000000E+00,1.984581E-02,1.257203E+02,5.011264E-02,4.042450E+01,8.586379E+01,3.640295E-02,8.952543E+02,1.984581E-02,0.000000E+00,0.000000E+00,3.685657E-02,2.334809E+02,1.011312E-01,7.443541E+01,4.698291E+02,3.792915E-02,1.331268E+03,3.685657E-02,0.000000E+00,0.000000E+00,5.103212E-02,3.232809E+02,3.211129E-01,1.033713E+02,9.471461E+02,2.336938E-01,3.866184E+03,5.103212E-02,0.000000E+00,0.000000E+00,1.417560E-02,8.980034E+01,2.033039E-01,2.824543E+01,4.625388E+02,8.292735E-02,1.275071E+03,1.417560E-02,0.000000E+00,0.000000E+00,6.520776E-02,4.130815E+02,6.520776E-02,1.329566E+02,1.736575E+02,6.520776E-02,2.334131E+03,6.520776E-02,0.000000E+00,0.000000E+00,6.520780E-02,4.130818E+02,6.520780E-02,1.329567E+02,1.736576E+02,6.520780E-02,2.334133E+03,6.520780E-02,0.000000E+00,0.000000E+00,8.732169E-01,5.531700E+03,1.657296E+00,2.023875E+04,2.630774E+04,1.347414E+00,3.655170E+04,8.732169E-01,0.000000E+00,0.000000E+00
11:45:00,7.087790E-02,4.313735E+02,1.894560E-01,1.619704E+02,3.875982E+02,2.669457E-01,4.726286E+03,7.087790E-02,0.000000E+00,0.000000E+00,1.984581E-02,1.207846E+02,5.048487E-02,4.535969E+01,9.107193E+01,3.607712E-02,8.916164E+02,1.984581E-02,0.000000E+00,0.000000E+00,3.685657E-02,2.243146E+02,1.010233E-01,8.360107E+01,4.790978E+02,3.751748E-02,1.326671E+03,3.685657E-02,0.000000E+00,0.000000E+00,5.103212E-02,3.105891E+02,3.189444E-01,1.160688E+02,9.581070E+02,2.311480E-01,3.837759E+03,5.103212E-02,0.000000E+00,0.000000E+00,1.417560E-02,8.627483E+01,2.006918E-01,3.178152E+01,4.649527E+02,8.203253E-02,1.265080E+03,1.417560E-02,0.000000E+00,0.000000E+00,6.520776E-02,3.968641E+02,6.520776E-02,1.491740E+02,1.902014E+02,6.520776E-02,2.334131E+03,6.520776E-02,0.000000E+00,0.000000E+00,6.520780E-02,3.968644E+02,6.520780E-02,1.491741E+02,1.902015E+02,6.520780E-02,2.334133E+03,6.520780E-02,0.000000E+00,0.000000E+00,8.732169E-01,5.314528E+03,1.655036E+00,2.043075E+04,2.649856E+04,1.342055E+00,3.649186E+04,8.732169E-01,0.000000E+00,0.000000E+00
12:00:00,7.087790E-02,4.137460E+02,1.924604E-01,1.795932E+02,4.074151E+02,2.663210E-01,4.719311E+03,7.087790E-02,0.000000E+00,0.000000E+00,1.984581E-02,1.158489E+02,5.084606E-02,5.029493E+01,9.626511E+01,3.578268E-02,8.883288E+02,1.984581E-02,0.000000E+00,0.000000E+00,3.685657E-02,2.151483E+02,1.009582E-01,9.276658E+01,4.884342E+02,3.714473E-02,1.322509E+03,3.685657E-02,0.000000E+00,0.000000E+00,5.103212E-02,2.978973E+02,3.165729E-01,1.287670E+02,9.687908E+02,2.288191E-01,3.811757E+03,5.103212E-02,0.000000E+00,0.000000E+00,1.417560E-02,8.274932E+01,1.977362E-01,3.531872E+01,4.672393E+02,8.121649E-02,1.255969E+03,1.417560E-02,0.000000E+00,0.000000E+00,6.520776E-02,3.806468E+02,6.520776E-02,1.653913E+02,2.067455E+02,6.520776E-02,2.334131E+03,6.520776E-02,0.000000E+00,0.000000E+00,6.520780E-02,3.806471E+02,6.520780E-02,1.653914E+02,2.067456E+02,6.520780E-02,2.334133E+03,6.520780E-02,0.000000E+00,0.000000E+00,8.732169E-01,5.097357E+03,1.652531E+00,2.062002E+04,2.668463E+04,1.337159E+00,3.643719E+04,8.732169E-01,0.000000E+00,0.000000E+00
12:15:00,7.087790E-02,3.996440E+02,1.954199E-01,1.936908E+02,4.234486E+02,2.657390E-01,4.712813E+03,7.087790E-02,0.000000E+00,0.000000E+00,1.984581E-02,1.119003E+02,5.120397E-02,5.424306E+01,1.004445E+02,3.551618E-02,8.853532E+02,1.984581E-02,0.000000E+00,0.000000E+00,3.685657E-02,2.078152E+02,1.009361E-01,1.000986E+02,4.959715E+02,3.685657E-02,1.319292E+03,3.685657E-02,0.000000E+00,0.000000E+00,5.103212E-02,2.877439E+02,3.140591E-01,1.389275E+02,9.767631E+02,2.266866E-01,3.787947E+03,5.103212E-02,0.000000E+00,0.000000E+00,1.417560E-02,7.992892E+01,1.944828E-01,3.815171E+01,4.687133E+02,8.047158E-02,1.247651E+03,1.417560E-02,0.000000E+00,0.000000E+00,6.520776E-02,3.676729E+02,6.520776E-02,1.783652E+02,2.199808E+02,6.520776E-02,2.334131E+03,6.520776E-02,0.000000E+00,0.000000E+00,6.520780E-02,3.676732E+02,6.520780E-02,1.783653E+02,2.199810E+02,6.520780E-02,2.334133E+03,6.520780E-02,0.000000E+00,0.000000E+00,8.732169E-01,4.923620E+03,1.649902E+00,2.076448E+04,2.682369E+04,1.332728E+00,3.638772E+04,8.732169E-01,0.000000E+00,0.000000E+00
12:30:00,7.087790E-02,3.855420E+02,1.983097E-01,2.077887E+02,4.393164E+02,2.651941E-01,4.706729E+03,7.087790E-02,0.000000E+00,0.000000E+00,1.984581E-02,1.079517E+02,5.155204E-02,5.819121E+01,1.046138E+02,3.527459E-02,8.826558E+02,1.984581E-02,0.000000E+00,0.000000E+00,3.685657E-02,2.004822E+02,1.009476E-01,1.074305E+02,5.035683E+02,3.685657E-02,1.319292E+03,3.685657E-02,0.000000E+00,0.000000E+00,5.103212E-02,2.775904E+02,3.114400E-01,1.490882E+02,9.847168E+02,2.247319E-01,3.766122E+03,5.103212E-02,0.000000E+00,0.000000E+00,1.417560E-02,7.710851E+01,1.909876E-01,4.098531E+01,4.701490E+02,7.979094E-02,1.240052E+03,1.417560E-02,0.000000E+00,0.000000E+00,6.520776E-02,3.546991E+02,6.520776E-02,1.913390E+02,2.332162E+02,6.520776E-02,2.334131E+03,6.520776E-02,0.000000E+00,0.000000E+00,6.520780E-02,3.546993E+02,6.520780E-02,1.913392E+02,2.332163E+02,6.520780E-02,2.334133E+03,6.520780E-02,0.000000E+00,0.000000E+00,8.732169E-01,4.749883E+03,1.647120E+00,2.090723E+04,2.695984E+04,1.328927E+00,3.634527E+04,8.732169E-01,0.000000E+00,0.000000E+00
12:45:00,7.087790E-02,3.714399E+02,2.011017E-01,2.218870E+02,4.550256E+02,2.646815E-01,4.701006E+03,7.087790E-02,0.000000E+00,0.000000E+00,1.984581E-02,1.040032E+02,5.189036E-02,6.213938E+01,1.087776E+02,3.505526E-02,8.802069E+02,1.984581E-02,0.000000E+00,0.000000E+00,3.685657E-02,1.931491E+02,1.009877E-01,1.147623E+02,5.112284E+02,3.685657E-02,1.319292E+03,3.685657E-02,0.000000E+00,0.000000E+00,5.103212E-02,2.674370E+02,3.087999E-01,1.592488E+02,9.928531E+02,2.229385E-01,3.746099E+03,5.103212E-02,0.000000E+00,0.000000E+00,1.417560E-02,7.428810E+01,1.873368E-01,4.381912E+01,4.716139E+02,7.916847E-02,1.233102E+03,1.417560E-02,0.000000E+00,0.000000E+00,6.520776E-02,3.417252E+02,6.520776E-02,2.043129E+02,2.464516E+02,6.520776E-02,2.334131E+03,6.520776E-02,0.000000E+00,0.000000E+00,6.520780E-02,3.417255E+02,6.520780E-02,2.043131E+02,2.464517E+02,6.520780E-02,2.334133E+03,6.520780E-02,0.000000E+00,0.000000E+00,8.732169E-01,4.576146E+03,1.644272E+00,2.104924E+04,2.709468E+04,1.325433E+00,3.630627E+04,8.732169E-01,0.000000E+00,0.000000E+00
13:00:00,7.087790E-02,3.573379E+02,2.037702E-01,2.359855E+02,4.705748E+02,2.641971E-01,4.695596E+03,7.087790E-02,0.000000E+00,0.000000E+00,1.984581E-02,1.000546E+02,5.221287E-02,6.608758E+01,1.129291E+02,3.485583E-02,8.779802E+02,1.984581E-02,0.000000E+00,0.000000E+00,3.685657E-02,1.858160E+02,1.010488E-01,1.220940E+02,5.189154E+02,3.685657E-02,1.319292E+03,3.685657E-02,0.000000E+00,0.000000E+00,5.103212E-02,2.572835E+02,3.062467E-01,1.694091E+02,1.001360E+03,2.212916E-01,3.727710E+03,5.103212E-02,0.000000E+00,0.000000E+00,1.417560E-02,7.146770E+01,1.836563E-01,4.665258E+01,4.732063E+02,7.859868E-02,1.226740E+03,1.417560E-02,0.000000E+00,0.000000E+00,6.520776E-02,3.287513E+02,6.520776E-02,2.172868E+02,2.596870E+02,6.520776E-02,2.334131E+03,6.520776E-02,0.000000E+00,0.000000E+00,6.520780E-02,3.287516E+02,6.520780E-02,2.172869E+02,2.596872E+02,6.520780E-02,2.334133E+03,6.520780E-02,0.000000E+00,0.000000E+00,8.732169E-01,4.402409E+03,1.641488E+00,2.119198E+04,2.723011E+04,1.322217E+00,3.627036E+04,8.732169E-01,0.000000E+00,0.000000E+00
13:15:00,7.087790E-02,3.485242E+02,2.062613E-01,2.447962E+02,4.805186E+02,2.637372E-01,4.690462E+03,7.087790E-02,0.000000E+00,0.000000E+00,1.984581E-02,9.758677E+01,5.251344E-02,6.855511E+01,1.155526E+02,3.467421E-02,8.759523E+02,1.984581E-02,0.000000E+00,0.000000E+00,3.685657E-02,1.812329E+02,1.011233E-01,1.266758E+02,5.237860E+02,3.685657E-02,1.319292E+03,3.685657E-02,0.000000E+00,0.000000E+00,5.103212E-02,2.509376E+02,3.039288E-01,1.757608E+02,1.006608E+03,2.197777E-01,3.710808E+03,5.103212E-02,0.000000E+00,0.000000E+00,1.417560E-02,6.970494E+01,1.801033E-01,4.842734E+01,4.739598E+02,7.807666E-02,1.220911E+03,1.417560E-02,0.000000E+00,0.000000E+00,6.520776E-02,3.206427E+02,6.520776E-02,2.253954E+02,2.679592E+02,6.520776E-02,2.334131E+03,6.520776E-02,0.000000E+00,0.000000E+00,6.520780E-02,3.206429E+02,6.520780E-02,2.253956E+02,2.679594E+02,6.520780E-02,2.334133E+03,6.520780E-02,0.000000E+00,0.000000E+00,8.732169E-01,4.293824E+03,1.638926E+00,2.127203E+04,2.730173E+04,1.319252E+00,3.623726E+04,8.732169E-01,0.000000E+00,0.000000E+00
13:30:00,7.087790E-02,3.397104E+02,2.086903E-01,2.536071E+02,4.904818E+02,2.632990E-01,4.685569E+03,7.087790E-02,0.000000E+00,0.000000E+00,1.984581E-02,9.511892E+01,5.279134E-02,7.102267E+01,1.181652E+02,3.450856E-02,8.741028E+02,1.984581E-02,0.000000E+00,0.000000E+00,3.685657E-02,1.766497E+02,1.012076E-01,1.312576E+02,5.286797E+02,3.685657E-02,1.319292E+03,3.685657E-02,0.000000E+00,0.000000E+00,5.103212E-02,2.445917E+02,3.021337E-01,1.821106E+02,1.013170E+03,2.183849E-01,3.695257E+03,5.103212E-02,0.000000E+00,0.000000E+00,1.417560E-02,6.794219E+01,1.768674E-01,5.020021E+01,4.751301E+02,7.759800E-02,1.215567E+03,1.417560E-02,0.000000E+00,0.000000E+00,6.520776E-02,3.125340E+02,6.520776E-02,2.335041E+02,2.762324E+02,6.520776E-02,2.334131E+03,6.520776E-02,0.000000E+00,0.000000E+00,6.520780E-02,3.125342E+02,6.520780E-02,2.335043E+02,2.762326E+02,6.520780E-02,2.334133E+03,6.520780E-02,0.000000E+00,0.000000E+00,8.732169E-01,4.185238E+03,1.637178E+00,2.136115E+04,2.738608E+04,1.316514E+00,3.620668E+04,8.732169E-01,0.000000E+00,0.000000E+00
13:45:00,7.087790E-02,3.308967E+02,2.115240E-01,2.624175E+02,5.010484E+02,2.628821E-01,4.680915E+03,7.087790E-02,0.000000E+00,0.000000E+00,1.984581E-02,9.265107E+01,5.304018E-02,7.349028E+01,1.207632E+02,3.435844E-02,8.724267E+02,1.984581E-02,0.000000E+00,0.000000E+00,3.685657E-02,1.720666E+02,1.012953E-01,1.358396E+02,5.335795E+02,3.685657E-02,1.319292E+03,3.685657E-02,0.000000E+00,0.000000E+00,5.103212E-02,2.382458E+02,3.012760E-01,1.884571E+02,1.021911E+03,2.171132E-01,3.681058E+03,5.103212E-02,0.000000E+00,0.000000E+00,1.417560E-02,6.617944E+01,1.740198E-01,5.197075E+01,4.765271E+02,7.716257E-02,1.210705E+03,1.417560E-02,0.000000E+00,0.000000E+00,6.520776E-02,3.044254E+02,6.520776E-02,2.416128E+02,2.845047E+02,6.520776E-02,2.334131E+03,6.520776E-02,0.000000E+00,0.000000E+00,6.520780E-02,3.044256E+02,6.520780E-02,2.416129E+02,2.845049E+02,6.520780E-02,2.334133E+03,6.520780E-02,0.000000E+00,0.000000E+00,8.732169E-01,4.076652E+03,1.637276E+00,2.147083E+04,2.749923E+04,1.314001E+00,3.617862E+04,8.732169E-01,0.000000E+00,0.000000E+00
14:00:00,7.087790E-02,3.220829E+02,2.151925E-01,2.712262E+02,5.124355E+02,2.624842E-01,4.676472E+03,7.087790E-02,0.000000E+00,0.000000E+00,1.984581E-02,9.018322E+01,5.326009E-02,7.595794E+01,1.233475E+02,3.422228E-02,8.709064E+02,1.984581E-02,0.000000E+00,0.000000E+00,3.685657E-02,1.674834E+02,1.013840E-01,1.404216E+02,5.384705E+02,3.685657E-02,1.319292E+03,3.685657E-02,0.000000E+00,0.000000E+00,5.103212E-02,2.318999E+02,3.017144E-01,1.947987E+02,1.033207E+03,2.159513E-01,3.668085E+03,5.103212E-02,0.000000E+00,0.000000E+00,1.417560E-02,6.441668E+01,1.715597E-01,5.373915E+01,4.780512E+02,7.676629E-02,1.206280E+03,1.417560E-02,0.000000E+00,0.000000E+00,6.520776E-02,2.963167E+02,6.520776E-02,2.497214E+02,2.927769E+02,6.520776E-02,2.334131E+03,6.520776E-02,0.000000E+00,0.000000E+00,6.520780E-02,2.963169E+02,6.520780E-02,2.497216E+02,2.927771E+02,6.520780E-02,2.334133E+03,6.520780E-02,0.000000E+00,0.000000E+00,8.732169E-01,3.968067E+03,1.640143E+00,2.161134E+04,2.765498E+04,1.311691E+00,3.615283E+04,8.732169E-01,0.000000E+00,0.000000E+00
14:15:00,7.087790E-02,3.220829E+02,2.199753E-01,2.712189E+02,5.155741E+02,2.621025E-01,4.672210E+03,7.087790E-02,0.000000E+00,0.000000E+00,1.984581E-02,9.018322E+01,5.343872E-02,7.595780E+01,1.233867E+02,3.409841E-02,8.695233E+02,1.984581E-02,0.000000E+00,0.000000E+00,3.685657E-02,1.674834E+02,1.014630E-01,1.404208E+02,5.386035E+02,3.685657E-02,1.319292E+03,3.685657E-02,0.000000E+00,0.000000E+00,5.103212E-02,2.318999E+02,3.036536E-01,1.947887E+02,1.040443E+03,2.148868E-01,3.656199E+03,5.103212E-02,0.000000E+00,0.000000E+00,1.417560E-02,6.441668E+01,1.694183E-01,5.374325E+01,4.778412E+02,7.640472E-02,1.202243E+03,1.417560E-02,0.000000E+00,0.000000E+00,6.520776E-02,2.963167E+02,6.520776E-02,2.497214E+02,2.927769E+02,6.520776E-02,2.334131E+03,6.520776E-02,0.000000E+00,0.000000E+00,6.520780E-02,2.963169E+02,6.520780E-02,2.497216E+02,2.927771E+02,6.520780E-02,2.334133E+03,6.520780E-02,0.000000E+00,0.000000E+00,8.732169E-01,3.968067E+03,1.646251E+00,2.167935E+04,2.774837E+04,1.309561E+00,3.612905E+04,8.732169E-01,0.000000E+00,0.000000E+00
14:30:00,7.087790E-02,3.220829E+02,2.259563E-01,2.712089E+02,5.193210E+02,2.617351E-01,4.668107E+03,7.087790E-02,0.000000E+00,0.000000E+00,1.984581E-02,9.018322E+01,5.356999E-02,7.595773E+01,1.234035E+02,3.398548E-02,8.682624E+02,1.984581E-02,0.000000E+00,0.000000E+00,3.685657E-02,1.674834E+02,1.015267E-01,1.404201E+02,5.387026E+02,3.685657E-02,1.319292E+03,3.685657E-02,0.000000E+00,0.000000E+00,5.103212E-02,2.318999E+02,3.071283E-01,1.947727E+02,1.049731E+03,2.139100E-01,3.645294E+03,5.103212E-02,0.000000E+00,0.000000E+00,1.417560E-02,6.441668E+01,1.674868E-01,5.374662E+01,4.776250E+02,7.607435E-02,1.198555E+03,1.417560E-02,0.000000E+00,0.000000E+00,6.520776E-02,2.963167E+02,6.520776E-02,2.497214E+02,2.927769E+02,6.520776E-02,2.334131E+03,6.520776E-02,0.000000E+00,0.000000E+00,6.520780E-02,2.963169E+02,6.520780E-02,2.497216E+02,2.927771E+02,6.520780E-02,2.334133E+03,6.520780E-02,0.000000E+00,0.000000E+00,8.732169E-01,3.968067E+03,1.655662E+00,2.178416E+04,2.789138E+04,1.307593E+00,3.610707E+04,8.732169E-01,0.000000E+00,0.000000E+00
14:45:00,7.087790E-02,3.220829E+02,2.327800E-01,2.711970E+02,5.231303E+02,2.613780E-01,4.664121E+03,7.087790E-02,0.000000E+00,0.000000E+00,1.984581E-02,9.018322E+01,5.365279E-02,7.595774E+01,1.234032E+02,3.388116E-02,8.670977E+02,1.984581E-02,0.000000E+00,0.000000E+00,3.685657E-02,1.674834E+02,1.015723E-01,1.404199E+02,5.387807E+02,3.685657E-02,1.319292E+03,3.685657E-02,0.000000E+00,0.000000E+00,5.103212E-02,2.318999E+02,3.119442E-01,1.947516E+02,1.060138E+03,2.130019E-01,3.635155E+03,5.103212E-02,0.000000E+00,0.000000E+00,1.417560E-02,6.441668E+01,1.657348E-01,5.374973E+01,4.774311E+02,7.576831E-02,1.195138E+03,1.417560E-02,0.000000E+00,0.000000E+00,6.520776E-02,2.963167E+02,6.520776E-02,2.497214E+02,2.927769E+02,6.520776E-02,2.334131E+03,6.520776E-02,0.000000E+00,0.000000E+00,6.520780E-02,2.963169E+02,6.520780E-02,2.497216E+02,2.927771E+02,6.520780E-02,2.334133E+03,6.520780E-02,0.000000E+00,0.000000E+00,8.732169E-01,3.968067E+03,1.667771E+00,2.191900E+04,2.807429E+04,1.305749E+00,3.608649E+04,8.732169E-01,0.000000E+00,0.000000E+00
15:00:00,7.087790E-02,3.220829E+02,2.400681E-01,2.711843E+02,5.265888E+02,2.610303E-01,4.660239E+03,7.087790E-02,0.000000E+00,0.000000E+00,1.984581E-02,9.018322E+01,5.368440E-02,7.595781E+01,1.233810E+02,3.378456E-02,8.660190E+02,1.984581E-02,0.000000E+00,0.000000E+00,3.685657E-02,1.674834E+02,1.015960E-01,1.404199E+02,5.387987E+02,3.685657E-02,1.319292E+03,3.685657E-02,0.000000E+00,0.000000E+00,5.103212E-02,2.318999E+02,3.178809E-01,1.947266E+02,1.070796E+03,2.121568E-01,3.625718E+03,5.103212E-02,0.000000E+00,0.000000E+00,1.417560E-02,6.441668E+01,1.641512E-01,5.375265E+01,4.772593E+02,7.548445E-02,1.191968E+03,1.417560E-02,0.000000E+00,0.000000E+00,6.520776E-02,2.963167E+02,6.520776E-02,2.497214E+02,2.927769E+02,6.520776E-02,2.334131E+03,6.520776E-02,0.000000E+00,0.000000E+00,6.520780E-02,2.963169E+02,6.520780E-02,2.497216E+02,2.927771E+02,6.520780E-02,2.334133E+03,6.520780E-02,0.000000E+00,0.000000E+00,8.732169E-01,3.968067E+03,1.681890E+00,2.207622E+04,2.828561E+04,1.304020E+00,3.606719E+04,8.732169E-01,0.000000E+00,0.000000E+00
15:15:00,7.087790E-02,3.326594E+02,2.474776E-01,2.605954E+02,5.186539E+02,2.606916E-01,4.656456E+03,7.087790E-02,0.000000E+00,0.000000E+00,1.984581E-02,9.314464E+01,5.365636E-02,7.299654E+01,1.203026E+02,3.369516E-02,8.650209E+02,1.984581E-02,0.000000E+00,0.000000E+00,3.685657E-02,1.729832E+02,1.015902E-01,1.349205E+02,5.330698E+02,3.685657E-02,1.319292E+03,3.685657E-02,0.000000E+00,0.000000E+00,5.103212E-02,2.395150E+02,3.246985E-01,1.870842E+02,1.073145E+03,2.113715E-01,3.616950E+03,5.103212E-02,0.000000E+00,0.000000E+00,1.417560E-02,6.653199E+01,1.627128E-01,5.164007E+01,4.748971E+02,7.522160E-02,1.189033E+03,1.417560E-02,0.000000E+00,0.000000E+00,6.520776E-02,3.060471E+02,6.520776E-02,2.399910E+02,2.828502E+02,6.520776E-02,2.334131E+03,6.520776E-02,0.000000E+00,0.000000E+00,6.520780E-02,3.060473E+02,6.520780E-02,2.399912E+02,2.828504E+02,6.520780E-02,2.334133E+03,6.520780E-02,0.000000E+00,0.000000E+00,8.732169E-01,4.098369E+03,1.697262E+00,2.211711E+04,2.837943E+04,1.302400E+00,3.604909E+04,8.732169E-01,0.000000E+00,0.000000E+00
15:30:00,7.087790E-02,3.432359E+02,2.547627E-01,2.500074E+02,5.101493E+02,2.603612E-01,4.652767E+03,7.087790E-02,0.000000E+00,0.000000E+00,1.984581E-02,9.610606E+01,5.356983E-02,7.003535E+01,1.172025E+02,3.361237E-02,8.640965E+02,1.984581E-02,0.000000E+00,0.000000E+00,3.685657E-02,1.784830E+02,1.015535E-01,1.294215E+02,5.272903E+02,3.685657E-02,1.319292E+03,3.685657E-02,0.000000E+00,0.000000E+00,5.103212E-02,2.471300E+02,3.321909E-01,1.794406E+02,1.074599E+03,2.106418E-01,3.608803E+03,5.103212E-02,0.000000E+00,0.000000E+00,1.417560E-02,6.864729E+01,1.613952E-01,4.952733E+01,4.725455E+02,7.497819E-02,1.186316E+03,1.417560E-02,0.000000E+00,0.000000E+00,6.520776E-02,3.157775E+02,6.520776E-02,2.302606E+02,2.729236E+02,6.520776E-02,2.334131E+03,6.520776E-02,0.000000E+00,0.000000E+00,6.520780E-02,3.157777E+02,6.520780E-02,2.302608E+02,2.729238E+02,6.520780E-02,2.334133E+03,6.520780E-02,0.000000E+00,0.000000E+00,8.732169E-01,4.228672E+03,1.713329E+00,2.216573E+04,2.848157E+04,1.300880E+00,3.603212E+04,8.732169E-01,0.000000E+00,0.000000E+00
15:45:00,7.087790E-02,3.538124E+02,2.617406E-01,2.394209E+02,5.011395E+02,2.600386E-01,4.649165E+03,7.087790E-02,0.000000E+00,0.000000E+00,1.984581E-02,9.906748E+01,5.342071E-02,6.707425E+01,1.140794E+02,3.353563E-02,8.632397E+02,1.984581E-02,0.000000E+00,0.000000E+00,3.685657E-02,1.839828E+02,1.014816E-01,1.239230E+02,5.214520E+02,3.685657E-02,1.319292E+03,3.685657E-02,0.000000E+00,0.000000E+00,5.103212E-02,2.547451E+02,3.401537E-01,1.717970E+02,1.074857E+03,2.099634E-01,3.601229E+03,5.103212E-02,0.000000E+00,0.000000E+00,1.417560E-02,7.076260E+01,1.601713E-01,4.741451E+01,4.701923E+02,7.475270E-02,1.183798E+03,1.417560E-02,0.000000E+00,0.000000E+00,6.520776E-02,3.255079E+02,6.520776E-02,2.205302E+02,2.629959E+02,6.520776E-02,2.334131E+03,6.520776E-02,0.000000E+00,0.000000E+00,6.520780E-02,3.255081E+02,6.520780E-02,2.205304E+02,2.629961E+02,6.520780E-02,2.334133E+03,6.520780E-02,0.000000E+00,0.000000E+00,8.732169E-01,4.358975E+03,1.729538E+00,2.221595E+04,2.858387E+04,1.299452E+00,3.601618E+04,8.732169E-01,0.000000E+00,0.000000E+00
16:00:00,7.087790E-02,3.643889E+02,2.684576E-01,2.288358E+02,4.918762E+02,2.597232E-01,4.645644E+03,7.087790E-02,0.000000E+00,0.000000E+00,1.984581E-02,1.020289E+02,5.319873E-02,6.411323E+01,1.109196E+02,3.346443E-02,8.624447E+02,1.984581E-02,0.000000E+00,0.000000E+00,3.685657E-02,1.894826E+02,1.013679E-01,1.184249E+02,5.154945E+02,3.685657E-02,1.319292E+03,3.685657E-02,0.000000E+00,0.000000E+00,5.103212E-02,2.623602E+02,3.484900E-01,1.641541E+02,1.073984E+03,2.093323E-01,3.594183E+03,5.103212E-02,0.000000E+00,0.000000E+00,1.417560E-02,7.287790E+01,1.589890E-01,4.530180E+01,4.677224E+02,7.454372E-02,1.181465E+03,1.417560E-02,0.000000E+00,0.000000E+00,6.520776E-02,3.352383E+02,6.520776E-02,2.107998E+02,2.530692E+02,6.520776E-02,2.334131E+03,6.520776E-02,0.000000E+00,0.000000E+00,6.520780E-02,3.352385E+02,6.520780E-02,2.108000E+02,2.530694E+02,6.520780E-02,2.334133E+03,6.520780E-02,0.000000E+00,0.000000E+00,8.732169E-01,4.489278E+03,1.745598E+00,2.226450E+04,2.868106E+04,1.298110E+00,3.600119E+04,8.732169E-01,0.000000E+00,0.000000E+00
16:15:00,7.087790E-02,3.784909E+02,2.747812E-01,2.147264E+02,4.786199E+02,2.594146E-01,4.642198E+03,7.087790E-02,0.000000E+00,0.000000E+00,1.984581E-02,1.059775E+02,5.292461E-02,6.016514E+01,1.067357E+02,3.339827E-02,8.617061E+02,1.984581E-02,0.000000E+00,0.000000E+00,3.685657E-02,1.968156E+02,1.012244E-01,1.110939E+02,5.076036E+02,3.685657E-02,1.319292E+03,3.685657E-02,0.000000E+00,0.000000E+00,5.103212E-02,2.725137E+02,3.570168E-01,1.539739E+02,1.069086E+03,2.087449E-01,3.587624E+03,5.103212E-02,0.000000E+00,0.000000E+00,1.417560E-02,7.569831E+01,1.578620E-01,4.248412E+01,4.645428E+02,7.434992E-02,1.179301E+03,1.417560E-02,0.000000E+00,0.000000E+00,6.520776E-02,3.482121E+02,6.520776E-02,1.978260E+02,2.398339E+02,6.520776E-02,2.334131E+03,6.520776E-02,0.000000E+00,0.000000E+00,6.520780E-02,3.482124E+02,6.520780E-02,1.978261E+02,2.398341E+02,6.520780E-02,2.334133E+03,6.520780E-02,0.000000E+00,0.000000E+00,8.732169E-01,4.663015E+03,1.761279E+00,2.226543E+04,2.872689E+04,1.296846E+00,3.598708E+04,8.732169E-01,0.000000E+00,0.000000E+00
16:30:00,7.087790E-02,3.925930E+02,2.805984E-01,2.006182E+02,4.650335E+02,2.591123E-01,4.638823E+03,7.087790E-02,0.000000E+00,0.000000E+00,1.984581E-02,1.099260E+02,5.259802E-02,5.621711E+01,1.025324E+02,3.333675E-02,8.610191E+02,1.984581E-02,0.000000E+00,0.000000E+00,3.685657E-02,2.041487E+02,1.010488E-01,1.037632E+02,4.996471E+02,3.685657E-02,1.319292E+03,3.685657E-02,0.000000E+00,0.000000E+00,5.103212E-02,2.826671E+02,3.655382E-01,1.437957E+02,1.062740E+03,2.081976E-01,3.581514E+03,5.103212E-02,0.000000E+00,0.000000E+00,1.417560E-02,7.851871E+01,1.567696E-01,3.966651E+01,4.613498E+02,7.417010E-02,1.177293E+03,1.417560E-02,0.000000E+00,0.000000E+00,6.520776E-02,3.611860E+02,6.520776E-02,1.848521E+02,2.265985E+02,6.520776E-02,2.334131E+03,6.520776E-02,0.000000E+00,0.000000E+00,6.520780E-02,3.611863E+02,6.520780E-02,1.848522E+02,2.265986E+02,6.520780E-02,2.334133E+03,6.520780E-02,0.000000E+00,0.000000E+00,8.732169E-01,4.836752E+03,1.776145E+00,2.225727E+04,2.875940E+04,1.295655E+00,3.597379E+04,8.732169E-01,0.000000E+00,0.000000E+00
16:45:00,7.087790E-02,4.066950E+02,2.858014E-01,1.865114E+02,4.512009E+02,2.588159E-01,4.635514E+03,7.087790E-02,0.000000E+00,0.000000E+00,1.984581E-02,1.138746E+02,5.221969E-02,5.226912E+01,9.830664E+01,3.327946E-02,8.603795E+02,1.984581E-02,0.000000E+00,0.000000E+00,3.685657E-02,2.114817E+02,1.008397E-01,9.643285E+01,4.916153E+02,3.685657E-02,1.319292E+03,3.685657E-02,0.000000E+00,0.000000E+00,5.103212E-02,2.928206E+02,3.738586E-01,1.336199E+02,1.055029E+03,2.076875E-01,3.575818E+03,5.103212E-02,0.000000E+00,0.000000E+00,1.417560E-02,8.133912E+01,1.556937E-01,3.684902E+01,4.581046E+02,7.400315E-02,1.175429E+03,1.417560E-02,0.000000E+00,0.000000E+00,6.520776E-02,3.741599E+02,6.520776E-02,1.718782E+02,2.133632E+02,6.520776E-02,2.334131E+03,6.520776E-02,0.000000E+00,0.000000E+00,6.520780E-02,3.741601E+02,6.520780E-02,1.718784E+02,2.133633E+02,6.520780E-02,2.334133E+03,6.520780E-02,0.000000E+00,0.000000E+00,8.732169E-01,5.010489E+03,1.789778E+00,2.223538E+04,2.877259E+04,1.294531E+00,3.596123E+04,8.732169E-01,0.000000E+00,0.000000E+00
17:00:00,7.087790E-02,4.207970E+02,2.900839E-01,1.724062E+02,4.369587E+02,2.585251E-01,4.632267E+03,7.087790E-02,0.000000E+00,0.000000E+00,1.984581E-02,1.178232E+02,5.179881E-02,4.832118E+01,9.406372E+01,3.322606E-02,8.597832E+02,1.984581E-02,0.000000E+00,0.000000E+00,3.685657E-02,2.188148E+02,1.006000E-01,8.910275E+01,4.835143E+02,3.685657E-02,1.319292E+03,3.685657E-02,0.000000E+00,0.000000E+00,5.103212E-02,3.029740E+02,3.816736E-01,1.234475E+02,1.045761E+03,2.072117E-01,3.570505E+03,5.103212E-02,0.000000E+00,0.000000E+00,1.417560E-02,8.415953E+01,1.546436E-01,3.403160E+01,4.548523E+02,7.384804E-02,1.173697E+03,1.417560E-02,0.000000E+00,0.000000E+00,6.520776E-02,3.871337E+02,6.520776E-02,1.589044E+02,2.001279E+02,6.520776E-02,2.334131E+03,6.520776E-02,0.000000E+00,0.000000E+00,6.520780E-02,3.871340E+02,6.520780E-02,1.589045E+02,2.001280E+02,6.520780E-02,2.334133E+03,6.520780E-02,0.000000E+00,0.000000E+00,8.732169E-01,5.184226E+03,1.801538E+00,2.219265E+04,2.875779E+04,1.293469E+00,3.594937E+04,8.732169E-01,0.000000E+00,0.000000E+00
17:15:00,7.087790E-02,4.384245E+02,2.934298E-01,1.547772E+02,4.188105E+02,2.582397E-01,4.629080E+03,7.087790E-02,0.000000E+00,0.000000E+00,1.984581E-02,1.227589E+02,5.133123E-02,4.338614E+01,8.878816E+01,3.317623E-02,8.592268E+02,1.984581E-02,0.000000E+00,0.000000E+00,3.685657E-02,2.279811E+02,1.003269E-01,7.993968E+01,4.734452E+02,3.685657E-02,1.319292E+03,3.685657E-02,0.000000E+00,0.000000E+00,5.103212E-02,3.156659E+02,3.888299E-01,1.107408E+02,1.032579E+03,2.067675E-01,3.565546E+03,5.103212E-02,0.000000E+00,0.000000E+00,1.417560E-02,8.768503E+01,1.535896E-01,3.050919E+01,4.508128E+02,7.370385E-02,1.172087E+03,1.417560E-02,0.000000E+00,0.000000E+00,6.520776E-02,4.033511E+02,6.520776E-02,1.426870E+02,1.835838E+02,6.520776E-02,2.334131E+03,6.520776E-02,0.000000E+00,0.000000E+00,6.520780E-02,4.033514E+02,6.520780E-02,1.426871E+02,1.835839E+02,6.520780E-02,2.334133E+03,6.520780E-02,0.000000E+00,0.000000E+00,8.732169E-01,5.401397E+03,1.811088E+00,2.208187E+04,2.866566E+04,1.292463E+00,3.593815E+04,8.732169E-01,0.000000E+00,0.000000E+00
17:30:00,7.087790E-02,4.560520E+02,2.956993E-01,1.371500E+02,4.003396E+02,2.579593E-01,4.625949E+03,7.087790E-02,0.000000E+00,0.000000E+00,1.984581E-02,1.276946E+02,5.081844E-02,3.845115E+01,8.348948E+01,3.312966E-02,8.587069E+02,1.984581E-02,0.000000E+00,0.000000E+00,3.685657E-02,2.371474E+02,1.000211E-01,7.077693E+01,4.633045E+02,3.685657E-02,1.319292E+03,3.685657E-02,0.000000E+00,0.000000E+00,5.103212E-02,3.283577E+02,3.951090E-01,9.803825E+01,1.018172E+03,2.063525E-01,3.560912E+03,5.103212E-02,0.000000E+00,0.000000E+00,1.417560E-02,9.121054E+01,1.525185E-01,2.698696E+01,4.467227E+02,7.356972E-02,1.170590E+03,1.417560E-02,0.000000E+00,0.000000E+00,6.520776E-02,4.195684E+02,6.520776E-02,1.264697E+02,1.670389E+02,6.520776E-02,2.334131E+03,6.520776E-02,0.000000E+00,0.000000E+00,6.520780E-02,4.195687E+02,6.520780E-02,1.264698E+02,1.670391E+02,6.520780E-02,2.334133E+03,6.520780E-02,0.000000E+00,0.000000E+00,8.732169E-01,5.618568E+03,1.817953E+00,2.194121E+04,2.853444E+04,1.291511E+00,3.592752E+04,8.732169E-01,0.000000E+00,0.000000E+00
17:45:00,7.087790E-02,4.736795E+02,2.968543E-01,1.195245E+02,3.816233E+02,2.576836E-01,4.622871E+03,7.087790E-02,0.000000E+00,0.000000E+00,1.984581E-02,1.326303E+02,5.024622E-02,3.351622E+01,7.815167E+01,3.308611E-02,8.582206E+02,1.984581E-02,0.000000E+00,0.000000E+00,3.685657E-02,2.463138E+02,9.967598E-02,6.161455E+01,4.530550E+02,3.685657E-02,1.319292E+03,3.685657E-02,0.000000E+00,0.000000E+00,5.103212E-02,3.410495E+02,4.003585E-01,8.534020E+01,1.002790E+03,2.059646E-01,3.556581E+03,5.103212E-02,0.000000E+00,0.000000E+00,1.417560E-02,9.473605E+01,1.513995E-01,2.346504E+01,4.425260E+02,7.344486E-02,1.169195E+03,1.417560E-02,0.000000E+00,0.000000E+00,6.520776E-02,4.357857E+02,6.520776E-02,1.102524E+02,1.504951E+02,6.520776E-02,2.334131E+03,6.520776E-02,0.000000E+00,0.000000E+00,6.520780E-02,4.357861E+02,6.520780E-02,1.102525E+02,1.504952E+02,6.520780E-02,2.334133E+03,6.520780E-02,0.000000E+00,0.000000E+00,8.732169E-01,5.835739E+03,1.821710E+00,2.176592E+04,2.835764E+04,1.290608E+00,3.591743E+04,8.732169E-01,0.000000E+00,0.000000E+00
18:00:00,7.087790E-02,4.913070E+02,2.966927E-01,1.019008E+02,3.624797E+02,2.574126E-01,4.619845E+03,7.087790E-02,0.000000E+00,0.000000E+00,1.984581E-02,1.375660E+02,4.962469E-02,2.858136E+01,7.278994E+01,3.304533E-02,8.577653E+02,1.984581E-02,0.000000E+00,0.000000E+00,3.685657E-02,2.554801E+02,9.935070E-02,5.245193E+01,4.430615E+02,3.685657E-02,1.319292E+03,3.685657E-02,0.000000E+00,0.000000E+00,5.103212E-02,3.537413E+02,4.043356E-01,7.264687E+01,9.862940E+02,2.056017E-01,3.552529E+03,5.103212E-02,0.000000E+00,0.000000E+00,1.417560E-02,9.826156E+01,1.502356E-01,1.994345E+01,4.382964E+02,7.332856E-02,1.167897E+03,1.417560E-02,0.000000E+00,0.000000E+00,6.520776E-02,4.520031E+02,6.520776E-02,9.403504E+01,1.339514E+02,6.520776E-02,2.334131E+03,6.520776E-02,0.000000E+00,0.000000E+00,6.520780E-02,4.520034E+02,6.520780E-02,9.403511E+01,1.339515E+02,6.520780E-02,2.334133E+03,6.520780E-02,0.000000E+00,0.000000E+00,8.732169E-01,6.052910E+03,1.821951E+00,2.155149E+04,2.813110E+04,1.289750E+00,3.590785E+04,8.732169E-01,0.000000E+00,0.000000E+00
18:15:00,7.087790E-02,5.177483E+02,2.949910E-01,7.546546E+01,3.337932E+02,2.571460E-01,4.616868E+03,7.087790E-02,0.000000E+00,0.000000E+00,1.984581E-02,1.449695E+02,4.894700E-02,2.117871E+01,6.487110E+01,3.300711E-02,8.573385E+02,1.984581E-02,0.000000E+00,0.000000E+00,3.685657E-02,2.692296E+02,9.951345E-02,3.870035E+01,4.311114E+02,3.685657E-02,1.319292E+03,3.685657E-02,0.000000E+00,0.000000E+00,5.103212E-02,3.727790E+02,4.067655E-01,5.361289E+01,9.620533E+02,2.052619E-01,3.548736E+03,5.103212E-02,0.000000E+00,0.000000E+00,1.417560E-02,1.035498E+02,1.490048E-01,1.465946E+01,4.321595E+02,7.322015E-02,1.166686E+03,1.417560E-02,0.000000E+00,0.000000E+00,6.520776E-02,4.763291E+02,6.520776E-02,6.970905E+01,1.091359E+02,6.520776E-02,2.334131E+03,6.520776E-02,0.000000E+00,0.000000E+00,6.520780E-02,4.763294E+02,6.520780E-02,6.970910E+01,1.091360E+02,6.520780E-02,2.334133E+03,6.520780E-02,0.000000E+00,0.000000E+00,8.732169E-01,6.378667E+03,1.818445E+00,2.118674E+04,2.774062E+04,1.288934E+00,3.589874E+04,8.732169E-01,0.000000E+00,0.000000E+00
18:30:00,7.087790E-02,5.441895E+02,2.916245E-01,4.903251E+01,3.046012E+02,2.568836E-01,4.613939E+03,7.087790E-02,0.000000E+00,0.000000E+00,1.984581E-02,1.523731E+02,4.821509E-02,1.377612E+01,5.691517E+01,3.297124E-02,8.569381E+02,1.984581E-02,0.000000E+00,0.000000E+00,3.685657E-02,2.829791E+02,1.004607E-01,2.493727E+01,4.213846E+02,3.685657E-02,1.319292E+03,3.685657E-02,0.000000E+00,0.000000E+00,5.103212E-02,3.918168E+02,4.074342E-01,3.458459E+01,9.366762E+02,2.049436E-01,3.545182E+03,5.103212E-02,0.000000E+00,0.000000E+00,1.417560E-02,1.088381E+02,1.477005E-01,9.375839E+00,4.259413E+02,7.311904E-02,1.165558E+03,1.417560E-02,0.000000E+00,0.000000E+00,6.520776E-02,5.006551E+02,6.520776E-02,4.538305E+01,8.432063E+01,6.520776E-02,2.334131E+03,6.520776E-02,0.000000E+00,0.000000E+00,6.520780E-02,5.006554E+02,6.520780E-02,4.538308E+01,8.432069E+01,6.520780E-02,2.334133E+03,6.520780E-02,0.000000E+00,0.000000E+00,8.732169E-01,6.704424E+03,1.811061E+00,2.077880E+04,2.729478E+04,1.288157E+00,3.589007E+04,8.732169E-01,0.000000E+00,0.000000E+00
18:45:00,7.087790E-02,5.706308E+02,2.863181E-01,2.260223E+01,2.746979E+02,2.566254E-01,4.611055E+03,7.087790E-02,0.000000E+00,0.000000E+00,1.984581E-02,1.597766E+02,4.744576E-02,6.373582E+00,4.893639E+01,3.293756E-02,8.565620E+02,1.984581E-02,0.000000E+00,0.000000E+00,3.685657E-02,2.967285E+02,1.023777E-01,1.115977E+01,4.132853E+02,3.685657E-02,1.319292E+03,3.685657E-02,0.000000E+00,0.000000E+00,5.103212E-02,4.108545E+02,4.060052E-01,1.556255E+01,9.098439E+02,2.046452E-01,3.541850E+03,5.103212E-02,0.000000E+00,0.000000E+00,1.417560E-02,1.141263E+02,1.463353E-01,4.092526E+00,4.196945E+02,7.302466E-02,1.164504E+03,1.417560E-02,0.000000E+00,0.000000E+00,6.520776E-02,5.249811E+02,6.520776E-02,2.105705E+01,5.950458E+01,6.520776E-02,2.334131E+03,6.520776E-02,0.000000E+00,0.000000E+00,6.520780E-02,5.249814E+02,6.520780E-02,2.105707E+01,5.950462E+01,6.520780E-02,2.334133E+03,6.520780E-02,0.000000E+00,0.000000E+00,8.732169E-01,7.030181E+03,1.799363E+00,2.032282E+04,2.678696E+04,1.287417E+00,3.588181E+04,8.732169E-01,0.000000E+00,0.000000E+00
19:00:00,7.087790E-02,5.970721E+02,2.789477E-01,0.000000E+00,2.439533E+02,2.563711E-01,4.608216E+03,7.087790E-02,0.000000E+00,0.000000E+00,1.984581E-02,1.671802E+02,4.663350E-02,0.000000E+00,4.092270E+01,3.290589E-02,8.562084E+02,1.984581E-02,0.000000E+00,0.000000E+00,3.685657E-02,3.104780E+02,1.051345E-01,0.000000E+00,4.058121E+02,3.685657E-02,1.319292E+03,3.685657E-02,0.000000E+00,0.000000E+00,5.103212E-02,4.298922E+02,4.022090E-01,0.000000E+00,8.813303E+02,2.043652E-01,3.538724E+03,5.103212E-02,0.000000E+00,0.000000E+00,1.417560E-02,1.194146E+02,1.448932E-01,0.000000E+00,4.133647E+02,7.293652E-02,1.163520E+03,1.417560E-02,0.000000E+00,0.000000E+00,6.520776E-02,5.493071E+02,6.520776E-02,0.000000E+00,3.468981E+01,6.520776E-02,2.334131E+03,6.520776E-02,0.000000E+00,0.000000E+00,6.520780E-02,5.493075E+02,6.520780E-02,0.000000E+00,3.468983E+01,6.520780E-02,2.334133E+03,6.520780E-02,0.000000E+00,0.000000E+00,8.732169E-01,7.355938E+03,1.785478E+00,1.984245E+04,2.626874E+04,1.286711E+00,3.587392E+04,8.732169E-01,0.000000E+00,0.000000E+00
19:15:00,7.087790E-02,6.164623E+02,2.694968E-01,0.000000E+00,2.194877E+02,2.561207E-01,4.605420E+03,7.087790E-02,0.000000E+00,0.000000E+00,1.984581E-02,1.726095E+02,4.581154E-02,0.000000E+00,3.491831E+01,3.287609E-02,8.558756E+02,1.984581E-02,0.000000E+00,0.000000E+00,3.685657E-02,3.205610E+02,1.075673E-01,0.000000E+00,3.978609E+02,3.685657E-02,1.319292E+03,3.685657E-02,0.000000E+00,0.000000E+00,5.103212E-02,4.438532E+02,3.958459E-01,0.000000E+00,8.561960E+02,2.041024E-01,3.535790E+03,5.103212E-02,0.000000E+00,0.000000E+00,1.417560E-02,1.232927E+02,1.434160E-01,0.000000E+00,4.085083E+02,7.285413E-02,1.162600E+03,1.417560E-02,0.000000E+00,0.000000E+00,6.520776E-02,5.671461E+02,6.520776E-02,0.000000E+00,1.649241E+01,6.520776E-02,2.334131E+03,6.520776E-02,0.000000E+00,0.000000E+00,6.520780E-02,5.671465E+02,6.520780E-02,0.000000E+00,1.649242E+01,6.520780E-02,2.334133E+03,6.520780E-02,0.000000E+00,0.000000E+00,8.732169E-01,7.594826E+03,1.767085E+00,1.939873E+04,2.578563E+04,1.286036E+00,3.586639E+04,8.732169E-01,0.000000E+00,0.000000E+00
19:30:00,7.087790E-02,6.358526E+02,2.574818E-01,0.000000E+00,1.934604E+02,2.558740E-01,4.602666E+03,7.087790E-02,0.000000E+00,0.000000E+00,1.984581E-02,1.780387E+02,4.497919E-02,0.000000E+00,2.889471E+01,3.284802E-02,8.555622E+02,1.984581E-02,0.000000E+00,0.000000E+00,3.685657E-02,3.306439E+02,1.089095E-01,0.000000E+00,3.867536E+02,3.685657E-02,1.319292E+03,3.685657E-02,0.000000E+00,0.000000E+00,5.103212E-02,4.578142E+02,3.863511E-01,0.000000E+00,8.280839E+02,2.038555E-01,3.533033E+03,5.103212E-02,0.000000E+00,0.000000E+00,1.417560E-02,1.271707E+02,1.418938E-01,0.000000E+00,4.035946E+02,7.277709E-02,1.161740E+03,1.417560E-02,0.000000E+00,0.000000E+00,6.520776E-02,5.849852E+02,6.520776E-02,0.000000E+00,0.000000E+00,6.520776E-02,2.334131E+03,6.520776E-02,0.000000E+00,0.000000E+00,6.520780E-02,5.849856E+02,6.520780E-02,0.000000E+00,0.000000E+00,6.520780E-02,2.334133E+03,6.520780E-02,0.000000E+00,0.000000E+00,8.732169E-01,7.833715E+03,1.740486E+00,1.886362E+04,2.518090E+04,1.285391E+00,3.585919E+04,8.732169E-01,0.000000E+00,0.000000E+00
19:45:00,7.087790E-02,6.552429E+02,2.428283E-01,0.000000E+00,1.657265E+02,2.556309E-01,4.599952E+03,7.087790E-02,0.000000E+00,0.000000E+00,1.984581E-02,1.834680E+02,4.415009E-02,0.000000E+00,2.286435E+01,3.282155E-02,8.552667E+02,1.984581E-02,0.000000E+00,0.000000E+00,3.685657E-02,3.407269E+02,1.086510E-01,0.000000E+00,3.732800E+02,3.685657E-02,1.319292E+03,3.685657E-02,0.000000E+00,0.000000E+00,5.103212E-02,4.717752E+02,3.734986E-01,0.000000E+00,7.968521E+02,2.036234E-01,3.530441E+03,5.103212E-02,0.000000E+00,0.000000E+00,1.417560E-02,1.310488E+02,1.403364E-01,0.000000E+00,3.986571E+02,7.270499E-02,1.160935E+03,1.417560E-02,0.000000E+00,0.000000E+00,6.520776E-02,6.028243E+02,6.520776E-02,0.000000E+00,0.000000E+00,6.520776E-02,2.334131E+03,6.520776E-02,0.000000E+00,0.000000E+00,6.520780E-02,6.028247E+02,6.520780E-02,0.000000E+00,0.000000E+00,6.520780E-02,2.334133E+03,6.520780E-02,0.000000E+00,0.000000E+00,8.732169E-01,8.072603E+03,1.704787E+00,1.822719E+04,2.444014E+04,1.284774E+00,3.585230E+04,8.732169E-01,0.000000E+00,0.000000E+00
20:00:00,7.087790E-02,6.746331E+02,2.265208E-01,0.000000E+00,1.369939E+02,2.553914E-01,4.597278E+03,7.087790E-02,0.000000E+00,0.000000E+00,1.984581E-02,1.888973E+02,4.332568E-02,0.000000E+00,1.682385E+01,3.279659E-02,8.549880E+02,1.984581E-02,0.000000E+00,0.000000E+00,3.685657E-02,3.508098E+02,1.068106E-01,0.000000E+00,3.576489E+02,3.685657E-02,1.319292E+03,3.685657E-02,0.000000E+00,0.000000E+00,5.103212E-02,4.857362E+02,3.580114E-01,0.000000E+00,7.642053E+02,2.034051E-01,3.528004E+03,5.103212E-02,0.000000E+00,0.000000E+00,1.417560E-02,1.349268E+02,1.387396E-01,0.000000E+00,3.936779E+02,7.263747E-02,1.160181E+03,1.417560E-02,0.000000E+00,0.000000E+00,6.520776E-02,6.206633E+02,6.520776E-02,0.000000E+00,0.000000E+00,6.520776E-02,2.334131E+03,6.520776E-02,0.000000E+00,0.000000E+00,6.520780E-02,6.206638E+02,6.520780E-02,0.000000E+00,0.000000E+00,6.520780E-02,2.334133E+03,6.520780E-02,0.000000E+00,0.000000E+00,8.732169E-01,8.311491E+03,1.661991E+00,1.751174E+04,2.359025E+04,1.284182E+00,3.584569E+04,8.732169E-01,0.000000E+00,0.000000E+00
20:15:00,7.087790E-02,6.904979E+02,2.111809E-01,0.000000E+00,1.128968E+02,2.551554E-01,4.594642E+03,7.087790E-02,0.000000E+00,0.000000E+00,1.984581E-02,1.933394E+02,4.253203E-02,0.000000E+00,1.181131E+01,3.277301E-02,8.547247E+02,1.984581E-02,0.000000E+00,0.000000E+00,3.685657E-02,3.590595E+02,1.044460E-01,0.000000E+00,3.448523E+02,3.685657E-02,1.319292E+03,3.685657E-02,0.000000E+00,0.000000E+00,5.103212E-02,4.971588E+02,3.421236E-01,0.000000E+00,7.368419E+02,2.031995E-01,3.525709E+03,5.103212E-02,0.000000E+00,0.000000E+00,1.417560E-02,1.380998E+02,1.371371E-01,0.000000E+00,3.895017E+02,7.257421E-02,1.159474E+03,1.417560E-02,0.000000E+00,0.000000E+00,6.520776E-02,6.352589E+02,6.520776E-02,0.000000E+00,0.000000E+00,6.520776E-02,2.334131E+03,6.520776E-02,0.000000E+00,0.000000E+00,6.520780E-02,6.352594E+02,6.520780E-02,0.000000E+00,0.000000E+00,6.520780E-02,2.334133E+03,6.520780E-02,0.000000E+00,0.000000E+00,8.732169E-01,8.506945E+03,1.618996E+00,1.683752E+04,2.277912E+04,1.283615E+00,3.583936E+04,8.732169E-01,0.000000E+00,0.000000E+00
20:30:00,7.087790E-02,7.063626E+02,1.983181E-01,0.000000E+00,9.009511E+01,2.549228E-01,4.592045E+03,7.087790E-02,0.000000E+00,0.000000E+00,1.984581E-02,1.977815E+02,4.179221E-02,0.000000E+00,6.831971E+00,3.275073E-02,8.544760E+02,1.984581E-02,0.000000E+00,0.000000E+00,3.685657E-02,3.673092E+02,1.021275E-01,0.000000E+00,3.320404E+02,3.685657E-02,1.319292E+03,3.685657E-02,0.000000E+00,0.000000E+00,5.103212E-02,5.085815E+02,3.274186E-01,0.000000E+00,7.125634E+02,2.030060E-01,3.523547E+03,5.103212E-02,0.000000E+00,0.000000E+00,1.417560E-02,1.412727E+02,1.355675E-01,0.000000E+00,3.854168E+02,7.251489E-02,1.158812E+03,1.417560E-02,0.000000E+00,0.000000E+00,6.520776E-02,6.498545E+02,6.520776E-02,0.000000E+00,0.000000E+00,6.520776E-02,2.334131E+03,6.520776E-02,0.000000E+00,0.000000E+00,6.520780E-02,6.498550E+02,6.520780E-02,0.000000E+00,0.000000E+00,6.520780E-02,2.334133E+03,6.520780E-02,0.000000E+00,0.000000E+00,8.732169E-01,8.702399E+03,1.580188E+00,1.620992E+04,2.202349E+04,1.283070E+00,3.583327E+04,8.732169E-01,0.000000E+00,0.000000E+00
20:45:00,7.087790E-02,7.222274E+02,1.888132E-01,0.000000E+00,6.938261E+01,2.546934E-01,4.589485E+03,7.087790E-02,0.000000E+00,0.000000E+00,1.984581E-02,2.022237E+02,4.110988E-02,0.000000E+00,1.880713E+00,3.272966E-02,8.542407E+02,1.984581E-02,0.000000E+00,0.000000E+00,3.685657E-02,3.755589E+02,1.002326E-01,0.000000E+00,3.196634E+02,3.685657E-02,1.319292E+03,3.685657E-02,0.000000E+00,0.000000E+00,5.103212E-02,5.200041E+02,3.150201E-01,0.000000E+00,6.922446E+02,2.028235E-01,3.521510E+03,5.103212E-02,0.000000E+00,0.000000E+00,1.417560E-02,1.444457E+02,1.340470E-01,0.000000E+00,3.813794E+02,7.245923E-02,1.158191E+03,1.417560E-02,0.000000E+00,0.000000E+00,6.520776E-02,6.644501E+02,6.520776E-02,0.000000E+00,0.000000E+00,6.520776E-02,2.334131E+03,6.520776E-02,0.000000E+00,0.000000E+00,6.520780E-02,6.644506E+02,6.520780E-02,0.000000E+00,0.000000E+00,6.520780E-02,2.334133E+03,6.520780E-02,0.000000E+00,0.000000E+00,8.732169E-01,8.897853E+03,1.548474E+00,1.566131E+04,2.136879E+04,1.282547E+00,3.582743E+04,8.732169E-01,0.000000E+00,0.000000E+00
21:00:00,7.087790E-02,7.380922E+02,1.824591E-01,0.000000E+00,5.105088E+01,2.544674E-01,4.586960E+03,7.087790E-02,0.000000E+00,0.000000E+00,1.984581E-02,2.066658E+02,4.049798E-02,0.000000E+00,0.000000E+00,3.270972E-02,8.540181E+02,1.984581E-02,0.000000E+00,0.000000E+00,3.685657E-02,3.838086E+02,9.884927E-02,0.000000E+00,3.085229E+02,3.685657E-02,1.319292E+03,3.685657E-02,0.000000E+00,0.000000E+00,5.103212E-02,5.314267E+02,3.051067E-01,0.000000E+00,6.761007E+02,2.026514E-01,3.519589E+03,5.103212E-02,0.000000E+00,0.000000E+00,1.417560E-02,1.476187E+02,1.326074E-01,0.000000E+00,3.774615E+02,7.240699E-02,1.157607E+03,1.417560E-02,0.000000E+00,0.000000E+00,6.520776E-02,6.790457E+02,6.520776E-02,0.000000E+00,0.000000E+00,6.520776E-02,2.334131E+03,6.520776E-02,0.000000E+00,0.000000E+00,6.520780E-02,6.790462E+02,6.520780E-02,0.000000E+00,0.000000E+00,6.520780E-02,2.334133E+03,6.520780E-02,0.000000E+00,0.000000E+00,8.732169E-01,9.093308E+03,1.524097E+00,1.519439E+04,2.082293E+04,1.282044E+00,3.582181E+04,8.732169E-01,0.000000E+00,0.000000E+00
21:15:00,7.087790E-02,7.539569E+02,1.773183E-01,0.000000E+00,3.303406E+01,2.542445E-01,4.584472E+03,7.087790E-02,0.000000E+00,0.000000E+00,1.984581E-02,2.111079E+02,3.992574E-02,0.000000E+00,0.000000E+00,3.269083E-02,8.538072E+02,1.984581E-02,0.000000E+00,0.000000E+00,3.685657E-02,3.920583E+02,9.765253E-02,0.000000E+00,2.974657E+02,3.685657E-02,1.319292E+03,3.685657E-02,0.000000E+00,0.000000E+00,5.103212E-02,5.428494E+02,2.963635E-01,0.000000E+00,6.607498E+02,2.024891E-01,3.517777E+03,5.103212E-02,0.000000E+00,0.000000E+00,1.417560E-02,1.507916E+02,1.312235E-01,0.000000E+00,3.735744E+02,7.235791E-02,1.157059E+03,1.417560E-02,0.000000E+00,0.000000E+00,6.520776E-02,6.936413E+02,6.520776E-02,0.000000E+00,0.000000E+00,6.520776E-02,2.334131E+03,6.520776E-02,0.000000E+00,0.000000E+00,6.520780E-02,6.936418E+02,6.520780E-02,0.000000E+00,0.000000E+00,6.520780E-02,2.334133E+03,6.520780E-02,0.000000E+00,0.000000E+00,8.732169E-01,9.288762E+03,1.502931E+00,1.476322E+04,2.032155E+04,1.281559E+00,3.581640E+04,8.732169E-01,0.000000E+00,0.000000E+00
21:30:00,7.087790E-02,7.698217E+02,1.729109E-01,0.000000E+00,1.505079E+01,2.540248E-01,4.582019E+03,7.087790E-02,0.000000E+00,0.000000E+00,1.984581E-02,2.155501E+02,3.937991E-02,0.000000E+00,0.000000E+00,3.267293E-02,8.536073E+02,1.984581E-02,0.000000E+00,0.000000E+00,3.685657E-02,4.003080E+02,9.657048E-02,0.000000E+00,2.865452E+02,3.685657E-02,1.319292E+03,3.685657E-02,0.000000E+00,0.000000E+00,5.103212E-02,5.542720E+02,2.884391E-01,0.000000E+00,6.455968E+02,2.023358E-01,3.516065E+03,5.103212E-02,0.000000E+00,0.000000E+00,1.417560E-02,1.539646E+02,1.298933E-01,0.000000E+00,3.697109E+02,7.231177E-02,1.156544E+03,1.417560E-02,0.000000E+00,0.000000E+00,6.520776E-02,7.082369E+02,6.520776E-02,0.000000E+00,0.000000E+00,6.520776E-02,2.334131E+03,6.520776E-02,0.000000E+00,0.000000E+00,6.520780E-02,7.082374E+02,6.520780E-02,0.000000E+00,0.000000E+00,6.520780E-02,2.334133E+03,6.520780E-02,0.000000E+00,0.000000E+00,8.732169E-01,9.484216E+03,1.483946E+00,1.435633E+04,1.984983E+04,1.281092E+00,3.581119E+04,8.732169E-01,0.000000E+00,0.000000E+00
21:45:00,7.087790E-02,7.856864E+02,1.690262E-01,0.000000E+00,0.000000E+00,2.538081E-01,4.579599E+03,7.087790E-02,0.000000E+00,0.000000E+00,1.984581E-02,2.199922E+02,3.885297E-02,0.000000E+00,0.000000E+00,3.265596E-02,8.534178E+02,1.984581E-02,0.000000E+00,0.000000E+00,3.685657E-02,4.085577E+02,9.558229E-02,0.000000E+00,2.758260E+02,3.685657E-02,1.319292E+03,3.685657E-02,0.000000E+00,0.000000E+00,5.103212E-02,5.656946E+02,2.811876E-01,0.000000E+00,6.305667E+02,2.021910E-01,3.514448E+03,5.103212E-02,0.000000E+00,0.000000E+00,1.417560E-02,1.571375E+02,1.286187E-01,0.000000E+00,3.658761E+02,7.226839E-02,1.156060E+03,1.417560E-02,0.000000E+00,0.000000E+00,6.520776E-02,7.228325E+02,6.520776E-02,0.000000E+00,0.000000E+00,6.520776E-02,2.334131E+03,6.520776E-02,0.000000E+00,0.000000E+00,6.520780E-02,7.228330E+02,6.520780E-02,0.000000E+00,0.000000E+00,6.520780E-02,2.334133E+03,6.520780E-02,0.000000E+00,0.000000E+00,8.732169E-01,9.679670E+03,1.466716E+00,1.396901E+04,1.940215E+04,1.280642E+00,3.580617E+04,8.732169E-01,0.000000E+00,0.000000E+00
22:00:00,7.087790E-02,8.015512E+02,1.655080E-01,0.000000E+00,0.000000E+00,2.535945E-01,4.577214E+03,7.087790E-02,0.000000E+00,0.000000E+00,1.984581E-02,2.244343E+02,3.833774E-02,0.000000E+00,0.000000E+00,3.263986E-02,8.532380E+02,1.984581E-02,0.000000E+00,0.000000E+00,3.685657E-02,4.168073E+02,9.467474E-02,0.000000E+00,2.652794E+02,3.685657E-02,1.319292E+03,3.685657E-02,0.000000E+00,0.000000E+00,5.103212E-02,5.771173E+02,2.745172E-01,0.000000E+00,6.156562E+02,2.020541E-01,3.512920E+03,5.103212E-02,0.000000E+00,0.000000E+00,1.417560E-02,1.603105E+02,1.273969E-01,0.000000E+00,3.620640E+02,7.222756E-02,1.155604E+03,1.417560E-02,0.000000E+00,0.000000E+00,6.520776E-02,7.374281E+02,6.520776E-02,0.000000E+00,0.000000E+00,6.520776E-02,2.334131E+03,6.520776E-02,0.000000E+00,0.000000E+00,6.520780E-02,7.374287E+02,6.520780E-02,0.000000E+00,0.000000E+00,6.520780E-02,2.334133E+03,6.520780E-02,0.000000E+00,0.000000E+00,8.732169E-01,9.875124E+03,1.450929E+00,1.359775E+04,1.897426E+04,1.280208E+00,3.580132E+04,8.732169E-01,0.000000E+00,0.000000E+00
22:15:00,7.087790E-02,8.138905E+02,1.622948E-01,0.000000E+00,0.000000E+00,2.533838E-01,4.574861E+03,7.087790E-02,0.000000E+00,0.000000E+00,1.984581E-02,2.278893E+02,3.783611E-02,0.000000E+00,0.000000E+00,3.262456E-02,8.530673E+02,1.984581E-02,0.000000E+00,0.000000E+00,3.685657E-02,4.232238E+02,9.384098E-02,0.000000E+00,2.567599E+02,3.685657E-02,1.319292E+03,3.685657E-02,0.000000E+00,0.000000E+00,5.103212E-02,5.860016E+02,2.683675E-01,0.000000E+00,6.034892E+02,2.019247E-01,3.511475E+03,5.103212E-02,0.000000E+00,0.000000E+00,1.417560E-02,1.627783E+02,1.262319E-01,0.000000E+00,3.590174E+02,7.218912E-02,1.155175E+03,1.417560E-02,0.000000E+00,0.000000E+00,6.520776E-02,7.487803E+02,6.520776E-02,0.000000E+00,0.000000E+00,6.520776E-02,2.334131E+03,6.520776E-02,0.000000E+00,0.000000E+00,6.520780E-02,7.487808E+02,6.520780E-02,0.000000E+00,0.000000E+00,6.520780E-02,2.334133E+03,6.520780E-02,0.000000E+00,0.000000E+00,8.732169E-01,1.002714E+04,1.436427E+00,1.328424E+04,1.860862E+04,1.279789E+00,3.579664E+04,8.732169E-01,0.000000E+00,0.000000E+00
22:30:00,7.087790E-02,8.262297E+02,1.593360E-01,0.000000E+00,0.000000E+00,2.531760E-01,4.572542E+03,7.087790E-02,0.000000E+00,0.000000E+00,1.984581E-02,2.313443E+02,3.735049E-02,0.000000E+00,0.000000E+00,3.261004E-02,8.529051E+02,1.984581E-02,0.000000E+00,0.000000E+00,3.685657E-02,4.296402E+02,9.307220E-02,0.000000E+00,2.483506E+02,3.685657E-02,1.319292E+03,3.685657E-02,0.000000E+00,0.000000E+00,5.103212E-02,5.948858E+02,2.626742E-01,0.000000E+00,5.914236E+02,2.018022E-01,3.510107E+03,5.103212E-02,0.000000E+00,0.000000E+00,1.417560E-02,1.652462E+02,1.251188E-01,0.000000E+00,3.559894E+02,7.215290E-02,1.154770E+03,1.417560E-02,0.000000E+00,0.000000E+00,6.520776E-02,7.601324E+02,6.520776E-02,0.000000E+00,0.000000E+00,6.520776E-02,2.334131E+03,6.520776E-02,0.000000E+00,0.000000E+00,6.520780E-02,7.601329E+02,6.520780E-02,0.000000E+00,0.000000E+00,6.520780E-02,2.334133E+03,6.520780E-02,0.000000E+00,0.000000E+00,8.732169E-01,1.017916E+04,1.423041E+00,1.298315E+04,1.825831E+04,1.279384E+00,3.579211E+04,8.732169E-01,0.000000E+00,0.000000E+00
22:45:00,7.087790E-02,8.385690E+02,1.565878E-01,0.000000E+00,0.000000E+00,2.529711E-01,4.570254E+03,7.087790E-02,0.000000E+00,0.000000E+00,1.984581E-02,2.347993E+02,3.688130E-02,0.000000E+00,0.000000E+00,3.259623E-02,8.527509E+02,1.984581E-02,0.000000E+00,0.000000E+00,3.685657E-02,4.360566E+02,9.236100E-02,0.000000E+00,2.400379E+02,3.685657E-02,1.319292E+03,3.685657E-02,0.000000E+00,0.000000E+00,5.103212E-02,6.037701E+02,2.573813E-01,0.000000E+00,5.794219E+02,2.016862E-01,3.508812E+03,5.103212E-02,0.000000E+00,0.000000E+00,1.417560E-02,1.677141E+02,1.240526E-01,0.000000E+00,3.529678E+02,7.211877E-02,1.154389E+03,1.417560E-02,0.000000E+00,0.000000E+00,6.520776E-02,7.714845E+02,6.520776E-02,0.000000E+00,0.000000E+00,6.520776E-02,2.334131E+03,6.520776E-02,0.000000E+00,0.000000E+00,6.520780E-02,7.714851E+02,6.520780E-02,0.000000E+00,0.000000E+00,6.520780E-02,2.334133E+03,6.520780E-02,0.000000E+00,0.000000E+00,8.732169E-01,1.033118E+04,1.410619E+00,1.269280E+04,1.792117E+04,1.278992E+00,3.578774E+04,8.732169E-01,0.000000E+00,0.000000E+00
23:00:00,7.087790E-02,8.509082E+02,1.540193E-01,0.000000E+00,0.000000E+00,2.527690E-01,4.567998E+03,7.087790E-02,0.000000E+00,0.000000E+00,1.984581E-02,2.382543E+02,3.642851E-02,0.000000E+00,0.000000E+00,3.258311E-02,8.526044E+02,1.984581E-02,0.000000E+00,0.000000E+00,3.685657E-02,4.424730E+02,9.169939E-02,0.000000E+00,2.318121E+02,3.685657E-02,1.319292E+03,3.685657E-02,0.000000E+00,0.000000E+00,5.103212E-02,6.126544E+02,2.524403E-01,0.000000E+00,5.674687E+02,2.015764E-01,3.507586E+03,5.103212E-02,0.000000E+00,0.000000E+00,1.417560E-02,1.701819E+02,1.230287E-01,0.000000E+00,3.499551E+02,7.208658E-02,1.154030E+03,1.417560E-02,0.000000E+00,0.000000E+00,6.520776E-02,7.828366E+02,6.520776E-02,0.000000E+00,0.000000E+00,6.520776E-02,2.334131E+03,6.520776E-02,0.000000E+00,0.000000E+00,6.520780E-02,7.828372E+02,6.520780E-02,0.000000E+00,0.000000E+00,6.520780E-02,2.334133E+03,6.520780E-02,0.000000E+00,0.000000E+00,8.732169E-01,1.048320E+04,1.399037E+00,1.241180E+04,1.759560E+04,1.278613E+00,3.578351E+04,8.732169E-01,0.000000E+00,0.000000E+00
23:15:00,7.087790E-02,8.632475E+02,1.515788E-01,0.000000E+00,0.000000E+00,2.525698E-01,4.565773E+03,7.087790E-02,0.000000E+00,0.000000E+00,1.984581E-02,2.417093E+02,3.598704E-02,0.000000E+00,0.000000E+00,3.257062E-02,8.524649E+02,1.984581E-02,0.000000E+00,0.000000E+00,3.685657E-02,4.488895E+02,9.107525E-02,0.000000E+00,2.236407E+02,3.685657E-02,1.319292E+03,3.685657E-02,0.000000E+00,0.000000E+00,5.103212E-02,6.215386E+02,2.477879E-01,0.000000E+00,5.554810E+02,2.014723E-01,3.506424E+03,5.103212E-02,0.000000E+00,0.000000E+00,1.417560E-02,1.726498E+02,1.220338E-01,0.000000E+00,3.469253E+02,7.205620E-02,1.153691E+03,1.417560E-02,0.000000E+00,0.000000E+00,6.520776E-02,7.941888E+02,6.520776E-02,0.000000E+00,0.000000E+00,6.520776E-02,2.334131E+03,6.520776E-02,0.000000E+00,0.000000E+00,6.520780E-02,7.941894E+02,6.520780E-02,0.000000E+00,0.000000E+00,6.520780E-02,2.334133E+03,6.520780E-02,0.000000E+00,0.000000E+00,8.732169E-01,1.063522E+04,1.388110E+00,1.213811E+04,1.727894E+04,1.278246E+00,3.577941E+04,8.732169E-01,0.000000E+00,0.000000E+00
23:30:00,7.087790E-02,8.755867E+02,1.492374E-01,0.000000E+00,0.000000E+00,2.523732E-01,4.563578E+03,7.087790E-02,0.000000E+00,0.000000E+00,1.984581E-02,2.451643E+02,3.555475E-02,0.000000E+00,0.000000E+00,3.255873E-02,8.523322E+02,1.984581E-02,0.000000E+00,0.000000E+00,3.685657E-02,4.553059E+02,9.048211E-02,0.000000E+00,2.155226E+02,3.685657E-02,1.319292E+03,3.685657E-02,0.000000E+00,0.000000E+00,5.103212E-02,6.304229E+02,2.433833E-01,0.000000E+00,5.434374E+02,2.013736E-01,3.505322E+03,5.103212E-02,0.000000E+00,0.000000E+00,1.417560E-02,1.751176E+02,1.210635E-01,0.000000E+00,3.438805E+02,7.202753E-02,1.153370E+03,1.417560E-02,0.000000E+00,0.000000E+00,6.520776E-02,8.055409E+02,6.520776E-02,0.000000E+00,0.000000E+00,6.520776E-02,2.334131E+03,6.520776E-02,0.000000E+00,0.000000E+00,6.520780E-02,8.055415E+02,6.520780E-02,0.000000E+00,0.000000E+00,6.520780E-02,2.334133E+03,6.520780E-02,0.000000E+00,0.000000E+00,8.732169E-01,1.078724E+04,1.377736E+00,1.187058E+04,1.696981E+04,1.277890E+00,3.577544E+04,8.732169E-01,0.000000E+00,0.000000E+00
23:45:00,7.087790E-02,8.879260E+02,1.469755E-01,0.000000E+00,0.000000E+00,2.521794E-01,4.561414E+03,7.087790E-02,0.000000E+00,0.000000E+00,1.984581E-02,2.486193E+02,3.513036E-02,0.000000E+00,0.000000E+00,3.254741E-02,8.522058E+02,1.984581E-02,0.000000E+00,0.000000E+00,3.685657E-02,4.617223E+02,8.991419E-02,0.000000E+00,2.074452E+02,3.685657E-02,1.319292E+03,3.685657E-02,0.000000E+00,0.000000E+00,5.103212E-02,6.393072E+02,2.391939E-01,0.000000E+00,5.313280E+02,2.012800E-01,3.504277E+03,5.103212E-02,0.000000E+00,0.000000E+00,1.417560E-02,1.775855E+02,1.201141E-01,0.000000E+00,3.408225E+02,7.200044E-02,1.153068E+03,1.417560E-02,0.000000E+00,0.000000E+00,6.520776E-02,8.168930E+02,6.520776E-02,0.000000E+00,0.000000E+00,6.520776E-02,2.334131E+03,6.520776E-02,0.000000E+00,0.000000E+00,6.520780E-02,8.168936E+02,6.520780E-02,0.000000E+00,0.000000E+00,6.520780E-02,2.334133E+03,6.520780E-02,0.000000E+00,0.000000E+00,8.732169E-01,1.093926E+04,1.367834E+00,1.160830E+04,1.666710E+04,1.277546E+00,3.577159E+04,8.732169E-01,0.000000E+00,0.000000E+00
24:00:00,7.087790E-02,9.002653E+02,1.447781E-01,0.000000E+00,0.000000E+00,2.519882E-01,4.559279E+03,7.087790E-02,0.000000E+00,0.000000E+00,1.984581E-02,2.520743E+02,3.471287E-02,0.000000E+00,0.000000E+00,3.253663E-02,8.520854E+02,1.984581E-02,0.000000E+00,0.000000E+00,3.685657E-02,4.681387E+02,8.936827E-02,0.000000E+00,1.994018E+02,3.685657E-02,1.319292E+03,3.685657E-02,0.000000E+00,0.000000E+00,5.103212E-02,6.481915E+02,2.351923E-01,0.000000E+00,5.191455E+02,2.011912E-01,3.503286E+03,5.103212E-02,0.000000E+00,0.000000E+00,1.417560E-02,1.800533E+02,1.191826E-01,0.000000E+00,3.377520E+02,7.197485E-02,1.152782E+03,1.417560E-02,0.000000E+00,0.000000E+00,6.520776E-02,8.282452E+02,6.520776E-02,0.000000E+00,0.000000E+00,6.520776E-02,2.334131E+03,6.520776E-02,0.000000E+00,0.000000E+00,6.520780E-02,8.282458E+02,6.520780E-02,0.000000E+00,0.000000E+00,6.520780E-02,2.334133E+03,6.520780E-02,0.000000E+00,0.000000E+00,8.732169E-01,1.109128E+04,1.358337E+00,1.135053E+04,1.636990E+04,1.277211E+00,3.576786E+04,8.732169E-01,0.000000E+00,0.000000E+00
Coinc Peak   ,4.404975E-01,2.968543E-01,6.807455E+03,1.195245E+02,8.504395E-02,8.044242E-02,1.470202E+03,0.000000E+00,9.488091E-02,1.573519E-01,1.994407E+03,0.000000E+00,5.561571E-01,4.753524E-01,7.705113E+03,0.000000E+00,1.951998E-01,2.789690E-01,2.600992E+03,0.000000E+00,6.844572E-02,6.520776E-02,2.371787E+03,0.000000E+00,9.172310E-02,6.520780E-02,2.642193E+03,0.000000E+00,2.259775E+00,2.317278E+00,4.736005E+04,2.226543E+04
NonCoinc Peak,4.404975E-01,2.968543E-01,6.807455E+03,1.195245E+02,8.504395E-02,8.044242E-02,1.470202E+03,0.000000E+00,9.488091E-02,1.573519E-01,1.994407E+03,0.000000E+00,5.561571E-01,4.753524E-01,7.705113E+03,0.000000E+00,1.951998E-01,2.789690E-01,2.600992E+03,0.000000E+00,6.844572E-02,6.520776E-02,2.371787E+03,0.000000E+00,9.172310E-02,6.520780E-02,2.642193E+03,0.000000E+00,2.259775E+00,2.408923E+00,4.736005E+04,2.226543E+04
