Time,THERMAL ZONE: L01-102_OFCECOMLPTHP:SEATTLE-KING COUNTY INTL AP-B ANN HTG 99.6% CONDNS DB:Des Heat Load [W],THERMAL ZONE: L01-102_OFCECOMLPTHP:SEATTLE-KING COUNTY INTL AP-B ANN CLG 1% CONDNS DB=>MWB:Des Sens Cool Load [W],THERMAL ZONE: L01-102_OFCECOMLPTHP:SEATTLE-KING COUNTY INTL AP-B ANN HTG 99.6% CONDNS DB:Des Heat Mass Flow [kg/s],THERMAL ZONE: L01-102_OFCECOMLPTHP:SEATTLE-KING COUNTY INTL AP-B ANN CLG 1% CONDNS DB=>MWB:Des Cool Mass Flow [kg/s],THERMAL ZONE: L01-102_OFCECOMLPTHP::Des Latent Heat Load [W],THERMAL ZONE: L01-102_OFCECOMLPTHP::Des Latent Cool Load [W],THERMAL ZONE: L01-102_OFCECOMLPTHP::Des Latent Heat Mass Flow [kg/s],THERMAL ZONE: L01-102_OFCECOMLPTHP::Des Latent Cool Mass Flow [kg/s],THERMAL ZONE: L01-102_OFCECOMLPTHP::Des Heat Load No DOAS [W],THERMAL ZONE: L01-102_OFCECOMLPTHP::Des Sens Cool Load No DOAS [W],THERMAL ZONE: L01-102_OFCECOMLPTHP::Des Latent Heat Load No DOAS [W],THERMAL ZONE: L01-102_OFCECOMLPTHP::Des Latent Cool Load No DOAS [W],THERMAL ZONE: L01-102_OFCECOMLPTHP:SEATTLE-KING COUNTY INTL AP-B ANN HTG 99.6% CONDNS DB:Heating Zone Temperature [C],THERMAL ZONE: L01-102_OFCECOMLPTHP:SEATTLE-KING COUNTY INTL AP-B ANN HTG 99.6% CONDNS DB:Heating Zone Relative Humidity [%],THERMAL ZONE: L01-102_OFCECOMLPTHP:SEATTLE-KING COUNTY INTL AP-B ANN CLG 1% CONDNS DB=>MWB:Cooling Zone Temperature [C],THERMAL ZONE: L01-102_OFCECOMLPTHP:SEATTLE-KING COUNTY INTL AP-B ANN CLG 1% CONDNS DB=>MWB:Cooling Zone Relative Humidity [%],THERMAL ZONE: L02-201_CORRCOMLPTHP:SEATTLE-KING COUNTY INTL AP-B ANN HTG 99.6% CONDNS DB:Des Heat Load [W],THERMAL ZONE: L02-201_CORRCOMLPTHP:SEATTLE-KING COUNTY INTL AP-B ANN CLG 1% CONDNS DB=>MWB:Des Sens Cool Load [W],THERMAL ZONE: L02-201_CORRCOMLPTHP:SEATTLE-KING COUNTY INTL AP-B ANN HTG 99.6% CONDNS DB:Des Heat Mass Flow [kg/s],THERMAL ZONE: L02-201_CORRCOMLPTHP:SEATTLE-KING COUNTY INTL AP-B ANN CLG 1% CONDNS DB=>MWB:Des Cool Mass Flow [kg/s],THERMAL ZONE: L02-201_CORRCOMLPTHP::Des Latent Heat Load [W],THERMAL ZONE: L02-201_CORRCOMLPTHP::Des Latent Cool Load [W],THERMAL ZONE: L02-201_CORRCOMLPTHP::Des Latent Heat Mass Flow [kg/s],THERMAL ZONE: L02-201_CORRCOMLPTHP::Des Latent Cool Mass Flow [kg/s],THERMAL ZONE: L02-201_CORRCOMLPTHP::Des Heat Load No DOAS [W],THERMAL ZONE: L02-201_CORRCOMLPTHP::Des Sens Cool Load No DOAS [W],THERMAL ZONE: L02-201_CORRCOMLPTHP::Des Latent Heat Load No DOAS [W],THERMAL ZONE: L02-201_CORRCOMLPTHP::Des Latent Cool Load No DOAS [W],THERMAL ZONE: L02-201_CORRCOMLPTHP:SEATTLE-KING COUNTY INTL AP-B ANN HTG 99.6% CONDNS DB:Heating Zone Temperature [C],THERMAL ZONE: L02-201_CORRCOMLPTHP:SEATTLE-KING COUNTY INTL AP-B ANN HTG 99.6% CONDNS DB:Heating Zone Relative Humidity [%],THERMAL ZONE: L02-201_CORRCOMLPTHP:SEATTLE-KING COUNTY INTL AP-B ANN CLG 1% CONDNS DB=>MWB:Cooling Zone Temperature [C],THERMAL ZONE: L02-201_CORRCOMLPTHP:SEATTLE-KING COUNTY INTL AP-B ANN CLG 1% CONDNS DB=>MWB:Cooling Zone Relative Humidity [%],THERMAL ZONE: L02-202_OFCECOMLPTHP:SEATTLE-KING COUNTY INTL AP-B ANN HTG 99.6% CONDNS DB:Des Heat Load [W],THERMAL ZONE: L02-202_OFCECOMLPTHP:SEATTLE-KING COUNTY INTL AP-B ANN CLG 1% CONDNS DB=>MWB:Des Sens Cool Load [W],THERMAL ZONE: L02-202_OFCECOMLPTHP:SEATTLE-KING COUNTY INTL AP-B ANN HTG 99.6% CONDNS DB:Des Heat Mass Flow [kg/s],THERMAL ZONE: L02-202_OFCECOMLPTHP:SEATTLE-KING COUNTY INTL AP-B ANN CLG 1% CONDNS DB=>MWB:Des Cool Mass Flow [kg/s],THERMAL ZONE: L02-202_OFCECOMLPTHP::Des Latent Heat Load [W],THERMAL ZONE: L02-202_OFCECOMLPTHP::Des Latent Cool Load [W],THERMAL ZONE: L02-202_OFCECOMLPTHP::Des Latent Heat Mass Flow [kg/s],THERMAL ZONE: L02-202_OFCECOMLPTHP::Des Latent Cool Mass Flow [kg/s],THERMAL ZONE: L02-202_OFCECOMLPTHP::Des Heat Load No DOAS [W],THERMAL ZONE: L02-202_OFCECOMLPTHP::Des Sens Cool Load No DOAS [W],THERMAL ZONE: L02-202_OFCECOMLPTHP::Des Latent Heat Load No DOAS [W],THERMAL ZONE: L02-202_OFCECOMLPTHP::Des Latent Cool Load No DOAS [W],THERMAL ZONE: L02-202_OFCECOMLPTHP:SEATTLE-KING COUNTY INTL AP-B ANN HTG 99.6% CONDNS DB:Heating Zone Temperature [C],THERMAL ZONE: L02-202_OFCECOMLPTHP:SEATTLE-KING COUNTY INTL AP-B ANN HTG 99.6% CONDNS DB:Heating Zone Relative Humidity [%],THERMAL ZONE: L02-202_OFCECOMLPTHP:SEATTLE-KING COUNTY INTL AP-B ANN CLG 1% CONDNS DB=>MWB:Cooling Zone Temperature [C],THERMAL ZONE: L02-202_OFCECOMLPTHP:SEATTLE-KING COUNTY INTL AP-B ANN CLG 1% CONDNS DB=>MWB:Cooling Zone Relative Humidity [%],THERMAL ZONE: L02-203_BRKRCOMLPTHP:SEATTLE-KING COUNTY INTL AP-B ANN HTG 99.6% CONDNS DB:Des Heat Load [W],THERMAL ZONE: L02-203_BRKRCOMLPTHP:SEATTLE-KING COUNTY INTL AP-B ANN CLG 1% CONDNS DB=>MWB:Des Sens Cool Load [W],THERMAL ZONE: L02-203_BRKRCOMLPTHP:SEATTLE-KING COUNTY INTL AP-B ANN HTG 99.6% CONDNS DB:Des Heat Mass Flow [kg/s],THERMAL ZONE: L02-203_BRKRCOMLPTHP:SEATTLE-KING COUNTY INTL AP-B ANN CLG 1% CONDNS DB=>MWB:Des Cool Mass Flow [kg/s],THERMAL ZONE: L02-203_BRKRCOMLPTHP::Des Latent Heat Load [W],THERMAL ZONE: L02-203_BRKRCOMLPTHP::Des Latent Cool Load [W],THERMAL ZONE: L02-203_BRKRCOMLPTHP::Des Latent Heat Mass Flow [kg/s],THERMAL ZONE: L02-203_BRKRCOMLPTHP::Des Latent Cool Mass Flow [kg/s],THERMAL ZONE: L02-203_BRKRCOMLPTHP::Des Heat Load No DOAS [W],THERMAL ZONE: L02-203_BRKRCOMLPTHP::Des Sens Cool Load No DOAS [W],THERMAL ZONE: L02-203_BRKRCOMLPTHP::Des Latent Heat Load No DOAS [W],THERMAL ZONE: L02-203_BRKRCOMLPTHP::Des Latent Cool Load No DOAS [W],THERMAL ZONE: L02-203_BRKRCOMLPTHP:SEATTLE-KING COUNTY INTL AP-B ANN HTG 99.6% CONDNS DB:Heating Zone Temperature [C],THERMAL ZONE: L02-203_BRKRCOMLPTHP:SEATTLE-KING COUNTY INTL AP-B ANN HTG 99.6% CONDNS DB:Heating Zone Relative Humidity [%],THERMAL ZONE: L02-203_BRKRCOMLPTHP:SEATTLE-KING COUNTY INTL AP-B ANN CLG 1% CONDNS DB=>MWB:Cooling Zone Temperature [C],THERMAL ZONE: L02-203_BRKRCOMLPTHP:SEATTLE-KING COUNTY INTL AP-B ANN CLG 1% CONDNS DB=>MWB:Cooling Zone Relative Humidity [%],THERMAL ZONE: L02-204_FITNCOMLPTHP:SEATTLE-KING COUNTY INTL AP-B ANN HTG 99.6% CONDNS DB:Des Heat Load [W],THERMAL ZONE: L02-204_FITNCOMLPTHP:SEATTLE-KING COUNTY INTL AP-B ANN CLG 1% CONDNS DB=>MWB:Des Sens Cool Load [W],THERMAL ZONE: L02-204_FITNCOMLPTHP:SEATTLE-KING COUNTY INTL AP-B ANN HTG 99.6% CONDNS DB:Des Heat Mass Flow [kg/s],THERMAL ZONE: L02-204_FITNCOMLPTHP:SEATTLE-KING COUNTY INTL AP-B ANN CLG 1% CONDNS DB=>MWB:Des Cool Mass Flow [kg/s],THERMAL ZONE: L02-204_FITNCOMLPTHP::Des Latent Heat Load [W],THERMAL ZONE: L02-204_FITNCOMLPTHP::Des Latent Cool Load [W],THERMAL ZONE: L02-204_FITNCOMLPTHP::Des Latent Heat Mass Flow [kg/s],THERMAL ZONE: L02-204_FITNCOMLPTHP::Des Latent Cool Mass Flow [kg/s],THERMAL ZONE: L02-204_FITNCOMLPTHP::Des Heat Load No DOAS [W],THERMAL ZONE: L02-204_FITNCOMLPTHP::Des Sens Cool Load No DOAS [W],THERMAL ZONE: L02-204_FITNCOMLPTHP::Des Latent Heat Load No DOAS [W],THERMAL ZONE: L02-204_FITNCOMLPTHP::Des Latent Cool Load No DOAS [W],THERMAL ZONE: L02-204_FITNCOMLPTHP:SEATTLE-KING COUNTY INTL AP-B ANN HTG 99.6% CONDNS DB:Heating Zone Temperature [C],THERMAL ZONE: L02-204_FITNCOMLPTHP:SEATTLE-KING COUNTY INTL AP-B ANN HTG 99.6% CONDNS DB:Heating Zone Relative Humidity [%],THERMAL ZONE: L02-204_FITNCOMLPTHP:SEATTLE-KING COUNTY INTL AP-B ANN CLG 1% CONDNS DB=>MWB:Cooling Zone Temperature [C],THERMAL ZONE: L02-204_FITNCOMLPTHP:SEATTLE-KING COUNTY INTL AP-B ANN CLG 1% CONDNS DB=>MWB:Cooling Zone Relative Humidity [%],THERMAL ZONE: L02-206_MPRPCOMLPTHP:SEATTLE-KING COUNTY INTL AP-B ANN HTG 99.6% CONDNS DB:Des Heat Load [W],THERMAL ZONE: L02-206_MPRPCOMLPTHP:SEATTLE-KING COUNTY INTL AP-B ANN CLG 1% CONDNS DB=>MWB:Des Sens Cool Load [W],THERMAL ZONE: L02-206_MPRPCOMLPTHP:SEATTLE-KING COUNTY INTL AP-B ANN HTG 99.6% CONDNS DB:Des Heat Mass Flow [kg/s],THERMAL ZONE: L02-206_MPRPCOMLPTHP:SEATTLE-KING COUNTY INTL AP-B ANN CLG 1% CONDNS DB=>MWB:Des Cool Mass Flow [kg/s],THERMAL ZONE: L02-206_MPRPCOMLPTHP::Des Latent Heat Load [W],THERMAL ZONE: L02-206_MPRPCOMLPTHP::Des Latent Cool Load [W],THERMAL ZONE: L02-206_MPRPCOMLPTHP::Des Latent Heat Mass Flow [kg/s],THERMAL ZONE: L02-206_MPRPCOMLPTHP::Des Latent Cool Mass Flow [kg/s],THERMAL ZONE: L02-206_MPRPCOMLPTHP::Des Heat Load No DOAS [W],THERMAL ZONE: L02-206_MPRPCOMLPTHP::Des Sens Cool Load No DOAS [W],THERMAL ZONE: L02-206_MPRPCOMLPTHP::Des Latent Heat Load No DOAS [W],THERMAL ZONE: L02-206_MPRPCOMLPTHP::Des Latent Cool Load No DOAS [W],THERMAL ZONE: L02-206_MPRPCOMLPTHP:SEATTLE-KING COUNTY INTL AP-B ANN HTG 99.6% CONDNS DB:Heating Zone Temperature [C],THERMAL ZONE: L02-206_MPRPCOMLPTHP:SEATTLE-KING COUNTY INTL AP-B ANN HTG 99.6% CONDNS DB:Heating Zone Relative Humidity [%],THERMAL ZONE: L02-206_MPRPCOMLPTHP:SEATTLE-KING COUNTY INTL AP-B ANN CLG 1% CONDNS DB=>MWB:Cooling Zone Temperature [C],THERMAL ZONE: L02-206_MPRPCOMLPTHP:SEATTLE-KING COUNTY INTL AP-B ANN CLG 1% CONDNS DB=>MWB:Cooling Zone Relative Humidity [%],THERMAL ZONE: L02-209_ASTOCOMLPTHP:SEATTLE-KING COUNTY INTL AP-B ANN HTG 99.6% CONDNS DB:Des Heat Load [W],THERMAL ZONE: L02-209_ASTOCOMLPTHP:SEATTLE-KING COUNTY INTL AP-B ANN CLG 1% CONDNS DB=>MWB:Des Sens Cool Load [W],THERMAL ZONE: L02-209_ASTOCOMLPTHP:SEATTLE-KING COUNTY INTL AP-B ANN HTG 99.6% CONDNS DB:Des Heat Mass Flow [kg/s],THERMAL ZONE: L02-209_ASTOCOMLPTHP:SEATTLE-KING COUNTY INTL AP-B ANN CLG 1% CONDNS DB=>MWB:Des Cool Mass Flow [kg/s],THERMAL ZONE: L02-209_ASTOCOMLPTHP::Des Latent Heat Load [W],THERMAL ZONE: L02-209_ASTOCOMLPTHP::Des Latent Cool Load [W],THERMAL ZONE: L02-209_ASTOCOMLPTHP::Des Latent Heat Mass Flow [kg/s],THERMAL ZONE: L02-209_ASTOCOMLPTHP::Des Latent Cool Mass Flow [kg/s],THERMAL ZONE: L02-209_ASTOCOMLPTHP::Des Heat Load No DOAS [W],THERMAL ZONE: L02-209_ASTOCOMLPTHP::Des Sens Cool Load No DOAS [W],THERMAL ZONE: L02-209_ASTOCOMLPTHP::Des Latent Heat Load No DOAS [W],THERMAL ZONE: L02-209_ASTOCOMLPTHP::Des Latent Cool Load No DOAS [W],THERMAL ZONE: L02-209_ASTOCOMLPTHP:SEATTLE-KING COUNTY INTL AP-B ANN HTG 99.6% CONDNS DB:Heating Zone Temperature [C],THERMAL ZONE: L02-209_ASTOCOMLPTHP:SEATTLE-KING COUNTY INTL AP-B ANN HTG 99.6% CONDNS DB:Heating Zone Relative Humidity [%],THERMAL ZONE: L02-209_ASTOCOMLPTHP:SEATTLE-KING COUNTY INTL AP-B ANN CLG 1% CONDNS DB=>MWB:Cooling Zone Temperature [C],THERMAL ZONE: L02-209_ASTOCOMLPTHP:SEATTLE-KING COUNTY INTL AP-B ANN CLG 1% CONDNS DB=>MWB:Cooling Zone Relative Humidity [%],THERMAL ZONE: L02-214_ASTOCOMLPTHP:SEATTLE-KING COUNTY INTL AP-B ANN HTG 99.6% CONDNS DB:Des Heat Load [W],THERMAL ZONE: L02-214_ASTOCOMLPTHP:SEATTLE-KING COUNTY INTL AP-B ANN CLG 1% CONDNS DB=>MWB:Des Sens Cool Load [W],THERMAL ZONE: L02-214_ASTOCOMLPTHP:SEATTLE-KING COUNTY INTL AP-B ANN HTG 99.6% CONDNS DB:Des Heat Mass Flow [kg/s],THERMAL ZONE: L02-214_ASTOCOMLPTHP:SEATTLE-KING COUNTY INTL AP-B ANN CLG 1% CONDNS DB=>MWB:Des Cool Mass Flow [kg/s],THERMAL ZONE: L02-214_ASTOCOMLPTHP::Des Latent Heat Load [W],THERMAL ZONE: L02-214_ASTOCOMLPTHP::Des Latent Cool Load [W],THERMAL ZONE: L02-214_ASTOCOMLPTHP::Des Latent Heat Mass Flow [kg/s],THERMAL ZONE: L02-214_ASTOCOMLPTHP::Des Latent Cool Mass Flow [kg/s],THERMAL ZONE: L02-214_ASTOCOMLPTHP::Des Heat Load No DOAS [W],THERMAL ZONE: L02-214_ASTOCOMLPTHP::Des Sens Cool Load No DOAS [W],THERMAL ZONE: L02-214_ASTOCOMLPTHP::Des Latent Heat Load No DOAS [W],THERMAL ZONE: L02-214_ASTOCOMLPTHP::Des Latent Cool Load No DOAS [W],THERMAL ZONE: L02-214_ASTOCOMLPTHP:SEATTLE-KING COUNTY INTL AP-B ANN HTG 99.6% CONDNS DB:Heating Zone Temperature [C],THERMAL ZONE: L02-214_ASTOCOMLPTHP:SEATTLE-KING COUNTY INTL AP-B ANN HTG 99.6% CONDNS DB:Heating Zone Relative Humidity [%],THERMAL ZONE: L02-214_ASTOCOMLPTHP:SEATTLE-KING COUNTY INTL AP-B ANN CLG 1% CONDNS DB=>MWB:Cooling Zone Temperature [C],THERMAL ZONE: L02-214_ASTOCOMLPTHP:SEATTLE-KING COUNTY INTL AP-B ANN CLG 1% CONDNS DB=>MWB:Cooling Zone Relative Humidity [%],THERMAL ZONE: L02-216_MPRPCOMLPTHP:SEATTLE-KING COUNTY INTL AP-B ANN HTG 99.6% CONDNS DB:Des Heat Load [W],THERMAL ZONE: L02-216_MPRPCOMLPTHP:SEATTLE-KING COUNTY INTL AP-B ANN CLG 1% CONDNS DB=>MWB:Des Sens Cool Load [W],THERMAL ZONE: L02-216_MPRPCOMLPTHP:SEATTLE-KING COUNTY INTL AP-B ANN HTG 99.6% CONDNS DB:Des Heat Mass Flow [kg/s],THERMAL ZONE: L02-216_MPRPCOMLPTHP:SEATTLE-KING COUNTY INTL AP-B ANN CLG 1% CONDNS DB=>MWB:Des Cool Mass Flow [kg/s],THERMAL ZONE: L02-216_MPRPCOMLPTHP::Des Latent Heat Load [W],THERMAL ZONE: L02-216_MPRPCOMLPTHP::Des Latent Cool Load [W],THERMAL ZONE: L02-216_MPRPCOMLPTHP::Des Latent Heat Mass Flow [kg/s],THERMAL ZONE: L02-216_MPRPCOMLPTHP::Des Latent Cool Mass Flow [kg/s],THERMAL ZONE: L02-216_MPRPCOMLPTHP::Des Heat Load No DOAS [W],THERMAL ZONE: L02-216_MPRPCOMLPTHP::Des Sens Cool Load No DOAS [W],THERMAL ZONE: L02-216_MPRPCOMLPTHP::Des Latent Heat Load No DOAS [W],THERMAL ZONE: L02-216_MPRPCOMLPTHP::Des Latent Cool Load No DOAS [W],THERMAL ZONE: L02-216_MPRPCOMLPTHP:SEATTLE-KING COUNTY INTL AP-B ANN HTG 99.6% CONDNS DB:Heating Zone Temperature [C],THERMAL ZONE: L02-216_MPRPCOMLPTHP:SEATTLE-KING COUNTY INTL AP-B ANN HTG 99.6% CONDNS DB:Heating Zone Relative Humidity [%],THERMAL ZONE: L02-216_MPRPCOMLPTHP:SEATTLE-KING COUNTY INTL AP-B ANN CLG 1% CONDNS DB=>MWB:Cooling Zone Temperature [C],THERMAL ZONE: L02-216_MPRPCOMLPTHP:SEATTLE-KING COUNTY INTL AP-B ANN CLG 1% CONDNS DB=>MWB:Cooling Zone Relative Humidity [%],THERMAL ZONE: L02-218_MECHCOMLPTHP:SEATTLE-KING COUNTY INTL AP-B ANN HTG 99.6% CONDNS DB:Des Heat Load [W],THERMAL ZONE: L02-218_MECHCOMLPTHP:SEATTLE-KING COUNTY INTL AP-B ANN CLG 1% CONDNS DB=>MWB:Des Sens Cool Load [W],THERMAL ZONE: L02-218_MECHCOMLPTHP:SEATTLE-KING COUNTY INTL AP-B ANN HTG 99.6% CONDNS DB:Des Heat Mass Flow [kg/s],THERMAL ZONE: L02-218_MECHCOMLPTHP:SEATTLE-KING COUNTY INTL AP-B ANN CLG 1% CONDNS DB=>MWB:Des Cool Mass Flow [kg/s],THERMAL ZONE: L02-218_MECHCOMLPTHP::Des Latent Heat Load [W],THERMAL ZONE: L02-218_MECHCOMLPTHP::Des Latent Cool Load [W],THERMAL ZONE: L02-218_MECHCOMLPTHP::Des Latent Heat Mass Flow [kg/s],THERMAL ZONE: L02-218_MECHCOMLPTHP::Des Latent Cool Mass Flow [kg/s],THERMAL ZONE: L02-218_MECHCOMLPTHP::Des Heat Load No DOAS [W],THERMAL ZONE: L02-218_MECHCOMLPTHP::Des Sens Cool Load No DOAS [W],THERMAL ZONE: L02-218_MECHCOMLPTHP::Des Latent Heat Load No DOAS [W],THERMAL ZONE: L02-218_MECHCOMLPTHP::Des Latent Cool Load No DOAS [W],THERMAL ZONE: L02-218_MECHCOMLPTHP:SEATTLE-KING COUNTY INTL AP-B ANN HTG 99.6% CONDNS DB:Heating Zone Temperature [C],THERMAL ZONE: L02-218_MECHCOMLPTHP:SEATTLE-KING COUNTY INTL AP-B ANN HTG 99.6% CONDNS DB:Heating Zone Relative Humidity [%],THERMAL ZONE: L02-218_MECHCOMLPTHP:SEATTLE-KING COUNTY INTL AP-B ANN CLG 1% CONDNS DB=>MWB:Cooling Zone Temperature [C],THERMAL ZONE: L02-218_MECHCOMLPTHP:SEATTLE-KING COUNTY INTL AP-B ANN CLG 1% CONDNS DB=>MWB:Cooling Zone Relative Humidity [%]
00:15:00,2.675604E+03,1.222100E+03,1.889196E-01,1.077646E-01,0.000000E+00,0.000000E+00,0.000000E+00,0.000000E+00,0.000000E+00,0.000000E+00,0.000000E+00,0.000000E+00,1.941740E+01,5.606022E+01,2.474870E+01,4.777030E+01,2.136585E+03,1.983530E+03,1.508604E-01,1.749074E-01,0.000000E+00,0.000000E+00,0.000000E+00,0.000000E+00,0.000000E+00,0.000000E+00,0.000000E+00,0.000000E+00,2.037056E+01,5.264305E+01,2.463629E+01,5.264857E+01,3.455471E+02,2.934751E+02,2.439846E-02,2.587860E-02,0.000000E+00,0.000000E+00,0.000000E+00,0.000000E+00,0.000000E+00,0.000000E+00,0.000000E+00,0.000000E+00,2.000734E+01,5.372221E+01,2.497619E+01,4.648069E+01,3.527160E+02,7.578059E+02,2.490464E-02,6.682323E-02,0.000000E+00,0.000000E+00,0.000000E+00,0.000000E+00,0.000000E+00,0.000000E+00,0.000000E+00,0.000000E+00,2.017487E+01,5.252168E+01,2.606695E+01,5.603623E+01,2.412104E+03,3.657803E+03,1.703143E-01,3.225446E-01,0.000000E+00,0.000000E+00,0.000000E+00,0.000000E+00,0.000000E+00,0.000000E+00,0.000000E+00,0.000000E+00,2.008015E+01,5.329575E+01,2.562153E+01,8.311270E+01,7.643821E+02,1.009743E+03,5.397165E-02,8.903902E-02,0.000000E+00,0.000000E+00,0.000000E+00,0.000000E+00,0.000000E+00,0.000000E+00,0.000000E+00,0.000000E+00,2.025763E+01,5.209751E+01,2.513765E+01,5.122190E+01,2.673451E+02,2.319100E+02,1.887676E-02,2.044980E-02,0.000000E+00,0.000000E+00,0.000000E+00,0.000000E+00,0.000000E+00,0.000000E+00,0.000000E+00,0.000000E+00,2.054246E+01,5.145989E+01,2.442774E+01,4.975033E+01,3.578952E+02,2.273702E+02,2.527033E-02,2.004948E-02,0.000000E+00,0.000000E+00,0.000000E+00,0.000000E+00,0.000000E+00,0.000000E+00,0.000000E+00,0.000000E+00,2.035909E+01,5.128004E+01,2.441135E+01,4.946327E+01,5.054810E+02,8.449595E+02,3.569111E-02,7.450842E-02,0.000000E+00,0.000000E+00,0.000000E+00,0.000000E+00,0.000000E+00,0.000000E+00,0.000000E+00,0.000000E+00,2.001793E+01,5.231162E+01,2.586787E+01,4.990698E+01,2.193130E+01,5.383226E+01,1.548530E-03,4.746922E-03,0.000000E+00,0.000000E+00,0.000000E+00,0.000000E+00,0.000000E+00,0.000000E+00,0.000000E+00,0.000000E+00,2.081693E+01,5.218532E+01,2.463933E+01,4.569962E+01
00:30:00,1.783067E+03,8.086439E+02,1.258991E-01,7.130611E-02,0.000000E+00,0.000000E+00,0.000000E+00,0.000000E+00,0.000000E+00,0.000000E+00,0.000000E+00,0.000000E+00,1.718747E+01,6.411866E+01,2.548041E+01,4.625093E+01,1.424090E+03,1.311431E+03,1.005524E-01,1.156418E-01,0.000000E+00,0.000000E+00,0.000000E+00,0.000000E+00,0.000000E+00,0.000000E+00,0.000000E+00,0.000000E+00,1.937158E+01,5.581915E+01,2.531050E+01,5.156204E+01,2.303281E+02,1.944820E+02,1.626306E-02,1.714940E-02,0.000000E+00,0.000000E+00,0.000000E+00,0.000000E+00,0.000000E+00,0.000000E+00,0.000000E+00,0.000000E+00,1.867478E+01,5.802761E+01,2.586987E+01,4.461095E+01,2.351108E+02,5.037081E+02,1.660075E-02,4.441692E-02,0.000000E+00,0.000000E+00,0.000000E+00,0.000000E+00,0.000000E+00,0.000000E+00,0.000000E+00,0.000000E+00,1.906804E+01,5.580969E+01,2.772243E+01,5.515604E+01,1.607871E+03,2.431469E+03,1.135289E-01,2.144067E-01,0.000000E+00,0.000000E+00,0.000000E+00,0.000000E+00,0.000000E+00,0.000000E+00,0.000000E+00,0.000000E+00,1.858212E+01,5.817555E+01,2.729678E+01,8.370395E+01,5.095018E+02,6.705611E+02,3.597500E-02,5.912999E-02,0.000000E+00,0.000000E+00,0.000000E+00,0.000000E+00,0.000000E+00,0.000000E+00,0.000000E+00,0.000000E+00,1.924777E+01,5.502340E+01,2.616057E+01,4.973453E+01,1.781872E+02,1.537567E+02,1.258148E-02,1.355825E-02,0.000000E+00,0.000000E+00,0.000000E+00,0.000000E+00,0.000000E+00,0.000000E+00,0.000000E+00,0.000000E+00,1.980084E+01,5.364067E+01,2.487514E+01,4.888155E+01,2.385494E+02,1.500614E+02,1.684354E-02,1.323239E-02,0.000000E+00,0.000000E+00,0.000000E+00,0.000000E+00,0.000000E+00,0.000000E+00,0.000000E+00,0.000000E+00,1.940031E+01,5.395529E+01,2.483606E+01,4.864538E+01,3.369263E+02,5.595673E+02,2.378976E-02,4.934257E-02,0.000000E+00,0.000000E+00,0.000000E+00,0.000000E+00,0.000000E+00,0.000000E+00,0.000000E+00,0.000000E+00,1.872873E+01,5.594264E+01,2.740306E+01,4.791754E+01,1.461148E+01,3.576772E+01,1.031690E-03,3.153993E-03,0.000000E+00,0.000000E+00,0.000000E+00,0.000000E+00,0.000000E+00,0.000000E+00,0.000000E+00,0.000000E+00,2.052041E+01,5.314765E+01,2.518397E+01,4.447473E+01
00:45:00,8.912019E+02,4.013212E+02,6.292616E-02,3.538845E-02,0.000000E+00,0.000000E+00,0.000000E+00,0.000000E+00,0.000000E+00,0.000000E+00,0.000000E+00,0.000000E+00,1.634515E+01,6.740592E+01,2.596014E+01,4.542197E+01,7.118997E+02,6.503985E+02,5.026595E-02,5.735206E-02,0.000000E+00,0.000000E+00,0.000000E+00,0.000000E+00,0.000000E+00,0.000000E+00,0.000000E+00,0.000000E+00,1.898889E+01,5.704751E+01,2.574851E+01,5.113596E+01,1.151463E+02,9.666235E+01,8.130276E-03,8.523674E-03,0.000000E+00,0.000000E+00,0.000000E+00,0.000000E+00,0.000000E+00,0.000000E+00,0.000000E+00,0.000000E+00,1.818621E+01,5.961486E+01,2.635014E+01,4.384513E+01,1.175394E+02,2.511235E+02,8.299244E-03,2.214404E-02,0.000000E+00,0.000000E+00,0.000000E+00,0.000000E+00,0.000000E+00,0.000000E+00,0.000000E+00,0.000000E+00,1.866733E+01,5.693982E+01,2.857299E+01,5.629750E+01,8.038392E+02,1.212210E+03,5.675764E-02,1.068926E-01,0.000000E+00,0.000000E+00,0.000000E+00,0.000000E+00,0.000000E+00,0.000000E+00,0.000000E+00,0.000000E+00,1.796967E+01,6.024353E+01,2.836520E+01,8.598376E+01,2.547093E+02,3.339931E+02,1.798457E-02,2.945147E-02,0.000000E+00,0.000000E+00,0.000000E+00,0.000000E+00,0.000000E+00,0.000000E+00,0.000000E+00,0.000000E+00,1.888850E+01,5.599071E+01,2.670790E+01,4.952680E+01,8.907290E+01,7.645440E+01,6.289277E-03,6.741739E-03,0.000000E+00,0.000000E+00,0.000000E+00,0.000000E+00,0.000000E+00,0.000000E+00,0.000000E+00,0.000000E+00,1.952702E+01,5.441254E+01,2.518253E+01,4.840007E+01,1.192519E+02,7.428785E+01,8.420159E-03,6.550693E-03,0.000000E+00,0.000000E+00,0.000000E+00,0.000000E+00,0.000000E+00,0.000000E+00,0.000000E+00,0.000000E+00,1.905365E+01,5.484017E+01,2.511771E+01,4.821920E+01,1.684336E+02,2.779947E+02,1.189279E-02,2.451354E-02,0.000000E+00,0.000000E+00,0.000000E+00,0.000000E+00,0.000000E+00,0.000000E+00,0.000000E+00,0.000000E+00,1.827138E+01,5.710226E+01,2.818917E+01,4.781156E+01,7.301208E+00,1.782294E+01,5.155251E-04,1.571624E-03,0.000000E+00,0.000000E+00,0.000000E+00,0.000000E+00,0.000000E+00,0.000000E+00,0.000000E+00,0.000000E+00,2.042691E+01,5.345525E+01,2.543781E+01,4.402630E+01
01:00:00,2.569943E+01,0.000000E+00,1.814590E-03,0.000000E+00,0.000000E+00,0.000000E+00,0.000000E+00,0.000000E+00,0.000000E+00,0.000000E+00,0.000000E+00,0.000000E+00,1.592021E+01,6.906896E+01,2.629716E+01,4.497343E+01,0.000000E+00,0.000000E+00,0.000000E+00,0.000000E+00,0.000000E+00,0.000000E+00,0.000000E+00,0.000000E+00,0.000000E+00,0.000000E+00,0.000000E+00,0.000000E+00,1.878999E+01,5.766599E+01,2.604449E+01,5.110999E+01,0.000000E+00,0.000000E+00,0.000000E+00,0.000000E+00,0.000000E+00,0.000000E+00,0.000000E+00,0.000000E+00,0.000000E+00,0.000000E+00,0.000000E+00,0.000000E+00,1.794825E+01,6.034027E+01,2.663871E+01,4.356840E+01,0.000000E+00,3.866238E+00,0.000000E+00,3.409244E-04,0.000000E+00,0.000000E+00,0.000000E+00,0.000000E+00,0.000000E+00,0.000000E+00,0.000000E+00,0.000000E+00,1.846653E+01,5.743481E+01,2.908825E+01,5.822804E+01,0.000000E+00,1.396027E+02,0.000000E+00,1.231015E-02,0.000000E+00,0.000000E+00,0.000000E+00,0.000000E+00,0.000000E+00,0.000000E+00,0.000000E+00,0.000000E+00,1.761462E+01,6.143648E+01,2.908095E+01,8.924578E+01,0.000000E+00,0.000000E+00,0.000000E+00,0.000000E+00,0.000000E+00,0.000000E+00,0.000000E+00,0.000000E+00,0.000000E+00,0.000000E+00,0.000000E+00,0.000000E+00,1.871063E+01,5.639538E+01,2.703524E+01,4.989028E+01,0.000000E+00,0.000000E+00,0.000000E+00,0.000000E+00,0.000000E+00,0.000000E+00,0.000000E+00,0.000000E+00,0.000000E+00,0.000000E+00,0.000000E+00,0.000000E+00,1.938654E+01,5.477279E+01,2.540766E+01,4.814732E+01,0.000000E+00,0.000000E+00,0.000000E+00,0.000000E+00,0.000000E+00,0.000000E+00,0.000000E+00,0.000000E+00,0.000000E+00,0.000000E+00,0.000000E+00,0.000000E+00,1.887757E+01,5.521463E+01,2.532487E+01,4.799638E+01,0.000000E+00,0.000000E+00,0.000000E+00,0.000000E+00,0.000000E+00,0.000000E+00,0.000000E+00,0.000000E+00,0.000000E+00,0.000000E+00,0.000000E+00,0.000000E+00,1.804964E+01,5.753514E+01,2.865236E+01,4.846001E+01,0.000000E+00,0.000000E+00,0.000000E+00,0.000000E+00,0.000000E+00,0.000000E+00,0.000000E+00,0.000000E+00,0.000000E+00,0.000000E+00,0.000000E+00,0.000000E+00,2.038297E+01,5.360049E+01,2.557744E+01,4.387505E+01
01:15:00,1.250889E+02,0.000000E+00,8.832300E-03,0.000000E+00,0.000000E+00,0.000000E+00,0.000000E+00,0.000000E+00,0.000000E+00,0.000000E+00,0.000000E+00,0.000000E+00,1.560402E+01,7.017443E+01,2.655033E+01,4.477775E+01,0.000000E+00,0.000000E+00,0.000000E+00,0.000000E+00,0.000000E+00,0.000000E+00,0.000000E+00,0.000000E+00,0.000000E+00,0.000000E+00,0.000000E+00,0.000000E+00,1.853596E+01,5.841843E+01,2.626328E+01,5.136559E+01,0.000000E+00,0.000000E+00,0.000000E+00,0.000000E+00,0.000000E+00,0.000000E+00,0.000000E+00,0.000000E+00,0.000000E+00,0.000000E+00,0.000000E+00,0.000000E+00,1.765994E+01,6.113312E+01,2.684276E+01,4.353670E+01,0.000000E+00,3.362447E+01,0.000000E+00,2.965001E-03,0.000000E+00,0.000000E+00,0.000000E+00,0.000000E+00,0.000000E+00,0.000000E+00,0.000000E+00,0.000000E+00,1.821668E+01,5.793633E+01,2.937159E+01,6.064439E+01,0.000000E+00,4.425047E+02,0.000000E+00,3.902001E-02,0.000000E+00,0.000000E+00,0.000000E+00,0.000000E+00,0.000000E+00,0.000000E+00,0.000000E+00,0.000000E+00,1.712009E+01,6.307623E+01,2.938107E+01,9.290383E+01,0.000000E+00,0.000000E+00,0.000000E+00,0.000000E+00,0.000000E+00,0.000000E+00,0.000000E+00,0.000000E+00,0.000000E+00,0.000000E+00,0.000000E+00,0.000000E+00,1.848963E+01,5.678361E+01,2.726834E+01,5.058507E+01,0.000000E+00,0.000000E+00,0.000000E+00,0.000000E+00,0.000000E+00,0.000000E+00,0.000000E+00,0.000000E+00,0.000000E+00,0.000000E+00,0.000000E+00,0.000000E+00,1.920857E+01,5.517218E+01,2.558160E+01,4.806662E+01,0.000000E+00,0.000000E+00,0.000000E+00,0.000000E+00,0.000000E+00,0.000000E+00,0.000000E+00,0.000000E+00,0.000000E+00,0.000000E+00,0.000000E+00,0.000000E+00,1.864768E+01,5.559798E+01,2.548544E+01,4.792823E+01,0.000000E+00,0.000000E+00,0.000000E+00,0.000000E+00,0.000000E+00,0.000000E+00,0.000000E+00,0.000000E+00,0.000000E+00,0.000000E+00,0.000000E+00,0.000000E+00,1.777709E+01,5.787157E+01,2.898227E+01,4.952994E+01,0.000000E+00,0.000000E+00,0.000000E+00,0.000000E+00,0.000000E+00,0.000000E+00,0.000000E+00,0.000000E+00,0.000000E+00,0.000000E+00,0.000000E+00,0.000000E+00,2.032900E+01,5.377949E+01,2.567579E+01,4.384695E+01
01:30:00,2.517359E+02,0.000000E+00,1.777462E-02,0.000000E+00,0.000000E+00,0.000000E+00,0.000000E+00,0.000000E+00,0.000000E+00,0.000000E+00,0.000000E+00,0.000000E+00,1.555580E+01,7.008263E+01,2.677631E+01,4.480225E+01,0.000000E+00,0.000000E+00,0.000000E+00,0.000000E+00,0.000000E+00,0.000000E+00,0.000000E+00,0.000000E+00,0.000000E+00,0.000000E+00,0.000000E+00,0.000000E+00,1.831301E+01,5.902896E+01,2.645822E+01,5.197812E+01,0.000000E+00,0.000000E+00,0.000000E+00,0.000000E+00,0.000000E+00,0.000000E+00,0.000000E+00,0.000000E+00,0.000000E+00,0.000000E+00,0.000000E+00,0.000000E+00,1.741759E+01,6.169005E+01,2.702259E+01,4.371969E+01,0.000000E+00,8.220973E+01,0.000000E+00,7.249244E-03,0.000000E+00,0.000000E+00,0.000000E+00,0.000000E+00,0.000000E+00,0.000000E+00,0.000000E+00,0.000000E+00,1.800183E+01,5.822672E+01,2.944166E+01,6.374037E+01,0.000000E+00,7.873359E+02,0.000000E+00,6.942718E-02,0.000000E+00,0.000000E+00,0.000000E+00,0.000000E+00,0.000000E+00,0.000000E+00,0.000000E+00,0.000000E+00,1.667197E+01,6.450725E+01,2.943569E+01,9.714687E+01,0.000000E+00,0.000000E+00,0.000000E+00,0.000000E+00,0.000000E+00,0.000000E+00,0.000000E+00,0.000000E+00,0.000000E+00,0.000000E+00,0.000000E+00,0.000000E+00,1.830053E+01,5.697472E+01,2.747461E+01,5.176854E+01,0.000000E+00,0.000000E+00,0.000000E+00,0.000000E+00,0.000000E+00,0.000000E+00,0.000000E+00,0.000000E+00,0.000000E+00,0.000000E+00,0.000000E+00,0.000000E+00,1.905344E+01,5.544946E+01,2.574177E+01,4.815724E+01,0.000000E+00,0.000000E+00,0.000000E+00,0.000000E+00,0.000000E+00,0.000000E+00,0.000000E+00,0.000000E+00,0.000000E+00,0.000000E+00,0.000000E+00,0.000000E+00,1.844541E+01,5.579795E+01,2.563179E+01,4.802111E+01,0.000000E+00,4.132769E+00,0.000000E+00,3.644271E-04,0.000000E+00,0.000000E+00,0.000000E+00,0.000000E+00,0.000000E+00,0.000000E+00,0.000000E+00,0.000000E+00,1.754541E+01,5.792116E+01,2.927666E+01,5.125354E+01,0.000000E+00,0.000000E+00,0.000000E+00,0.000000E+00,0.000000E+00,0.000000E+00,0.000000E+00,0.000000E+00,0.000000E+00,0.000000E+00,0.000000E+00,0.000000E+00,2.028022E+01,5.394184E+01,2.576317E+01,4.392270E+01
01:45:00,3.996348E+02,0.000000E+00,2.821750E-02,0.000000E+00,0.000000E+00,0.000000E+00,0.000000E+00,0.000000E+00,0.000000E+00,0.000000E+00,0.000000E+00,0.000000E+00,1.555545E+01,6.985810E+01,2.688242E+01,4.506463E+01,0.000000E+00,0.000000E+00,0.000000E+00,0.000000E+00,0.000000E+00,0.000000E+00,0.000000E+00,0.000000E+00,0.000000E+00,0.000000E+00,0.000000E+00,0.000000E+00,1.816559E+01,5.939139E+01,2.656090E+01,5.272410E+01,0.000000E+00,0.000000E+00,0.000000E+00,0.000000E+00,0.000000E+00,0.000000E+00,0.000000E+00,0.000000E+00,0.000000E+00,0.000000E+00,0.000000E+00,0.000000E+00,1.724753E+01,6.201825E+01,2.713507E+01,4.399383E+01,0.000000E+00,1.452921E+02,0.000000E+00,1.281183E-02,0.000000E+00,0.000000E+00,0.000000E+00,0.000000E+00,0.000000E+00,0.000000E+00,0.000000E+00,0.000000E+00,1.785243E+01,5.834189E+01,2.943803E+01,6.529571E+01,0.000000E+00,1.199112E+03,0.000000E+00,1.057375E-01,0.000000E+00,0.000000E+00,0.000000E+00,0.000000E+00,0.000000E+00,0.000000E+00,0.000000E+00,0.000000E+00,1.638022E+01,6.537239E+01,2.942713E+01,9.944390E+01,0.000000E+00,0.000000E+00,0.000000E+00,0.000000E+00,0.000000E+00,0.000000E+00,0.000000E+00,0.000000E+00,0.000000E+00,0.000000E+00,0.000000E+00,0.000000E+00,1.817063E+01,5.701649E+01,2.760712E+01,5.292830E+01,0.000000E+00,0.000000E+00,0.000000E+00,0.000000E+00,0.000000E+00,0.000000E+00,0.000000E+00,0.000000E+00,0.000000E+00,0.000000E+00,0.000000E+00,0.000000E+00,1.894796E+01,5.558861E+01,2.582626E+01,4.839740E+01,0.000000E+00,0.000000E+00,0.000000E+00,0.000000E+00,0.000000E+00,0.000000E+00,0.000000E+00,0.000000E+00,0.000000E+00,0.000000E+00,0.000000E+00,0.000000E+00,1.831083E+01,5.582657E+01,2.570519E+01,4.825535E+01,0.000000E+00,3.918450E+01,0.000000E+00,3.455284E-03,0.000000E+00,0.000000E+00,0.000000E+00,0.000000E+00,0.000000E+00,0.000000E+00,0.000000E+00,0.000000E+00,1.738410E+01,5.781744E+01,2.944371E+01,5.284423E+01,0.000000E+00,0.000000E+00,0.000000E+00,0.000000E+00,0.000000E+00,0.000000E+00,0.000000E+00,0.000000E+00,0.000000E+00,0.000000E+00,0.000000E+00,0.000000E+00,2.024376E+01,5.406356E+01,2.582779E+01,4.402468E+01
02:00:00,5.470242E+02,0.000000E+00,3.862439E-02,0.000000E+00,0.000000E+00,0.000000E+00,0.000000E+00,0.000000E+00,0.000000E+00,0.000000E+00,0.000000E+00,0.000000E+00,1.555534E+01,6.970455E+01,2.699623E+01,4.560837E+01,0.000000E+00,0.000000E+00,0.000000E+00,0.000000E+00,0.000000E+00,0.000000E+00,0.000000E+00,0.000000E+00,0.000000E+00,0.000000E+00,0.000000E+00,0.000000E+00,1.805593E+01,5.964188E+01,2.668426E+01,5.400103E+01,0.000000E+00,0.000000E+00,0.000000E+00,0.000000E+00,0.000000E+00,0.000000E+00,0.000000E+00,0.000000E+00,0.000000E+00,0.000000E+00,0.000000E+00,0.000000E+00,1.710326E+01,6.229676E+01,2.727956E+01,4.449722E+01,0.000000E+00,2.189947E+02,0.000000E+00,1.931092E-02,0.000000E+00,0.000000E+00,0.000000E+00,0.000000E+00,0.000000E+00,0.000000E+00,0.000000E+00,0.000000E+00,1.772766E+01,5.843116E+01,2.943546E+01,6.664332E+01,0.000000E+00,1.526587E+03,0.000000E+00,1.346143E-01,0.000000E+00,0.000000E+00,0.000000E+00,0.000000E+00,0.000000E+00,0.000000E+00,0.000000E+00,0.000000E+00,1.617181E+01,6.595090E+01,2.942246E+01,1.000000E+02,0.000000E+00,0.000000E+00,0.000000E+00,0.000000E+00,0.000000E+00,0.000000E+00,0.000000E+00,0.000000E+00,0.000000E+00,0.000000E+00,0.000000E+00,0.000000E+00,1.806388E+01,5.703809E+01,2.777863E+01,5.481285E+01,0.000000E+00,0.000000E+00,0.000000E+00,0.000000E+00,0.000000E+00,0.000000E+00,0.000000E+00,0.000000E+00,0.000000E+00,0.000000E+00,0.000000E+00,0.000000E+00,1.886662E+01,5.567727E+01,2.592640E+01,4.886346E+01,0.000000E+00,0.000000E+00,0.000000E+00,0.000000E+00,0.000000E+00,0.000000E+00,0.000000E+00,0.000000E+00,0.000000E+00,0.000000E+00,0.000000E+00,0.000000E+00,1.820758E+01,5.581127E+01,2.578924E+01,4.870385E+01,0.000000E+00,8.090165E+01,0.000000E+00,7.133897E-03,0.000000E+00,0.000000E+00,0.000000E+00,0.000000E+00,0.000000E+00,0.000000E+00,0.000000E+00,0.000000E+00,1.724972E+01,5.772075E+01,2.944199E+01,5.512055E+01,0.000000E+00,0.000000E+00,0.000000E+00,0.000000E+00,0.000000E+00,0.000000E+00,0.000000E+00,0.000000E+00,0.000000E+00,0.000000E+00,0.000000E+00,0.000000E+00,2.021176E+01,5.417065E+01,2.591514E+01,4.422359E+01
02:15:00,6.378124E+02,0.000000E+00,4.503478E-02,0.000000E+00,0.000000E+00,0.000000E+00,0.000000E+00,0.000000E+00,0.000000E+00,0.000000E+00,0.000000E+00,0.000000E+00,1.555529E+01,6.954636E+01,2.706385E+01,4.628864E+01,0.000000E+00,0.000000E+00,0.000000E+00,0.000000E+00,0.000000E+00,0.000000E+00,0.000000E+00,0.000000E+00,0.000000E+00,0.000000E+00,0.000000E+00,0.000000E+00,1.791855E+01,5.994594E+01,2.678036E+01,5.539558E+01,0.000000E+00,0.000000E+00,0.000000E+00,0.000000E+00,0.000000E+00,0.000000E+00,0.000000E+00,0.000000E+00,0.000000E+00,0.000000E+00,0.000000E+00,0.000000E+00,1.691365E+01,6.266299E+01,2.740692E+01,4.505502E+01,0.000000E+00,2.779187E+02,0.000000E+00,2.450683E-02,0.000000E+00,0.000000E+00,0.000000E+00,0.000000E+00,0.000000E+00,0.000000E+00,0.000000E+00,0.000000E+00,1.756277E+01,5.854976E+01,2.943273E+01,6.650125E+01,0.000000E+00,1.730610E+03,0.000000E+00,1.526050E-01,0.000000E+00,0.000000E+00,0.000000E+00,0.000000E+00,0.000000E+00,0.000000E+00,0.000000E+00,0.000000E+00,1.591891E+01,6.662887E+01,2.941891E+01,9.980623E+01,0.000000E+00,0.000000E+00,0.000000E+00,0.000000E+00,0.000000E+00,0.000000E+00,0.000000E+00,0.000000E+00,0.000000E+00,0.000000E+00,0.000000E+00,0.000000E+00,1.792354E+01,5.706427E+01,2.793157E+01,5.675638E+01,0.000000E+00,0.000000E+00,0.000000E+00,0.000000E+00,0.000000E+00,0.000000E+00,0.000000E+00,0.000000E+00,0.000000E+00,0.000000E+00,0.000000E+00,0.000000E+00,1.876177E+01,5.578499E+01,2.600115E+01,4.941751E+01,0.000000E+00,0.000000E+00,0.000000E+00,0.000000E+00,0.000000E+00,0.000000E+00,0.000000E+00,0.000000E+00,0.000000E+00,0.000000E+00,0.000000E+00,0.000000E+00,1.807536E+01,5.577656E+01,2.584797E+01,4.923141E+01,0.000000E+00,1.389835E+02,0.000000E+00,1.225555E-02,0.000000E+00,0.000000E+00,0.000000E+00,0.000000E+00,0.000000E+00,0.000000E+00,0.000000E+00,0.000000E+00,1.707187E+01,5.759702E+01,2.944109E+01,5.653462E+01,0.000000E+00,0.000000E+00,0.000000E+00,0.000000E+00,0.000000E+00,0.000000E+00,0.000000E+00,0.000000E+00,0.000000E+00,0.000000E+00,0.000000E+00,0.000000E+00,2.016837E+01,5.431624E+01,2.599802E+01,4.444823E+01
02:30:00,7.148097E+02,0.000000E+00,5.047143E-02,0.000000E+00,0.000000E+00,0.000000E+00,0.000000E+00,0.000000E+00,0.000000E+00,0.000000E+00,0.000000E+00,0.000000E+00,1.555524E+01,6.943515E+01,2.710909E+01,4.701275E+01,0.000000E+00,0.000000E+00,0.000000E+00,0.000000E+00,0.000000E+00,0.000000E+00,0.000000E+00,0.000000E+00,0.000000E+00,0.000000E+00,0.000000E+00,0.000000E+00,1.778427E+01,6.024123E+01,2.686516E+01,5.679838E+01,0.000000E+00,0.000000E+00,0.000000E+00,0.000000E+00,0.000000E+00,0.000000E+00,0.000000E+00,0.000000E+00,0.000000E+00,0.000000E+00,0.000000E+00,0.000000E+00,1.672841E+01,6.301725E+01,2.752584E+01,4.561234E+01,0.000000E+00,3.275866E+02,0.000000E+00,2.888654E-02,0.000000E+00,0.000000E+00,0.000000E+00,0.000000E+00,0.000000E+00,0.000000E+00,0.000000E+00,0.000000E+00,1.739958E+01,5.866681E+01,2.943082E+01,6.522237E+01,5.969375E+01,1.926644E+03,4.214868E-03,1.698913E-01,0.000000E+00,0.000000E+00,0.000000E+00,0.000000E+00,0.000000E+00,0.000000E+00,0.000000E+00,0.000000E+00,1.567816E+01,6.726603E+01,2.941641E+01,9.916382E+01,0.000000E+00,0.000000E+00,0.000000E+00,0.000000E+00,0.000000E+00,0.000000E+00,0.000000E+00,0.000000E+00,0.000000E+00,0.000000E+00,0.000000E+00,0.000000E+00,1.778502E+01,5.708800E+01,2.807518E+01,5.864198E+01,0.000000E+00,0.000000E+00,0.000000E+00,0.000000E+00,0.000000E+00,0.000000E+00,0.000000E+00,0.000000E+00,0.000000E+00,0.000000E+00,0.000000E+00,0.000000E+00,1.865844E+01,5.588918E+01,2.606514E+01,4.999001E+01,0.000000E+00,0.000000E+00,0.000000E+00,0.000000E+00,0.000000E+00,0.000000E+00,0.000000E+00,0.000000E+00,0.000000E+00,0.000000E+00,0.000000E+00,0.000000E+00,1.794506E+01,5.573953E+01,2.589611E+01,4.977037E+01,0.000000E+00,2.041782E+02,0.000000E+00,1.800441E-02,0.000000E+00,0.000000E+00,0.000000E+00,0.000000E+00,0.000000E+00,0.000000E+00,0.000000E+00,0.000000E+00,1.689682E+01,5.747307E+01,2.943944E+01,5.695236E+01,0.000000E+00,0.000000E+00,0.000000E+00,0.000000E+00,0.000000E+00,0.000000E+00,0.000000E+00,0.000000E+00,0.000000E+00,0.000000E+00,0.000000E+00,0.000000E+00,2.012362E+01,5.446682E+01,2.607859E+01,4.467717E+01
02:45:00,7.811266E+02,0.000000E+00,5.515394E-02,0.000000E+00,0.000000E+00,0.000000E+00,0.000000E+00,0.000000E+00,0.000000E+00,0.000000E+00,0.000000E+00,0.000000E+00,1.555520E+01,6.936083E+01,2.714677E+01,4.773522E+01,0.000000E+00,0.000000E+00,0.000000E+00,0.000000E+00,0.000000E+00,0.000000E+00,0.000000E+00,0.000000E+00,0.000000E+00,0.000000E+00,0.000000E+00,0.000000E+00,1.765261E+01,6.052917E+01,2.694775E+01,5.816776E+01,0.000000E+00,0.000000E+00,0.000000E+00,0.000000E+00,0.000000E+00,0.000000E+00,0.000000E+00,0.000000E+00,0.000000E+00,0.000000E+00,0.000000E+00,0.000000E+00,1.655073E+01,6.334607E+01,2.764153E+01,4.614920E+01,0.000000E+00,3.710336E+02,0.000000E+00,3.271770E-02,0.000000E+00,0.000000E+00,0.000000E+00,0.000000E+00,0.000000E+00,0.000000E+00,0.000000E+00,0.000000E+00,1.724114E+01,5.877030E+01,2.942964E+01,6.331401E+01,1.711545E+02,2.084642E+03,1.208491E-02,1.838235E-01,0.000000E+00,0.000000E+00,0.000000E+00,0.000000E+00,0.000000E+00,0.000000E+00,0.000000E+00,0.000000E+00,1.555641E+01,6.745277E+01,2.941447E+01,9.800196E+01,0.000000E+00,0.000000E+00,0.000000E+00,0.000000E+00,0.000000E+00,0.000000E+00,0.000000E+00,0.000000E+00,0.000000E+00,0.000000E+00,0.000000E+00,0.000000E+00,1.765091E+01,5.709943E+01,2.821556E+01,6.043420E+01,0.000000E+00,0.000000E+00,0.000000E+00,0.000000E+00,0.000000E+00,0.000000E+00,0.000000E+00,0.000000E+00,0.000000E+00,0.000000E+00,0.000000E+00,0.000000E+00,1.855721E+01,5.598739E+01,2.612752E+01,5.054858E+01,0.000000E+00,0.000000E+00,0.000000E+00,0.000000E+00,0.000000E+00,0.000000E+00,0.000000E+00,0.000000E+00,0.000000E+00,0.000000E+00,0.000000E+00,0.000000E+00,1.781770E+01,5.569605E+01,2.594252E+01,5.029006E+01,0.000000E+00,2.481803E+02,0.000000E+00,2.188450E-02,0.000000E+00,0.000000E+00,0.000000E+00,0.000000E+00,0.000000E+00,0.000000E+00,0.000000E+00,0.000000E+00,1.672816E+01,5.733489E+01,2.943826E+01,5.656148E+01,0.000000E+00,0.000000E+00,0.000000E+00,0.000000E+00,0.000000E+00,0.000000E+00,0.000000E+00,0.000000E+00,0.000000E+00,0.000000E+00,0.000000E+00,0.000000E+00,2.007765E+01,5.462203E+01,2.615928E+01,4.490056E+01
03:00:00,8.342838E+02,0.000000E+00,5.890728E-02,0.000000E+00,0.000000E+00,0.000000E+00,0.000000E+00,0.000000E+00,0.000000E+00,0.000000E+00,0.000000E+00,0.000000E+00,1.555517E+01,6.931452E+01,2.718088E+01,4.844723E+01,0.000000E+00,0.000000E+00,0.000000E+00,0.000000E+00,0.000000E+00,0.000000E+00,0.000000E+00,0.000000E+00,0.000000E+00,0.000000E+00,0.000000E+00,0.000000E+00,1.752372E+01,6.080893E+01,2.702972E+01,5.950172E+01,0.000000E+00,0.000000E+00,0.000000E+00,0.000000E+00,0.000000E+00,0.000000E+00,0.000000E+00,0.000000E+00,0.000000E+00,0.000000E+00,0.000000E+00,0.000000E+00,1.637895E+01,6.365538E+01,2.775460E+01,4.666625E+01,0.000000E+00,4.072070E+02,0.000000E+00,3.590746E-02,0.000000E+00,0.000000E+00,0.000000E+00,0.000000E+00,0.000000E+00,0.000000E+00,0.000000E+00,0.000000E+00,1.708672E+01,5.886265E+01,2.942907E+01,6.120035E+01,2.921079E+02,2.212294E+03,2.062521E-02,1.950798E-01,0.000000E+00,0.000000E+00,0.000000E+00,0.000000E+00,0.000000E+00,0.000000E+00,0.000000E+00,0.000000E+00,1.555535E+01,6.720995E+01,2.941307E+01,9.638221E+01,0.000000E+00,0.000000E+00,0.000000E+00,0.000000E+00,0.000000E+00,0.000000E+00,0.000000E+00,0.000000E+00,0.000000E+00,0.000000E+00,0.000000E+00,0.000000E+00,1.752071E+01,5.710007E+01,2.835363E+01,6.213802E+01,0.000000E+00,0.000000E+00,0.000000E+00,0.000000E+00,0.000000E+00,0.000000E+00,0.000000E+00,0.000000E+00,0.000000E+00,0.000000E+00,0.000000E+00,0.000000E+00,1.845813E+01,5.607934E+01,2.619032E+01,5.108867E+01,0.000000E+00,0.000000E+00,0.000000E+00,0.000000E+00,0.000000E+00,0.000000E+00,0.000000E+00,0.000000E+00,0.000000E+00,0.000000E+00,0.000000E+00,0.000000E+00,1.769350E+01,5.564512E+01,2.598906E+01,5.078679E+01,0.000000E+00,2.939248E+02,0.000000E+00,2.591825E-02,0.000000E+00,0.000000E+00,0.000000E+00,0.000000E+00,0.000000E+00,0.000000E+00,0.000000E+00,0.000000E+00,1.656496E+01,5.718553E+01,2.943740E+01,5.564117E+01,0.000000E+00,0.000000E+00,0.000000E+00,0.000000E+00,0.000000E+00,0.000000E+00,0.000000E+00,0.000000E+00,0.000000E+00,0.000000E+00,0.000000E+00,0.000000E+00,2.003034E+01,5.478227E+01,2.624038E+01,4.511824E+01
03:15:00,8.814009E+02,0.000000E+00,6.223413E-02,0.000000E+00,0.000000E+00,0.000000E+00,0.000000E+00,0.000000E+00,0.000000E+00,0.000000E+00,0.000000E+00,0.000000E+00,1.555515E+01,6.929234E+01,2.721081E+01,4.915349E+01,0.000000E+00,0.000000E+00,0.000000E+00,0.000000E+00,0.000000E+00,0.000000E+00,0.000000E+00,0.000000E+00,0.000000E+00,0.000000E+00,0.000000E+00,0.000000E+00,1.739716E+01,6.108202E+01,2.710997E+01,6.080895E+01,0.000000E+00,0.000000E+00,0.000000E+00,0.000000E+00,0.000000E+00,0.000000E+00,0.000000E+00,0.000000E+00,0.000000E+00,0.000000E+00,0.000000E+00,0.000000E+00,1.621070E+01,6.395438E+01,2.786435E+01,4.716853E+01,0.000000E+00,4.385826E+02,0.000000E+00,3.867416E-02,0.000000E+00,0.000000E+00,0.000000E+00,0.000000E+00,0.000000E+00,0.000000E+00,0.000000E+00,0.000000E+00,1.693446E+01,5.895061E+01,2.942892E+01,5.915298E+01,4.446550E+02,2.321756E+03,3.139629E-02,2.047322E-01,0.000000E+00,0.000000E+00,0.000000E+00,0.000000E+00,0.000000E+00,0.000000E+00,0.000000E+00,0.000000E+00,1.555530E+01,6.702530E+01,2.941218E+01,9.448139E+01,0.000000E+00,0.000000E+00,0.000000E+00,0.000000E+00,0.000000E+00,0.000000E+00,0.000000E+00,0.000000E+00,0.000000E+00,0.000000E+00,0.000000E+00,0.000000E+00,1.739283E+01,5.709552E+01,2.848869E+01,6.376604E+01,0.000000E+00,0.000000E+00,0.000000E+00,0.000000E+00,0.000000E+00,0.000000E+00,0.000000E+00,0.000000E+00,0.000000E+00,0.000000E+00,0.000000E+00,0.000000E+00,1.836056E+01,5.616718E+01,2.625254E+01,5.161542E+01,0.000000E+00,0.000000E+00,0.000000E+00,0.000000E+00,0.000000E+00,0.000000E+00,0.000000E+00,0.000000E+00,0.000000E+00,0.000000E+00,0.000000E+00,0.000000E+00,1.757167E+01,5.558940E+01,2.603473E+01,5.126594E+01,0.000000E+00,3.306381E+02,0.000000E+00,2.915562E-02,0.000000E+00,0.000000E+00,0.000000E+00,0.000000E+00,0.000000E+00,0.000000E+00,0.000000E+00,0.000000E+00,1.640509E+01,5.703264E+01,2.943686E+01,5.443967E+01,0.000000E+00,0.000000E+00,0.000000E+00,0.000000E+00,0.000000E+00,0.000000E+00,0.000000E+00,0.000000E+00,0.000000E+00,0.000000E+00,0.000000E+00,0.000000E+00,1.998158E+01,5.494798E+01,2.632131E+01,4.533277E+01
03:30:00,9.252571E+02,0.000000E+00,6.533074E-02,0.000000E+00,0.000000E+00,0.000000E+00,0.000000E+00,0.000000E+00,0.000000E+00,0.000000E+00,0.000000E+00,0.000000E+00,1.555513E+01,6.929119E+01,2.723589E+01,4.985785E+01,0.000000E+00,0.000000E+00,0.000000E+00,0.000000E+00,0.000000E+00,0.000000E+00,0.000000E+00,0.000000E+00,0.000000E+00,0.000000E+00,0.000000E+00,0.000000E+00,1.727231E+01,6.135075E+01,2.718781E+01,6.209494E+01,0.000000E+00,0.000000E+00,0.000000E+00,0.000000E+00,0.000000E+00,0.000000E+00,0.000000E+00,0.000000E+00,0.000000E+00,0.000000E+00,0.000000E+00,0.000000E+00,1.604499E+01,6.424698E+01,2.797061E+01,4.765852E+01,0.000000E+00,4.659215E+02,0.000000E+00,4.108490E-02,0.000000E+00,0.000000E+00,0.000000E+00,0.000000E+00,0.000000E+00,0.000000E+00,0.000000E+00,0.000000E+00,1.678341E+01,5.903771E+01,2.942901E+01,5.731009E+01,5.594929E+02,2.416107E+03,3.950478E-02,2.130520E-01,0.000000E+00,0.000000E+00,0.000000E+00,0.000000E+00,0.000000E+00,0.000000E+00,0.000000E+00,0.000000E+00,1.555521E+01,6.690025E+01,2.941169E+01,9.248593E+01,0.000000E+00,0.000000E+00,0.000000E+00,0.000000E+00,0.000000E+00,0.000000E+00,0.000000E+00,0.000000E+00,0.000000E+00,0.000000E+00,0.000000E+00,0.000000E+00,1.726635E+01,5.708917E+01,2.862057E+01,6.532578E+01,0.000000E+00,0.000000E+00,0.000000E+00,0.000000E+00,0.000000E+00,0.000000E+00,0.000000E+00,0.000000E+00,0.000000E+00,0.000000E+00,0.000000E+00,0.000000E+00,1.826408E+01,5.625237E+01,2.631336E+01,5.213267E+01,0.000000E+00,0.000000E+00,0.000000E+00,0.000000E+00,0.000000E+00,0.000000E+00,0.000000E+00,0.000000E+00,0.000000E+00,0.000000E+00,0.000000E+00,0.000000E+00,1.745140E+01,5.553177E+01,2.607873E+01,5.173151E+01,0.000000E+00,3.625152E+02,0.000000E+00,3.196654E-02,0.000000E+00,0.000000E+00,0.000000E+00,0.000000E+00,0.000000E+00,0.000000E+00,0.000000E+00,0.000000E+00,1.624748E+01,5.688013E+01,2.943657E+01,5.313851E+01,0.000000E+00,0.000000E+00,0.000000E+00,0.000000E+00,0.000000E+00,0.000000E+00,0.000000E+00,0.000000E+00,0.000000E+00,0.000000E+00,0.000000E+00,0.000000E+00,1.993138E+01,5.511916E+01,2.640179E+01,4.554551E+01
03:45:00,9.677386E+02,0.000000E+00,6.833028E-02,0.000000E+00,0.000000E+00,0.000000E+00,0.000000E+00,0.000000E+00,0.000000E+00,0.000000E+00,0.000000E+00,0.000000E+00,1.555511E+01,6.930759E+01,2.725649E+01,5.056043E+01,0.000000E+00,0.000000E+00,0.000000E+00,0.000000E+00,0.000000E+00,0.000000E+00,0.000000E+00,0.000000E+00,0.000000E+00,0.000000E+00,0.000000E+00,0.000000E+00,1.714875E+01,6.161662E+01,2.726330E+01,6.336116E+01,0.000000E+00,0.000000E+00,0.000000E+00,0.000000E+00,0.000000E+00,0.000000E+00,0.000000E+00,0.000000E+00,0.000000E+00,0.000000E+00,0.000000E+00,0.000000E+00,1.588179E+01,6.453317E+01,2.807352E+01,4.813697E+01,0.000000E+00,4.898628E+02,0.000000E+00,4.319604E-02,0.000000E+00,0.000000E+00,0.000000E+00,0.000000E+00,0.000000E+00,0.000000E+00,0.000000E+00,0.000000E+00,1.663353E+01,5.912411E+01,2.942922E+01,5.572151E+01,6.447621E+02,2.498009E+03,4.552549E-02,2.202741E-01,0.000000E+00,0.000000E+00,0.000000E+00,0.000000E+00,0.000000E+00,0.000000E+00,0.000000E+00,0.000000E+00,1.555515E+01,6.682726E+01,2.941149E+01,9.053488E+01,0.000000E+00,0.000000E+00,0.000000E+00,0.000000E+00,0.000000E+00,0.000000E+00,0.000000E+00,0.000000E+00,0.000000E+00,0.000000E+00,0.000000E+00,0.000000E+00,1.714107E+01,5.708167E+01,2.874940E+01,6.682120E+01,0.000000E+00,0.000000E+00,0.000000E+00,0.000000E+00,0.000000E+00,0.000000E+00,0.000000E+00,0.000000E+00,0.000000E+00,0.000000E+00,0.000000E+00,0.000000E+00,1.816848E+01,5.633568E+01,2.637267E+01,5.264138E+01,0.000000E+00,0.000000E+00,0.000000E+00,0.000000E+00,0.000000E+00,0.000000E+00,0.000000E+00,0.000000E+00,0.000000E+00,0.000000E+00,0.000000E+00,0.000000E+00,1.733228E+01,5.547364E+01,2.612101E+01,5.218460E+01,0.000000E+00,3.903072E+02,0.000000E+00,3.441724E-02,0.000000E+00,0.000000E+00,0.000000E+00,0.000000E+00,0.000000E+00,0.000000E+00,0.000000E+00,0.000000E+00,1.609203E+01,5.672839E+01,2.943646E+01,5.185603E+01,0.000000E+00,0.000000E+00,0.000000E+00,0.000000E+00,0.000000E+00,0.000000E+00,0.000000E+00,0.000000E+00,0.000000E+00,0.000000E+00,0.000000E+00,0.000000E+00,1.987984E+01,5.529556E+01,2.648161E+01,4.575720E+01
04:00:00,1.006784E+03,0.000000E+00,7.108721E-02,0.000000E+00,0.000000E+00,0.000000E+00,0.000000E+00,0.000000E+00,0.000000E+00,0.000000E+00,0.000000E+00,0.000000E+00,1.555510E+01,6.933776E+01,2.727341E+01,5.125962E+01,0.000000E+00,0.000000E+00,0.000000E+00,0.000000E+00,0.000000E+00,0.000000E+00,0.000000E+00,0.000000E+00,0.000000E+00,0.000000E+00,0.000000E+00,0.000000E+00,1.702633E+01,6.188017E+01,2.733681E+01,6.460709E+01,0.000000E+00,0.000000E+00,0.000000E+00,0.000000E+00,0.000000E+00,0.000000E+00,0.000000E+00,0.000000E+00,0.000000E+00,0.000000E+00,0.000000E+00,0.000000E+00,1.572122E+01,6.481231E+01,2.817341E+01,4.860377E+01,0.000000E+00,5.109040E+02,0.000000E+00,4.505145E-02,0.000000E+00,0.000000E+00,0.000000E+00,0.000000E+00,0.000000E+00,0.000000E+00,0.000000E+00,0.000000E+00,1.648504E+01,5.920898E+01,2.942946E+01,5.438698E+01,7.456385E+02,2.569368E+03,5.264819E-02,2.265665E-01,0.000000E+00,0.000000E+00,0.000000E+00,0.000000E+00,0.000000E+00,0.000000E+00,0.000000E+00,0.000000E+00,1.555510E+01,6.680128E+01,2.941148E+01,8.871063E+01,0.000000E+00,0.000000E+00,0.000000E+00,0.000000E+00,0.000000E+00,0.000000E+00,0.000000E+00,0.000000E+00,0.000000E+00,0.000000E+00,0.000000E+00,0.000000E+00,1.701709E+01,5.707272E+01,2.887558E+01,6.825405E+01,0.000000E+00,0.000000E+00,0.000000E+00,0.000000E+00,0.000000E+00,0.000000E+00,0.000000E+00,0.000000E+00,0.000000E+00,0.000000E+00,0.000000E+00,0.000000E+00,1.807360E+01,5.641759E+01,2.643080E+01,5.314087E+01,0.000000E+00,0.000000E+00,0.000000E+00,0.000000E+00,0.000000E+00,0.000000E+00,0.000000E+00,0.000000E+00,0.000000E+00,0.000000E+00,0.000000E+00,0.000000E+00,1.721424E+01,5.541532E+01,2.616189E+01,5.262483E+01,0.000000E+00,4.146758E+02,0.000000E+00,3.656606E-02,0.000000E+00,0.000000E+00,0.000000E+00,0.000000E+00,0.000000E+00,0.000000E+00,0.000000E+00,0.000000E+00,1.593887E+01,5.657691E+01,2.943648E+01,5.066126E+01,0.000000E+00,0.000000E+00,0.000000E+00,0.000000E+00,0.000000E+00,0.000000E+00,0.000000E+00,0.000000E+00,0.000000E+00,0.000000E+00,0.000000E+00,0.000000E+00,1.982698E+01,5.547713E+01,2.656085E+01,4.596766E+01
04:15:00,1.042776E+03,0.000000E+00,7.362855E-02,0.000000E+00,0.000000E+00,0.000000E+00,0.000000E+00,0.000000E+00,0.000000E+00,0.000000E+00,0.000000E+00,0.000000E+00,1.555509E+01,6.937834E+01,2.728730E+01,5.195407E+01,0.000000E+00,0.000000E+00,0.000000E+00,0.000000E+00,0.000000E+00,0.000000E+00,0.000000E+00,0.000000E+00,0.000000E+00,0.000000E+00,0.000000E+00,0.000000E+00,1.690504E+01,6.214147E+01,2.740866E+01,6.583233E+01,1.117025E+01,0.000000E+00,7.887110E-04,0.000000E+00,0.000000E+00,0.000000E+00,0.000000E+00,0.000000E+00,0.000000E+00,0.000000E+00,0.000000E+00,0.000000E+00,1.556323E+01,6.508450E+01,2.827052E+01,4.905892E+01,0.000000E+00,5.294822E+02,0.000000E+00,4.668967E-02,0.000000E+00,0.000000E+00,0.000000E+00,0.000000E+00,0.000000E+00,0.000000E+00,0.000000E+00,0.000000E+00,1.633803E+01,5.929196E+01,2.942968E+01,5.328235E+01,8.385657E+02,2.632005E+03,5.920962E-02,2.320899E-01,0.000000E+00,0.000000E+00,0.000000E+00,0.000000E+00,0.000000E+00,0.000000E+00,0.000000E+00,0.000000E+00,1.555506E+01,6.682151E+01,2.941156E+01,8.705254E+01,0.000000E+00,0.000000E+00,0.000000E+00,0.000000E+00,0.000000E+00,0.000000E+00,0.000000E+00,0.000000E+00,0.000000E+00,0.000000E+00,0.000000E+00,0.000000E+00,1.689442E+01,5.706225E+01,2.899944E+01,6.962591E+01,0.000000E+00,0.000000E+00,0.000000E+00,0.000000E+00,0.000000E+00,0.000000E+00,0.000000E+00,0.000000E+00,0.000000E+00,0.000000E+00,0.000000E+00,0.000000E+00,1.797936E+01,5.649845E+01,2.648805E+01,5.363047E+01,0.000000E+00,0.000000E+00,0.000000E+00,0.000000E+00,0.000000E+00,0.000000E+00,0.000000E+00,0.000000E+00,0.000000E+00,0.000000E+00,0.000000E+00,0.000000E+00,1.709727E+01,5.535681E+01,2.620165E+01,5.305185E+01,0.000000E+00,4.361846E+02,0.000000E+00,3.846271E-02,0.000000E+00,0.000000E+00,0.000000E+00,0.000000E+00,0.000000E+00,0.000000E+00,0.000000E+00,0.000000E+00,1.578798E+01,5.642570E+01,2.943656E+01,4.958868E+01,0.000000E+00,0.000000E+00,0.000000E+00,0.000000E+00,0.000000E+00,0.000000E+00,0.000000E+00,0.000000E+00,0.000000E+00,0.000000E+00,0.000000E+00,0.000000E+00,1.977285E+01,5.566374E+01,2.663960E+01,4.617668E+01
04:30:00,1.075891E+03,0.000000E+00,7.596673E-02,0.000000E+00,0.000000E+00,0.000000E+00,0.000000E+00,0.000000E+00,0.000000E+00,0.000000E+00,0.000000E+00,0.000000E+00,1.555508E+01,6.942650E+01,2.729913E+01,5.264137E+01,0.000000E+00,0.000000E+00,0.000000E+00,0.000000E+00,0.000000E+00,0.000000E+00,0.000000E+00,0.000000E+00,0.000000E+00,0.000000E+00,0.000000E+00,0.000000E+00,1.678484E+01,6.240052E+01,2.747916E+01,6.703629E+01,2.331304E+01,0.000000E+00,1.646091E-03,0.000000E+00,0.000000E+00,0.000000E+00,0.000000E+00,0.000000E+00,0.000000E+00,0.000000E+00,0.000000E+00,0.000000E+00,1.555541E+01,6.486927E+01,2.836551E+01,4.950113E+01,0.000000E+00,5.459455E+02,0.000000E+00,4.814141E-02,0.000000E+00,0.000000E+00,0.000000E+00,0.000000E+00,0.000000E+00,0.000000E+00,0.000000E+00,0.000000E+00,1.619247E+01,5.937311E+01,2.942985E+01,5.237414E+01,9.332387E+02,2.687161E+03,6.589430E-02,2.369535E-01,0.000000E+00,0.000000E+00,0.000000E+00,0.000000E+00,0.000000E+00,0.000000E+00,0.000000E+00,0.000000E+00,1.555502E+01,6.688458E+01,2.941168E+01,8.557000E+01,0.000000E+00,0.000000E+00,0.000000E+00,0.000000E+00,0.000000E+00,0.000000E+00,0.000000E+00,0.000000E+00,0.000000E+00,0.000000E+00,0.000000E+00,0.000000E+00,1.677299E+01,5.705049E+01,2.912136E+01,7.093805E+01,0.000000E+00,0.000000E+00,0.000000E+00,0.000000E+00,0.000000E+00,0.000000E+00,0.000000E+00,0.000000E+00,0.000000E+00,0.000000E+00,0.000000E+00,0.000000E+00,1.788568E+01,5.657851E+01,2.654464E+01,5.410977E+01,0.000000E+00,0.000000E+00,0.000000E+00,0.000000E+00,0.000000E+00,0.000000E+00,0.000000E+00,0.000000E+00,0.000000E+00,0.000000E+00,0.000000E+00,0.000000E+00,1.698134E+01,5.529815E+01,2.624061E+01,5.346519E+01,6.895963E+00,4.552630E+02,4.869115E-04,4.014504E-02,0.000000E+00,0.000000E+00,0.000000E+00,0.000000E+00,0.000000E+00,0.000000E+00,0.000000E+00,0.000000E+00,1.563926E+01,5.627515E+01,2.943668E+01,4.864903E+01,0.000000E+00,0.000000E+00,0.000000E+00,0.000000E+00,0.000000E+00,0.000000E+00,0.000000E+00,0.000000E+00,0.000000E+00,0.000000E+00,0.000000E+00,0.000000E+00,1.971752E+01,5.585523E+01,2.671780E+01,4.638443E+01
04:45:00,1.106694E+03,0.000000E+00,7.814170E-02,0.000000E+00,0.000000E+00,0.000000E+00,0.000000E+00,0.000000E+00,0.000000E+00,0.000000E+00,0.000000E+00,0.000000E+00,1.555507E+01,6.947977E+01,2.730924E+01,5.332089E+01,0.000000E+00,0.000000E+00,0.000000E+00,0.000000E+00,0.000000E+00,0.000000E+00,0.000000E+00,0.000000E+00,0.000000E+00,0.000000E+00,0.000000E+00,0.000000E+00,1.666573E+01,6.265736E+01,2.754836E+01,6.821947E+01,4.063066E+01,0.000000E+00,2.868858E-03,0.000000E+00,0.000000E+00,0.000000E+00,0.000000E+00,0.000000E+00,0.000000E+00,0.000000E+00,0.000000E+00,0.000000E+00,1.555530E+01,6.472548E+01,2.845836E+01,4.993111E+01,0.000000E+00,5.607638E+02,0.000000E+00,4.944808E-02,0.000000E+00,0.000000E+00,0.000000E+00,0.000000E+00,0.000000E+00,0.000000E+00,0.000000E+00,0.000000E+00,1.604832E+01,5.945259E+01,2.942997E+01,5.162892E+01,1.028366E+03,2.772945E+03,7.261106E-02,2.445180E-01,0.000000E+00,0.000000E+00,0.000000E+00,0.000000E+00,0.000000E+00,0.000000E+00,0.000000E+00,0.000000E+00,1.555499E+01,6.698588E+01,2.941181E+01,8.425966E+01,0.000000E+00,0.000000E+00,0.000000E+00,0.000000E+00,0.000000E+00,0.000000E+00,0.000000E+00,0.000000E+00,0.000000E+00,0.000000E+00,0.000000E+00,0.000000E+00,1.665271E+01,5.703775E+01,2.924131E+01,7.219326E+01,0.000000E+00,0.000000E+00,0.000000E+00,0.000000E+00,0.000000E+00,0.000000E+00,0.000000E+00,0.000000E+00,0.000000E+00,0.000000E+00,0.000000E+00,0.000000E+00,1.779250E+01,5.665795E+01,2.660054E+01,5.457906E+01,0.000000E+00,0.000000E+00,0.000000E+00,0.000000E+00,0.000000E+00,0.000000E+00,0.000000E+00,0.000000E+00,0.000000E+00,0.000000E+00,0.000000E+00,0.000000E+00,1.686642E+01,5.523953E+01,2.627877E+01,5.386536E+01,2.318931E+01,4.728155E+02,1.637355E-03,4.169281E-02,0.000000E+00,0.000000E+00,0.000000E+00,0.000000E+00,0.000000E+00,0.000000E+00,0.000000E+00,0.000000E+00,1.555573E+01,5.601962E+01,2.943681E+01,4.783983E+01,0.000000E+00,0.000000E+00,0.000000E+00,0.000000E+00,0.000000E+00,0.000000E+00,0.000000E+00,0.000000E+00,0.000000E+00,0.000000E+00,0.000000E+00,0.000000E+00,1.966104E+01,5.605144E+01,2.679538E+01,4.659118E+01
05:00:00,1.135322E+03,0.000000E+00,8.016306E-02,0.000000E+00,0.000000E+00,0.000000E+00,0.000000E+00,0.000000E+00,0.000000E+00,0.000000E+00,0.000000E+00,0.000000E+00,1.555507E+01,6.953619E+01,2.735258E+01,5.388272E+01,0.000000E+00,0.000000E+00,0.000000E+00,0.000000E+00,0.000000E+00,0.000000E+00,0.000000E+00,0.000000E+00,0.000000E+00,0.000000E+00,0.000000E+00,0.000000E+00,1.654766E+01,6.291207E+01,2.763180E+01,6.931963E+01,6.161240E+01,0.000000E+00,4.350340E-03,0.000000E+00,0.000000E+00,0.000000E+00,0.000000E+00,0.000000E+00,0.000000E+00,0.000000E+00,0.000000E+00,0.000000E+00,1.555517E+01,6.468792E+01,2.860647E+01,5.018212E+01,0.000000E+00,5.742329E+02,0.000000E+00,5.063578E-02,0.000000E+00,0.000000E+00,0.000000E+00,0.000000E+00,0.000000E+00,0.000000E+00,0.000000E+00,0.000000E+00,1.590557E+01,5.953038E+01,2.943002E+01,5.101212E+01,1.119861E+03,2.904721E+03,7.907134E-02,2.561379E-01,0.000000E+00,0.000000E+00,0.000000E+00,0.000000E+00,0.000000E+00,0.000000E+00,0.000000E+00,0.000000E+00,1.555496E+01,6.711930E+01,2.941032E+01,8.274664E+01,0.000000E+00,2.078266E+01,0.000000E+00,1.832612E-03,0.000000E+00,0.000000E+00,0.000000E+00,0.000000E+00,0.000000E+00,0.000000E+00,0.000000E+00,0.000000E+00,1.653352E+01,5.702425E+01,2.937455E+01,7.332959E+01,0.000000E+00,0.000000E+00,0.000000E+00,0.000000E+00,0.000000E+00,0.000000E+00,0.000000E+00,0.000000E+00,0.000000E+00,0.000000E+00,0.000000E+00,0.000000E+00,1.769979E+01,5.673689E+01,2.665580E+01,5.503852E+01,0.000000E+00,0.000000E+00,0.000000E+00,0.000000E+00,0.000000E+00,0.000000E+00,0.000000E+00,0.000000E+00,0.000000E+00,0.000000E+00,0.000000E+00,0.000000E+00,1.675245E+01,5.518111E+01,2.631608E+01,5.425298E+01,4.346656E+01,4.891723E+02,3.069096E-03,4.313515E-02,0.000000E+00,0.000000E+00,0.000000E+00,0.000000E+00,0.000000E+00,0.000000E+00,0.000000E+00,0.000000E+00,1.555506E+01,5.572395E+01,2.943691E+01,4.714211E+01,0.000000E+00,0.000000E+00,0.000000E+00,0.000000E+00,0.000000E+00,0.000000E+00,0.000000E+00,0.000000E+00,0.000000E+00,0.000000E+00,0.000000E+00,0.000000E+00,1.960348E+01,5.625223E+01,2.687246E+01,4.679658E+01
05:15:00,3.077687E+03,1.167009E+03,2.173099E-01,1.029067E-01,0.000000E+00,0.000000E+00,0.000000E+00,0.000000E+00,0.000000E+00,0.000000E+00,0.000000E+00,0.000000E+00,2.073731E+01,5.131491E+01,2.401470E+01,5.802596E+01,2.788010E+03,2.516118E+03,1.968563E-01,2.218710E-01,0.000000E+00,0.000000E+00,0.000000E+00,0.000000E+00,0.000000E+00,0.000000E+00,0.000000E+00,0.000000E+00,2.098739E+01,4.925955E+01,2.407979E+01,6.872269E+01,4.208788E+02,3.917232E+02,2.971749E-02,3.454210E-02,0.000000E+00,0.000000E+00,0.000000E+00,0.000000E+00,0.000000E+00,0.000000E+00,0.000000E+00,0.000000E+00,2.077715E+01,4.948047E+01,2.432658E+01,5.373850E+01,4.360513E+02,1.028711E+03,3.078880E-02,9.071163E-02,0.000000E+00,0.000000E+00,0.000000E+00,0.000000E+00,0.000000E+00,0.000000E+00,0.000000E+00,0.000000E+00,2.079893E+01,4.778572E+01,2.445531E+01,5.583569E+01,4.056605E+03,5.522543E+03,2.864296E-01,4.869771E-01,0.000000E+00,0.000000E+00,0.000000E+00,0.000000E+00,0.000000E+00,0.000000E+00,0.000000E+00,0.000000E+00,2.077994E+01,5.034507E+01,2.438124E+01,7.687083E+01,8.910722E+02,1.316703E+03,6.291701E-02,1.161067E-01,0.000000E+00,0.000000E+00,0.000000E+00,0.000000E+00,0.000000E+00,0.000000E+00,0.000000E+00,0.000000E+00,2.090516E+01,4.697879E+01,2.441930E+01,6.585729E+01,3.211359E+02,2.787548E+02,2.267483E-02,2.458056E-02,0.000000E+00,0.000000E+00,0.000000E+00,0.000000E+00,0.000000E+00,0.000000E+00,0.000000E+00,0.000000E+00,2.116141E+01,4.738681E+01,2.392545E+01,5.882620E+01,4.375454E+02,2.350400E+02,3.089429E-02,2.072579E-02,0.000000E+00,0.000000E+00,0.000000E+00,0.000000E+00,0.000000E+00,0.000000E+00,0.000000E+00,0.000000E+00,2.099160E+01,4.598588E+01,2.387986E+01,5.810011E+01,6.077202E+02,1.092698E+03,4.291003E-02,9.635399E-02,0.000000E+00,0.000000E+00,0.000000E+00,0.000000E+00,0.000000E+00,0.000000E+00,0.000000E+00,0.000000E+00,2.075710E+01,4.634900E+01,2.445525E+01,5.250426E+01,2.184112E+01,6.132259E+01,1.542162E-03,5.407418E-03,0.000000E+00,0.000000E+00,0.000000E+00,0.000000E+00,0.000000E+00,0.000000E+00,0.000000E+00,0.000000E+00,2.118310E+01,5.102384E+01,2.409173E+01,5.130990E+01
05:30:00,4.040126E+03,1.167009E+03,2.852660E-01,1.029067E-01,0.000000E+00,0.000000E+00,0.000000E+00,0.000000E+00,0.000000E+00,0.000000E+00,0.000000E+00,0.000000E+00,2.112335E+01,5.033070E+01,2.388836E+01,5.639665E+01,4.275008E+03,2.643498E+03,3.018506E-01,2.331033E-01,0.000000E+00,0.000000E+00,0.000000E+00,0.000000E+00,0.000000E+00,0.000000E+00,0.000000E+00,0.000000E+00,2.121966E+01,4.894476E+01,2.388771E+01,6.455432E+01,6.803510E+02,4.793341E+02,4.803836E-02,4.226762E-02,0.000000E+00,0.000000E+00,0.000000E+00,0.000000E+00,0.000000E+00,0.000000E+00,0.000000E+00,0.000000E+00,2.114475E+01,4.904646E+01,2.388820E+01,5.169759E+01,7.275076E+02,1.187782E+03,5.136800E-02,1.047385E-01,0.000000E+00,0.000000E+00,0.000000E+00,0.000000E+00,0.000000E+00,0.000000E+00,0.000000E+00,0.000000E+00,2.114789E+01,4.778893E+01,2.388726E+01,5.629608E+01,5.432988E+03,5.912483E+03,3.836135E-01,5.213620E-01,0.000000E+00,0.000000E+00,0.000000E+00,0.000000E+00,0.000000E+00,0.000000E+00,0.000000E+00,0.000000E+00,2.114563E+01,4.962771E+01,2.388590E+01,7.607010E+01,1.481005E+03,1.668546E+03,1.045711E-01,1.471321E-01,0.000000E+00,0.000000E+00,0.000000E+00,0.000000E+00,0.000000E+00,0.000000E+00,0.000000E+00,0.000000E+00,2.117908E+01,4.713129E+01,2.388714E+01,5.861464E+01,5.056370E+02,2.787548E+02,3.570212E-02,2.458056E-02,0.000000E+00,0.000000E+00,0.000000E+00,0.000000E+00,0.000000E+00,0.000000E+00,0.000000E+00,0.000000E+00,2.126414E+01,4.748532E+01,2.388842E+01,5.726574E+01,6.958273E+02,2.350400E+02,4.913111E-02,2.072579E-02,0.000000E+00,0.000000E+00,0.000000E+00,0.000000E+00,0.000000E+00,0.000000E+00,0.000000E+00,0.000000E+00,2.121456E+01,4.625955E+01,2.388851E+01,5.680547E+01,9.955824E+02,1.258641E+03,7.029628E-02,1.109868E-01,0.000000E+00,0.000000E+00,0.000000E+00,0.000000E+00,0.000000E+00,0.000000E+00,0.000000E+00,0.000000E+00,2.113341E+01,4.674825E+01,2.388788E+01,5.245248E+01,4.230104E+01,8.600614E+01,2.986800E-03,7.584010E-03,0.000000E+00,0.000000E+00,0.000000E+00,0.000000E+00,0.000000E+00,0.000000E+00,0.000000E+00,0.000000E+00,2.120521E+01,5.095466E+01,2.388849E+01,5.020237E+01
05:45:00,5.306553E+03,1.837483E+03,3.746862E-01,1.620290E-01,0.000000E+00,0.000000E+00,0.000000E+00,0.000000E+00,0.000000E+00,0.000000E+00,0.000000E+00,0.000000E+00,2.111088E+01,5.063089E+01,2.376626E+01,5.247618E+01,6.374844E+03,4.226089E+03,4.501162E-01,3.726560E-01,0.000000E+00,0.000000E+00,0.000000E+00,0.000000E+00,0.000000E+00,0.000000E+00,0.000000E+00,0.000000E+00,2.111106E+01,4.984458E+01,2.388791E+01,5.500603E+01,9.801224E+02,7.218585E+02,6.920468E-02,6.365339E-02,0.000000E+00,0.000000E+00,0.000000E+00,0.000000E+00,0.000000E+00,0.000000E+00,0.000000E+00,0.000000E+00,2.111077E+01,5.008981E+01,2.388717E+01,4.601796E+01,1.076371E+03,1.524514E+03,7.600060E-02,1.344315E-01,0.000000E+00,0.000000E+00,0.000000E+00,0.000000E+00,0.000000E+00,0.000000E+00,0.000000E+00,0.000000E+00,2.111016E+01,4.932265E+01,2.388159E+01,5.150295E+01,7.271495E+03,7.808786E+03,5.134272E-01,6.885778E-01,0.000000E+00,0.000000E+00,0.000000E+00,0.000000E+00,0.000000E+00,0.000000E+00,0.000000E+00,0.000000E+00,2.111087E+01,5.023908E+01,2.387420E+01,6.148126E+01,2.210018E+03,2.502585E+03,1.560454E-01,2.206776E-01,0.000000E+00,0.000000E+00,0.000000E+00,0.000000E+00,0.000000E+00,0.000000E+00,0.000000E+00,0.000000E+00,2.111028E+01,4.874884E+01,2.388397E+01,4.246437E+01,7.789261E+02,4.672564E+02,5.499857E-02,4.120261E-02,0.000000E+00,0.000000E+00,0.000000E+00,0.000000E+00,0.000000E+00,0.000000E+00,0.000000E+00,0.000000E+00,2.111049E+01,4.863714E+01,2.388956E+01,5.398267E+01,1.044301E+03,3.877680E+02,7.373619E-02,3.419333E-02,0.000000E+00,0.000000E+00,0.000000E+00,0.000000E+00,0.000000E+00,0.000000E+00,0.000000E+00,0.000000E+00,2.111005E+01,4.795322E+01,2.381535E+01,5.450660E+01,1.441431E+03,1.648822E+03,1.017768E-01,1.453929E-01,0.000000E+00,0.000000E+00,0.000000E+00,0.000000E+00,0.000000E+00,0.000000E+00,0.000000E+00,0.000000E+00,2.110933E+01,4.880778E+01,2.388508E+01,4.861366E+01,6.860058E+01,1.325072E+02,4.843763E-03,1.168447E-02,0.000000E+00,0.000000E+00,0.000000E+00,0.000000E+00,0.000000E+00,0.000000E+00,0.000000E+00,0.000000E+00,2.111135E+01,5.124912E+01,2.388764E+01,4.804975E+01
06:00:00,6.238617E+03,2.359322E+03,4.404975E-01,2.080447E-01,0.000000E+00,0.000000E+00,0.000000E+00,0.000000E+00,0.000000E+00,0.000000E+00,0.000000E+00,0.000000E+00,2.111058E+01,5.066539E+01,2.387029E+01,4.994762E+01,7.876664E+03,5.390714E+03,5.561571E-01,4.753524E-01,0.000000E+00,0.000000E+00,0.000000E+00,0.000000E+00,0.000000E+00,0.000000E+00,0.000000E+00,0.000000E+00,2.111028E+01,5.004176E+01,2.388365E+01,5.046618E+01,1.204449E+03,9.122538E+02,8.504395E-02,8.044242E-02,0.000000E+00,0.000000E+00,0.000000E+00,0.000000E+00,0.000000E+00,0.000000E+00,0.000000E+00,0.000000E+00,2.111019E+01,5.030059E+01,2.388852E+01,4.467436E+01,1.343766E+03,1.784442E+03,9.488091E-02,1.573519E-01,0.000000E+00,0.000000E+00,0.000000E+00,0.000000E+00,0.000000E+00,0.000000E+00,0.000000E+00,0.000000E+00,2.110963E+01,4.966194E+01,2.388143E+01,5.180310E+01,8.527497E+03,9.240688E+03,6.021112E-01,8.148427E-01,0.000000E+00,0.000000E+00,0.000000E+00,0.000000E+00,0.000000E+00,0.000000E+00,0.000000E+00,0.000000E+00,2.111033E+01,5.033020E+01,2.386973E+01,6.070041E+01,2.764548E+03,3.163636E+03,1.951998E-01,2.789690E-01,0.000000E+00,0.000000E+00,0.000000E+00,0.000000E+00,0.000000E+00,0.000000E+00,0.000000E+00,0.000000E+00,2.110943E+01,4.919296E+01,2.389065E+01,4.059155E+01,9.693736E+02,5.959332E+02,6.844572E-02,5.254932E-02,0.000000E+00,0.000000E+00,0.000000E+00,0.000000E+00,0.000000E+00,0.000000E+00,0.000000E+00,0.000000E+00,2.110977E+01,4.898119E+01,2.388552E+01,5.173269E+01,1.299043E+03,4.973788E+02,9.172310E-02,4.385880E-02,0.000000E+00,0.000000E+00,0.000000E+00,0.000000E+00,0.000000E+00,0.000000E+00,0.000000E+00,0.000000E+00,2.110903E+01,4.845401E+01,2.387887E+01,5.245701E+01,1.780468E+03,1.948963E+03,1.257156E-01,1.718593E-01,0.000000E+00,0.000000E+00,0.000000E+00,0.000000E+00,0.000000E+00,0.000000E+00,0.000000E+00,0.000000E+00,2.110900E+01,4.922235E+01,2.388551E+01,4.880592E+01,8.908181E+01,1.702930E+02,6.289906E-03,1.501642E-02,0.000000E+00,0.000000E+00,0.000000E+00,0.000000E+00,0.000000E+00,0.000000E+00,0.000000E+00,0.000000E+00,2.111113E+01,5.124982E+01,2.388763E+01,4.672063E+01
06:15:00,5.195799E+03,1.688611E+03,3.668660E-01,1.489015E-01,0.000000E+00,0.000000E+00,0.000000E+00,0.000000E+00,0.000000E+00,0.000000E+00,0.000000E+00,0.000000E+00,2.111064E+01,5.069787E+01,2.388542E+01,4.945314E+01,6.512878E+03,4.011272E+03,4.598626E-01,3.537135E-01,0.000000E+00,0.000000E+00,0.000000E+00,0.000000E+00,0.000000E+00,0.000000E+00,0.000000E+00,0.000000E+00,2.111048E+01,5.028600E+01,2.388634E+01,5.008734E+01,1.061250E+03,6.970216E+02,7.493297E-02,6.146327E-02,0.000000E+00,0.000000E+00,0.000000E+00,0.000000E+00,0.000000E+00,0.000000E+00,0.000000E+00,0.000000E+00,2.111040E+01,5.051008E+01,2.388960E+01,4.594674E+01,1.155775E+03,1.577106E+03,8.160721E-02,1.390690E-01,0.000000E+00,0.000000E+00,0.000000E+00,0.000000E+00,0.000000E+00,0.000000E+00,0.000000E+00,0.000000E+00,2.111003E+01,5.001974E+01,2.388190E+01,5.360654E+01,6.805166E+03,8.140326E+03,4.805005E-01,7.178129E-01,0.000000E+00,0.000000E+00,0.000000E+00,0.000000E+00,0.000000E+00,0.000000E+00,0.000000E+00,0.000000E+00,2.111048E+01,5.042926E+01,2.387158E+01,6.449718E+01,2.392500E+03,2.521172E+03,1.689301E-01,2.223166E-01,0.000000E+00,0.000000E+00,0.000000E+00,0.000000E+00,0.000000E+00,0.000000E+00,0.000000E+00,0.000000E+00,2.110988E+01,4.969010E+01,2.389288E+01,4.560357E+01,8.309778E+02,4.415835E+02,5.867385E-02,3.893877E-02,0.000000E+00,0.000000E+00,0.000000E+00,0.000000E+00,0.000000E+00,0.000000E+00,0.000000E+00,0.000000E+00,2.111019E+01,4.942644E+01,2.388685E+01,5.081145E+01,1.102295E+03,3.650225E+02,7.783107E-02,3.218764E-02,0.000000E+00,0.000000E+00,0.000000E+00,0.000000E+00,0.000000E+00,0.000000E+00,0.000000E+00,0.000000E+00,2.110962E+01,4.905807E+01,2.388642E+01,5.156719E+01,1.550061E+03,1.633119E+03,1.094470E-01,1.440082E-01,0.000000E+00,0.000000E+00,0.000000E+00,0.000000E+00,0.000000E+00,0.000000E+00,0.000000E+00,0.000000E+00,2.110958E+01,4.963535E+01,2.388585E+01,5.038054E+01,8.704758E+01,1.445014E+02,6.146273E-03,1.274211E-02,0.000000E+00,0.000000E+00,0.000000E+00,0.000000E+00,0.000000E+00,0.000000E+00,0.000000E+00,0.000000E+00,2.111111E+01,5.124987E+01,2.388841E+01,4.656046E+01
06:30:00,5.084900E+03,2.178695E+03,3.590356E-01,1.921171E-01,0.000000E+00,0.000000E+00,0.000000E+00,0.000000E+00,0.000000E+00,0.000000E+00,0.000000E+00,0.000000E+00,2.111069E+01,5.071471E+01,2.388723E+01,4.951928E+01,6.372619E+03,4.985825E+03,4.499592E-01,4.396494E-01,0.000000E+00,0.000000E+00,0.000000E+00,0.000000E+00,0.000000E+00,0.000000E+00,0.000000E+00,0.000000E+00,2.111063E+01,5.045444E+01,2.388684E+01,5.075672E+01,1.002017E+03,7.749003E+02,7.075064E-02,6.833061E-02,0.000000E+00,0.000000E+00,0.000000E+00,0.000000E+00,0.000000E+00,0.000000E+00,0.000000E+00,0.000000E+00,2.111059E+01,5.061422E+01,2.388900E+01,4.721453E+01,1.096165E+03,1.644866E+03,7.739821E-02,1.450441E-01,0.000000E+00,0.000000E+00,0.000000E+00,0.000000E+00,0.000000E+00,0.000000E+00,0.000000E+00,0.000000E+00,2.111032E+01,5.021632E+01,2.388067E+01,5.483934E+01,6.528959E+03,9.230443E+03,4.609980E-01,8.139392E-01,0.000000E+00,0.000000E+00,0.000000E+00,0.000000E+00,0.000000E+00,0.000000E+00,0.000000E+00,0.000000E+00,2.111058E+01,5.048912E+01,2.386884E+01,6.730793E+01,2.290515E+03,2.803936E+03,1.617291E-01,2.472507E-01,0.000000E+00,0.000000E+00,0.000000E+00,0.000000E+00,0.000000E+00,0.000000E+00,0.000000E+00,0.000000E+00,2.111023E+01,4.997996E+01,2.388982E+01,4.946107E+01,8.196341E+02,5.598434E+02,5.787289E-02,4.936692E-02,0.000000E+00,0.000000E+00,0.000000E+00,0.000000E+00,0.000000E+00,0.000000E+00,0.000000E+00,0.000000E+00,2.111041E+01,4.974648E+01,2.388728E+01,5.045596E+01,1.071395E+03,4.633406E+02,7.564929E-02,4.085731E-02,0.000000E+00,0.000000E+00,0.000000E+00,0.000000E+00,0.000000E+00,0.000000E+00,0.000000E+00,0.000000E+00,2.111001E+01,4.945149E+01,2.388728E+01,5.115832E+01,1.468196E+03,1.732447E+03,1.036666E-01,1.527669E-01,0.000000E+00,0.000000E+00,0.000000E+00,0.000000E+00,0.000000E+00,0.000000E+00,0.000000E+00,0.000000E+00,2.110997E+01,4.984481E+01,2.388478E+01,5.145919E+01,8.550114E+01,1.533586E+02,6.037081E-03,1.352314E-02,0.000000E+00,0.000000E+00,0.000000E+00,0.000000E+00,0.000000E+00,0.000000E+00,0.000000E+00,0.000000E+00,2.111111E+01,5.124987E+01,2.388858E+01,4.672593E+01
06:45:00,4.631439E+03,1.993363E+03,3.270176E-01,1.757745E-01,0.000000E+00,0.000000E+00,0.000000E+00,0.000000E+00,0.000000E+00,0.000000E+00,0.000000E+00,0.000000E+00,2.111071E+01,5.072409E+01,2.388739E+01,4.959644E+01,5.553045E+03,4.475374E+03,3.920905E-01,3.946379E-01,0.000000E+00,0.000000E+00,0.000000E+00,0.000000E+00,0.000000E+00,0.000000E+00,0.000000E+00,0.000000E+00,2.111074E+01,5.056299E+01,2.388666E+01,5.125111E+01,8.850450E+02,6.899035E+02,6.249144E-02,6.083560E-02,0.000000E+00,0.000000E+00,0.000000E+00,0.000000E+00,0.000000E+00,0.000000E+00,0.000000E+00,0.000000E+00,2.111069E+01,5.066504E+01,2.388822E+01,4.782174E+01,9.655657E+02,1.517993E+03,6.817686E-02,1.338565E-01,0.000000E+00,0.000000E+00,0.000000E+00,0.000000E+00,0.000000E+00,0.000000E+00,0.000000E+00,0.000000E+00,2.111050E+01,5.032174E+01,2.387955E+01,5.535756E+01,5.693805E+03,8.733552E+03,4.020293E-01,7.701235E-01,0.000000E+00,0.000000E+00,0.000000E+00,0.000000E+00,0.000000E+00,0.000000E+00,0.000000E+00,0.000000E+00,2.111065E+01,5.052418E+01,2.386593E+01,6.827910E+01,2.023252E+03,2.591342E+03,1.428582E-01,2.285042E-01,0.000000E+00,0.000000E+00,0.000000E+00,0.000000E+00,0.000000E+00,0.000000E+00,0.000000E+00,0.000000E+00,2.111044E+01,5.013670E+01,2.388675E+01,5.078022E+01,7.111961E+02,4.843180E+02,5.021627E-02,4.270710E-02,0.000000E+00,0.000000E+00,0.000000E+00,0.000000E+00,0.000000E+00,0.000000E+00,0.000000E+00,0.000000E+00,2.111056E+01,4.995849E+01,2.388748E+01,5.027590E+01,9.388248E+02,4.047670E+02,6.628873E-02,3.569230E-02,0.000000E+00,0.000000E+00,0.000000E+00,0.000000E+00,0.000000E+00,0.000000E+00,0.000000E+00,0.000000E+00,2.111026E+01,4.968814E+01,2.388749E+01,5.092646E+01,1.301514E+03,1.588292E+03,9.189759E-02,1.400554E-01,0.000000E+00,0.000000E+00,0.000000E+00,0.000000E+00,0.000000E+00,0.000000E+00,0.000000E+00,0.000000E+00,2.111019E+01,4.995174E+01,2.388385E+01,5.187813E+01,7.728975E+01,1.386658E+02,5.457290E-03,1.222753E-02,0.000000E+00,0.000000E+00,0.000000E+00,0.000000E+00,0.000000E+00,0.000000E+00,0.000000E+00,0.000000E+00,2.111111E+01,5.124987E+01,2.388855E+01,4.685874E+01
07:00:00,4.480739E+03,1.953348E+03,3.163769E-01,1.722459E-01,0.000000E+00,0.000000E+00,0.000000E+00,0.000000E+00,0.000000E+00,0.000000E+00,0.000000E+00,0.000000E+00,2.111073E+01,5.072601E+01,2.388739E+01,4.959108E+01,5.273980E+03,4.356131E+03,3.723863E-01,3.841231E-01,0.000000E+00,0.000000E+00,0.000000E+00,0.000000E+00,0.000000E+00,0.000000E+00,0.000000E+00,0.000000E+00,2.111080E+01,5.062686E+01,2.388649E+01,5.143487E+01,8.295864E+02,6.509694E+02,5.857560E-02,5.740240E-02,0.000000E+00,0.000000E+00,0.000000E+00,0.000000E+00,0.000000E+00,0.000000E+00,0.000000E+00,0.000000E+00,2.111075E+01,5.068349E+01,2.388781E+01,4.798563E+01,9.049135E+02,1.453681E+03,6.389431E-02,1.281854E-01,0.000000E+00,0.000000E+00,0.000000E+00,0.000000E+00,0.000000E+00,0.000000E+00,0.000000E+00,0.000000E+00,2.111060E+01,5.036786E+01,2.387908E+01,5.559570E+01,5.358102E+03,8.596135E+03,3.783259E-01,7.580061E-01,0.000000E+00,0.000000E+00,0.000000E+00,0.000000E+00,0.000000E+00,0.000000E+00,0.000000E+00,0.000000E+00,2.111070E+01,5.053729E+01,2.386468E+01,6.838086E+01,1.908146E+03,2.521597E+03,1.347308E-01,2.223541E-01,0.000000E+00,0.000000E+00,0.000000E+00,0.000000E+00,0.000000E+00,0.000000E+00,0.000000E+00,0.000000E+00,2.111056E+01,5.021058E+01,2.388540E+01,5.075121E+01,6.783592E+02,4.639653E+02,4.789772E-02,4.091240E-02,0.000000E+00,0.000000E+00,0.000000E+00,0.000000E+00,0.000000E+00,0.000000E+00,0.000000E+00,0.000000E+00,2.111066E+01,5.009205E+01,2.388759E+01,5.015121E+01,8.900878E+02,3.856188E+02,6.284750E-02,3.400381E-02,0.000000E+00,0.000000E+00,0.000000E+00,0.000000E+00,0.000000E+00,0.000000E+00,0.000000E+00,0.000000E+00,2.111041E+01,4.981713E+01,2.388761E+01,5.076901E+01,1.222959E+03,1.518064E+03,8.635090E-02,1.338627E-01,0.000000E+00,0.000000E+00,0.000000E+00,0.000000E+00,0.000000E+00,0.000000E+00,0.000000E+00,0.000000E+00,2.111031E+01,4.999215E+01,2.388347E+01,5.201666E+01,7.413357E+01,1.311648E+02,5.234438E-03,1.156610E-02,0.000000E+00,0.000000E+00,0.000000E+00,0.000000E+00,0.000000E+00,0.000000E+00,0.000000E+00,0.000000E+00,2.111111E+01,5.124987E+01,2.388850E+01,4.691069E+01
07:15:00,4.362822E+03,1.938291E+03,3.080510E-01,1.709183E-01,0.000000E+00,0.000000E+00,0.000000E+00,0.000000E+00,0.000000E+00,0.000000E+00,0.000000E+00,0.000000E+00,2.111074E+01,5.072197E+01,2.388740E+01,4.954486E+01,5.022426E+03,4.241739E+03,3.546244E-01,3.740360E-01,0.000000E+00,0.000000E+00,0.000000E+00,0.000000E+00,0.000000E+00,0.000000E+00,0.000000E+00,0.000000E+00,2.111085E+01,5.066087E+01,2.388644E+01,5.147367E+01,7.835181E+02,6.213552E+02,5.532280E-02,5.479102E-02,0.000000E+00,0.000000E+00,0.000000E+00,0.000000E+00,0.000000E+00,0.000000E+00,0.000000E+00,0.000000E+00,2.111078E+01,5.068209E+01,2.388769E+01,4.800592E+01,8.537397E+02,1.402571E+03,6.028102E-02,1.236786E-01,0.000000E+00,0.000000E+00,0.000000E+00,0.000000E+00,0.000000E+00,0.000000E+00,0.000000E+00,0.000000E+00,2.111065E+01,5.037675E+01,2.387896E+01,5.582951E+01,5.080193E+03,8.443786E+03,3.587033E-01,7.445720E-01,0.000000E+00,0.000000E+00,0.000000E+00,0.000000E+00,0.000000E+00,0.000000E+00,0.000000E+00,0.000000E+00,2.111072E+01,5.053362E+01,2.386466E+01,6.845802E+01,1.809351E+03,2.474683E+03,1.277550E-01,2.182173E-01,0.000000E+00,0.000000E+00,0.000000E+00,0.000000E+00,0.000000E+00,0.000000E+00,0.000000E+00,0.000000E+00,2.111062E+01,5.023646E+01,2.388522E+01,5.047768E+01,6.468773E+02,4.438839E+02,4.567484E-02,3.914162E-02,0.000000E+00,0.000000E+00,0.000000E+00,0.000000E+00,0.000000E+00,0.000000E+00,0.000000E+00,0.000000E+00,2.111072E+01,5.017417E+01,2.388767E+01,5.006591E+01,8.467011E+02,3.703947E+02,5.978404E-02,3.266136E-02,0.000000E+00,0.000000E+00,0.000000E+00,0.000000E+00,0.000000E+00,0.000000E+00,0.000000E+00,0.000000E+00,2.111050E+01,4.987901E+01,2.388769E+01,5.066259E+01,1.157360E+03,1.462325E+03,8.171913E-02,1.289476E-01,0.000000E+00,0.000000E+00,0.000000E+00,0.000000E+00,0.000000E+00,0.000000E+00,0.000000E+00,0.000000E+00,2.111038E+01,4.998954E+01,2.388340E+01,5.213722E+01,7.094662E+01,1.245632E+02,5.009413E-03,1.098396E-02,0.000000E+00,0.000000E+00,0.000000E+00,0.000000E+00,0.000000E+00,0.000000E+00,0.000000E+00,0.000000E+00,2.111111E+01,5.124987E+01,2.388849E+01,4.692599E+01
07:30:00,4.268884E+03,1.925580E+03,3.014182E-01,1.697974E-01,0.000000E+00,0.000000E+00,0.000000E+00,0.000000E+00,0.000000E+00,0.000000E+00,0.000000E+00,0.000000E+00,2.111075E+01,5.071463E+01,2.388742E+01,4.949746E+01,4.804284E+03,4.140695E+03,3.392219E-01,3.651260E-01,0.000000E+00,0.000000E+00,0.000000E+00,0.000000E+00,0.000000E+00,0.000000E+00,0.000000E+00,0.000000E+00,2.111087E+01,5.067639E+01,2.388646E+01,5.149722E+01,7.448804E+02,5.991383E+02,5.259466E-02,5.283194E-02,0.000000E+00,0.000000E+00,0.000000E+00,0.000000E+00,0.000000E+00,0.000000E+00,0.000000E+00,0.000000E+00,2.111080E+01,5.066972E+01,2.388769E+01,4.802777E+01,8.102497E+02,1.360586E+03,5.721027E-02,1.199763E-01,0.000000E+00,0.000000E+00,0.000000E+00,0.000000E+00,0.000000E+00,0.000000E+00,0.000000E+00,0.000000E+00,2.111067E+01,5.036457E+01,2.387890E+01,5.610513E+01,4.848935E+03,8.274173E+03,3.423745E-01,7.296155E-01,0.000000E+00,0.000000E+00,0.000000E+00,0.000000E+00,0.000000E+00,0.000000E+00,0.000000E+00,0.000000E+00,2.111074E+01,5.051954E+01,2.386495E+01,6.877560E+01,1.724932E+03,2.443315E+03,1.217944E-01,2.154512E-01,0.000000E+00,0.000000E+00,0.000000E+00,0.000000E+00,0.000000E+00,0.000000E+00,0.000000E+00,0.000000E+00,2.111065E+01,5.023612E+01,2.388539E+01,5.036217E+01,6.193472E+02,4.263999E+02,4.373099E-02,3.759989E-02,0.000000E+00,0.000000E+00,0.000000E+00,0.000000E+00,0.000000E+00,0.000000E+00,0.000000E+00,0.000000E+00,2.111077E+01,5.022363E+01,2.388774E+01,5.002188E+01,8.091830E+02,3.569236E+02,5.713495E-02,3.147347E-02,0.000000E+00,0.000000E+00,0.000000E+00,0.000000E+00,0.000000E+00,0.000000E+00,0.000000E+00,0.000000E+00,2.111055E+01,4.990156E+01,2.388775E+01,5.060047E+01,1.101942E+03,1.416851E+03,7.780613E-02,1.249378E-01,0.000000E+00,0.000000E+00,0.000000E+00,0.000000E+00,0.000000E+00,0.000000E+00,0.000000E+00,0.000000E+00,2.111041E+01,4.996266E+01,2.388338E+01,5.229978E+01,6.799850E+01,1.187373E+02,4.801252E-03,1.047024E-02,0.000000E+00,0.000000E+00,0.000000E+00,0.000000E+00,0.000000E+00,0.000000E+00,0.000000E+00,0.000000E+00,2.111111E+01,5.124987E+01,2.388850E+01,4.694066E+01
07:45:00,4.192876E+03,1.912311E+03,2.960514E-01,1.686273E-01,0.000000E+00,0.000000E+00,0.000000E+00,0.000000E+00,0.000000E+00,0.000000E+00,0.000000E+00,0.000000E+00,2.111075E+01,5.070626E+01,2.388745E+01,4.946743E+01,4.613600E+03,4.054523E+03,3.257580E-01,3.575273E-01,0.000000E+00,0.000000E+00,0.000000E+00,0.000000E+00,0.000000E+00,0.000000E+00,0.000000E+00,0.000000E+00,2.111089E+01,5.068079E+01,2.388649E+01,5.155020E+01,7.121010E+02,5.820891E+02,5.028017E-02,5.132854E-02,0.000000E+00,0.000000E+00,0.000000E+00,0.000000E+00,0.000000E+00,0.000000E+00,0.000000E+00,0.000000E+00,2.111080E+01,5.065207E+01,2.388770E+01,4.807707E+01,7.729003E+02,1.325712E+03,5.457310E-02,1.169011E-01,0.000000E+00,0.000000E+00,0.000000E+00,0.000000E+00,0.000000E+00,0.000000E+00,0.000000E+00,0.000000E+00,2.111069E+01,5.034161E+01,2.387880E+01,5.638365E+01,4.654266E+03,8.088683E+03,3.286294E-01,7.132590E-01,0.000000E+00,0.000000E+00,0.000000E+00,0.000000E+00,0.000000E+00,0.000000E+00,0.000000E+00,0.000000E+00,2.111074E+01,5.050014E+01,2.386508E+01,6.925269E+01,1.652063E+03,2.423370E+03,1.166492E-01,2.136924E-01,0.000000E+00,0.000000E+00,0.000000E+00,0.000000E+00,0.000000E+00,0.000000E+00,0.000000E+00,0.000000E+00,2.111067E+01,5.022172E+01,2.388550E+01,5.038989E+01,5.951017E+02,4.110440E+02,4.201906E-02,3.624580E-02,0.000000E+00,0.000000E+00,0.000000E+00,0.000000E+00,0.000000E+00,0.000000E+00,0.000000E+00,0.000000E+00,2.111079E+01,5.025187E+01,2.388778E+01,5.001561E+01,7.764736E+02,3.453488E+02,5.482540E-02,3.045282E-02,0.000000E+00,0.000000E+00,0.000000E+00,0.000000E+00,0.000000E+00,0.000000E+00,0.000000E+00,0.000000E+00,2.111058E+01,4.990129E+01,2.388780E+01,5.057545E+01,1.054602E+03,1.379753E+03,7.446354E-02,1.216665E-01,0.000000E+00,0.000000E+00,0.000000E+00,0.000000E+00,0.000000E+00,0.000000E+00,0.000000E+00,0.000000E+00,2.111042E+01,4.992428E+01,2.388334E+01,5.247695E+01,6.526735E+01,1.135477E+02,4.608410E-03,1.001262E-02,0.000000E+00,0.000000E+00,0.000000E+00,0.000000E+00,0.000000E+00,0.000000E+00,0.000000E+00,0.000000E+00,2.111111E+01,5.124987E+01,2.388850E+01,4.696597E+01
08:00:00,4.130308E+03,1.897744E+03,2.916336E-01,1.673428E-01,0.000000E+00,0.000000E+00,0.000000E+00,0.000000E+00,0.000000E+00,0.000000E+00,0.000000E+00,0.000000E+00,2.111075E+01,5.069811E+01,2.388748E+01,4.945767E+01,4.445724E+03,3.983657E+03,3.139046E-01,3.512784E-01,0.000000E+00,0.000000E+00,0.000000E+00,0.000000E+00,0.000000E+00,0.000000E+00,0.000000E+00,0.000000E+00,2.111089E+01,5.067838E+01,2.388650E+01,5.162605E+01,6.840267E+02,5.690027E+02,4.829790E-02,5.017459E-02,0.000000E+00,0.000000E+00,0.000000E+00,0.000000E+00,0.000000E+00,0.000000E+00,0.000000E+00,0.000000E+00,2.111080E+01,5.063231E+01,2.388769E+01,4.813775E+01,7.405479E+02,1.296446E+03,5.228875E-02,1.143205E-01,0.000000E+00,0.000000E+00,0.000000E+00,0.000000E+00,0.000000E+00,0.000000E+00,0.000000E+00,0.000000E+00,2.111069E+01,5.031358E+01,2.387867E+01,5.663414E+01,4.488763E+03,7.887019E+03,3.169435E-01,6.954763E-01,0.000000E+00,0.000000E+00,0.000000E+00,0.000000E+00,0.000000E+00,0.000000E+00,0.000000E+00,0.000000E+00,2.111075E+01,5.047854E+01,2.386511E+01,6.979972E+01,1.588601E+03,2.412158E+03,1.121683E-01,2.127038E-01,0.000000E+00,0.000000E+00,0.000000E+00,0.000000E+00,0.000000E+00,0.000000E+00,0.000000E+00,0.000000E+00,2.111068E+01,5.019969E+01,2.388550E+01,5.045651E+01,5.736005E+02,3.975446E+02,4.050090E-02,3.505544E-02,0.000000E+00,0.000000E+00,0.000000E+00,0.000000E+00,0.000000E+00,0.000000E+00,0.000000E+00,0.000000E+00,2.111081E+01,5.026570E+01,2.388781E+01,5.003873E+01,7.477385E+02,3.355211E+02,5.279647E-02,2.958621E-02,0.000000E+00,0.000000E+00,0.000000E+00,0.000000E+00,0.000000E+00,0.000000E+00,0.000000E+00,0.000000E+00,2.111060E+01,4.988738E+01,2.388783E+01,5.057877E+01,1.013796E+03,1.349449E+03,7.158230E-02,1.189942E-01,0.000000E+00,0.000000E+00,0.000000E+00,0.000000E+00,0.000000E+00,0.000000E+00,0.000000E+00,0.000000E+00,2.111043E+01,4.988155E+01,2.388326E+01,5.263879E+01,6.273400E+01,1.088920E+02,4.429535E-03,9.602085E-03,0.000000E+00,0.000000E+00,0.000000E+00,0.000000E+00,0.000000E+00,0.000000E+00,0.000000E+00,0.000000E+00,2.111111E+01,5.124987E+01,2.388851E+01,4.699997E+01
08:15:00,4.078095E+03,1.880110E+03,2.879470E-01,1.657878E-01,0.000000E+00,0.000000E+00,0.000000E+00,0.000000E+00,0.000000E+00,0.000000E+00,0.000000E+00,0.000000E+00,2.111074E+01,5.069066E+01,2.388750E+01,4.946278E+01,4.296978E+03,3.927041E+03,3.034019E-01,3.462860E-01,0.000000E+00,0.000000E+00,0.000000E+00,0.000000E+00,0.000000E+00,0.000000E+00,0.000000E+00,0.000000E+00,2.111090E+01,5.067167E+01,2.388649E+01,5.170776E+01,6.597772E+02,5.590668E+02,4.658568E-02,4.929844E-02,0.000000E+00,0.000000E+00,0.000000E+00,0.000000E+00,0.000000E+00,0.000000E+00,0.000000E+00,0.000000E+00,2.111080E+01,5.061203E+01,2.388767E+01,4.819378E+01,7.123051E+02,1.271563E+03,5.029458E-02,1.121263E-01,0.000000E+00,0.000000E+00,0.000000E+00,0.000000E+00,0.000000E+00,0.000000E+00,0.000000E+00,0.000000E+00,2.111069E+01,5.028338E+01,2.387855E+01,5.685060E+01,4.346769E+03,7.669091E+03,3.069175E-01,6.762595E-01,0.000000E+00,0.000000E+00,0.000000E+00,0.000000E+00,0.000000E+00,0.000000E+00,0.000000E+00,0.000000E+00,2.111074E+01,5.045636E+01,2.386518E+01,7.041866E+01,1.532884E+03,2.406725E+03,1.082342E-01,2.122247E-01,0.000000E+00,0.000000E+00,0.000000E+00,0.000000E+00,0.000000E+00,0.000000E+00,0.000000E+00,0.000000E+00,2.111068E+01,5.017349E+01,2.388546E+01,5.050349E+01,5.544116E+02,3.855989E+02,3.914600E-02,3.400206E-02,0.000000E+00,0.000000E+00,0.000000E+00,0.000000E+00,0.000000E+00,0.000000E+00,0.000000E+00,0.000000E+00,2.111082E+01,5.026939E+01,2.388783E+01,5.008239E+01,7.223178E+02,3.270930E+02,5.100156E-02,2.884302E-02,0.000000E+00,0.000000E+00,0.000000E+00,0.000000E+00,0.000000E+00,0.000000E+00,0.000000E+00,0.000000E+00,2.111061E+01,4.986507E+01,2.388785E+01,5.060201E+01,9.783318E+02,1.324622E+03,6.907825E-02,1.168050E-01,0.000000E+00,0.000000E+00,0.000000E+00,0.000000E+00,0.000000E+00,0.000000E+00,0.000000E+00,0.000000E+00,2.111042E+01,4.983791E+01,2.388319E+01,5.277490E+01,6.038052E+01,1.046968E+02,4.263360E-03,9.232149E-03,0.000000E+00,0.000000E+00,0.000000E+00,0.000000E+00,0.000000E+00,0.000000E+00,0.000000E+00,0.000000E+00,2.111111E+01,5.124987E+01,2.388851E+01,4.703803E+01
08:30:00,4.033985E+03,1.867617E+03,2.848324E-01,1.646862E-01,0.000000E+00,0.000000E+00,0.000000E+00,0.000000E+00,0.000000E+00,0.000000E+00,0.000000E+00,0.000000E+00,2.111074E+01,5.068396E+01,2.388751E+01,4.947606E+01,4.164697E+03,3.884712E+03,2.940617E-01,3.425534E-01,0.000000E+00,0.000000E+00,0.000000E+00,0.000000E+00,0.000000E+00,0.000000E+00,0.000000E+00,0.000000E+00,2.111090E+01,5.066219E+01,2.388647E+01,5.178412E+01,6.386964E+02,5.518183E+02,4.509720E-02,4.865927E-02,0.000000E+00,0.000000E+00,0.000000E+00,0.000000E+00,0.000000E+00,0.000000E+00,0.000000E+00,0.000000E+00,2.111080E+01,5.059199E+01,2.388765E+01,4.823850E+01,6.875114E+02,1.250289E+03,4.854394E-02,1.102503E-01,0.000000E+00,0.000000E+00,0.000000E+00,0.000000E+00,0.000000E+00,0.000000E+00,0.000000E+00,0.000000E+00,2.111069E+01,5.025250E+01,2.387845E+01,5.703838E+01,4.224085E+03,7.429753E+03,2.982551E-01,6.551546E-01,0.000000E+00,0.000000E+00,0.000000E+00,0.000000E+00,0.000000E+00,0.000000E+00,0.000000E+00,0.000000E+00,2.111074E+01,5.043443E+01,2.386525E+01,7.112765E+01,1.483676E+03,2.405224E+03,1.047597E-01,2.120923E-01,0.000000E+00,0.000000E+00,0.000000E+00,0.000000E+00,0.000000E+00,0.000000E+00,0.000000E+00,0.000000E+00,2.111068E+01,5.014512E+01,2.388542E+01,5.052215E+01,5.372125E+02,3.750422E+02,3.793161E-02,3.307117E-02,0.000000E+00,0.000000E+00,0.000000E+00,0.000000E+00,0.000000E+00,0.000000E+00,0.000000E+00,0.000000E+00,2.111083E+01,5.026584E+01,2.388785E+01,5.013939E+01,6.997196E+02,3.199378E+02,4.940594E-02,2.821207E-02,0.000000E+00,0.000000E+00,0.000000E+00,0.000000E+00,0.000000E+00,0.000000E+00,0.000000E+00,0.000000E+00,2.111061E+01,4.983756E+01,2.388786E+01,5.063813E+01,9.473237E+02,1.304492E+03,6.688882E-02,1.150299E-01,0.000000E+00,0.000000E+00,0.000000E+00,0.000000E+00,0.000000E+00,0.000000E+00,0.000000E+00,0.000000E+00,2.111042E+01,4.979490E+01,2.388312E+01,5.288659E+01,5.819363E+01,1.009045E+02,4.108947E-03,8.897749E-03,0.000000E+00,0.000000E+00,0.000000E+00,0.000000E+00,0.000000E+00,0.000000E+00,0.000000E+00,0.000000E+00,2.111111E+01,5.124987E+01,2.388850E+01,4.707709E+01
08:45:00,3.996193E+03,1.865277E+03,2.821640E-01,1.644798E-01,0.000000E+00,0.000000E+00,0.000000E+00,0.000000E+00,0.000000E+00,0.000000E+00,0.000000E+00,0.000000E+00,2.111074E+01,5.067797E+01,2.388750E+01,4.948811E+01,4.046542E+03,3.851357E+03,2.857190E-01,3.396121E-01,0.000000E+00,0.000000E+00,0.000000E+00,0.000000E+00,0.000000E+00,0.000000E+00,0.000000E+00,0.000000E+00,2.111091E+01,5.065097E+01,2.388645E+01,5.185113E+01,6.202757E+02,5.469665E+02,4.379655E-02,4.823144E-02,0.000000E+00,0.000000E+00,0.000000E+00,0.000000E+00,0.000000E+00,0.000000E+00,0.000000E+00,0.000000E+00,2.111080E+01,5.057256E+01,2.388763E+01,4.827170E+01,6.656495E+02,1.232062E+03,4.700031E-02,1.086430E-01,0.000000E+00,0.000000E+00,0.000000E+00,0.000000E+00,0.000000E+00,0.000000E+00,0.000000E+00,0.000000E+00,2.111069E+01,5.022174E+01,2.387836E+01,5.720419E+01,4.117474E+03,7.189928E+03,2.907275E-01,6.340070E-01,0.000000E+00,0.000000E+00,0.000000E+00,0.000000E+00,0.000000E+00,0.000000E+00,0.000000E+00,0.000000E+00,2.111074E+01,5.041316E+01,2.386528E+01,7.192384E+01,1.440041E+03,2.405328E+03,1.016787E-01,2.121015E-01,0.000000E+00,0.000000E+00,0.000000E+00,0.000000E+00,0.000000E+00,0.000000E+00,0.000000E+00,0.000000E+00,2.111068E+01,5.011585E+01,2.388539E+01,5.052378E+01,5.217451E+02,3.657429E+02,3.683948E-02,3.225116E-02,0.000000E+00,0.000000E+00,0.000000E+00,0.000000E+00,0.000000E+00,0.000000E+00,0.000000E+00,0.000000E+00,2.111084E+01,5.025716E+01,2.388785E+01,5.020460E+01,6.795532E+02,3.139494E+02,4.798202E-02,2.768402E-02,0.000000E+00,0.000000E+00,0.000000E+00,0.000000E+00,0.000000E+00,0.000000E+00,0.000000E+00,0.000000E+00,2.111061E+01,4.980698E+01,2.388786E+01,5.068192E+01,9.200806E+02,1.288689E+03,6.496523E-02,1.136365E-01,0.000000E+00,0.000000E+00,0.000000E+00,0.000000E+00,0.000000E+00,0.000000E+00,0.000000E+00,0.000000E+00,2.111041E+01,4.975322E+01,2.388306E+01,5.297836E+01,5.616178E+01,9.747179E+01,3.965482E-03,8.595050E-03,0.000000E+00,0.000000E+00,0.000000E+00,0.000000E+00,0.000000E+00,0.000000E+00,0.000000E+00,0.000000E+00,2.111111E+01,5.124987E+01,2.388850E+01,4.711586E+01
09:00:00,3.963667E+03,1.872200E+03,2.798674E-01,1.650904E-01,0.000000E+00,0.000000E+00,0.000000E+00,0.000000E+00,0.000000E+00,0.000000E+00,0.000000E+00,0.000000E+00,2.111074E+01,5.067262E+01,2.388748E+01,4.949130E+01,3.940661E+03,3.824703E+03,2.782430E-01,3.372618E-01,0.000000E+00,0.000000E+00,0.000000E+00,0.000000E+00,0.000000E+00,0.000000E+00,0.000000E+00,0.000000E+00,2.111091E+01,5.063871E+01,2.388644E+01,5.190892E+01,6.041488E+02,5.441472E+02,4.265786E-02,4.798283E-02,0.000000E+00,0.000000E+00,0.000000E+00,0.000000E+00,0.000000E+00,0.000000E+00,0.000000E+00,0.000000E+00,2.111079E+01,5.055395E+01,2.388761E+01,4.829495E+01,6.463200E+02,1.216381E+03,4.563549E-02,1.072603E-01,0.000000E+00,0.000000E+00,0.000000E+00,0.000000E+00,0.000000E+00,0.000000E+00,0.000000E+00,0.000000E+00,2.111069E+01,5.019163E+01,2.387828E+01,5.735195E+01,4.024492E+03,6.977033E+03,2.841621E-01,6.152339E-01,0.000000E+00,0.000000E+00,0.000000E+00,0.000000E+00,0.000000E+00,0.000000E+00,0.000000E+00,0.000000E+00,2.111074E+01,5.039279E+01,2.386511E+01,7.273017E+01,1.401173E+03,2.406321E+03,9.893432E-02,2.121891E-01,0.000000E+00,0.000000E+00,0.000000E+00,0.000000E+00,0.000000E+00,0.000000E+00,0.000000E+00,0.000000E+00,2.111068E+01,5.008653E+01,2.388539E+01,5.052131E+01,5.077944E+02,3.575837E+02,3.585445E-02,3.153168E-02,0.000000E+00,0.000000E+00,0.000000E+00,0.000000E+00,0.000000E+00,0.000000E+00,0.000000E+00,0.000000E+00,2.111084E+01,5.024488E+01,2.388785E+01,5.027452E+01,6.614967E+02,3.090314E+02,4.670709E-02,2.725035E-02,0.000000E+00,0.000000E+00,0.000000E+00,0.000000E+00,0.000000E+00,0.000000E+00,0.000000E+00,0.000000E+00,2.111061E+01,4.977478E+01,2.388787E+01,5.072964E+01,8.960733E+02,1.276535E+03,6.327012E-02,1.125647E-01,0.000000E+00,0.000000E+00,0.000000E+00,0.000000E+00,0.000000E+00,0.000000E+00,0.000000E+00,0.000000E+00,2.111041E+01,4.971327E+01,2.388300E+01,5.305191E+01,5.427414E+01,9.436132E+01,3.832200E-03,8.320770E-03,0.000000E+00,0.000000E+00,0.000000E+00,0.000000E+00,0.000000E+00,0.000000E+00,0.000000E+00,0.000000E+00,2.111111E+01,5.124987E+01,2.388849E+01,4.715397E+01
09:15:00,3.935470E+03,1.887422E+03,2.778765E-01,1.664326E-01,0.000000E+00,0.000000E+00,0.000000E+00,0.000000E+00,0.000000E+00,0.000000E+00,0.000000E+00,0.000000E+00,2.111074E+01,5.066785E+01,2.388747E+01,4.948434E+01,3.845508E+03,3.802496E+03,2.715244E-01,3.353037E-01,0.000000E+00,0.000000E+00,0.000000E+00,0.000000E+00,0.000000E+00,0.000000E+00,0.000000E+00,0.000000E+00,2.111091E+01,5.062589E+01,2.388642E+01,5.195858E+01,5.899482E+02,5.429131E+02,4.165518E-02,4.787401E-02,0.000000E+00,0.000000E+00,0.000000E+00,0.000000E+00,0.000000E+00,0.000000E+00,0.000000E+00,0.000000E+00,2.111079E+01,5.053631E+01,2.388760E+01,4.831006E+01,6.291611E+02,1.202750E+03,4.442393E-02,1.060583E-01,0.000000E+00,0.000000E+00,0.000000E+00,0.000000E+00,0.000000E+00,0.000000E+00,0.000000E+00,0.000000E+00,2.111068E+01,5.016250E+01,2.387821E+01,5.748402E+01,3.943035E+03,6.801805E+03,2.784106E-01,5.997823E-01,0.000000E+00,0.000000E+00,0.000000E+00,0.000000E+00,0.000000E+00,0.000000E+00,0.000000E+00,0.000000E+00,2.111074E+01,5.037348E+01,2.386478E+01,7.344835E+01,1.366433E+03,2.406955E+03,9.648139E-02,2.122450E-01,0.000000E+00,0.000000E+00,0.000000E+00,0.000000E+00,0.000000E+00,0.000000E+00,0.000000E+00,0.000000E+00,2.111068E+01,5.005768E+01,2.388539E+01,5.051943E+01,4.951801E+02,3.504077E+02,3.496378E-02,3.089890E-02,0.000000E+00,0.000000E+00,0.000000E+00,0.000000E+00,0.000000E+00,0.000000E+00,0.000000E+00,0.000000E+00,2.111085E+01,5.023014E+01,2.388785E+01,5.034659E+01,6.452830E+02,3.049995E+02,4.556227E-02,2.689481E-02,0.000000E+00,0.000000E+00,0.000000E+00,0.000000E+00,0.000000E+00,0.000000E+00,0.000000E+00,0.000000E+00,2.111061E+01,4.974199E+01,2.388786E+01,5.077852E+01,8.748220E+02,1.267323E+03,6.176961E-02,1.117524E-01,0.000000E+00,0.000000E+00,0.000000E+00,0.000000E+00,0.000000E+00,0.000000E+00,0.000000E+00,0.000000E+00,2.111040E+01,4.967532E+01,2.388296E+01,5.310975E+01,5.252065E+01,9.153907E+01,3.708388E-03,8.071904E-03,0.000000E+00,0.000000E+00,0.000000E+00,0.000000E+00,0.000000E+00,0.000000E+00,0.000000E+00,0.000000E+00,2.111111E+01,5.124987E+01,2.388849E+01,4.719131E+01
09:30:00,3.910857E+03,1.906347E+03,2.761386E-01,1.681015E-01,0.000000E+00,0.000000E+00,0.000000E+00,0.000000E+00,0.000000E+00,0.000000E+00,0.000000E+00,0.000000E+00,2.111074E+01,5.066360E+01,2.388746E+01,4.946932E+01,3.759671E+03,3.783420E+03,2.654636E-01,3.336215E-01,0.000000E+00,0.000000E+00,0.000000E+00,0.000000E+00,0.000000E+00,0.000000E+00,0.000000E+00,0.000000E+00,2.111091E+01,5.061287E+01,2.388641E+01,5.200169E+01,5.773990E+02,5.429984E+02,4.076911E-02,4.788153E-02,0.000000E+00,0.000000E+00,0.000000E+00,0.000000E+00,0.000000E+00,0.000000E+00,0.000000E+00,0.000000E+00,2.111079E+01,5.051969E+01,2.388759E+01,4.831869E+01,6.138860E+02,1.190921E+03,4.334538E-02,1.050153E-01,0.000000E+00,0.000000E+00,0.000000E+00,0.000000E+00,0.000000E+00,0.000000E+00,0.000000E+00,0.000000E+00,2.111068E+01,5.013454E+01,2.387814E+01,5.760251E+01,3.871333E+03,6.670027E+03,2.733479E-01,5.881621E-01,0.000000E+00,0.000000E+00,0.000000E+00,0.000000E+00,0.000000E+00,0.000000E+00,0.000000E+00,0.000000E+00,2.111073E+01,5.035531E+01,2.386442E+01,7.404381E+01,1.335291E+03,2.406350E+03,9.428252E-02,2.121916E-01,0.000000E+00,0.000000E+00,0.000000E+00,0.000000E+00,0.000000E+00,0.000000E+00,0.000000E+00,0.000000E+00,2.111068E+01,5.002965E+01,2.388539E+01,5.051926E+01,4.837497E+02,3.441218E+02,3.415670E-02,3.034461E-02,0.000000E+00,0.000000E+00,0.000000E+00,0.000000E+00,0.000000E+00,0.000000E+00,0.000000E+00,0.000000E+00,2.111085E+01,5.021377E+01,2.388785E+01,5.041903E+01,6.306879E+02,3.017779E+02,4.453174E-02,2.661074E-02,0.000000E+00,0.000000E+00,0.000000E+00,0.000000E+00,0.000000E+00,0.000000E+00,0.000000E+00,0.000000E+00,2.111061E+01,4.970928E+01,2.388786E+01,5.082668E+01,8.559493E+02,1.260643E+03,6.043704E-02,1.111633E-01,0.000000E+00,0.000000E+00,0.000000E+00,0.000000E+00,0.000000E+00,0.000000E+00,0.000000E+00,0.000000E+00,2.111040E+01,4.963946E+01,2.388292E+01,5.315482E+01,5.089189E+01,8.897587E+01,3.593385E-03,7.845881E-03,0.000000E+00,0.000000E+00,0.000000E+00,0.000000E+00,0.000000E+00,0.000000E+00,0.000000E+00,0.000000E+00,2.111111E+01,5.124987E+01,2.388849E+01,4.722781E+01
09:45:00,3.889230E+03,1.925849E+03,2.746115E-01,1.698211E-01,0.000000E+00,0.000000E+00,0.000000E+00,0.000000E+00,0.000000E+00,0.000000E+00,0.000000E+00,0.000000E+00,2.111074E+01,5.065981E+01,2.388745E+01,4.944853E+01,3.682171E+03,3.766529E+03,2.599915E-01,3.321321E-01,0.000000E+00,0.000000E+00,0.000000E+00,0.000000E+00,0.000000E+00,0.000000E+00,0.000000E+00,0.000000E+00,2.111090E+01,5.059988E+01,2.388640E+01,5.203966E+01,5.662761E+02,5.440992E+02,3.998374E-02,4.797860E-02,0.000000E+00,0.000000E+00,0.000000E+00,0.000000E+00,0.000000E+00,0.000000E+00,0.000000E+00,0.000000E+00,2.111079E+01,5.050408E+01,2.388758E+01,4.832189E+01,6.002550E+02,1.180719E+03,4.238293E-02,1.041156E-01,0.000000E+00,0.000000E+00,0.000000E+00,0.000000E+00,0.000000E+00,0.000000E+00,0.000000E+00,0.000000E+00,2.111068E+01,5.010787E+01,2.387808E+01,5.770796E+01,3.807992E+03,6.571448E+03,2.688754E-01,5.794695E-01,0.000000E+00,0.000000E+00,0.000000E+00,0.000000E+00,0.000000E+00,0.000000E+00,0.000000E+00,0.000000E+00,2.111073E+01,5.033829E+01,2.386412E+01,7.452715E+01,1.307278E+03,2.404629E+03,9.230455E-02,2.120399E-01,0.000000E+00,0.000000E+00,0.000000E+00,0.000000E+00,0.000000E+00,0.000000E+00,0.000000E+00,0.000000E+00,2.111067E+01,5.000262E+01,2.388539E+01,5.052124E+01,4.733724E+02,3.386418E+02,3.342397E-02,2.986139E-02,0.000000E+00,0.000000E+00,0.000000E+00,0.000000E+00,0.000000E+00,0.000000E+00,0.000000E+00,0.000000E+00,2.111085E+01,5.019638E+01,2.388785E+01,5.049046E+01,6.175211E+02,2.992939E+02,4.360205E-02,2.639170E-02,0.000000E+00,0.000000E+00,0.000000E+00,0.000000E+00,0.000000E+00,0.000000E+00,0.000000E+00,0.000000E+00,2.111061E+01,4.967712E+01,2.388786E+01,5.087262E+01,8.391423E+02,1.255874E+03,5.925033E-02,1.107428E-01,0.000000E+00,0.000000E+00,0.000000E+00,0.000000E+00,0.000000E+00,0.000000E+00,0.000000E+00,0.000000E+00,2.111039E+01,4.960570E+01,2.388289E+01,5.318880E+01,4.937907E+01,8.664669E+01,3.486567E-03,7.640494E-03,0.000000E+00,0.000000E+00,0.000000E+00,0.000000E+00,0.000000E+00,0.000000E+00,0.000000E+00,0.000000E+00,2.111111E+01,5.124987E+01,2.388848E+01,4.726338E+01
10:00:00,3.870121E+03,1.946146E+03,2.732623E-01,1.716109E-01,0.000000E+00,0.000000E+00,0.000000E+00,0.000000E+00,0.000000E+00,0.000000E+00,0.000000E+00,0.000000E+00,2.111073E+01,5.065642E+01,2.388745E+01,4.942358E+01,3.612227E+03,3.750668E+03,2.550528E-01,3.307334E-01,0.000000E+00,0.000000E+00,0.000000E+00,0.000000E+00,0.000000E+00,0.000000E+00,0.000000E+00,0.000000E+00,2.111090E+01,5.058710E+01,2.388639E+01,5.207361E+01,5.563682E+02,5.460714E+02,3.928416E-02,4.815251E-02,0.000000E+00,0.000000E+00,0.000000E+00,0.000000E+00,0.000000E+00,0.000000E+00,0.000000E+00,0.000000E+00,2.111078E+01,5.048946E+01,2.388757E+01,4.832035E+01,5.880718E+02,1.172071E+03,4.152269E-02,1.033531E-01,0.000000E+00,0.000000E+00,0.000000E+00,0.000000E+00,0.000000E+00,0.000000E+00,0.000000E+00,0.000000E+00,2.111067E+01,5.008255E+01,2.387803E+01,5.779995E+01,3.751840E+03,6.493697E+03,2.649107E-01,5.726134E-01,0.000000E+00,0.000000E+00,0.000000E+00,0.000000E+00,0.000000E+00,0.000000E+00,0.000000E+00,0.000000E+00,2.111073E+01,5.032239E+01,2.386387E+01,7.492032E+01,1.282099E+03,2.400639E+03,9.052668E-02,2.116880E-01,0.000000E+00,0.000000E+00,0.000000E+00,0.000000E+00,0.000000E+00,0.000000E+00,0.000000E+00,0.000000E+00,2.111067E+01,4.997673E+01,2.388539E+01,5.052622E+01,4.639575E+02,3.338829E+02,3.275921E-02,2.944175E-02,0.000000E+00,0.000000E+00,0.000000E+00,0.000000E+00,0.000000E+00,0.000000E+00,0.000000E+00,0.000000E+00,2.111085E+01,5.017843E+01,2.388784E+01,5.055978E+01,6.056475E+02,2.974697E+02,4.276368E-02,2.623084E-02,0.000000E+00,0.000000E+00,0.000000E+00,0.000000E+00,0.000000E+00,0.000000E+00,0.000000E+00,0.000000E+00,2.111061E+01,4.964581E+01,2.388785E+01,5.091511E+01,8.241406E+02,1.252840E+03,5.819108E-02,1.104752E-01,0.000000E+00,0.000000E+00,0.000000E+00,0.000000E+00,0.000000E+00,0.000000E+00,0.000000E+00,0.000000E+00,2.111039E+01,4.957403E+01,2.388286E+01,5.321266E+01,4.797759E+01,8.452751E+01,3.387612E-03,7.453625E-03,0.000000E+00,0.000000E+00,0.000000E+00,0.000000E+00,0.000000E+00,0.000000E+00,0.000000E+00,0.000000E+00,2.111111E+01,5.124987E+01,2.388848E+01,4.729792E+01
10:15:00,3.853134E+03,1.967593E+03,2.720628E-01,1.735021E-01,0.000000E+00,0.000000E+00,0.000000E+00,0.000000E+00,0.000000E+00,0.000000E+00,0.000000E+00,0.000000E+00,2.111073E+01,5.065339E+01,2.388744E+01,4.939550E+01,3.548996E+03,3.735078E+03,2.505882E-01,3.293587E-01,0.000000E+00,0.000000E+00,0.000000E+00,0.000000E+00,0.000000E+00,0.000000E+00,0.000000E+00,0.000000E+00,2.111090E+01,5.057465E+01,2.388638E+01,5.210461E+01,5.475517E+02,5.487529E+02,3.866164E-02,4.838896E-02,0.000000E+00,0.000000E+00,0.000000E+00,0.000000E+00,0.000000E+00,0.000000E+00,0.000000E+00,0.000000E+00,2.111078E+01,5.047582E+01,2.388757E+01,4.831465E+01,5.771772E+02,1.164921E+03,4.075344E-02,1.027226E-01,0.000000E+00,0.000000E+00,0.000000E+00,0.000000E+00,0.000000E+00,0.000000E+00,0.000000E+00,0.000000E+00,2.111067E+01,5.005861E+01,2.387797E+01,5.787802E+01,3.701935E+03,6.432426E+03,2.613870E-01,5.672105E-01,0.000000E+00,0.000000E+00,0.000000E+00,0.000000E+00,0.000000E+00,0.000000E+00,0.000000E+00,0.000000E+00,2.111073E+01,5.030761E+01,2.386366E+01,7.524069E+01,1.259425E+03,2.393823E+03,8.892576E-02,2.110870E-01,0.000000E+00,0.000000E+00,0.000000E+00,0.000000E+00,0.000000E+00,0.000000E+00,0.000000E+00,0.000000E+00,2.111067E+01,4.995208E+01,2.388540E+01,5.053529E+01,4.554027E+02,3.297866E+02,3.215517E-02,2.908054E-02,0.000000E+00,0.000000E+00,0.000000E+00,0.000000E+00,0.000000E+00,0.000000E+00,0.000000E+00,0.000000E+00,2.111085E+01,5.016026E+01,2.388783E+01,5.062613E+01,5.949208E+02,2.962415E+02,4.200628E-02,2.612254E-02,0.000000E+00,0.000000E+00,0.000000E+00,0.000000E+00,0.000000E+00,0.000000E+00,0.000000E+00,0.000000E+00,2.111061E+01,4.961559E+01,2.388784E+01,5.095323E+01,8.107407E+02,1.251299E+03,5.724494E-02,1.103394E-01,0.000000E+00,0.000000E+00,0.000000E+00,0.000000E+00,0.000000E+00,0.000000E+00,0.000000E+00,0.000000E+00,2.111039E+01,4.954443E+01,2.388284E+01,5.322726E+01,4.667933E+01,8.260413E+01,3.295944E-03,7.284021E-03,0.000000E+00,0.000000E+00,0.000000E+00,0.000000E+00,0.000000E+00,0.000000E+00,0.000000E+00,0.000000E+00,2.111111E+01,5.124987E+01,2.388847E+01,4.733134E+01
10:30:00,3.837938E+03,1.990986E+03,2.709899E-01,1.755649E-01,0.000000E+00,0.000000E+00,0.000000E+00,0.000000E+00,0.000000E+00,0.000000E+00,0.000000E+00,0.000000E+00,2.111073E+01,5.065067E+01,2.388744E+01,4.936483E+01,3.491719E+03,3.719101E+03,2.465440E-01,3.279499E-01,0.000000E+00,0.000000E+00,0.000000E+00,0.000000E+00,0.000000E+00,0.000000E+00,0.000000E+00,0.000000E+00,2.111090E+01,5.056262E+01,2.388638E+01,5.213396E+01,5.396894E+02,5.520068E+02,3.810649E-02,4.867589E-02,0.000000E+00,0.000000E+00,0.000000E+00,0.000000E+00,0.000000E+00,0.000000E+00,0.000000E+00,0.000000E+00,2.111078E+01,5.046314E+01,2.388756E+01,4.830571E+01,5.674161E+02,1.159163E+03,4.006423E-02,1.022149E-01,0.000000E+00,0.000000E+00,0.000000E+00,0.000000E+00,0.000000E+00,0.000000E+00,0.000000E+00,0.000000E+00,2.111067E+01,5.003608E+01,2.387793E+01,5.794290E+01,3.657519E+03,6.384476E+03,2.582508E-01,5.629823E-01,0.000000E+00,0.000000E+00,0.000000E+00,0.000000E+00,0.000000E+00,0.000000E+00,0.000000E+00,0.000000E+00,2.111072E+01,5.029390E+01,2.386348E+01,7.550183E+01,1.238964E+03,2.383761E+03,8.748103E-02,2.101997E-01,0.000000E+00,0.000000E+00,0.000000E+00,0.000000E+00,0.000000E+00,0.000000E+00,0.000000E+00,0.000000E+00,2.111067E+01,4.992869E+01,2.388541E+01,5.054974E+01,4.476146E+02,3.263121E+02,3.160526E-02,2.877416E-02,0.000000E+00,0.000000E+00,0.000000E+00,0.000000E+00,0.000000E+00,0.000000E+00,0.000000E+00,0.000000E+00,2.111085E+01,5.014213E+01,2.388783E+01,5.068892E+01,5.852099E+02,2.955665E+02,4.132062E-02,2.606301E-02,0.000000E+00,0.000000E+00,0.000000E+00,0.000000E+00,0.000000E+00,0.000000E+00,0.000000E+00,0.000000E+00,2.111060E+01,4.958660E+01,2.388783E+01,5.098655E+01,7.987440E+02,1.251052E+03,5.639788E-02,1.103176E-01,0.000000E+00,0.000000E+00,0.000000E+00,0.000000E+00,0.000000E+00,0.000000E+00,0.000000E+00,0.000000E+00,2.111038E+01,4.951684E+01,2.388282E+01,5.323427E+01,4.547606E+01,8.085935E+01,3.210983E-03,7.130168E-03,0.000000E+00,0.000000E+00,0.000000E+00,0.000000E+00,0.000000E+00,0.000000E+00,0.000000E+00,0.000000E+00,2.111111E+01,5.124987E+01,2.388847E+01,4.736352E+01
10:45:00,3.824263E+03,2.017261E+03,2.700243E-01,1.778818E-01,0.000000E+00,0.000000E+00,0.000000E+00,0.000000E+00,0.000000E+00,0.000000E+00,0.000000E+00,0.000000E+00,2.111073E+01,5.064820E+01,2.388743E+01,4.933106E+01,3.439755E+03,3.702196E+03,2.428749E-01,3.264592E-01,0.000000E+00,0.000000E+00,0.000000E+00,0.000000E+00,0.000000E+00,0.000000E+00,0.000000E+00,0.000000E+00,2.111090E+01,5.055105E+01,2.388638E+01,5.216276E+01,5.326633E+02,5.557249E+02,3.761040E-02,4.900375E-02,0.000000E+00,0.000000E+00,0.000000E+00,0.000000E+00,0.000000E+00,0.000000E+00,0.000000E+00,0.000000E+00,2.111078E+01,5.045137E+01,2.388756E+01,4.829421E+01,5.586560E+02,1.154653E+03,3.944570E-02,1.018171E-01,0.000000E+00,0.000000E+00,0.000000E+00,0.000000E+00,0.000000E+00,0.000000E+00,0.000000E+00,0.000000E+00,2.111066E+01,5.001491E+01,2.387788E+01,5.799542E+01,3.617899E+03,6.347180E+03,2.554533E-01,5.596935E-01,0.000000E+00,0.000000E+00,0.000000E+00,0.000000E+00,0.000000E+00,0.000000E+00,0.000000E+00,0.000000E+00,2.111072E+01,5.028121E+01,2.386334E+01,7.571311E+01,1.220468E+03,2.370100E+03,8.617503E-02,2.089951E-01,0.000000E+00,0.000000E+00,0.000000E+00,0.000000E+00,0.000000E+00,0.000000E+00,0.000000E+00,0.000000E+00,2.111066E+01,4.990657E+01,2.388541E+01,5.057048E+01,4.405147E+02,3.234641E+02,3.110395E-02,2.852302E-02,0.000000E+00,0.000000E+00,0.000000E+00,0.000000E+00,0.000000E+00,0.000000E+00,0.000000E+00,0.000000E+00,2.111085E+01,5.012422E+01,2.388782E+01,5.074759E+01,5.764048E+02,2.954539E+02,4.069891E-02,2.605309E-02,0.000000E+00,0.000000E+00,0.000000E+00,0.000000E+00,0.000000E+00,0.000000E+00,0.000000E+00,0.000000E+00,2.111060E+01,4.955890E+01,2.388783E+01,5.101460E+01,7.879819E+02,1.251996E+03,5.563799E-02,1.104009E-01,0.000000E+00,0.000000E+00,0.000000E+00,0.000000E+00,0.000000E+00,0.000000E+00,0.000000E+00,0.000000E+00,2.111038E+01,4.949116E+01,2.388280E+01,5.323467E+01,4.436056E+01,7.927273E+01,3.132219E-03,6.990259E-03,0.000000E+00,0.000000E+00,0.000000E+00,0.000000E+00,0.000000E+00,0.000000E+00,0.000000E+00,0.000000E+00,2.111111E+01,5.124987E+01,2.388847E+01,4.739439E+01
11:00:00,3.811868E+03,2.047136E+03,2.691491E-01,1.805162E-01,0.000000E+00,0.000000E+00,0.000000E+00,0.000000E+00,0.000000E+00,0.000000E+00,0.000000E+00,0.000000E+00,2.111073E+01,5.064598E+01,2.388743E+01,4.929326E+01,3.392395E+03,3.684043E+03,2.395309E-01,3.248585E-01,0.000000E+00,0.000000E+00,0.000000E+00,0.000000E+00,0.000000E+00,0.000000E+00,0.000000E+00,0.000000E+00,2.111090E+01,5.053996E+01,2.388638E+01,5.219185E+01,5.263541E+02,5.598046E+02,3.716492E-02,4.936350E-02,0.000000E+00,0.000000E+00,0.000000E+00,0.000000E+00,0.000000E+00,0.000000E+00,0.000000E+00,0.000000E+00,2.111078E+01,5.044045E+01,2.388756E+01,4.828061E+01,5.507569E+02,1.151250E+03,3.888795E-02,1.015170E-01,0.000000E+00,0.000000E+00,0.000000E+00,0.000000E+00,0.000000E+00,0.000000E+00,0.000000E+00,0.000000E+00,2.111066E+01,4.999506E+01,2.387785E+01,5.803651E+01,3.582371E+03,6.318436E+03,2.529447E-01,5.571588E-01,0.000000E+00,0.000000E+00,0.000000E+00,0.000000E+00,0.000000E+00,0.000000E+00,0.000000E+00,0.000000E+00,2.111072E+01,5.026948E+01,2.386321E+01,7.588173E+01,1.203666E+03,2.352663E+03,8.498869E-02,2.074575E-01,0.000000E+00,0.000000E+00,0.000000E+00,0.000000E+00,0.000000E+00,0.000000E+00,0.000000E+00,0.000000E+00,2.111066E+01,4.988566E+01,2.388542E+01,5.059822E+01,4.340114E+02,3.213084E+02,3.064477E-02,2.833294E-02,0.000000E+00,0.000000E+00,0.000000E+00,0.000000E+00,0.000000E+00,0.000000E+00,0.000000E+00,0.000000E+00,2.111084E+01,5.010666E+01,2.388781E+01,5.080140E+01,5.683820E+02,2.959671E+02,4.013243E-02,2.609834E-02,0.000000E+00,0.000000E+00,0.000000E+00,0.000000E+00,0.000000E+00,0.000000E+00,0.000000E+00,0.000000E+00,2.111060E+01,4.953250E+01,2.388782E+01,5.103670E+01,7.782783E+02,1.254114E+03,5.495283E-02,1.105876E-01,0.000000E+00,0.000000E+00,0.000000E+00,0.000000E+00,0.000000E+00,0.000000E+00,0.000000E+00,0.000000E+00,2.111037E+01,4.946727E+01,2.388279E+01,5.322850E+01,4.332259E+01,7.783075E+01,3.058930E-03,6.863105E-03,0.000000E+00,0.000000E+00,0.000000E+00,0.000000E+00,0.000000E+00,0.000000E+00,0.000000E+00,0.000000E+00,2.111111E+01,5.124987E+01,2.388846E+01,4.742396E+01
11:15:00,3.800567E+03,2.079728E+03,2.683512E-01,1.833901E-01,0.000000E+00,0.000000E+00,0.000000E+00,0.000000E+00,0.000000E+00,0.000000E+00,0.000000E+00,0.000000E+00,2.111073E+01,5.064394E+01,2.388742E+01,4.925096E+01,3.349180E+03,3.663898E+03,2.364796E-01,3.230820E-01,0.000000E+00,0.000000E+00,0.000000E+00,0.000000E+00,0.000000E+00,0.000000E+00,0.000000E+00,0.000000E+00,2.111090E+01,5.052937E+01,2.388638E+01,5.222183E+01,5.206771E+02,5.640289E+02,3.676407E-02,4.973600E-02,0.000000E+00,0.000000E+00,0.000000E+00,0.000000E+00,0.000000E+00,0.000000E+00,0.000000E+00,0.000000E+00,2.111077E+01,5.043032E+01,2.388756E+01,4.826527E+01,5.436235E+02,1.148702E+03,3.838428E-02,1.012924E-01,0.000000E+00,0.000000E+00,0.000000E+00,0.000000E+00,0.000000E+00,0.000000E+00,0.000000E+00,0.000000E+00,2.111066E+01,4.997645E+01,2.387781E+01,5.806706E+01,3.550441E+03,6.295772E+03,2.506903E-01,5.551604E-01,0.000000E+00,0.000000E+00,0.000000E+00,0.000000E+00,0.000000E+00,0.000000E+00,0.000000E+00,0.000000E+00,2.111072E+01,5.025863E+01,2.386311E+01,7.601336E+01,1.188382E+03,2.331164E+03,8.390955E-02,2.055618E-01,0.000000E+00,0.000000E+00,0.000000E+00,0.000000E+00,0.000000E+00,0.000000E+00,0.000000E+00,0.000000E+00,2.111066E+01,4.986595E+01,2.388543E+01,5.063336E+01,4.280485E+02,3.198876E+02,3.022373E-02,2.820765E-02,0.000000E+00,0.000000E+00,0.000000E+00,0.000000E+00,0.000000E+00,0.000000E+00,0.000000E+00,0.000000E+00,2.111084E+01,5.008954E+01,2.388780E+01,5.084934E+01,5.610633E+02,2.971174E+02,3.961567E-02,2.619978E-02,0.000000E+00,0.000000E+00,0.000000E+00,0.000000E+00,0.000000E+00,0.000000E+00,0.000000E+00,0.000000E+00,2.111059E+01,4.950740E+01,2.388781E+01,5.105187E+01,7.695131E+02,1.257270E+03,5.433394E-02,1.108659E-01,0.000000E+00,0.000000E+00,0.000000E+00,0.000000E+00,0.000000E+00,0.000000E+00,0.000000E+00,0.000000E+00,2.111037E+01,4.944506E+01,2.388277E+01,5.321536E+01,4.235647E+01,7.651735E+01,2.990714E-03,6.747290E-03,0.000000E+00,0.000000E+00,0.000000E+00,0.000000E+00,0.000000E+00,0.000000E+00,0.000000E+00,0.000000E+00,2.111111E+01,5.124987E+01,2.388846E+01,4.745224E+01
11:30:00,3.790209E+03,2.113908E+03,2.676198E-01,1.864041E-01,0.000000E+00,0.000000E+00,0.000000E+00,0.000000E+00,0.000000E+00,0.000000E+00,0.000000E+00,0.000000E+00,2.111073E+01,5.064209E+01,2.388742E+01,4.920554E+01,3.309726E+03,3.641567E+03,2.336938E-01,3.211129E-01,0.000000E+00,0.000000E+00,0.000000E+00,0.000000E+00,0.000000E+00,0.000000E+00,0.000000E+00,0.000000E+00,2.111090E+01,5.051928E+01,2.388638E+01,5.225397E+01,5.155627E+02,5.683002E+02,3.640295E-02,5.011264E-02,0.000000E+00,0.000000E+00,0.000000E+00,0.000000E+00,0.000000E+00,0.000000E+00,0.000000E+00,0.000000E+00,2.111077E+01,5.042095E+01,2.388756E+01,4.824929E+01,5.371777E+02,1.146874E+03,3.792915E-02,1.011312E-01,0.000000E+00,0.000000E+00,0.000000E+00,0.000000E+00,0.000000E+00,0.000000E+00,0.000000E+00,0.000000E+00,2.111066E+01,4.995905E+01,2.387779E+01,5.809013E+01,3.521708E+03,6.277828E+03,2.486615E-01,5.535781E-01,0.000000E+00,0.000000E+00,0.000000E+00,0.000000E+00,0.000000E+00,0.000000E+00,0.000000E+00,0.000000E+00,2.111072E+01,5.024862E+01,2.386303E+01,7.611914E+01,1.174472E+03,2.305559E+03,8.292735E-02,2.033039E-01,0.000000E+00,0.000000E+00,0.000000E+00,0.000000E+00,0.000000E+00,0.000000E+00,0.000000E+00,0.000000E+00,2.111066E+01,4.984738E+01,2.388544E+01,5.067686E+01,4.225792E+02,3.192763E+02,2.983756E-02,2.815374E-02,0.000000E+00,0.000000E+00,0.000000E+00,0.000000E+00,0.000000E+00,0.000000E+00,0.000000E+00,0.000000E+00,2.111084E+01,5.007293E+01,2.388779E+01,5.089052E+01,5.543837E+02,2.989791E+02,3.914404E-02,2.636394E-02,0.000000E+00,0.000000E+00,0.000000E+00,0.000000E+00,0.000000E+00,0.000000E+00,0.000000E+00,0.000000E+00,2.111059E+01,4.948359E+01,2.388780E+01,5.105967E+01,7.615879E+02,1.261486E+03,5.377435E-02,1.112376E-01,0.000000E+00,0.000000E+00,0.000000E+00,0.000000E+00,0.000000E+00,0.000000E+00,0.000000E+00,0.000000E+00,2.111037E+01,4.942441E+01,2.388276E+01,5.319669E+01,4.145759E+01,7.532279E+01,2.927246E-03,6.641954E-03,0.000000E+00,0.000000E+00,0.000000E+00,0.000000E+00,0.000000E+00,0.000000E+00,0.000000E+00,0.000000E+00,2.111111E+01,5.124987E+01,2.388845E+01,4.747920E+01
11:45:00,3.780661E+03,2.148518E+03,2.669457E-01,1.894560E-01,0.000000E+00,0.000000E+00,0.000000E+00,0.000000E+00,0.000000E+00,0.000000E+00,0.000000E+00,0.000000E+00,2.111073E+01,5.064038E+01,2.388742E+01,4.915860E+01,3.273670E+03,3.616975E+03,2.311480E-01,3.189444E-01,0.000000E+00,0.000000E+00,0.000000E+00,0.000000E+00,0.000000E+00,0.000000E+00,0.000000E+00,0.000000E+00,2.111090E+01,5.050970E+01,2.388638E+01,5.228908E+01,5.109481E+02,5.725215E+02,3.607712E-02,5.048487E-02,0.000000E+00,0.000000E+00,0.000000E+00,0.000000E+00,0.000000E+00,0.000000E+00,0.000000E+00,0.000000E+00,2.111077E+01,5.041227E+01,2.388756E+01,4.823332E+01,5.313473E+02,1.145650E+03,3.751748E-02,1.010233E-01,0.000000E+00,0.000000E+00,0.000000E+00,0.000000E+00,0.000000E+00,0.000000E+00,0.000000E+00,0.000000E+00,2.111065E+01,4.994280E+01,2.387777E+01,5.810711E+01,3.495807E+03,6.263564E+03,2.468326E-01,5.523203E-01,0.000000E+00,0.000000E+00,0.000000E+00,0.000000E+00,0.000000E+00,0.000000E+00,0.000000E+00,0.000000E+00,2.111071E+01,5.023938E+01,2.386297E+01,7.620562E+01,1.161799E+03,2.275936E+03,8.203253E-02,2.006918E-01,0.000000E+00,0.000000E+00,0.000000E+00,0.000000E+00,0.000000E+00,0.000000E+00,0.000000E+00,0.000000E+00,2.111065E+01,4.982991E+01,2.388545E+01,5.072926E+01,4.175586E+02,3.195043E+02,2.948306E-02,2.817385E-02,0.000000E+00,0.000000E+00,0.000000E+00,0.000000E+00,0.000000E+00,0.000000E+00,0.000000E+00,0.000000E+00,2.111084E+01,5.005688E+01,2.388778E+01,5.092400E+01,5.482818E+02,3.015763E+02,3.871319E-02,2.659296E-02,0.000000E+00,0.000000E+00,0.000000E+00,0.000000E+00,0.000000E+00,0.000000E+00,0.000000E+00,0.000000E+00,2.111059E+01,4.946106E+01,2.388778E+01,5.105949E+01,7.544119E+02,1.266729E+03,5.326767E-02,1.117000E-01,0.000000E+00,0.000000E+00,0.000000E+00,0.000000E+00,0.000000E+00,0.000000E+00,0.000000E+00,0.000000E+00,2.111036E+01,4.940525E+01,2.388276E+01,5.317282E+01,4.062121E+01,7.424318E+01,2.868191E-03,6.546754E-03,0.000000E+00,0.000000E+00,0.000000E+00,0.000000E+00,0.000000E+00,0.000000E+00,0.000000E+00,0.000000E+00,2.111111E+01,5.124987E+01,2.388845E+01,4.750479E+01
12:00:00,3.771814E+03,2.182588E+03,2.663210E-01,1.924604E-01,0.000000E+00,0.000000E+00,0.000000E+00,0.000000E+00,0.000000E+00,0.000000E+00,0.000000E+00,0.000000E+00,2.111073E+01,5.063880E+01,2.388742E+01,4.911124E+01,3.240687E+03,3.590081E+03,2.288191E-01,3.165729E-01,0.000000E+00,0.000000E+00,0.000000E+00,0.000000E+00,0.000000E+00,0.000000E+00,0.000000E+00,0.000000E+00,2.111090E+01,5.050061E+01,2.388638E+01,5.232743E+01,5.067780E+02,5.766175E+02,3.578268E-02,5.084606E-02,0.000000E+00,0.000000E+00,0.000000E+00,0.000000E+00,0.000000E+00,0.000000E+00,0.000000E+00,0.000000E+00,2.111077E+01,5.040425E+01,2.388756E+01,4.821751E+01,5.260683E+02,1.144912E+03,3.714473E-02,1.009582E-01,0.000000E+00,0.000000E+00,0.000000E+00,0.000000E+00,0.000000E+00,0.000000E+00,0.000000E+00,0.000000E+00,2.111065E+01,4.992764E+01,2.387775E+01,5.811826E+01,3.472420E+03,6.251964E+03,2.451814E-01,5.512973E-01,0.000000E+00,0.000000E+00,0.000000E+00,0.000000E+00,0.000000E+00,0.000000E+00,0.000000E+00,0.000000E+00,2.111071E+01,5.023086E+01,2.386292E+01,7.627533E+01,1.150242E+03,2.242419E+03,8.121649E-02,1.977362E-01,0.000000E+00,0.000000E+00,0.000000E+00,0.000000E+00,0.000000E+00,0.000000E+00,0.000000E+00,0.000000E+00,2.111065E+01,4.981350E+01,2.388545E+01,5.079068E+01,4.129459E+02,3.205352E+02,2.915736E-02,2.826475E-02,0.000000E+00,0.000000E+00,0.000000E+00,0.000000E+00,0.000000E+00,0.000000E+00,0.000000E+00,0.000000E+00,2.111084E+01,5.004142E+01,2.388777E+01,5.094892E+01,5.427020E+02,3.048741E+02,3.831921E-02,2.688376E-02,0.000000E+00,0.000000E+00,0.000000E+00,0.000000E+00,0.000000E+00,0.000000E+00,0.000000E+00,0.000000E+00,2.111059E+01,4.943976E+01,2.388777E+01,5.105066E+01,7.479049E+02,1.272905E+03,5.280822E-02,1.122446E-01,0.000000E+00,0.000000E+00,0.000000E+00,0.000000E+00,0.000000E+00,0.000000E+00,0.000000E+00,0.000000E+00,2.111036E+01,4.938747E+01,2.388275E+01,5.314343E+01,3.984288E+01,7.327025E+01,2.813234E-03,6.460961E-03,0.000000E+00,0.000000E+00,0.000000E+00,0.000000E+00,0.000000E+00,0.000000E+00,0.000000E+00,0.000000E+00,2.111111E+01,5.124987E+01,2.388845E+01,4.752898E+01
12:15:00,3.763572E+03,2.216151E+03,2.657390E-01,1.954199E-01,0.000000E+00,0.000000E+00,0.000000E+00,0.000000E+00,0.000000E+00,0.000000E+00,0.000000E+00,0.000000E+00,2.111073E+01,5.063733E+01,2.388742E+01,4.906417E+01,3.210485E+03,3.561574E+03,2.266866E-01,3.140591E-01,0.000000E+00,0.000000E+00,0.000000E+00,0.000000E+00,0.000000E+00,0.000000E+00,0.000000E+00,0.000000E+00,2.111089E+01,5.049200E+01,2.388639E+01,5.236897E+01,5.030036E+02,5.806764E+02,3.551618E-02,5.120397E-02,0.000000E+00,0.000000E+00,0.000000E+00,0.000000E+00,0.000000E+00,0.000000E+00,0.000000E+00,0.000000E+00,2.111077E+01,5.039683E+01,2.388756E+01,4.820187E+01,5.212836E+02,1.144661E+03,3.680690E-02,1.009361E-01,0.000000E+00,0.000000E+00,0.000000E+00,0.000000E+00,0.000000E+00,0.000000E+00,0.000000E+00,0.000000E+00,2.111065E+01,4.991352E+01,2.387774E+01,5.812378E+01,3.451269E+03,6.243027E+03,2.436879E-01,5.505093E-01,0.000000E+00,0.000000E+00,0.000000E+00,0.000000E+00,0.000000E+00,0.000000E+00,0.000000E+00,0.000000E+00,2.111071E+01,5.022301E+01,2.386287E+01,7.632979E+01,1.139692E+03,2.205524E+03,8.047158E-02,1.944828E-01,0.000000E+00,0.000000E+00,0.000000E+00,0.000000E+00,0.000000E+00,0.000000E+00,0.000000E+00,0.000000E+00,2.111065E+01,4.979811E+01,2.388546E+01,5.086108E+01,4.087044E+02,3.223314E+02,2.885788E-02,2.842315E-02,0.000000E+00,0.000000E+00,0.000000E+00,0.000000E+00,0.000000E+00,0.000000E+00,0.000000E+00,0.000000E+00,2.111084E+01,5.002658E+01,2.388775E+01,5.096472E+01,5.375947E+02,3.088727E+02,3.795859E-02,2.723636E-02,0.000000E+00,0.000000E+00,0.000000E+00,0.000000E+00,0.000000E+00,0.000000E+00,0.000000E+00,0.000000E+00,2.111059E+01,4.941966E+01,2.388776E+01,5.103279E+01,7.419958E+02,1.280062E+03,5.239099E-02,1.128757E-01,0.000000E+00,0.000000E+00,0.000000E+00,0.000000E+00,0.000000E+00,0.000000E+00,0.000000E+00,0.000000E+00,2.111036E+01,4.937099E+01,2.388275E+01,5.310851E+01,3.911842E+01,7.239570E+01,2.762081E-03,6.383843E-03,0.000000E+00,0.000000E+00,0.000000E+00,0.000000E+00,0.000000E+00,0.000000E+00,0.000000E+00,0.000000E+00,2.111111E+01,5.124987E+01,2.388844E+01,4.755175E+01
12:30:00,3.755855E+03,2.248923E+03,2.651941E-01,1.983097E-01,0.000000E+00,0.000000E+00,0.000000E+00,0.000000E+00,0.000000E+00,0.000000E+00,0.000000E+00,0.000000E+00,2.111073E+01,5.063595E+01,2.388742E+01,4.901822E+01,3.182802E+03,3.531872E+03,2.247319E-01,3.114400E-01,0.000000E+00,0.000000E+00,0.000000E+00,0.000000E+00,0.000000E+00,0.000000E+00,0.000000E+00,0.000000E+00,2.111089E+01,5.048387E+01,2.388639E+01,5.241377E+01,4.995821E+02,5.846237E+02,3.527459E-02,5.155204E-02,0.000000E+00,0.000000E+00,0.000000E+00,0.000000E+00,0.000000E+00,0.000000E+00,0.000000E+00,0.000000E+00,2.111077E+01,5.038998E+01,2.388756E+01,4.818660E+01,5.169426E+02,1.144792E+03,3.650039E-02,1.009476E-01,0.000000E+00,0.000000E+00,0.000000E+00,0.000000E+00,0.000000E+00,0.000000E+00,0.000000E+00,0.000000E+00,2.111065E+01,4.990038E+01,2.387772E+01,5.812488E+01,3.432108E+03,6.235990E+03,2.423350E-01,5.498888E-01,0.000000E+00,0.000000E+00,0.000000E+00,0.000000E+00,0.000000E+00,0.000000E+00,0.000000E+00,0.000000E+00,2.111071E+01,5.021578E+01,2.386284E+01,7.637281E+01,1.130052E+03,2.165886E+03,7.979094E-02,1.909876E-01,0.000000E+00,0.000000E+00,0.000000E+00,0.000000E+00,0.000000E+00,0.000000E+00,0.000000E+00,0.000000E+00,2.111065E+01,4.978369E+01,2.388546E+01,5.094040E+01,4.048010E+02,3.248018E+02,2.858227E-02,2.864098E-02,0.000000E+00,0.000000E+00,0.000000E+00,0.000000E+00,0.000000E+00,0.000000E+00,0.000000E+00,0.000000E+00,2.111084E+01,5.001236E+01,2.388774E+01,5.097127E+01,5.329154E+02,3.134819E+02,3.762820E-02,2.764280E-02,0.000000E+00,0.000000E+00,0.000000E+00,0.000000E+00,0.000000E+00,0.000000E+00,0.000000E+00,0.000000E+00,2.111058E+01,4.940072E+01,2.388775E+01,5.100608E+01,7.366221E+02,1.288037E+03,5.201156E-02,1.135789E-01,0.000000E+00,0.000000E+00,0.000000E+00,0.000000E+00,0.000000E+00,0.000000E+00,0.000000E+00,0.000000E+00,2.111036E+01,4.935571E+01,2.388274E+01,5.306913E+01,3.844394E+01,7.161250E+01,2.714458E-03,6.314781E-03,0.000000E+00,0.000000E+00,0.000000E+00,0.000000E+00,0.000000E+00,0.000000E+00,0.000000E+00,0.000000E+00,2.111111E+01,5.124987E+01,2.388844E+01,4.757309E+01
12:45:00,3.748595E+03,2.280585E+03,2.646815E-01,2.011017E-01,0.000000E+00,0.000000E+00,0.000000E+00,0.000000E+00,0.000000E+00,0.000000E+00,0.000000E+00,0.000000E+00,2.111073E+01,5.063467E+01,2.388743E+01,4.897401E+01,3.157403E+03,3.501932E+03,2.229385E-01,3.087999E-01,0.000000E+00,0.000000E+00,0.000000E+00,0.000000E+00,0.000000E+00,0.000000E+00,0.000000E+00,0.000000E+00,2.111089E+01,5.047620E+01,2.388639E+01,5.246148E+01,4.964758E+02,5.884604E+02,3.505526E-02,5.189036E-02,0.000000E+00,0.000000E+00,0.000000E+00,0.000000E+00,0.000000E+00,0.000000E+00,0.000000E+00,0.000000E+00,2.111077E+01,5.038366E+01,2.388757E+01,4.817197E+01,5.130004E+02,1.145246E+03,3.622203E-02,1.009877E-01,0.000000E+00,0.000000E+00,0.000000E+00,0.000000E+00,0.000000E+00,0.000000E+00,0.000000E+00,0.000000E+00,2.111065E+01,4.988817E+01,2.387772E+01,5.812264E+01,3.414722E+03,6.230399E+03,2.411074E-01,5.493958E-01,0.000000E+00,0.000000E+00,0.000000E+00,0.000000E+00,0.000000E+00,0.000000E+00,0.000000E+00,0.000000E+00,2.111071E+01,5.020912E+01,2.386281E+01,7.640785E+01,1.121236E+03,2.124485E+03,7.916847E-02,1.873368E-01,0.000000E+00,0.000000E+00,0.000000E+00,0.000000E+00,0.000000E+00,0.000000E+00,0.000000E+00,0.000000E+00,2.111065E+01,4.977018E+01,2.388546E+01,5.102779E+01,4.012059E+02,3.278491E+02,2.832843E-02,2.890969E-02,0.000000E+00,0.000000E+00,0.000000E+00,0.000000E+00,0.000000E+00,0.000000E+00,0.000000E+00,0.000000E+00,2.111084E+01,4.999878E+01,2.388773E+01,5.096874E+01,5.286244E+02,3.186063E+02,3.732522E-02,2.809466E-02,0.000000E+00,0.000000E+00,0.000000E+00,0.000000E+00,0.000000E+00,0.000000E+00,0.000000E+00,0.000000E+00,2.111058E+01,4.938290E+01,2.388774E+01,5.097100E+01,7.317282E+02,1.296710E+03,5.166601E-02,1.143438E-01,0.000000E+00,0.000000E+00,0.000000E+00,0.000000E+00,0.000000E+00,0.000000E+00,0.000000E+00,0.000000E+00,2.111035E+01,4.934155E+01,2.388275E+01,5.302629E+01,3.781585E+01,7.091436E+01,2.670109E-03,6.253219E-03,0.000000E+00,0.000000E+00,0.000000E+00,0.000000E+00,0.000000E+00,0.000000E+00,0.000000E+00,0.000000E+00,2.111111E+01,5.124987E+01,2.388844E+01,4.759299E+01
13:00:00,3.741733E+03,2.310847E+03,2.641971E-01,2.037702E-01,0.000000E+00,0.000000E+00,0.000000E+00,0.000000E+00,0.000000E+00,0.000000E+00,0.000000E+00,0.000000E+00,2.111073E+01,5.063346E+01,2.388743E+01,4.893189E+01,3.134078E+03,3.472978E+03,2.212916E-01,3.062467E-01,0.000000E+00,0.000000E+00,0.000000E+00,0.000000E+00,0.000000E+00,0.000000E+00,0.000000E+00,0.000000E+00,2.111089E+01,5.046896E+01,2.388639E+01,5.251100E+01,4.936513E+02,5.921178E+02,3.485583E-02,5.221287E-02,0.000000E+00,0.000000E+00,0.000000E+00,0.000000E+00,0.000000E+00,0.000000E+00,0.000000E+00,0.000000E+00,2.111077E+01,5.037782E+01,2.388757E+01,4.815792E+01,5.094168E+02,1.145940E+03,3.596900E-02,1.010488E-01,0.000000E+00,0.000000E+00,0.000000E+00,0.000000E+00,0.000000E+00,0.000000E+00,0.000000E+00,0.000000E+00,2.111065E+01,4.987683E+01,2.387771E+01,5.811731E+01,3.398923E+03,6.225688E+03,2.399919E-01,5.489803E-01,0.000000E+00,0.000000E+00,0.000000E+00,0.000000E+00,0.000000E+00,0.000000E+00,0.000000E+00,0.000000E+00,2.111071E+01,5.020298E+01,2.386279E+01,7.643615E+01,1.113166E+03,2.082747E+03,7.859868E-02,1.836563E-01,0.000000E+00,0.000000E+00,0.000000E+00,0.000000E+00,0.000000E+00,0.000000E+00,0.000000E+00,0.000000E+00,2.111065E+01,4.975755E+01,2.388546E+01,5.112143E+01,3.978921E+02,3.313772E+02,2.809445E-02,2.922080E-02,0.000000E+00,0.000000E+00,0.000000E+00,0.000000E+00,0.000000E+00,0.000000E+00,0.000000E+00,0.000000E+00,2.111084E+01,4.998582E+01,2.388772E+01,5.095751E+01,5.246858E+02,3.241518E+02,3.704712E-02,2.858366E-02,0.000000E+00,0.000000E+00,0.000000E+00,0.000000E+00,0.000000E+00,0.000000E+00,0.000000E+00,0.000000E+00,2.111058E+01,4.936613E+01,2.388773E+01,5.092814E+01,7.272648E+02,1.305933E+03,5.135086E-02,1.151570E-01,0.000000E+00,0.000000E+00,0.000000E+00,0.000000E+00,0.000000E+00,0.000000E+00,0.000000E+00,0.000000E+00,2.111035E+01,4.932844E+01,2.388275E+01,5.298051E+01,3.723079E+01,7.029560E+01,2.628799E-03,6.198657E-03,0.000000E+00,0.000000E+00,0.000000E+00,0.000000E+00,0.000000E+00,0.000000E+00,0.000000E+00,0.000000E+00,2.111111E+01,5.124987E+01,2.388843E+01,4.761146E+01
13:15:00,3.735221E+03,2.339097E+03,2.637372E-01,2.062613E-01,0.000000E+00,0.000000E+00,0.000000E+00,0.000000E+00,0.000000E+00,0.000000E+00,0.000000E+00,0.000000E+00,2.111073E+01,5.063231E+01,2.388744E+01,4.889203E+01,3.112637E+03,3.446691E+03,2.197777E-01,3.039288E-01,0.000000E+00,0.000000E+00,0.000000E+00,0.000000E+00,0.000000E+00,0.000000E+00,0.000000E+00,0.000000E+00,2.111089E+01,5.046215E+01,2.388639E+01,5.256061E+01,4.910791E+02,5.955264E+02,3.467421E-02,5.251344E-02,0.000000E+00,0.000000E+00,0.000000E+00,0.000000E+00,0.000000E+00,0.000000E+00,0.000000E+00,0.000000E+00,2.111076E+01,5.037242E+01,2.388757E+01,4.814452E+01,5.061561E+02,1.146785E+03,3.573877E-02,1.011233E-01,0.000000E+00,0.000000E+00,0.000000E+00,0.000000E+00,0.000000E+00,0.000000E+00,0.000000E+00,0.000000E+00,2.111064E+01,4.986631E+01,2.387770E+01,5.810933E+01,3.384544E+03,6.221153E+03,2.389765E-01,5.485805E-01,0.000000E+00,0.000000E+00,0.000000E+00,0.000000E+00,0.000000E+00,0.000000E+00,0.000000E+00,0.000000E+00,2.111071E+01,5.019733E+01,2.386277E+01,7.645916E+01,1.105773E+03,2.042454E+03,7.807666E-02,1.801033E-01,0.000000E+00,0.000000E+00,0.000000E+00,0.000000E+00,0.000000E+00,0.000000E+00,0.000000E+00,0.000000E+00,2.111064E+01,4.974574E+01,2.388545E+01,5.121827E+01,3.948353E+02,3.352822E+02,2.787861E-02,2.956515E-02,0.000000E+00,0.000000E+00,0.000000E+00,0.000000E+00,0.000000E+00,0.000000E+00,0.000000E+00,0.000000E+00,2.111083E+01,4.997347E+01,2.388771E+01,5.093815E+01,5.210674E+02,3.300052E+02,3.679163E-02,2.909982E-02,0.000000E+00,0.000000E+00,0.000000E+00,0.000000E+00,0.000000E+00,0.000000E+00,0.000000E+00,0.000000E+00,2.111058E+01,4.935039E+01,2.388772E+01,5.087827E+01,7.231885E+02,1.315491E+03,5.106304E-02,1.159998E-01,0.000000E+00,0.000000E+00,0.000000E+00,0.000000E+00,0.000000E+00,0.000000E+00,0.000000E+00,0.000000E+00,2.111035E+01,4.931630E+01,2.388275E+01,5.293234E+01,3.668566E+01,6.975107E+01,2.590308E-03,6.150640E-03,0.000000E+00,0.000000E+00,0.000000E+00,0.000000E+00,0.000000E+00,0.000000E+00,0.000000E+00,0.000000E+00,2.111111E+01,5.124987E+01,2.388843E+01,4.762849E+01
13:30:00,3.729014E+03,2.366644E+03,2.632990E-01,2.086903E-01,0.000000E+00,0.000000E+00,0.000000E+00,0.000000E+00,0.000000E+00,0.000000E+00,0.000000E+00,0.000000E+00,2.111073E+01,5.063122E+01,2.388744E+01,4.885519E+01,3.092911E+03,3.426334E+03,2.183849E-01,3.021337E-01,0.000000E+00,0.000000E+00,0.000000E+00,0.000000E+00,0.000000E+00,0.000000E+00,0.000000E+00,0.000000E+00,2.111089E+01,5.045573E+01,2.388638E+01,5.260828E+01,4.887331E+02,5.986779E+02,3.450856E-02,5.279134E-02,0.000000E+00,0.000000E+00,0.000000E+00,0.000000E+00,0.000000E+00,0.000000E+00,0.000000E+00,0.000000E+00,2.111076E+01,5.036744E+01,2.388757E+01,4.813213E+01,5.031865E+02,1.147740E+03,3.552909E-02,1.012076E-01,0.000000E+00,0.000000E+00,0.000000E+00,0.000000E+00,0.000000E+00,0.000000E+00,0.000000E+00,0.000000E+00,2.111064E+01,4.985656E+01,2.387770E+01,5.810025E+01,3.371436E+03,6.216519E+03,2.380510E-01,5.481719E-01,0.000000E+00,0.000000E+00,0.000000E+00,0.000000E+00,0.000000E+00,0.000000E+00,0.000000E+00,0.000000E+00,2.111071E+01,5.019212E+01,2.386276E+01,7.648168E+01,1.098994E+03,2.005757E+03,7.759800E-02,1.768674E-01,0.000000E+00,0.000000E+00,0.000000E+00,0.000000E+00,0.000000E+00,0.000000E+00,0.000000E+00,0.000000E+00,2.111064E+01,4.973471E+01,2.388544E+01,5.131432E+01,3.920135E+02,3.394787E+02,2.767936E-02,2.993518E-02,0.000000E+00,0.000000E+00,0.000000E+00,0.000000E+00,0.000000E+00,0.000000E+00,0.000000E+00,0.000000E+00,2.111083E+01,4.996173E+01,2.388770E+01,5.091159E+01,5.177405E+02,3.360820E+02,3.655672E-02,2.963566E-02,0.000000E+00,0.000000E+00,0.000000E+00,0.000000E+00,0.000000E+00,0.000000E+00,0.000000E+00,0.000000E+00,2.111058E+01,4.933560E+01,2.388771E+01,5.082267E+01,7.194604E+02,1.325701E+03,5.079980E-02,1.169002E-01,0.000000E+00,0.000000E+00,0.000000E+00,0.000000E+00,0.000000E+00,0.000000E+00,0.000000E+00,0.000000E+00,2.111035E+01,4.930505E+01,2.388276E+01,5.288351E+01,3.617758E+01,6.927609E+01,2.554434E-03,6.108757E-03,0.000000E+00,0.000000E+00,0.000000E+00,0.000000E+00,0.000000E+00,0.000000E+00,0.000000E+00,0.000000E+00,2.111111E+01,5.124987E+01,2.388843E+01,4.764409E+01
13:45:00,3.723111E+03,2.398779E+03,2.628821E-01,2.115240E-01,0.000000E+00,0.000000E+00,0.000000E+00,0.000000E+00,0.000000E+00,0.000000E+00,0.000000E+00,0.000000E+00,2.111073E+01,5.063018E+01,2.388745E+01,4.882041E+01,3.074901E+03,3.416607E+03,2.171132E-01,3.012760E-01,0.000000E+00,0.000000E+00,0.000000E+00,0.000000E+00,0.000000E+00,0.000000E+00,0.000000E+00,0.000000E+00,2.111089E+01,5.044970E+01,2.388636E+01,5.264985E+01,4.866070E+02,6.014998E+02,3.435844E-02,5.304018E-02,0.000000E+00,0.000000E+00,0.000000E+00,0.000000E+00,0.000000E+00,0.000000E+00,0.000000E+00,0.000000E+00,2.111076E+01,5.036284E+01,2.388758E+01,4.812092E+01,5.005023E+02,1.148735E+03,3.533957E-02,1.012953E-01,0.000000E+00,0.000000E+00,0.000000E+00,0.000000E+00,0.000000E+00,0.000000E+00,0.000000E+00,0.000000E+00,2.111064E+01,4.984752E+01,2.387770E+01,5.809075E+01,3.359565E+03,6.211350E+03,2.372128E-01,5.477160E-01,0.000000E+00,0.000000E+00,0.000000E+00,0.000000E+00,0.000000E+00,0.000000E+00,0.000000E+00,0.000000E+00,2.111070E+01,5.018733E+01,2.386276E+01,7.650608E+01,1.092827E+03,1.973464E+03,7.716257E-02,1.740198E-01,0.000000E+00,0.000000E+00,0.000000E+00,0.000000E+00,0.000000E+00,0.000000E+00,0.000000E+00,0.000000E+00,2.111064E+01,4.972442E+01,2.388541E+01,5.140407E+01,3.894305E+02,3.438872E+02,2.749699E-02,3.032393E-02,0.000000E+00,0.000000E+00,0.000000E+00,0.000000E+00,0.000000E+00,0.000000E+00,0.000000E+00,0.000000E+00,2.111083E+01,4.995058E+01,2.388769E+01,5.087879E+01,5.147065E+02,3.423151E+02,3.634250E-02,3.018530E-02,0.000000E+00,0.000000E+00,0.000000E+00,0.000000E+00,0.000000E+00,0.000000E+00,0.000000E+00,0.000000E+00,2.111058E+01,4.932174E+01,2.388771E+01,5.076253E+01,7.160749E+02,1.338048E+03,5.056076E-02,1.179889E-01,0.000000E+00,0.000000E+00,0.000000E+00,0.000000E+00,0.000000E+00,0.000000E+00,0.000000E+00,0.000000E+00,2.111035E+01,4.929462E+01,2.388277E+01,5.283215E+01,3.570844E+01,6.886652E+01,2.521309E-03,6.072641E-03,0.000000E+00,0.000000E+00,0.000000E+00,0.000000E+00,0.000000E+00,0.000000E+00,0.000000E+00,0.000000E+00,2.111111E+01,5.124987E+01,2.388843E+01,4.765828E+01
14:00:00,3.717475E+03,2.440381E+03,2.624842E-01,2.151925E-01,0.000000E+00,0.000000E+00,0.000000E+00,0.000000E+00,0.000000E+00,0.000000E+00,0.000000E+00,0.000000E+00,2.111073E+01,5.062919E+01,2.388744E+01,4.878264E+01,3.058445E+03,3.421579E+03,2.159513E-01,3.017144E-01,0.000000E+00,0.000000E+00,0.000000E+00,0.000000E+00,0.000000E+00,0.000000E+00,0.000000E+00,0.000000E+00,2.111089E+01,5.044406E+01,2.388634E+01,5.267836E+01,4.846785E+02,6.039938E+02,3.422228E-02,5.326009E-02,0.000000E+00,0.000000E+00,0.000000E+00,0.000000E+00,0.000000E+00,0.000000E+00,0.000000E+00,0.000000E+00,2.111076E+01,5.035861E+01,2.388758E+01,4.811089E+01,4.980753E+02,1.149741E+03,3.516820E-02,1.013840E-01,0.000000E+00,0.000000E+00,0.000000E+00,0.000000E+00,0.000000E+00,0.000000E+00,0.000000E+00,0.000000E+00,2.111064E+01,4.983918E+01,2.387770E+01,5.808081E+01,3.348804E+03,6.205585E+03,2.364530E-01,5.472077E-01,0.000000E+00,0.000000E+00,0.000000E+00,0.000000E+00,0.000000E+00,0.000000E+00,0.000000E+00,0.000000E+00,2.111070E+01,5.018292E+01,2.386276E+01,7.653252E+01,1.087215E+03,1.945565E+03,7.676629E-02,1.715597E-01,0.000000E+00,0.000000E+00,0.000000E+00,0.000000E+00,0.000000E+00,0.000000E+00,0.000000E+00,0.000000E+00,2.111064E+01,4.971485E+01,2.388539E+01,5.148521E+01,3.870648E+02,3.484358E+02,2.732995E-02,3.072502E-02,0.000000E+00,0.000000E+00,0.000000E+00,0.000000E+00,0.000000E+00,0.000000E+00,0.000000E+00,0.000000E+00,2.111083E+01,4.994003E+01,2.388769E+01,5.084068E+01,5.119375E+02,3.486836E+02,3.614699E-02,3.074687E-02,0.000000E+00,0.000000E+00,0.000000E+00,0.000000E+00,0.000000E+00,0.000000E+00,0.000000E+00,0.000000E+00,2.111057E+01,4.930879E+01,2.388770E+01,5.069879E+01,7.129974E+02,1.354156E+03,5.034346E-02,1.194093E-01,0.000000E+00,0.000000E+00,0.000000E+00,0.000000E+00,0.000000E+00,0.000000E+00,0.000000E+00,0.000000E+00,2.111035E+01,4.928502E+01,2.388275E+01,5.276803E+01,3.527541E+01,6.851906E+01,2.490733E-03,6.042002E-03,0.000000E+00,0.000000E+00,0.000000E+00,0.000000E+00,0.000000E+00,0.000000E+00,0.000000E+00,0.000000E+00,2.111111E+01,5.124987E+01,2.388842E+01,4.767107E+01
14:15:00,3.712069E+03,2.494621E+03,2.621025E-01,2.199753E-01,0.000000E+00,0.000000E+00,0.000000E+00,0.000000E+00,0.000000E+00,0.000000E+00,0.000000E+00,0.000000E+00,2.111073E+01,5.062825E+01,2.388743E+01,4.873648E+01,3.043368E+03,3.443570E+03,2.148868E-01,3.036536E-01,0.000000E+00,0.000000E+00,0.000000E+00,0.000000E+00,0.000000E+00,0.000000E+00,0.000000E+00,0.000000E+00,2.111089E+01,5.043878E+01,2.388630E+01,5.268693E+01,4.829242E+02,6.060194E+02,3.409841E-02,5.343872E-02,0.000000E+00,0.000000E+00,0.000000E+00,0.000000E+00,0.000000E+00,0.000000E+00,0.000000E+00,0.000000E+00,2.111076E+01,5.035473E+01,2.388758E+01,4.810192E+01,4.958752E+02,1.150637E+03,3.501286E-02,1.014630E-01,0.000000E+00,0.000000E+00,0.000000E+00,0.000000E+00,0.000000E+00,0.000000E+00,0.000000E+00,0.000000E+00,2.111064E+01,4.983151E+01,2.387770E+01,5.807040E+01,3.339018E+03,6.198706E+03,2.357621E-01,5.466011E-01,0.000000E+00,0.000000E+00,0.000000E+00,0.000000E+00,0.000000E+00,0.000000E+00,0.000000E+00,0.000000E+00,2.111070E+01,5.017888E+01,2.386275E+01,7.656003E+01,1.082094E+03,1.921281E+03,7.640472E-02,1.694183E-01,0.000000E+00,0.000000E+00,0.000000E+00,0.000000E+00,0.000000E+00,0.000000E+00,0.000000E+00,0.000000E+00,2.111064E+01,4.970598E+01,2.388537E+01,5.155834E+01,3.848924E+02,3.530352E+02,2.717656E-02,3.113060E-02,0.000000E+00,0.000000E+00,0.000000E+00,0.000000E+00,0.000000E+00,0.000000E+00,0.000000E+00,0.000000E+00,2.111083E+01,4.993007E+01,2.388768E+01,5.079818E+01,5.094035E+02,3.551783E+02,3.596807E-02,3.131958E-02,0.000000E+00,0.000000E+00,0.000000E+00,0.000000E+00,0.000000E+00,0.000000E+00,0.000000E+00,0.000000E+00,2.111057E+01,4.929672E+01,2.388770E+01,5.063214E+01,7.101910E+02,1.375428E+03,5.014531E-02,1.212850E-01,0.000000E+00,0.000000E+00,0.000000E+00,0.000000E+00,0.000000E+00,0.000000E+00,0.000000E+00,0.000000E+00,2.111034E+01,4.927618E+01,2.388272E+01,5.268108E+01,3.487492E+01,6.823161E+01,2.462455E-03,6.016655E-03,0.000000E+00,0.000000E+00,0.000000E+00,0.000000E+00,0.000000E+00,0.000000E+00,0.000000E+00,0.000000E+00,2.111111E+01,5.124987E+01,2.388842E+01,4.768248E+01
14:30:00,3.706865E+03,2.562447E+03,2.617351E-01,2.259563E-01,0.000000E+00,0.000000E+00,0.000000E+00,0.000000E+00,0.000000E+00,0.000000E+00,0.000000E+00,0.000000E+00,2.111073E+01,5.062734E+01,2.388741E+01,4.868037E+01,3.029535E+03,3.482975E+03,2.139100E-01,3.071283E-01,0.000000E+00,0.000000E+00,0.000000E+00,0.000000E+00,0.000000E+00,0.000000E+00,0.000000E+00,0.000000E+00,2.111089E+01,5.043385E+01,2.388627E+01,5.267188E+01,4.813248E+02,6.075081E+02,3.398548E-02,5.356999E-02,0.000000E+00,0.000000E+00,0.000000E+00,0.000000E+00,0.000000E+00,0.000000E+00,0.000000E+00,0.000000E+00,2.111076E+01,5.035116E+01,2.388759E+01,4.809464E+01,4.938779E+02,1.151360E+03,3.487183E-02,1.015267E-01,0.000000E+00,0.000000E+00,0.000000E+00,0.000000E+00,0.000000E+00,0.000000E+00,0.000000E+00,0.000000E+00,2.111064E+01,4.982446E+01,2.387771E+01,5.806173E+01,3.330101E+03,6.190559E+03,2.351324E-01,5.458827E-01,0.000000E+00,0.000000E+00,0.000000E+00,0.000000E+00,0.000000E+00,0.000000E+00,0.000000E+00,0.000000E+00,2.111070E+01,5.017517E+01,2.386276E+01,7.659334E+01,1.077415E+03,1.899376E+03,7.607435E-02,1.674868E-01,0.000000E+00,0.000000E+00,0.000000E+00,0.000000E+00,0.000000E+00,0.000000E+00,0.000000E+00,0.000000E+00,2.111064E+01,4.969775E+01,2.388535E+01,5.162570E+01,3.828951E+02,3.576262E+02,2.703553E-02,3.153543E-02,0.000000E+00,0.000000E+00,0.000000E+00,0.000000E+00,0.000000E+00,0.000000E+00,0.000000E+00,0.000000E+00,2.111083E+01,4.992067E+01,2.388768E+01,5.075251E+01,5.070813E+02,3.618790E+02,3.580410E-02,3.191045E-02,0.000000E+00,0.000000E+00,0.000000E+00,0.000000E+00,0.000000E+00,0.000000E+00,0.000000E+00,0.000000E+00,2.111057E+01,4.928546E+01,2.388770E+01,5.056340E+01,7.076270E+02,1.402767E+03,4.996427E-02,1.236958E-01,0.000000E+00,0.000000E+00,0.000000E+00,0.000000E+00,0.000000E+00,0.000000E+00,0.000000E+00,0.000000E+00,2.111034E+01,4.926803E+01,2.388269E+01,5.256902E+01,3.450423E+01,6.800347E+01,2.436282E-03,5.996538E-03,0.000000E+00,0.000000E+00,0.000000E+00,0.000000E+00,0.000000E+00,0.000000E+00,0.000000E+00,0.000000E+00,2.111111E+01,5.124987E+01,2.388842E+01,4.769249E+01
14:45:00,3.701809E+03,2.639832E+03,2.613780E-01,2.327800E-01,0.000000E+00,0.000000E+00,0.000000E+00,0.000000E+00,0.000000E+00,0.000000E+00,0.000000E+00,0.000000E+00,2.111073E+01,5.062646E+01,2.388740E+01,4.861540E+01,3.016674E+03,3.537590E+03,2.130019E-01,3.119442E-01,0.000000E+00,0.000000E+00,0.000000E+00,0.000000E+00,0.000000E+00,0.000000E+00,0.000000E+00,0.000000E+00,2.111089E+01,5.042923E+01,2.388623E+01,5.263192E+01,4.798474E+02,6.084471E+02,3.388116E-02,5.365279E-02,0.000000E+00,0.000000E+00,0.000000E+00,0.000000E+00,0.000000E+00,0.000000E+00,0.000000E+00,0.000000E+00,2.111076E+01,5.034787E+01,2.388759E+01,4.808940E+01,4.920394E+02,1.151876E+03,3.474202E-02,1.015723E-01,0.000000E+00,0.000000E+00,0.000000E+00,0.000000E+00,0.000000E+00,0.000000E+00,0.000000E+00,0.000000E+00,2.111064E+01,4.981794E+01,2.387772E+01,5.805577E+01,3.321864E+03,6.181377E+03,2.345508E-01,5.450730E-01,0.000000E+00,0.000000E+00,0.000000E+00,0.000000E+00,0.000000E+00,0.000000E+00,0.000000E+00,0.000000E+00,2.111070E+01,5.017176E+01,2.386277E+01,7.663428E+01,1.073081E+03,1.879508E+03,7.576831E-02,1.657348E-01,0.000000E+00,0.000000E+00,0.000000E+00,0.000000E+00,0.000000E+00,0.000000E+00,0.000000E+00,0.000000E+00,2.111064E+01,4.969010E+01,2.388533E+01,5.168830E+01,3.810331E+02,3.621530E+02,2.690406E-02,3.193461E-02,0.000000E+00,0.000000E+00,0.000000E+00,0.000000E+00,0.000000E+00,0.000000E+00,0.000000E+00,0.000000E+00,2.111083E+01,4.991180E+01,2.388768E+01,5.070471E+01,5.049233E+02,3.688702E+02,3.565172E-02,3.252693E-02,0.000000E+00,0.000000E+00,0.000000E+00,0.000000E+00,0.000000E+00,0.000000E+00,0.000000E+00,0.000000E+00,2.111057E+01,4.927494E+01,2.388769E+01,5.049285E+01,7.052513E+02,1.435680E+03,4.979653E-02,1.265981E-01,0.000000E+00,0.000000E+00,0.000000E+00,0.000000E+00,0.000000E+00,0.000000E+00,0.000000E+00,0.000000E+00,2.111034E+01,4.926049E+01,2.388267E+01,5.243415E+01,3.415638E+01,6.783529E+01,2.411721E-03,5.981707E-03,0.000000E+00,0.000000E+00,0.000000E+00,0.000000E+00,0.000000E+00,0.000000E+00,0.000000E+00,0.000000E+00,2.111111E+01,5.124987E+01,2.388842E+01,4.770111E+01
15:00:00,3.696884E+03,2.722482E+03,2.610303E-01,2.400681E-01,0.000000E+00,0.000000E+00,0.000000E+00,0.000000E+00,0.000000E+00,0.000000E+00,0.000000E+00,0.000000E+00,2.111073E+01,5.062561E+01,2.388739E+01,4.854424E+01,3.004704E+03,3.604914E+03,2.121568E-01,3.178809E-01,0.000000E+00,0.000000E+00,0.000000E+00,0.000000E+00,0.000000E+00,0.000000E+00,0.000000E+00,0.000000E+00,2.111089E+01,5.042490E+01,2.388620E+01,5.256763E+01,4.784792E+02,6.088056E+02,3.378456E-02,5.368440E-02,0.000000E+00,0.000000E+00,0.000000E+00,0.000000E+00,0.000000E+00,0.000000E+00,0.000000E+00,0.000000E+00,2.111076E+01,5.034482E+01,2.388759E+01,4.808603E+01,4.903442E+02,1.152145E+03,3.462232E-02,1.015960E-01,0.000000E+00,0.000000E+00,0.000000E+00,0.000000E+00,0.000000E+00,0.000000E+00,0.000000E+00,0.000000E+00,2.111064E+01,4.981191E+01,2.387772E+01,5.805193E+01,3.314238E+03,6.171158E+03,2.340124E-01,5.441719E-01,0.000000E+00,0.000000E+00,0.000000E+00,0.000000E+00,0.000000E+00,0.000000E+00,0.000000E+00,0.000000E+00,2.111070E+01,5.016860E+01,2.386277E+01,7.667999E+01,1.069061E+03,1.861549E+03,7.548445E-02,1.641512E-01,0.000000E+00,0.000000E+00,0.000000E+00,0.000000E+00,0.000000E+00,0.000000E+00,0.000000E+00,0.000000E+00,2.111064E+01,4.968297E+01,2.388532E+01,5.174618E+01,3.792959E+02,3.665633E+02,2.678140E-02,3.232351E-02,0.000000E+00,0.000000E+00,0.000000E+00,0.000000E+00,0.000000E+00,0.000000E+00,0.000000E+00,0.000000E+00,2.111083E+01,4.990342E+01,2.388768E+01,5.065562E+01,5.029160E+02,3.761958E+02,3.550999E-02,3.317290E-02,0.000000E+00,0.000000E+00,0.000000E+00,0.000000E+00,0.000000E+00,0.000000E+00,0.000000E+00,0.000000E+00,2.111057E+01,4.926511E+01,2.388769E+01,5.042034E+01,7.030461E+02,1.473371E+03,4.964082E-02,1.299216E-01,0.000000E+00,0.000000E+00,0.000000E+00,0.000000E+00,0.000000E+00,0.000000E+00,0.000000E+00,0.000000E+00,2.111034E+01,4.925348E+01,2.388267E+01,5.228121E+01,3.382955E+01,6.772855E+01,2.388644E-03,5.972295E-03,0.000000E+00,0.000000E+00,0.000000E+00,0.000000E+00,0.000000E+00,0.000000E+00,0.000000E+00,0.000000E+00,2.111111E+01,5.124987E+01,2.388841E+01,4.770830E+01
15:15:00,3.692086E+03,2.806508E+03,2.606916E-01,2.474776E-01,0.000000E+00,0.000000E+00,0.000000E+00,0.000000E+00,0.000000E+00,0.000000E+00,0.000000E+00,0.000000E+00,2.111073E+01,5.062478E+01,2.388739E+01,4.847010E+01,2.993583E+03,3.682229E+03,2.113715E-01,3.246985E-01,0.000000E+00,0.000000E+00,0.000000E+00,0.000000E+00,0.000000E+00,0.000000E+00,0.000000E+00,0.000000E+00,2.111089E+01,5.042085E+01,2.388617E+01,5.248111E+01,4.772131E+02,6.084876E+02,3.369516E-02,5.365636E-02,0.000000E+00,0.000000E+00,0.000000E+00,0.000000E+00,0.000000E+00,0.000000E+00,0.000000E+00,0.000000E+00,2.111076E+01,5.034199E+01,2.388760E+01,4.808427E+01,4.887833E+02,1.152079E+03,3.451211E-02,1.015902E-01,0.000000E+00,0.000000E+00,0.000000E+00,0.000000E+00,0.000000E+00,0.000000E+00,0.000000E+00,0.000000E+00,2.111064E+01,4.980633E+01,2.387772E+01,5.804961E+01,3.307184E+03,6.159337E+03,2.335143E-01,5.431296E-01,0.000000E+00,0.000000E+00,0.000000E+00,0.000000E+00,0.000000E+00,0.000000E+00,0.000000E+00,0.000000E+00,2.111070E+01,5.016569E+01,2.386276E+01,7.672747E+01,1.065338E+03,1.845237E+03,7.522160E-02,1.627128E-01,0.000000E+00,0.000000E+00,0.000000E+00,0.000000E+00,0.000000E+00,0.000000E+00,0.000000E+00,0.000000E+00,2.111064E+01,4.967633E+01,2.388530E+01,5.179920E+01,3.776782E+02,3.707952E+02,2.666718E-02,3.269667E-02,0.000000E+00,0.000000E+00,0.000000E+00,0.000000E+00,0.000000E+00,0.000000E+00,0.000000E+00,0.000000E+00,2.111083E+01,4.989551E+01,2.388768E+01,5.060598E+01,5.010525E+02,3.838131E+02,3.537842E-02,3.384459E-02,0.000000E+00,0.000000E+00,0.000000E+00,0.000000E+00,0.000000E+00,0.000000E+00,0.000000E+00,0.000000E+00,2.111057E+01,4.925591E+01,2.388769E+01,5.034583E+01,7.010013E+02,1.514877E+03,4.949644E-02,1.335817E-01,0.000000E+00,0.000000E+00,0.000000E+00,0.000000E+00,0.000000E+00,0.000000E+00,0.000000E+00,0.000000E+00,2.111034E+01,4.924696E+01,2.388267E+01,5.211594E+01,3.352302E+01,6.768500E+01,2.367000E-03,5.968454E-03,0.000000E+00,0.000000E+00,0.000000E+00,0.000000E+00,0.000000E+00,0.000000E+00,0.000000E+00,0.000000E+00,2.111111E+01,5.124987E+01,2.388841E+01,4.771400E+01
15:30:00,3.687407E+03,2.889126E+03,2.603612E-01,2.547627E-01,0.000000E+00,0.000000E+00,0.000000E+00,0.000000E+00,0.000000E+00,0.000000E+00,0.000000E+00,0.000000E+00,2.111073E+01,5.062397E+01,2.388740E+01,4.839705E+01,2.983248E+03,3.767197E+03,2.106418E-01,3.321909E-01,0.000000E+00,0.000000E+00,0.000000E+00,0.000000E+00,0.000000E+00,0.000000E+00,0.000000E+00,0.000000E+00,2.111089E+01,5.041704E+01,2.388615E+01,5.237672E+01,4.760406E+02,6.075063E+02,3.361237E-02,5.356983E-02,0.000000E+00,0.000000E+00,0.000000E+00,0.000000E+00,0.000000E+00,0.000000E+00,0.000000E+00,0.000000E+00,2.111076E+01,5.033936E+01,2.388760E+01,4.808481E+01,4.873457E+02,1.151663E+03,3.441060E-02,1.015535E-01,0.000000E+00,0.000000E+00,0.000000E+00,0.000000E+00,0.000000E+00,0.000000E+00,0.000000E+00,0.000000E+00,2.111063E+01,4.980116E+01,2.387773E+01,5.805136E+01,3.300654E+03,6.145899E+03,2.330533E-01,5.419446E-01,0.000000E+00,0.000000E+00,0.000000E+00,0.000000E+00,0.000000E+00,0.000000E+00,0.000000E+00,0.000000E+00,2.111070E+01,5.016299E+01,2.386278E+01,7.678371E+01,1.061891E+03,1.830296E+03,7.497819E-02,1.613952E-01,0.000000E+00,0.000000E+00,0.000000E+00,0.000000E+00,0.000000E+00,0.000000E+00,0.000000E+00,0.000000E+00,2.111063E+01,4.967014E+01,2.388529E+01,5.184857E+01,3.761718E+02,3.748010E+02,2.656081E-02,3.304990E-02,0.000000E+00,0.000000E+00,0.000000E+00,0.000000E+00,0.000000E+00,0.000000E+00,0.000000E+00,0.000000E+00,2.111083E+01,4.988805E+01,2.388768E+01,5.055682E+01,4.993225E+02,3.916491E+02,3.525626E-02,3.453556E-02,0.000000E+00,0.000000E+00,0.000000E+00,0.000000E+00,0.000000E+00,0.000000E+00,0.000000E+00,0.000000E+00,2.111057E+01,4.924730E+01,2.388769E+01,5.027008E+01,6.991042E+02,1.559271E+03,4.936249E-02,1.374963E-01,0.000000E+00,0.000000E+00,0.000000E+00,0.000000E+00,0.000000E+00,0.000000E+00,0.000000E+00,0.000000E+00,2.111034E+01,4.924090E+01,2.388270E+01,5.194585E+01,3.323559E+01,6.770602E+01,2.346705E-03,5.970309E-03,0.000000E+00,0.000000E+00,0.000000E+00,0.000000E+00,0.000000E+00,0.000000E+00,0.000000E+00,0.000000E+00,2.111111E+01,5.124987E+01,2.388841E+01,4.771818E+01
15:45:00,3.682838E+03,2.968258E+03,2.600386E-01,2.617406E-01,0.000000E+00,0.000000E+00,0.000000E+00,0.000000E+00,0.000000E+00,0.000000E+00,0.000000E+00,0.000000E+00,2.111073E+01,5.062318E+01,2.388741E+01,4.832781E+01,2.973641E+03,3.857498E+03,2.099634E-01,3.401537E-01,0.000000E+00,0.000000E+00,0.000000E+00,0.000000E+00,0.000000E+00,0.000000E+00,0.000000E+00,0.000000E+00,2.111089E+01,5.041348E+01,2.388614E+01,5.225885E+01,4.749538E+02,6.058153E+02,3.353563E-02,5.342071E-02,0.000000E+00,0.000000E+00,0.000000E+00,0.000000E+00,0.000000E+00,0.000000E+00,0.000000E+00,0.000000E+00,2.111076E+01,5.033693E+01,2.388760E+01,4.808790E+01,4.860211E+02,1.150847E+03,3.431708E-02,1.014816E-01,0.000000E+00,0.000000E+00,0.000000E+00,0.000000E+00,0.000000E+00,0.000000E+00,0.000000E+00,0.000000E+00,2.111063E+01,4.979638E+01,2.387774E+01,5.805777E+01,3.294605E+03,6.130365E+03,2.326261E-01,5.405748E-01,0.000000E+00,0.000000E+00,0.000000E+00,0.000000E+00,0.000000E+00,0.000000E+00,0.000000E+00,0.000000E+00,2.111070E+01,5.016049E+01,2.386279E+01,7.685126E+01,1.058697E+03,1.816416E+03,7.475270E-02,1.601713E-01,0.000000E+00,0.000000E+00,0.000000E+00,0.000000E+00,0.000000E+00,0.000000E+00,0.000000E+00,0.000000E+00,2.111063E+01,4.966437E+01,2.388528E+01,5.189502E+01,3.747686E+02,3.785348E+02,2.646174E-02,3.337915E-02,0.000000E+00,0.000000E+00,0.000000E+00,0.000000E+00,0.000000E+00,0.000000E+00,0.000000E+00,0.000000E+00,2.111083E+01,4.988100E+01,2.388768E+01,5.050892E+01,4.977156E+02,3.995957E+02,3.514280E-02,3.523629E-02,0.000000E+00,0.000000E+00,0.000000E+00,0.000000E+00,0.000000E+00,0.000000E+00,0.000000E+00,0.000000E+00,2.111057E+01,4.923924E+01,2.388769E+01,5.019379E+01,6.973427E+02,1.605580E+03,4.923811E-02,1.415798E-01,0.000000E+00,0.000000E+00,0.000000E+00,0.000000E+00,0.000000E+00,0.000000E+00,0.000000E+00,0.000000E+00,2.111034E+01,4.923524E+01,2.388273E+01,5.177622E+01,3.296605E+01,6.779230E+01,2.327673E-03,5.977916E-03,0.000000E+00,0.000000E+00,0.000000E+00,0.000000E+00,0.000000E+00,0.000000E+00,0.000000E+00,0.000000E+00,2.111111E+01,5.124987E+01,2.388841E+01,4.772079E+01
16:00:00,3.678372E+03,3.044432E+03,2.597232E-01,2.684576E-01,0.000000E+00,0.000000E+00,0.000000E+00,0.000000E+00,0.000000E+00,0.000000E+00,0.000000E+00,0.000000E+00,2.111073E+01,5.062241E+01,2.388742E+01,4.826377E+01,2.964703E+03,3.952036E+03,2.093323E-01,3.484900E-01,0.000000E+00,0.000000E+00,0.000000E+00,0.000000E+00,0.000000E+00,0.000000E+00,0.000000E+00,0.000000E+00,2.111088E+01,5.041014E+01,2.388613E+01,5.213158E+01,4.739453E+02,6.032979E+02,3.346443E-02,5.319873E-02,0.000000E+00,0.000000E+00,0.000000E+00,0.000000E+00,0.000000E+00,0.000000E+00,0.000000E+00,0.000000E+00,2.111076E+01,5.033465E+01,2.388761E+01,4.809333E+01,4.847998E+02,1.149558E+03,3.423084E-02,1.013679E-01,0.000000E+00,0.000000E+00,0.000000E+00,0.000000E+00,0.000000E+00,0.000000E+00,0.000000E+00,0.000000E+00,2.111063E+01,4.979194E+01,2.387775E+01,5.806811E+01,3.288995E+03,6.111119E+03,2.322300E-01,5.388777E-01,0.000000E+00,0.000000E+00,0.000000E+00,0.000000E+00,0.000000E+00,0.000000E+00,0.000000E+00,0.000000E+00,2.111070E+01,5.015816E+01,2.386280E+01,7.692887E+01,1.055737E+03,1.803008E+03,7.454372E-02,1.589890E-01,0.000000E+00,0.000000E+00,0.000000E+00,0.000000E+00,0.000000E+00,0.000000E+00,0.000000E+00,0.000000E+00,2.111063E+01,4.965898E+01,2.388527E+01,5.193884E+01,3.734610E+02,3.819523E+02,2.636941E-02,3.368051E-02,0.000000E+00,0.000000E+00,0.000000E+00,0.000000E+00,0.000000E+00,0.000000E+00,0.000000E+00,0.000000E+00,2.111083E+01,4.987435E+01,2.388769E+01,5.046285E+01,4.962223E+02,4.075261E+02,3.503736E-02,3.593560E-02,0.000000E+00,0.000000E+00,0.000000E+00,0.000000E+00,0.000000E+00,0.000000E+00,0.000000E+00,0.000000E+00,2.111056E+01,4.923170E+01,2.388769E+01,5.011757E+01,6.957054E+02,1.653449E+03,4.912250E-02,1.458009E-01,0.000000E+00,0.000000E+00,0.000000E+00,0.000000E+00,0.000000E+00,0.000000E+00,0.000000E+00,0.000000E+00,2.111034E+01,4.922997E+01,2.388277E+01,5.161065E+01,3.271325E+01,6.794353E+01,2.309824E-03,5.991252E-03,0.000000E+00,0.000000E+00,0.000000E+00,0.000000E+00,0.000000E+00,0.000000E+00,0.000000E+00,0.000000E+00,2.111111E+01,5.124987E+01,2.388841E+01,4.772179E+01
16:15:00,3.674001E+03,3.116144E+03,2.594146E-01,2.747812E-01,0.000000E+00,0.000000E+00,0.000000E+00,0.000000E+00,0.000000E+00,0.000000E+00,0.000000E+00,0.000000E+00,2.111073E+01,5.062165E+01,2.388743E+01,4.820418E+01,2.956383E+03,4.048733E+03,2.087449E-01,3.570168E-01,0.000000E+00,0.000000E+00,0.000000E+00,0.000000E+00,0.000000E+00,0.000000E+00,0.000000E+00,0.000000E+00,2.111088E+01,5.040700E+01,2.388613E+01,5.199769E+01,4.730084E+02,6.001892E+02,3.339827E-02,5.292461E-02,0.000000E+00,0.000000E+00,0.000000E+00,0.000000E+00,0.000000E+00,0.000000E+00,0.000000E+00,0.000000E+00,2.111076E+01,5.033254E+01,2.388761E+01,4.810112E+01,4.836729E+02,1.147931E+03,3.415127E-02,1.012244E-01,0.000000E+00,0.000000E+00,0.000000E+00,0.000000E+00,0.000000E+00,0.000000E+00,0.000000E+00,0.000000E+00,2.111063E+01,4.978782E+01,2.387775E+01,5.808215E+01,3.283787E+03,6.089727E+03,2.318623E-01,5.369913E-01,0.000000E+00,0.000000E+00,0.000000E+00,0.000000E+00,0.000000E+00,0.000000E+00,0.000000E+00,0.000000E+00,2.111070E+01,5.015601E+01,2.386282E+01,7.702135E+01,1.052993E+03,1.790227E+03,7.434992E-02,1.578620E-01,0.000000E+00,0.000000E+00,0.000000E+00,0.000000E+00,0.000000E+00,0.000000E+00,0.000000E+00,0.000000E+00,2.111063E+01,4.965396E+01,2.388526E+01,5.198122E+01,3.722419E+02,3.850625E+02,2.628333E-02,3.395476E-02,0.000000E+00,0.000000E+00,0.000000E+00,0.000000E+00,0.000000E+00,0.000000E+00,0.000000E+00,0.000000E+00,2.111083E+01,4.986809E+01,2.388769E+01,5.041906E+01,4.948337E+02,4.154068E+02,3.493932E-02,3.663052E-02,0.000000E+00,0.000000E+00,0.000000E+00,0.000000E+00,0.000000E+00,0.000000E+00,0.000000E+00,0.000000E+00,2.111056E+01,4.922464E+01,2.388770E+01,5.004205E+01,6.941820E+02,1.701790E+03,4.901494E-02,1.500636E-01,0.000000E+00,0.000000E+00,0.000000E+00,0.000000E+00,0.000000E+00,0.000000E+00,0.000000E+00,0.000000E+00,2.111034E+01,4.922505E+01,2.388281E+01,5.144914E+01,3.247609E+01,6.815842E+01,2.293078E-03,6.010200E-03,0.000000E+00,0.000000E+00,0.000000E+00,0.000000E+00,0.000000E+00,0.000000E+00,0.000000E+00,0.000000E+00,2.111111E+01,5.124987E+01,2.388840E+01,4.772117E+01
16:30:00,3.669719E+03,3.182114E+03,2.591123E-01,2.805984E-01,0.000000E+00,0.000000E+00,0.000000E+00,0.000000E+00,0.000000E+00,0.000000E+00,0.000000E+00,0.000000E+00,2.111073E+01,5.062091E+01,2.388745E+01,4.815012E+01,2.948632E+03,4.145370E+03,2.081976E-01,3.655382E-01,0.000000E+00,0.000000E+00,0.000000E+00,0.000000E+00,0.000000E+00,0.000000E+00,0.000000E+00,0.000000E+00,2.111088E+01,5.040406E+01,2.388613E+01,5.186149E+01,4.721371E+02,5.964855E+02,3.333675E-02,5.259802E-02,0.000000E+00,0.000000E+00,0.000000E+00,0.000000E+00,0.000000E+00,0.000000E+00,0.000000E+00,0.000000E+00,2.111076E+01,5.033057E+01,2.388761E+01,4.811124E+01,4.826323E+02,1.145939E+03,3.407780E-02,1.010488E-01,0.000000E+00,0.000000E+00,0.000000E+00,0.000000E+00,0.000000E+00,0.000000E+00,0.000000E+00,0.000000E+00,2.111063E+01,4.978400E+01,2.387776E+01,5.810016E+01,3.278946E+03,6.065991E+03,2.315205E-01,5.348983E-01,0.000000E+00,0.000000E+00,0.000000E+00,0.000000E+00,0.000000E+00,0.000000E+00,0.000000E+00,0.000000E+00,2.111070E+01,5.015401E+01,2.386283E+01,7.712786E+01,1.050446E+03,1.777839E+03,7.417010E-02,1.567696E-01,0.000000E+00,0.000000E+00,0.000000E+00,0.000000E+00,0.000000E+00,0.000000E+00,0.000000E+00,0.000000E+00,2.111063E+01,4.964927E+01,2.388526E+01,5.202260E+01,3.711048E+02,3.878340E+02,2.620304E-02,3.419915E-02,0.000000E+00,0.000000E+00,0.000000E+00,0.000000E+00,0.000000E+00,0.000000E+00,0.000000E+00,0.000000E+00,2.111082E+01,4.986218E+01,2.388770E+01,5.037804E+01,4.935417E+02,4.231215E+02,3.484809E-02,3.731080E-02,0.000000E+00,0.000000E+00,0.000000E+00,0.000000E+00,0.000000E+00,0.000000E+00,0.000000E+00,0.000000E+00,2.111056E+01,4.921802E+01,2.388770E+01,4.996812E+01,6.927630E+02,1.749584E+03,4.891475E-02,1.542781E-01,0.000000E+00,0.000000E+00,0.000000E+00,0.000000E+00,0.000000E+00,0.000000E+00,0.000000E+00,0.000000E+00,2.111034E+01,4.922046E+01,2.388286E+01,5.129641E+01,3.225354E+01,6.843469E+01,2.277365E-03,6.034562E-03,0.000000E+00,0.000000E+00,0.000000E+00,0.000000E+00,0.000000E+00,0.000000E+00,0.000000E+00,0.000000E+00,2.111111E+01,5.124987E+01,2.388840E+01,4.771894E+01
16:45:00,3.665522E+03,3.241119E+03,2.588159E-01,2.858014E-01,0.000000E+00,0.000000E+00,0.000000E+00,0.000000E+00,0.000000E+00,0.000000E+00,0.000000E+00,0.000000E+00,2.111073E+01,5.062018E+01,2.388746E+01,4.810266E+01,2.941408E+03,4.239727E+03,2.076875E-01,3.738586E-01,0.000000E+00,0.000000E+00,0.000000E+00,0.000000E+00,0.000000E+00,0.000000E+00,0.000000E+00,0.000000E+00,2.111088E+01,5.040130E+01,2.388615E+01,5.172718E+01,4.713258E+02,5.921952E+02,3.327946E-02,5.221969E-02,0.000000E+00,0.000000E+00,0.000000E+00,0.000000E+00,0.000000E+00,0.000000E+00,0.000000E+00,0.000000E+00,2.111076E+01,5.032873E+01,2.388761E+01,4.812355E+01,4.816706E+02,1.143569E+03,3.400990E-02,1.008397E-01,0.000000E+00,0.000000E+00,0.000000E+00,0.000000E+00,0.000000E+00,0.000000E+00,0.000000E+00,0.000000E+00,2.111063E+01,4.978046E+01,2.387776E+01,5.812212E+01,3.274442E+03,6.039848E+03,2.312025E-01,5.325930E-01,0.000000E+00,0.000000E+00,0.000000E+00,0.000000E+00,0.000000E+00,0.000000E+00,0.000000E+00,0.000000E+00,2.111070E+01,5.015214E+01,2.386284E+01,7.724588E+01,1.048082E+03,1.765638E+03,7.400315E-02,1.556937E-01,0.000000E+00,0.000000E+00,0.000000E+00,0.000000E+00,0.000000E+00,0.000000E+00,0.000000E+00,0.000000E+00,2.111063E+01,4.964489E+01,2.388525E+01,5.206314E+01,3.700435E+02,3.902387E+02,2.612810E-02,3.441120E-02,0.000000E+00,0.000000E+00,0.000000E+00,0.000000E+00,0.000000E+00,0.000000E+00,0.000000E+00,0.000000E+00,2.111082E+01,4.985660E+01,2.388770E+01,5.034015E+01,4.923389E+02,4.305595E+02,3.476316E-02,3.796668E-02,0.000000E+00,0.000000E+00,0.000000E+00,0.000000E+00,0.000000E+00,0.000000E+00,0.000000E+00,0.000000E+00,2.111056E+01,4.921183E+01,2.388770E+01,4.989656E+01,6.914399E+02,1.795828E+03,4.882132E-02,1.583559E-01,0.000000E+00,0.000000E+00,0.000000E+00,0.000000E+00,0.000000E+00,0.000000E+00,0.000000E+00,0.000000E+00,2.111034E+01,4.921616E+01,2.388292E+01,5.115632E+01,3.204464E+01,6.876901E+01,2.262615E-03,6.064042E-03,0.000000E+00,0.000000E+00,0.000000E+00,0.000000E+00,0.000000E+00,0.000000E+00,0.000000E+00,0.000000E+00,2.111111E+01,5.124987E+01,2.388840E+01,4.771512E+01
17:00:00,3.661404E+03,3.289684E+03,2.585251E-01,2.900839E-01,0.000000E+00,0.000000E+00,0.000000E+00,0.000000E+00,0.000000E+00,0.000000E+00,0.000000E+00,0.000000E+00,2.111073E+01,5.061947E+01,2.388748E+01,4.806229E+01,2.934669E+03,4.328353E+03,2.072117E-01,3.816736E-01,0.000000E+00,0.000000E+00,0.000000E+00,0.000000E+00,0.000000E+00,0.000000E+00,0.000000E+00,0.000000E+00,2.111088E+01,5.039872E+01,2.388616E+01,5.159832E+01,4.705695E+02,5.874222E+02,3.322606E-02,5.179881E-02,0.000000E+00,0.000000E+00,0.000000E+00,0.000000E+00,0.000000E+00,0.000000E+00,0.000000E+00,0.000000E+00,2.111076E+01,5.032701E+01,2.388762E+01,4.813793E+01,4.807812E+02,1.140850E+03,3.394710E-02,1.006000E-01,0.000000E+00,0.000000E+00,0.000000E+00,0.000000E+00,0.000000E+00,0.000000E+00,0.000000E+00,0.000000E+00,2.111063E+01,4.977718E+01,2.387777E+01,5.814779E+01,3.270247E+03,6.012389E+03,2.309063E-01,5.301717E-01,0.000000E+00,0.000000E+00,0.000000E+00,0.000000E+00,0.000000E+00,0.000000E+00,0.000000E+00,0.000000E+00,2.111070E+01,5.015040E+01,2.386284E+01,7.737345E+01,1.045885E+03,1.753729E+03,7.384804E-02,1.546436E-01,0.000000E+00,0.000000E+00,0.000000E+00,0.000000E+00,0.000000E+00,0.000000E+00,0.000000E+00,0.000000E+00,2.111063E+01,4.964081E+01,2.388525E+01,5.210306E+01,3.690524E+02,3.922481E+02,2.605813E-02,3.458839E-02,0.000000E+00,0.000000E+00,0.000000E+00,0.000000E+00,0.000000E+00,0.000000E+00,0.000000E+00,0.000000E+00,2.111082E+01,4.985135E+01,2.388771E+01,5.030566E+01,4.912183E+02,4.376100E+02,3.468404E-02,3.858839E-02,0.000000E+00,0.000000E+00,0.000000E+00,0.000000E+00,0.000000E+00,0.000000E+00,0.000000E+00,0.000000E+00,2.111056E+01,4.920603E+01,2.388771E+01,4.982802E+01,6.902048E+02,1.838862E+03,4.873412E-02,1.621506E-01,0.000000E+00,0.000000E+00,0.000000E+00,0.000000E+00,0.000000E+00,0.000000E+00,0.000000E+00,0.000000E+00,2.111034E+01,4.921214E+01,2.388297E+01,5.103084E+01,3.184850E+01,6.915695E+01,2.248765E-03,6.098251E-03,0.000000E+00,0.000000E+00,0.000000E+00,0.000000E+00,0.000000E+00,0.000000E+00,0.000000E+00,0.000000E+00,2.111111E+01,5.124987E+01,2.388840E+01,4.770977E+01
17:15:00,3.657361E+03,3.327628E+03,2.582397E-01,2.934298E-01,0.000000E+00,0.000000E+00,0.000000E+00,0.000000E+00,0.000000E+00,0.000000E+00,0.000000E+00,0.000000E+00,2.111073E+01,5.061877E+01,2.388749E+01,4.802921E+01,2.928378E+03,4.409509E+03,2.067675E-01,3.888299E-01,0.000000E+00,0.000000E+00,0.000000E+00,0.000000E+00,0.000000E+00,0.000000E+00,0.000000E+00,0.000000E+00,2.111088E+01,5.039629E+01,2.388618E+01,5.147791E+01,4.698636E+02,5.821196E+02,3.317623E-02,5.133123E-02,0.000000E+00,0.000000E+00,0.000000E+00,0.000000E+00,0.000000E+00,0.000000E+00,0.000000E+00,0.000000E+00,2.111076E+01,5.032541E+01,2.388762E+01,4.815424E+01,4.799580E+02,1.137753E+03,3.388897E-02,1.003269E-01,0.000000E+00,0.000000E+00,0.000000E+00,0.000000E+00,0.000000E+00,0.000000E+00,0.000000E+00,0.000000E+00,2.111063E+01,4.977413E+01,2.387777E+01,5.817695E+01,3.266335E+03,5.982822E+03,2.306300E-01,5.275645E-01,0.000000E+00,0.000000E+00,0.000000E+00,0.000000E+00,0.000000E+00,0.000000E+00,0.000000E+00,0.000000E+00,2.111070E+01,5.014879E+01,2.386284E+01,7.751040E+01,1.043843E+03,1.741776E+03,7.370385E-02,1.535896E-01,0.000000E+00,0.000000E+00,0.000000E+00,0.000000E+00,0.000000E+00,0.000000E+00,0.000000E+00,0.000000E+00,2.111063E+01,4.963699E+01,2.388524E+01,5.214276E+01,3.681265E+02,3.938303E+02,2.599275E-02,3.472791E-02,0.000000E+00,0.000000E+00,0.000000E+00,0.000000E+00,0.000000E+00,0.000000E+00,0.000000E+00,0.000000E+00,2.111082E+01,4.984639E+01,2.388771E+01,5.027481E+01,4.901736E+02,4.441548E+02,3.461028E-02,3.916551E-02,0.000000E+00,0.000000E+00,0.000000E+00,0.000000E+00,0.000000E+00,0.000000E+00,0.000000E+00,0.000000E+00,2.111056E+01,4.920059E+01,2.388772E+01,4.976315E+01,6.890507E+02,1.877982E+03,4.865263E-02,1.656002E-01,0.000000E+00,0.000000E+00,0.000000E+00,0.000000E+00,0.000000E+00,0.000000E+00,0.000000E+00,0.000000E+00,2.111034E+01,4.920838E+01,2.388303E+01,5.092096E+01,3.166426E+01,6.959299E+01,2.235756E-03,6.136701E-03,0.000000E+00,0.000000E+00,0.000000E+00,0.000000E+00,0.000000E+00,0.000000E+00,0.000000E+00,0.000000E+00,2.111111E+01,5.124987E+01,2.388840E+01,4.770299E+01
17:30:00,3.653390E+03,3.353365E+03,2.579593E-01,2.956993E-01,0.000000E+00,0.000000E+00,0.000000E+00,0.000000E+00,0.000000E+00,0.000000E+00,0.000000E+00,0.000000E+00,2.111073E+01,5.061808E+01,2.388751E+01,4.800382E+01,2.922501E+03,4.480716E+03,2.063525E-01,3.951090E-01,0.000000E+00,0.000000E+00,0.000000E+00,0.000000E+00,0.000000E+00,0.000000E+00,0.000000E+00,0.000000E+00,2.111088E+01,5.039401E+01,2.388621E+01,5.136874E+01,4.692042E+02,5.763043E+02,3.312966E-02,5.081844E-02,0.000000E+00,0.000000E+00,0.000000E+00,0.000000E+00,0.000000E+00,0.000000E+00,0.000000E+00,0.000000E+00,2.111076E+01,5.032391E+01,2.388762E+01,4.817271E+01,4.791953E+02,1.134285E+03,3.383512E-02,1.000211E-01,0.000000E+00,0.000000E+00,0.000000E+00,0.000000E+00,0.000000E+00,0.000000E+00,0.000000E+00,0.000000E+00,2.111063E+01,4.977129E+01,2.387777E+01,5.821032E+01,3.262683E+03,5.951019E+03,2.303722E-01,5.247601E-01,0.000000E+00,0.000000E+00,0.000000E+00,0.000000E+00,0.000000E+00,0.000000E+00,0.000000E+00,0.000000E+00,2.111070E+01,5.014727E+01,2.386284E+01,7.765950E+01,1.041943E+03,1.729629E+03,7.356972E-02,1.525185E-01,0.000000E+00,0.000000E+00,0.000000E+00,0.000000E+00,0.000000E+00,0.000000E+00,0.000000E+00,0.000000E+00,2.111063E+01,4.963343E+01,2.388524E+01,5.218306E+01,3.672609E+02,3.949499E+02,2.593163E-02,3.482663E-02,0.000000E+00,0.000000E+00,0.000000E+00,0.000000E+00,0.000000E+00,0.000000E+00,0.000000E+00,0.000000E+00,2.111082E+01,4.984173E+01,2.388772E+01,5.024795E+01,4.891991E+02,4.500667E+02,3.454147E-02,3.968682E-02,0.000000E+00,0.000000E+00,0.000000E+00,0.000000E+00,0.000000E+00,0.000000E+00,0.000000E+00,0.000000E+00,2.111056E+01,4.919550E+01,2.388773E+01,4.970278E+01,6.879711E+02,1.912131E+03,4.857640E-02,1.686115E-01,0.000000E+00,0.000000E+00,0.000000E+00,0.000000E+00,0.000000E+00,0.000000E+00,0.000000E+00,0.000000E+00,2.111034E+01,4.920485E+01,2.388309E+01,5.082784E+01,3.149115E+01,7.007054E+01,2.223533E-03,6.178812E-03,0.000000E+00,0.000000E+00,0.000000E+00,0.000000E+00,0.000000E+00,0.000000E+00,0.000000E+00,0.000000E+00,2.111111E+01,5.124987E+01,2.388840E+01,4.769490E+01
17:45:00,3.649486E+03,3.366464E+03,2.576836E-01,2.968543E-01,0.000000E+00,0.000000E+00,0.000000E+00,0.000000E+00,0.000000E+00,0.000000E+00,0.000000E+00,0.000000E+00,2.111073E+01,5.061740E+01,2.388753E+01,4.798657E+01,2.917007E+03,4.540249E+03,2.059646E-01,4.003585E-01,0.000000E+00,0.000000E+00,0.000000E+00,0.000000E+00,0.000000E+00,0.000000E+00,0.000000E+00,0.000000E+00,2.111088E+01,5.039187E+01,2.388624E+01,5.127319E+01,4.685874E+02,5.698151E+02,3.308611E-02,5.024622E-02,0.000000E+00,0.000000E+00,0.000000E+00,0.000000E+00,0.000000E+00,0.000000E+00,0.000000E+00,0.000000E+00,2.111076E+01,5.032251E+01,2.388762E+01,4.819345E+01,4.784881E+02,1.130371E+03,3.378518E-02,9.967598E-02,0.000000E+00,0.000000E+00,0.000000E+00,0.000000E+00,0.000000E+00,0.000000E+00,0.000000E+00,0.000000E+00,2.111063E+01,4.976866E+01,2.387777E+01,5.824803E+01,3.259270E+03,5.915485E+03,2.301312E-01,5.216267E-01,0.000000E+00,0.000000E+00,0.000000E+00,0.000000E+00,0.000000E+00,0.000000E+00,0.000000E+00,0.000000E+00,2.111070E+01,5.014586E+01,2.386285E+01,7.782221E+01,1.040175E+03,1.716940E+03,7.344486E-02,1.513995E-01,0.000000E+00,0.000000E+00,0.000000E+00,0.000000E+00,0.000000E+00,0.000000E+00,0.000000E+00,0.000000E+00,2.111063E+01,4.963011E+01,2.388524E+01,5.222453E+01,3.664513E+02,3.955749E+02,2.587447E-02,3.488174E-02,0.000000E+00,0.000000E+00,0.000000E+00,0.000000E+00,0.000000E+00,0.000000E+00,0.000000E+00,0.000000E+00,2.111082E+01,4.983733E+01,2.388773E+01,5.022535E+01,4.882894E+02,4.552224E+02,3.447723E-02,4.014145E-02,0.000000E+00,0.000000E+00,0.000000E+00,0.000000E+00,0.000000E+00,0.000000E+00,0.000000E+00,0.000000E+00,2.111056E+01,4.919073E+01,2.388773E+01,4.964759E+01,6.869602E+02,1.940732E+03,4.850502E-02,1.711335E-01,0.000000E+00,0.000000E+00,0.000000E+00,0.000000E+00,0.000000E+00,0.000000E+00,0.000000E+00,0.000000E+00,2.111033E+01,4.920155E+01,2.388315E+01,5.075245E+01,3.132844E+01,7.058219E+01,2.212045E-03,6.223929E-03,0.000000E+00,0.000000E+00,0.000000E+00,0.000000E+00,0.000000E+00,0.000000E+00,0.000000E+00,0.000000E+00,2.111111E+01,5.124987E+01,2.388840E+01,4.768563E+01
18:00:00,3.645648E+03,3.364631E+03,2.574126E-01,2.966927E-01,0.000000E+00,0.000000E+00,0.000000E+00,0.000000E+00,0.000000E+00,0.000000E+00,0.000000E+00,0.000000E+00,2.111073E+01,5.061673E+01,2.388754E+01,4.797721E+01,2.911867E+03,4.585351E+03,2.056017E-01,4.043356E-01,0.000000E+00,0.000000E+00,0.000000E+00,0.000000E+00,0.000000E+00,0.000000E+00,0.000000E+00,0.000000E+00,2.111088E+01,5.038987E+01,2.388627E+01,5.119258E+01,4.680098E+02,5.627667E+02,3.304533E-02,4.962469E-02,0.000000E+00,0.000000E+00,0.000000E+00,0.000000E+00,0.000000E+00,0.000000E+00,0.000000E+00,0.000000E+00,2.111076E+01,5.032119E+01,2.388762E+01,4.821702E+01,4.778318E+02,1.126682E+03,3.373885E-02,9.935070E-02,0.000000E+00,0.000000E+00,0.000000E+00,0.000000E+00,0.000000E+00,0.000000E+00,0.000000E+00,0.000000E+00,2.111063E+01,4.976621E+01,2.387777E+01,5.829079E+01,3.256077E+03,5.877056E+03,2.299057E-01,5.182380E-01,0.000000E+00,0.000000E+00,0.000000E+00,0.000000E+00,0.000000E+00,0.000000E+00,0.000000E+00,0.000000E+00,2.111070E+01,5.014455E+01,2.386287E+01,7.800587E+01,1.038528E+03,1.703740E+03,7.332856E-02,1.502356E-01,0.000000E+00,0.000000E+00,0.000000E+00,0.000000E+00,0.000000E+00,0.000000E+00,0.000000E+00,0.000000E+00,2.111063E+01,4.962700E+01,2.388524E+01,5.226825E+01,3.656936E+02,3.956809E+02,2.582097E-02,3.489110E-02,0.000000E+00,0.000000E+00,0.000000E+00,0.000000E+00,0.000000E+00,0.000000E+00,0.000000E+00,0.000000E+00,2.111082E+01,4.983319E+01,2.388774E+01,5.020723E+01,4.874396E+02,4.595131E+02,3.441723E-02,4.051981E-02,0.000000E+00,0.000000E+00,0.000000E+00,0.000000E+00,0.000000E+00,0.000000E+00,0.000000E+00,0.000000E+00,2.111056E+01,4.918626E+01,2.388774E+01,4.959814E+01,6.860126E+02,1.962560E+03,4.843812E-02,1.730583E-01,0.000000E+00,0.000000E+00,0.000000E+00,0.000000E+00,0.000000E+00,0.000000E+00,0.000000E+00,0.000000E+00,2.111033E+01,4.919845E+01,2.388320E+01,5.069381E+01,3.117544E+01,7.111990E+01,2.201241E-03,6.271344E-03,0.000000E+00,0.000000E+00,0.000000E+00,0.000000E+00,0.000000E+00,0.000000E+00,0.000000E+00,0.000000E+00,2.111111E+01,5.124987E+01,2.388840E+01,4.767536E+01
18:15:00,3.641872E+03,3.345333E+03,2.571460E-01,2.949910E-01,0.000000E+00,0.000000E+00,0.000000E+00,0.000000E+00,0.000000E+00,0.000000E+00,0.000000E+00,0.000000E+00,2.111073E+01,5.061607E+01,2.388756E+01,4.797644E+01,2.907055E+03,4.612906E+03,2.052619E-01,4.067655E-01,0.000000E+00,0.000000E+00,0.000000E+00,0.000000E+00,0.000000E+00,0.000000E+00,0.000000E+00,0.000000E+00,2.111088E+01,5.038798E+01,2.388630E+01,5.112864E+01,4.674685E+02,5.550813E+02,3.300711E-02,4.894700E-02,0.000000E+00,0.000000E+00,0.000000E+00,0.000000E+00,0.000000E+00,0.000000E+00,0.000000E+00,0.000000E+00,2.111076E+01,5.031996E+01,2.388762E+01,4.824317E+01,4.772223E+02,1.128528E+03,3.369580E-02,9.951345E-02,0.000000E+00,0.000000E+00,0.000000E+00,0.000000E+00,0.000000E+00,0.000000E+00,0.000000E+00,0.000000E+00,2.111063E+01,4.976393E+01,2.387775E+01,5.832916E+01,3.253086E+03,5.835046E+03,2.296945E-01,5.145336E-01,0.000000E+00,0.000000E+00,0.000000E+00,0.000000E+00,0.000000E+00,0.000000E+00,0.000000E+00,0.000000E+00,2.111070E+01,5.014331E+01,2.386287E+01,7.820719E+01,1.036992E+03,1.689783E+03,7.322015E-02,1.490048E-01,0.000000E+00,0.000000E+00,0.000000E+00,0.000000E+00,0.000000E+00,0.000000E+00,0.000000E+00,0.000000E+00,2.111063E+01,4.962410E+01,2.388524E+01,5.231421E+01,3.649842E+02,3.952139E+02,2.577088E-02,3.484991E-02,0.000000E+00,0.000000E+00,0.000000E+00,0.000000E+00,0.000000E+00,0.000000E+00,0.000000E+00,0.000000E+00,2.111082E+01,4.982928E+01,2.388774E+01,5.019375E+01,4.866453E+02,4.627724E+02,3.436115E-02,4.080721E-02,0.000000E+00,0.000000E+00,0.000000E+00,0.000000E+00,0.000000E+00,0.000000E+00,0.000000E+00,0.000000E+00,2.111056E+01,4.918207E+01,2.388775E+01,4.955485E+01,6.851235E+02,1.976350E+03,4.837534E-02,1.742743E-01,0.000000E+00,0.000000E+00,0.000000E+00,0.000000E+00,0.000000E+00,0.000000E+00,0.000000E+00,0.000000E+00,2.111033E+01,4.919553E+01,2.388325E+01,5.065365E+01,3.103152E+01,7.167512E+01,2.191080E-03,6.320303E-03,0.000000E+00,0.000000E+00,0.000000E+00,0.000000E+00,0.000000E+00,0.000000E+00,0.000000E+00,0.000000E+00,2.111111E+01,5.124987E+01,2.388840E+01,4.766427E+01
18:30:00,3.638156E+03,3.307155E+03,2.568836E-01,2.916245E-01,0.000000E+00,0.000000E+00,0.000000E+00,0.000000E+00,0.000000E+00,0.000000E+00,0.000000E+00,0.000000E+00,2.111073E+01,5.061542E+01,2.388758E+01,4.798600E+01,2.902547E+03,4.620489E+03,2.049436E-01,4.074342E-01,0.000000E+00,0.000000E+00,0.000000E+00,0.000000E+00,0.000000E+00,0.000000E+00,0.000000E+00,0.000000E+00,2.111088E+01,5.038621E+01,2.388633E+01,5.108402E+01,4.669605E+02,5.467811E+02,3.297124E-02,4.821509E-02,0.000000E+00,0.000000E+00,0.000000E+00,0.000000E+00,0.000000E+00,0.000000E+00,0.000000E+00,0.000000E+00,2.111076E+01,5.031880E+01,2.388762E+01,4.827224E+01,4.766556E+02,1.139270E+03,3.365579E-02,1.004607E-01,0.000000E+00,0.000000E+00,0.000000E+00,0.000000E+00,0.000000E+00,0.000000E+00,0.000000E+00,0.000000E+00,2.111063E+01,4.976181E+01,2.387758E+01,5.828892E+01,3.250282E+03,5.789477E+03,2.294966E-01,5.105153E-01,0.000000E+00,0.000000E+00,0.000000E+00,0.000000E+00,0.000000E+00,0.000000E+00,0.000000E+00,0.000000E+00,2.111070E+01,5.014216E+01,2.386287E+01,7.842830E+01,1.035560E+03,1.674992E+03,7.311904E-02,1.477005E-01,0.000000E+00,0.000000E+00,0.000000E+00,0.000000E+00,0.000000E+00,0.000000E+00,0.000000E+00,0.000000E+00,2.111063E+01,4.962138E+01,2.388524E+01,5.236325E+01,3.643195E+02,3.941610E+02,2.572394E-02,3.475707E-02,0.000000E+00,0.000000E+00,0.000000E+00,0.000000E+00,0.000000E+00,0.000000E+00,0.000000E+00,0.000000E+00,2.111082E+01,4.982560E+01,2.388775E+01,5.018531E+01,4.859023E+02,4.649100E+02,3.430869E-02,4.099570E-02,0.000000E+00,0.000000E+00,0.000000E+00,0.000000E+00,0.000000E+00,0.000000E+00,0.000000E+00,0.000000E+00,2.111056E+01,4.917813E+01,2.388777E+01,4.951854E+01,6.842885E+02,1.981117E+03,4.831638E-02,1.746947E-01,0.000000E+00,0.000000E+00,0.000000E+00,0.000000E+00,0.000000E+00,0.000000E+00,0.000000E+00,0.000000E+00,2.111033E+01,4.919280E+01,2.388331E+01,5.063536E+01,3.089609E+01,7.223879E+01,2.181517E-03,6.370007E-03,0.000000E+00,0.000000E+00,0.000000E+00,0.000000E+00,0.000000E+00,0.000000E+00,0.000000E+00,0.000000E+00,2.111111E+01,5.124987E+01,2.388840E+01,4.765257E+01
18:45:00,3.634498E+03,3.246978E+03,2.566254E-01,2.863181E-01,0.000000E+00,0.000000E+00,0.000000E+00,0.000000E+00,0.000000E+00,0.000000E+00,0.000000E+00,0.000000E+00,2.111073E+01,5.061478E+01,2.388760E+01,4.800723E+01,2.898321E+03,4.604285E+03,2.046452E-01,4.060052E-01,0.000000E+00,0.000000E+00,0.000000E+00,0.000000E+00,0.000000E+00,0.000000E+00,0.000000E+00,0.000000E+00,2.111088E+01,5.038455E+01,2.388637E+01,5.106089E+01,4.664835E+02,5.380565E+02,3.293756E-02,4.744576E-02,0.000000E+00,0.000000E+00,0.000000E+00,0.000000E+00,0.000000E+00,0.000000E+00,0.000000E+00,0.000000E+00,2.111076E+01,5.031772E+01,2.388763E+01,4.830431E+01,4.761283E+02,1.161009E+03,3.361856E-02,1.023777E-01,0.000000E+00,0.000000E+00,0.000000E+00,0.000000E+00,0.000000E+00,0.000000E+00,0.000000E+00,0.000000E+00,2.111063E+01,4.975983E+01,2.387737E+01,5.812141E+01,3.247651E+03,5.741635E+03,2.293108E-01,5.062967E-01,0.000000E+00,0.000000E+00,0.000000E+00,0.000000E+00,0.000000E+00,0.000000E+00,0.000000E+00,0.000000E+00,2.111070E+01,5.014108E+01,2.386287E+01,7.866941E+01,1.034224E+03,1.659509E+03,7.302466E-02,1.463353E-01,0.000000E+00,0.000000E+00,0.000000E+00,0.000000E+00,0.000000E+00,0.000000E+00,0.000000E+00,0.000000E+00,2.111063E+01,4.961884E+01,2.388524E+01,5.241576E+01,3.636964E+02,3.925119E+02,2.567995E-02,3.461165E-02,0.000000E+00,0.000000E+00,0.000000E+00,0.000000E+00,0.000000E+00,0.000000E+00,0.000000E+00,0.000000E+00,2.111082E+01,4.982214E+01,2.388776E+01,5.018215E+01,4.852070E+02,4.658319E+02,3.425959E-02,4.107699E-02,0.000000E+00,0.000000E+00,0.000000E+00,0.000000E+00,0.000000E+00,0.000000E+00,0.000000E+00,0.000000E+00,2.111056E+01,4.917444E+01,2.388778E+01,4.948971E+01,6.835034E+02,1.975150E+03,4.826095E-02,1.741685E-01,0.000000E+00,0.000000E+00,0.000000E+00,0.000000E+00,0.000000E+00,0.000000E+00,0.000000E+00,0.000000E+00,2.111033E+01,4.919022E+01,2.388336E+01,5.064081E+01,3.076860E+01,7.280171E+01,2.172516E-03,6.419645E-03,0.000000E+00,0.000000E+00,0.000000E+00,0.000000E+00,0.000000E+00,0.000000E+00,0.000000E+00,0.000000E+00,2.111111E+01,5.124987E+01,2.388840E+01,4.764047E+01
19:00:00,3.630897E+03,3.163395E+03,2.563711E-01,2.789477E-01,0.000000E+00,0.000000E+00,0.000000E+00,0.000000E+00,0.000000E+00,0.000000E+00,0.000000E+00,0.000000E+00,2.111073E+01,5.061414E+01,2.388762E+01,4.804152E+01,2.894356E+03,4.561234E+03,2.043652E-01,4.022090E-01,0.000000E+00,0.000000E+00,0.000000E+00,0.000000E+00,0.000000E+00,0.000000E+00,0.000000E+00,0.000000E+00,2.111088E+01,5.038298E+01,2.388641E+01,5.106165E+01,4.660349E+02,5.288452E+02,3.290589E-02,4.663350E-02,0.000000E+00,0.000000E+00,0.000000E+00,0.000000E+00,0.000000E+00,0.000000E+00,0.000000E+00,0.000000E+00,2.111076E+01,5.031669E+01,2.388763E+01,4.833927E+01,4.756373E+02,1.192273E+03,3.358389E-02,1.051345E-01,0.000000E+00,0.000000E+00,0.000000E+00,0.000000E+00,0.000000E+00,0.000000E+00,0.000000E+00,0.000000E+00,2.111063E+01,4.975799E+01,2.387722E+01,5.783598E+01,3.245179E+03,5.690717E+03,2.291363E-01,5.018067E-01,0.000000E+00,0.000000E+00,0.000000E+00,0.000000E+00,0.000000E+00,0.000000E+00,0.000000E+00,0.000000E+00,2.111070E+01,5.014006E+01,2.386287E+01,7.892944E+01,1.032975E+03,1.643155E+03,7.293652E-02,1.448932E-01,0.000000E+00,0.000000E+00,0.000000E+00,0.000000E+00,0.000000E+00,0.000000E+00,0.000000E+00,0.000000E+00,2.111063E+01,4.961647E+01,2.388524E+01,5.247187E+01,3.631121E+02,3.902623E+02,2.563869E-02,3.441328E-02,0.000000E+00,0.000000E+00,0.000000E+00,0.000000E+00,0.000000E+00,0.000000E+00,0.000000E+00,0.000000E+00,2.111082E+01,4.981887E+01,2.388777E+01,5.018440E+01,4.845557E+02,4.654342E+02,3.421361E-02,4.104193E-02,0.000000E+00,0.000000E+00,0.000000E+00,0.000000E+00,0.000000E+00,0.000000E+00,0.000000E+00,0.000000E+00,2.111056E+01,4.917098E+01,2.388779E+01,4.946868E+01,6.827647E+02,1.957288E+03,4.820879E-02,1.725934E-01,0.000000E+00,0.000000E+00,0.000000E+00,0.000000E+00,0.000000E+00,0.000000E+00,0.000000E+00,0.000000E+00,2.111033E+01,4.918780E+01,2.388342E+01,5.067245E+01,3.064854E+01,7.335310E+01,2.164039E-03,6.468267E-03,0.000000E+00,0.000000E+00,0.000000E+00,0.000000E+00,0.000000E+00,0.000000E+00,0.000000E+00,0.000000E+00,2.111111E+01,5.124987E+01,2.388840E+01,4.762818E+01
19:15:00,3.627350E+03,3.056217E+03,2.561207E-01,2.694968E-01,0.000000E+00,0.000000E+00,0.000000E+00,0.000000E+00,0.000000E+00,0.000000E+00,0.000000E+00,0.000000E+00,2.111073E+01,5.061352E+01,2.388764E+01,4.809080E+01,2.890633E+03,4.489074E+03,2.041024E-01,3.958459E-01,0.000000E+00,0.000000E+00,0.000000E+00,0.000000E+00,0.000000E+00,0.000000E+00,0.000000E+00,0.000000E+00,2.111088E+01,5.038151E+01,2.388646E+01,5.108931E+01,4.656129E+02,5.195238E+02,3.287609E-02,4.581154E-02,0.000000E+00,0.000000E+00,0.000000E+00,0.000000E+00,0.000000E+00,0.000000E+00,0.000000E+00,0.000000E+00,2.111076E+01,5.031573E+01,2.388762E+01,4.837690E+01,4.751796E+02,1.219862E+03,3.355158E-02,1.075673E-01,0.000000E+00,0.000000E+00,0.000000E+00,0.000000E+00,0.000000E+00,0.000000E+00,0.000000E+00,0.000000E+00,2.111063E+01,4.975628E+01,2.387722E+01,5.750042E+01,3.242855E+03,5.638789E+03,2.289722E-01,4.972277E-01,0.000000E+00,0.000000E+00,0.000000E+00,0.000000E+00,0.000000E+00,0.000000E+00,0.000000E+00,0.000000E+00,2.111070E+01,5.013911E+01,2.386286E+01,7.920687E+01,1.031808E+03,1.626402E+03,7.285413E-02,1.434160E-01,0.000000E+00,0.000000E+00,0.000000E+00,0.000000E+00,0.000000E+00,0.000000E+00,0.000000E+00,0.000000E+00,2.111063E+01,4.961424E+01,2.388523E+01,5.253152E+01,3.625637E+02,3.875230E+02,2.559997E-02,3.417173E-02,0.000000E+00,0.000000E+00,0.000000E+00,0.000000E+00,0.000000E+00,0.000000E+00,0.000000E+00,0.000000E+00,2.111082E+01,4.981579E+01,2.388777E+01,5.019209E+01,4.839454E+02,4.638188E+02,3.417051E-02,4.089948E-02,0.000000E+00,0.000000E+00,0.000000E+00,0.000000E+00,0.000000E+00,0.000000E+00,0.000000E+00,0.000000E+00,2.111056E+01,4.916773E+01,2.388780E+01,4.945576E+01,6.820690E+02,1.926527E+03,4.815966E-02,1.698809E-01,0.000000E+00,0.000000E+00,0.000000E+00,0.000000E+00,0.000000E+00,0.000000E+00,0.000000E+00,0.000000E+00,2.111033E+01,4.918551E+01,2.388347E+01,5.073411E+01,3.053544E+01,7.388181E+01,2.156052E-03,6.514888E-03,0.000000E+00,0.000000E+00,0.000000E+00,0.000000E+00,0.000000E+00,0.000000E+00,0.000000E+00,0.000000E+00,2.111111E+01,5.124987E+01,2.388840E+01,4.761593E+01
19:30:00,3.623856E+03,2.919961E+03,2.558740E-01,2.574818E-01,0.000000E+00,0.000000E+00,0.000000E+00,0.000000E+00,0.000000E+00,0.000000E+00,0.000000E+00,0.000000E+00,2.111073E+01,5.061291E+01,2.388767E+01,4.815742E+01,2.887137E+03,4.381398E+03,2.038555E-01,3.863511E-01,0.000000E+00,0.000000E+00,0.000000E+00,0.000000E+00,0.000000E+00,0.000000E+00,0.000000E+00,0.000000E+00,2.111088E+01,5.038013E+01,2.388650E+01,5.114746E+01,4.652153E+02,5.100845E+02,3.284802E-02,4.497919E-02,0.000000E+00,0.000000E+00,0.000000E+00,0.000000E+00,0.000000E+00,0.000000E+00,0.000000E+00,0.000000E+00,2.111076E+01,5.031483E+01,2.388762E+01,4.841643E+01,4.747527E+02,1.235083E+03,3.352143E-02,1.089095E-01,0.000000E+00,0.000000E+00,0.000000E+00,0.000000E+00,0.000000E+00,0.000000E+00,0.000000E+00,0.000000E+00,2.111063E+01,4.975468E+01,2.387752E+01,5.726312E+01,3.240668E+03,5.585366E+03,2.288177E-01,4.925169E-01,0.000000E+00,0.000000E+00,0.000000E+00,0.000000E+00,0.000000E+00,0.000000E+00,0.000000E+00,0.000000E+00,2.111070E+01,5.013821E+01,2.386282E+01,7.949521E+01,1.030717E+03,1.609141E+03,7.277709E-02,1.418938E-01,0.000000E+00,0.000000E+00,0.000000E+00,0.000000E+00,0.000000E+00,0.000000E+00,0.000000E+00,0.000000E+00,2.111063E+01,4.961216E+01,2.388523E+01,5.259395E+01,3.620488E+02,3.843029E+02,2.556361E-02,3.388778E-02,0.000000E+00,0.000000E+00,0.000000E+00,0.000000E+00,0.000000E+00,0.000000E+00,0.000000E+00,0.000000E+00,2.111082E+01,4.981289E+01,2.388778E+01,5.020503E+01,4.833730E+02,4.608660E+02,3.413010E-02,4.063911E-02,0.000000E+00,0.000000E+00,0.000000E+00,0.000000E+00,0.000000E+00,0.000000E+00,0.000000E+00,0.000000E+00,2.111056E+01,4.916468E+01,2.388781E+01,4.945102E+01,6.814132E+02,1.880295E+03,4.811336E-02,1.658042E-01,0.000000E+00,0.000000E+00,0.000000E+00,0.000000E+00,0.000000E+00,0.000000E+00,0.000000E+00,0.000000E+00,2.111033E+01,4.918336E+01,2.388353E+01,5.083082E+01,3.042883E+01,7.437638E+01,2.148525E-03,6.558500E-03,0.000000E+00,0.000000E+00,0.000000E+00,0.000000E+00,0.000000E+00,0.000000E+00,0.000000E+00,0.000000E+00,2.111111E+01,5.124987E+01,2.388840E+01,4.760397E+01
19:45:00,3.620414E+03,2.753783E+03,2.556309E-01,2.428283E-01,0.000000E+00,0.000000E+00,0.000000E+00,0.000000E+00,0.000000E+00,0.000000E+00,0.000000E+00,0.000000E+00,2.111073E+01,5.061230E+01,2.388770E+01,4.824721E+01,2.883849E+03,4.235644E+03,2.036234E-01,3.734986E-01,0.000000E+00,0.000000E+00,0.000000E+00,0.000000E+00,0.000000E+00,0.000000E+00,0.000000E+00,0.000000E+00,2.111088E+01,5.037882E+01,2.388656E+01,5.124320E+01,4.648406E+02,5.006822E+02,3.282155E-02,4.415009E-02,0.000000E+00,0.000000E+00,0.000000E+00,0.000000E+00,0.000000E+00,0.000000E+00,0.000000E+00,0.000000E+00,2.111076E+01,5.031397E+01,2.388762E+01,4.845774E+01,4.743541E+02,1.232152E+03,3.349329E-02,1.086510E-01,0.000000E+00,0.000000E+00,0.000000E+00,0.000000E+00,0.000000E+00,0.000000E+00,0.000000E+00,0.000000E+00,2.111063E+01,4.975318E+01,2.387790E+01,5.721004E+01,3.238608E+03,5.531204E+03,2.286723E-01,4.877408E-01,0.000000E+00,0.000000E+00,0.000000E+00,0.000000E+00,0.000000E+00,0.000000E+00,0.000000E+00,0.000000E+00,2.111070E+01,5.013737E+01,2.386279E+01,7.979587E+01,1.029696E+03,1.591479E+03,7.270499E-02,1.403364E-01,0.000000E+00,0.000000E+00,0.000000E+00,0.000000E+00,0.000000E+00,0.000000E+00,0.000000E+00,0.000000E+00,2.111063E+01,4.961021E+01,2.388523E+01,5.265935E+01,3.615651E+02,3.806308E+02,2.552946E-02,3.356397E-02,0.000000E+00,0.000000E+00,0.000000E+00,0.000000E+00,0.000000E+00,0.000000E+00,0.000000E+00,0.000000E+00,2.111082E+01,4.981016E+01,2.388779E+01,5.022315E+01,4.828360E+02,4.564576E+02,3.409218E-02,4.025038E-02,0.000000E+00,0.000000E+00,0.000000E+00,0.000000E+00,0.000000E+00,0.000000E+00,0.000000E+00,0.000000E+00,2.111056E+01,4.916182E+01,2.388783E+01,4.945484E+01,6.807945E+02,1.817369E+03,4.806967E-02,1.602554E-01,0.000000E+00,0.000000E+00,0.000000E+00,0.000000E+00,0.000000E+00,0.000000E+00,0.000000E+00,0.000000E+00,2.111033E+01,4.918133E+01,2.388360E+01,5.097409E+01,3.032832E+01,7.482332E+01,2.141428E-03,6.597911E-03,0.000000E+00,0.000000E+00,0.000000E+00,0.000000E+00,0.000000E+00,0.000000E+00,0.000000E+00,0.000000E+00,2.111111E+01,5.124987E+01,2.388840E+01,4.759253E+01
20:00:00,3.617022E+03,2.568849E+03,2.553914E-01,2.265208E-01,0.000000E+00,0.000000E+00,0.000000E+00,0.000000E+00,0.000000E+00,0.000000E+00,0.000000E+00,0.000000E+00,2.111073E+01,5.061170E+01,2.388774E+01,4.836569E+01,2.880757E+03,4.060012E+03,2.034051E-01,3.580114E-01,0.000000E+00,0.000000E+00,0.000000E+00,0.000000E+00,0.000000E+00,0.000000E+00,0.000000E+00,0.000000E+00,2.111088E+01,5.037760E+01,2.388662E+01,5.138334E+01,4.644869E+02,4.913330E+02,3.279659E-02,4.332568E-02,0.000000E+00,0.000000E+00,0.000000E+00,0.000000E+00,0.000000E+00,0.000000E+00,0.000000E+00,0.000000E+00,2.111076E+01,5.031317E+01,2.388762E+01,4.850057E+01,4.739816E+02,1.211281E+03,3.346699E-02,1.068106E-01,0.000000E+00,0.000000E+00,0.000000E+00,0.000000E+00,0.000000E+00,0.000000E+00,0.000000E+00,0.000000E+00,2.111063E+01,4.975179E+01,2.387822E+01,5.734350E+01,3.236665E+03,5.475928E+03,2.285351E-01,4.828667E-01,0.000000E+00,0.000000E+00,0.000000E+00,0.000000E+00,0.000000E+00,0.000000E+00,0.000000E+00,0.000000E+00,2.111070E+01,5.013658E+01,2.386275E+01,8.010777E+01,1.028740E+03,1.573371E+03,7.263747E-02,1.387396E-01,0.000000E+00,0.000000E+00,0.000000E+00,0.000000E+00,0.000000E+00,0.000000E+00,0.000000E+00,0.000000E+00,2.111063E+01,4.960838E+01,2.388522E+01,5.272782E+01,3.611105E+02,3.765527E+02,2.549736E-02,3.320437E-02,0.000000E+00,0.000000E+00,0.000000E+00,0.000000E+00,0.000000E+00,0.000000E+00,0.000000E+00,0.000000E+00,2.111082E+01,4.980758E+01,2.388779E+01,5.024640E+01,4.823317E+02,4.504715E+02,3.405657E-02,3.972252E-02,0.000000E+00,0.000000E+00,0.000000E+00,0.000000E+00,0.000000E+00,0.000000E+00,0.000000E+00,0.000000E+00,2.111056E+01,4.915912E+01,2.388784E+01,4.946793E+01,6.802103E+02,1.740943E+03,4.802843E-02,1.535161E-01,0.000000E+00,0.000000E+00,0.000000E+00,0.000000E+00,0.000000E+00,0.000000E+00,0.000000E+00,0.000000E+00,2.111033E+01,4.917941E+01,2.388367E+01,5.117390E+01,3.023352E+01,7.520849E+01,2.134735E-03,6.631875E-03,0.000000E+00,0.000000E+00,0.000000E+00,0.000000E+00,0.000000E+00,0.000000E+00,0.000000E+00,0.000000E+00,2.111111E+01,5.124987E+01,2.388841E+01,4.758187E+01
20:15:00,3.613679E+03,2.394887E+03,2.551554E-01,2.111809E-01,0.000000E+00,0.000000E+00,0.000000E+00,0.000000E+00,0.000000E+00,0.000000E+00,0.000000E+00,0.000000E+00,2.111073E+01,5.061111E+01,2.388776E+01,4.850994E+01,2.877846E+03,3.879838E+03,2.031995E-01,3.421236E-01,0.000000E+00,0.000000E+00,0.000000E+00,0.000000E+00,0.000000E+00,0.000000E+00,0.000000E+00,0.000000E+00,2.111088E+01,5.037644E+01,2.388666E+01,5.156542E+01,4.641530E+02,4.823327E+02,3.277301E-02,4.253203E-02,0.000000E+00,0.000000E+00,0.000000E+00,0.000000E+00,0.000000E+00,0.000000E+00,0.000000E+00,0.000000E+00,2.111076E+01,5.031241E+01,2.388761E+01,4.854496E+01,4.736333E+02,1.184465E+03,3.344239E-02,1.044460E-01,0.000000E+00,0.000000E+00,0.000000E+00,0.000000E+00,0.000000E+00,0.000000E+00,0.000000E+00,0.000000E+00,2.111063E+01,4.975048E+01,2.387838E+01,5.760304E+01,3.234833E+03,5.421904E+03,2.284057E-01,4.781028E-01,0.000000E+00,0.000000E+00,0.000000E+00,0.000000E+00,0.000000E+00,0.000000E+00,0.000000E+00,0.000000E+00,2.111070E+01,5.013584E+01,2.386271E+01,8.043388E+01,1.027844E+03,1.555197E+03,7.257421E-02,1.371371E-01,0.000000E+00,0.000000E+00,0.000000E+00,0.000000E+00,0.000000E+00,0.000000E+00,0.000000E+00,0.000000E+00,2.111063E+01,4.960667E+01,2.388522E+01,5.279980E+01,3.606829E+02,3.721162E+02,2.546717E-02,3.281316E-02,0.000000E+00,0.000000E+00,0.000000E+00,0.000000E+00,0.000000E+00,0.000000E+00,0.000000E+00,0.000000E+00,2.111082E+01,4.980515E+01,2.388780E+01,5.027472E+01,4.818579E+02,4.427691E+02,3.402312E-02,3.904332E-02,0.000000E+00,0.000000E+00,0.000000E+00,0.000000E+00,0.000000E+00,0.000000E+00,0.000000E+00,0.000000E+00,2.111056E+01,4.915659E+01,2.388785E+01,4.949123E+01,6.796583E+02,1.661481E+03,4.798945E-02,1.465092E-01,0.000000E+00,0.000000E+00,0.000000E+00,0.000000E+00,0.000000E+00,0.000000E+00,0.000000E+00,0.000000E+00,2.111033E+01,4.917760E+01,2.388370E+01,5.142158E+01,3.014407E+01,7.551682E+01,2.128418E-03,6.659064E-03,0.000000E+00,0.000000E+00,0.000000E+00,0.000000E+00,0.000000E+00,0.000000E+00,0.000000E+00,0.000000E+00,2.111111E+01,5.124987E+01,2.388841E+01,4.757223E+01
20:30:00,3.610385E+03,2.249017E+03,2.549228E-01,1.983181E-01,0.000000E+00,0.000000E+00,0.000000E+00,0.000000E+00,0.000000E+00,0.000000E+00,0.000000E+00,0.000000E+00,2.111073E+01,5.061053E+01,2.388774E+01,4.865810E+01,2.875104E+03,3.713077E+03,2.030060E-01,3.274186E-01,0.000000E+00,0.000000E+00,0.000000E+00,0.000000E+00,0.000000E+00,0.000000E+00,0.000000E+00,0.000000E+00,2.111088E+01,5.037536E+01,2.388666E+01,5.176723E+01,4.638375E+02,4.739427E+02,3.275073E-02,4.179221E-02,0.000000E+00,0.000000E+00,0.000000E+00,0.000000E+00,0.000000E+00,0.000000E+00,0.000000E+00,0.000000E+00,2.111075E+01,5.031169E+01,2.388760E+01,4.858929E+01,4.733073E+02,1.158172E+03,3.341937E-02,1.021275E-01,0.000000E+00,0.000000E+00,0.000000E+00,0.000000E+00,0.000000E+00,0.000000E+00,0.000000E+00,0.000000E+00,2.111063E+01,4.974926E+01,2.387830E+01,5.787359E+01,3.233102E+03,5.371065E+03,2.282835E-01,4.736198E-01,0.000000E+00,0.000000E+00,0.000000E+00,0.000000E+00,0.000000E+00,0.000000E+00,0.000000E+00,0.000000E+00,2.111070E+01,5.013513E+01,2.386263E+01,8.075658E+01,1.027004E+03,1.537397E+03,7.251489E-02,1.355675E-01,0.000000E+00,0.000000E+00,0.000000E+00,0.000000E+00,0.000000E+00,0.000000E+00,0.000000E+00,0.000000E+00,2.111063E+01,4.960506E+01,2.388521E+01,5.287341E+01,3.602807E+02,3.674281E+02,2.543877E-02,3.239976E-02,0.000000E+00,0.000000E+00,0.000000E+00,0.000000E+00,0.000000E+00,0.000000E+00,0.000000E+00,0.000000E+00,2.111082E+01,4.980286E+01,2.388781E+01,5.030776E+01,4.814125E+02,4.334186E+02,3.399167E-02,3.821880E-02,0.000000E+00,0.000000E+00,0.000000E+00,0.000000E+00,0.000000E+00,0.000000E+00,0.000000E+00,0.000000E+00,2.111056E+01,4.915421E+01,2.388787E+01,4.952556E+01,6.791363E+02,1.586498E+03,4.795259E-02,1.398972E-01,0.000000E+00,0.000000E+00,0.000000E+00,0.000000E+00,0.000000E+00,0.000000E+00,0.000000E+00,0.000000E+00,2.111033E+01,4.917589E+01,2.388363E+01,5.167147E+01,3.005962E+01,7.573533E+01,2.122456E-03,6.678332E-03,0.000000E+00,0.000000E+00,0.000000E+00,0.000000E+00,0.000000E+00,0.000000E+00,0.000000E+00,0.000000E+00,2.111111E+01,5.124987E+01,2.388841E+01,4.756392E+01
20:45:00,3.607137E+03,2.141228E+03,2.546934E-01,1.888132E-01,0.000000E+00,0.000000E+00,0.000000E+00,0.000000E+00,0.000000E+00,0.000000E+00,0.000000E+00,0.000000E+00,2.111073E+01,5.060995E+01,2.388771E+01,4.879486E+01,2.872521E+03,3.572472E+03,2.028235E-01,3.150201E-01,0.000000E+00,0.000000E+00,0.000000E+00,0.000000E+00,0.000000E+00,0.000000E+00,0.000000E+00,0.000000E+00,2.111088E+01,5.037433E+01,2.388664E+01,5.197062E+01,4.635391E+02,4.662047E+02,3.272966E-02,4.110988E-02,0.000000E+00,0.000000E+00,0.000000E+00,0.000000E+00,0.000000E+00,0.000000E+00,0.000000E+00,0.000000E+00,2.111075E+01,5.031102E+01,2.388759E+01,4.863225E+01,4.730018E+02,1.136683E+03,3.339781E-02,1.002326E-01,0.000000E+00,0.000000E+00,0.000000E+00,0.000000E+00,0.000000E+00,0.000000E+00,0.000000E+00,0.000000E+00,2.111063E+01,4.974812E+01,2.387817E+01,5.809786E+01,3.231466E+03,5.323838E+03,2.281680E-01,4.694554E-01,0.000000E+00,0.000000E+00,0.000000E+00,0.000000E+00,0.000000E+00,0.000000E+00,0.000000E+00,0.000000E+00,2.111070E+01,5.013447E+01,2.386253E+01,8.106310E+01,1.026216E+03,1.520154E+03,7.245923E-02,1.340470E-01,0.000000E+00,0.000000E+00,0.000000E+00,0.000000E+00,0.000000E+00,0.000000E+00,0.000000E+00,0.000000E+00,2.111063E+01,4.960356E+01,2.388520E+01,5.294690E+01,3.599020E+02,3.626135E+02,2.541204E-02,3.197521E-02,0.000000E+00,0.000000E+00,0.000000E+00,0.000000E+00,0.000000E+00,0.000000E+00,0.000000E+00,0.000000E+00,2.111082E+01,4.980070E+01,2.388781E+01,5.034503E+01,4.809935E+02,4.227296E+02,3.396209E-02,3.727625E-02,0.000000E+00,0.000000E+00,0.000000E+00,0.000000E+00,0.000000E+00,0.000000E+00,0.000000E+00,0.000000E+00,2.111056E+01,4.915197E+01,2.388788E+01,4.957135E+01,6.786423E+02,1.521716E+03,4.791771E-02,1.341847E-01,0.000000E+00,0.000000E+00,0.000000E+00,0.000000E+00,0.000000E+00,0.000000E+00,0.000000E+00,0.000000E+00,2.111033E+01,4.917427E+01,2.388354E+01,5.189951E+01,2.997987E+01,7.585776E+01,2.116825E-03,6.689127E-03,0.000000E+00,0.000000E+00,0.000000E+00,0.000000E+00,0.000000E+00,0.000000E+00,0.000000E+00,0.000000E+00,2.111111E+01,5.124987E+01,2.388841E+01,4.755716E+01
21:00:00,3.603935E+03,2.069170E+03,2.544674E-01,1.824591E-01,0.000000E+00,0.000000E+00,0.000000E+00,0.000000E+00,0.000000E+00,0.000000E+00,0.000000E+00,0.000000E+00,2.111073E+01,5.060938E+01,2.388768E+01,4.891587E+01,2.870084E+03,3.460050E+03,2.026514E-01,3.051067E-01,0.000000E+00,0.000000E+00,0.000000E+00,0.000000E+00,0.000000E+00,0.000000E+00,0.000000E+00,0.000000E+00,2.111088E+01,5.037337E+01,2.388662E+01,5.216764E+01,4.632567E+02,4.592656E+02,3.270972E-02,4.049798E-02,0.000000E+00,0.000000E+00,0.000000E+00,0.000000E+00,0.000000E+00,0.000000E+00,0.000000E+00,0.000000E+00,2.111075E+01,5.031037E+01,2.388758E+01,4.867345E+01,4.727155E+02,1.120996E+03,3.337759E-02,9.884927E-02,0.000000E+00,0.000000E+00,0.000000E+00,0.000000E+00,0.000000E+00,0.000000E+00,0.000000E+00,0.000000E+00,2.111063E+01,4.974705E+01,2.387805E+01,5.827627E+01,3.229919E+03,5.281517E+03,2.280588E-01,4.657235E-01,0.000000E+00,0.000000E+00,0.000000E+00,0.000000E+00,0.000000E+00,0.000000E+00,0.000000E+00,0.000000E+00,2.111070E+01,5.013384E+01,2.386244E+01,8.135086E+01,1.025476E+03,1.503828E+03,7.240699E-02,1.326074E-01,0.000000E+00,0.000000E+00,0.000000E+00,0.000000E+00,0.000000E+00,0.000000E+00,0.000000E+00,0.000000E+00,2.111063E+01,4.960214E+01,2.388519E+01,5.301958E+01,3.595454E+02,3.578018E+02,2.538686E-02,3.155092E-02,0.000000E+00,0.000000E+00,0.000000E+00,0.000000E+00,0.000000E+00,0.000000E+00,0.000000E+00,0.000000E+00,2.111082E+01,4.979866E+01,2.388781E+01,5.038588E+01,4.805992E+02,4.112281E+02,3.393424E-02,3.626204E-02,0.000000E+00,0.000000E+00,0.000000E+00,0.000000E+00,0.000000E+00,0.000000E+00,0.000000E+00,0.000000E+00,2.111056E+01,4.914986E+01,2.388790E+01,4.962808E+01,6.781745E+02,1.468702E+03,4.788468E-02,1.295100E-01,0.000000E+00,0.000000E+00,0.000000E+00,0.000000E+00,0.000000E+00,0.000000E+00,0.000000E+00,0.000000E+00,2.111033E+01,4.917273E+01,2.388346E+01,5.210640E+01,2.990453E+01,7.588541E+01,2.111505E-03,6.691566E-03,0.000000E+00,0.000000E+00,0.000000E+00,0.000000E+00,0.000000E+00,0.000000E+00,0.000000E+00,0.000000E+00,2.111111E+01,5.124987E+01,2.388842E+01,4.755210E+01
21:15:00,3.600779E+03,2.010871E+03,2.542445E-01,1.773183E-01,0.000000E+00,0.000000E+00,0.000000E+00,0.000000E+00,0.000000E+00,0.000000E+00,0.000000E+00,0.000000E+00,2.111073E+01,5.060882E+01,2.388765E+01,4.902253E+01,2.867784E+03,3.360897E+03,2.024891E-01,2.963635E-01,0.000000E+00,0.000000E+00,0.000000E+00,0.000000E+00,0.000000E+00,0.000000E+00,0.000000E+00,0.000000E+00,2.111088E+01,5.037245E+01,2.388660E+01,5.235689E+01,4.629892E+02,4.527761E+02,3.269083E-02,3.992574E-02,0.000000E+00,0.000000E+00,0.000000E+00,0.000000E+00,0.000000E+00,0.000000E+00,0.000000E+00,0.000000E+00,2.111075E+01,5.030977E+01,2.388756E+01,4.871295E+01,4.724469E+02,1.107424E+03,3.335862E-02,9.765253E-02,0.000000E+00,0.000000E+00,0.000000E+00,0.000000E+00,0.000000E+00,0.000000E+00,0.000000E+00,0.000000E+00,2.111063E+01,4.974605E+01,2.387796E+01,5.842759E+01,3.228455E+03,5.241663E+03,2.279554E-01,4.622092E-01,0.000000E+00,0.000000E+00,0.000000E+00,0.000000E+00,0.000000E+00,0.000000E+00,0.000000E+00,0.000000E+00,2.111070E+01,5.013325E+01,2.386236E+01,8.162301E+01,1.024780E+03,1.488134E+03,7.235791E-02,1.312235E-01,0.000000E+00,0.000000E+00,0.000000E+00,0.000000E+00,0.000000E+00,0.000000E+00,0.000000E+00,0.000000E+00,2.111063E+01,4.960081E+01,2.388519E+01,5.309124E+01,3.592094E+02,3.530795E+02,2.536313E-02,3.113450E-02,0.000000E+00,0.000000E+00,0.000000E+00,0.000000E+00,0.000000E+00,0.000000E+00,0.000000E+00,0.000000E+00,2.111082E+01,4.979674E+01,2.388782E+01,5.042956E+01,4.802278E+02,3.994848E+02,3.390802E-02,3.522652E-02,0.000000E+00,0.000000E+00,0.000000E+00,0.000000E+00,0.000000E+00,0.000000E+00,0.000000E+00,0.000000E+00,2.111056E+01,4.914787E+01,2.388791E+01,4.969422E+01,6.777312E+02,1.421875E+03,4.785338E-02,1.253808E-01,0.000000E+00,0.000000E+00,0.000000E+00,0.000000E+00,0.000000E+00,0.000000E+00,0.000000E+00,0.000000E+00,2.111033E+01,4.917128E+01,2.388339E+01,5.229958E+01,2.983333E+01,7.582615E+01,2.106478E-03,6.686341E-03,0.000000E+00,0.000000E+00,0.000000E+00,0.000000E+00,0.000000E+00,0.000000E+00,0.000000E+00,0.000000E+00,2.111111E+01,5.124987E+01,2.388842E+01,4.754878E+01
21:30:00,3.597667E+03,1.960888E+03,2.540248E-01,1.729109E-01,0.000000E+00,0.000000E+00,0.000000E+00,0.000000E+00,0.000000E+00,0.000000E+00,0.000000E+00,0.000000E+00,2.111073E+01,5.060827E+01,2.388763E+01,4.911784E+01,2.865613E+03,3.271031E+03,2.023358E-01,2.884391E-01,0.000000E+00,0.000000E+00,0.000000E+00,0.000000E+00,0.000000E+00,0.000000E+00,0.000000E+00,0.000000E+00,2.111088E+01,5.037159E+01,2.388658E+01,5.253915E+01,4.627357E+02,4.465862E+02,3.267293E-02,3.937991E-02,0.000000E+00,0.000000E+00,0.000000E+00,0.000000E+00,0.000000E+00,0.000000E+00,0.000000E+00,0.000000E+00,2.111075E+01,5.030919E+01,2.388757E+01,4.875101E+01,4.721947E+02,1.095153E+03,3.334082E-02,9.657048E-02,0.000000E+00,0.000000E+00,0.000000E+00,0.000000E+00,0.000000E+00,0.000000E+00,0.000000E+00,0.000000E+00,2.111063E+01,4.974511E+01,2.387790E+01,5.856557E+01,3.227069E+03,5.203692E+03,2.278575E-01,4.588609E-01,0.000000E+00,0.000000E+00,0.000000E+00,0.000000E+00,0.000000E+00,0.000000E+00,0.000000E+00,0.000000E+00,2.111070E+01,5.013269E+01,2.386229E+01,8.188340E+01,1.024127E+03,1.473049E+03,7.231177E-02,1.298933E-01,0.000000E+00,0.000000E+00,0.000000E+00,0.000000E+00,0.000000E+00,0.000000E+00,0.000000E+00,0.000000E+00,2.111063E+01,4.959956E+01,2.388518E+01,5.316169E+01,3.588926E+02,3.485156E+02,2.534076E-02,3.073206E-02,0.000000E+00,0.000000E+00,0.000000E+00,0.000000E+00,0.000000E+00,0.000000E+00,0.000000E+00,0.000000E+00,2.111082E+01,4.979492E+01,2.388782E+01,5.047532E+01,4.798779E+02,3.880228E+02,3.388331E-02,3.421580E-02,0.000000E+00,0.000000E+00,0.000000E+00,0.000000E+00,0.000000E+00,0.000000E+00,0.000000E+00,0.000000E+00,2.111056E+01,4.914600E+01,2.388791E+01,4.976767E+01,6.773108E+02,1.379964E+03,4.782370E-02,1.216850E-01,0.000000E+00,0.000000E+00,0.000000E+00,0.000000E+00,0.000000E+00,0.000000E+00,0.000000E+00,0.000000E+00,2.111033E+01,4.916990E+01,2.388333E+01,5.248350E+01,2.976601E+01,7.569112E+01,2.101724E-03,6.674433E-03,0.000000E+00,0.000000E+00,0.000000E+00,0.000000E+00,0.000000E+00,0.000000E+00,0.000000E+00,0.000000E+00,2.111111E+01,5.124987E+01,2.388842E+01,4.754717E+01
21:45:00,3.594598E+03,1.916835E+03,2.538081E-01,1.690262E-01,0.000000E+00,0.000000E+00,0.000000E+00,0.000000E+00,0.000000E+00,0.000000E+00,0.000000E+00,0.000000E+00,2.111073E+01,5.060772E+01,2.388762E+01,4.920458E+01,2.863562E+03,3.188795E+03,2.021910E-01,2.811876E-01,0.000000E+00,0.000000E+00,0.000000E+00,0.000000E+00,0.000000E+00,0.000000E+00,0.000000E+00,0.000000E+00,2.111088E+01,5.037078E+01,2.388656E+01,5.271537E+01,4.624953E+02,4.406104E+02,3.265596E-02,3.885297E-02,0.000000E+00,0.000000E+00,0.000000E+00,0.000000E+00,0.000000E+00,0.000000E+00,0.000000E+00,0.000000E+00,2.111075E+01,5.030865E+01,2.388757E+01,4.878823E+01,4.719577E+02,1.083947E+03,3.332408E-02,9.558229E-02,0.000000E+00,0.000000E+00,0.000000E+00,0.000000E+00,0.000000E+00,0.000000E+00,0.000000E+00,0.000000E+00,2.111063E+01,4.974423E+01,2.387784E+01,5.869549E+01,3.225755E+03,5.167300E+03,2.277648E-01,4.556518E-01,0.000000E+00,0.000000E+00,0.000000E+00,0.000000E+00,0.000000E+00,0.000000E+00,0.000000E+00,0.000000E+00,2.111070E+01,5.013216E+01,2.386222E+01,8.213477E+01,1.023513E+03,1.458595E+03,7.226839E-02,1.286187E-01,0.000000E+00,0.000000E+00,0.000000E+00,0.000000E+00,0.000000E+00,0.000000E+00,0.000000E+00,0.000000E+00,2.111063E+01,4.959839E+01,2.388517E+01,5.323079E+01,3.585938E+02,3.441390E+02,2.531966E-02,3.034614E-02,0.000000E+00,0.000000E+00,0.000000E+00,0.000000E+00,0.000000E+00,0.000000E+00,0.000000E+00,0.000000E+00,2.111082E+01,4.979321E+01,2.388782E+01,5.052249E+01,4.795480E+02,3.771520E+02,3.386002E-02,3.325722E-02,0.000000E+00,0.000000E+00,0.000000E+00,0.000000E+00,0.000000E+00,0.000000E+00,0.000000E+00,0.000000E+00,2.111056E+01,4.914424E+01,2.388792E+01,4.984630E+01,6.769119E+02,1.342500E+03,4.779553E-02,1.183814E-01,0.000000E+00,0.000000E+00,0.000000E+00,0.000000E+00,0.000000E+00,0.000000E+00,0.000000E+00,0.000000E+00,2.111033E+01,4.916859E+01,2.388327E+01,5.265892E+01,2.970233E+01,7.549123E+01,2.097228E-03,6.656807E-03,0.000000E+00,0.000000E+00,0.000000E+00,0.000000E+00,0.000000E+00,0.000000E+00,0.000000E+00,0.000000E+00,2.111111E+01,5.124987E+01,2.388842E+01,4.754716E+01
22:00:00,3.591572E+03,1.876936E+03,2.535945E-01,1.655080E-01,0.000000E+00,0.000000E+00,0.000000E+00,0.000000E+00,0.000000E+00,0.000000E+00,0.000000E+00,0.000000E+00,2.111073E+01,5.060718E+01,2.388761E+01,4.928470E+01,2.861624E+03,3.113150E+03,2.020541E-01,2.745172E-01,0.000000E+00,0.000000E+00,0.000000E+00,0.000000E+00,0.000000E+00,0.000000E+00,0.000000E+00,0.000000E+00,2.111088E+01,5.037001E+01,2.388655E+01,5.288614E+01,4.622672E+02,4.347675E+02,3.263986E-02,3.833774E-02,0.000000E+00,0.000000E+00,0.000000E+00,0.000000E+00,0.000000E+00,0.000000E+00,0.000000E+00,0.000000E+00,2.111075E+01,5.030813E+01,2.388757E+01,4.882505E+01,4.717348E+02,1.073655E+03,3.330835E-02,9.467474E-02,0.000000E+00,0.000000E+00,0.000000E+00,0.000000E+00,0.000000E+00,0.000000E+00,0.000000E+00,0.000000E+00,2.111063E+01,4.974340E+01,2.387779E+01,5.881818E+01,3.224510E+03,5.132316E+03,2.276768E-01,4.525669E-01,0.000000E+00,0.000000E+00,0.000000E+00,0.000000E+00,0.000000E+00,0.000000E+00,0.000000E+00,0.000000E+00,2.111070E+01,5.013166E+01,2.386215E+01,8.237879E+01,1.022934E+03,1.444739E+03,7.222756E-02,1.273969E-01,0.000000E+00,0.000000E+00,0.000000E+00,0.000000E+00,0.000000E+00,0.000000E+00,0.000000E+00,0.000000E+00,2.111063E+01,4.959729E+01,2.388516E+01,5.329845E+01,3.583119E+02,3.399467E+02,2.529976E-02,2.997646E-02,0.000000E+00,0.000000E+00,0.000000E+00,0.000000E+00,0.000000E+00,0.000000E+00,0.000000E+00,0.000000E+00,2.111082E+01,4.979160E+01,2.388782E+01,5.057056E+01,4.792368E+02,3.669845E+02,3.383804E-02,3.236065E-02,0.000000E+00,0.000000E+00,0.000000E+00,0.000000E+00,0.000000E+00,0.000000E+00,0.000000E+00,0.000000E+00,2.111056E+01,4.914258E+01,2.388792E+01,4.992830E+01,6.765333E+02,1.309000E+03,4.776880E-02,1.154275E-01,0.000000E+00,0.000000E+00,0.000000E+00,0.000000E+00,0.000000E+00,0.000000E+00,0.000000E+00,0.000000E+00,2.111033E+01,4.916735E+01,2.388321E+01,5.282525E+01,2.964208E+01,7.523617E+01,2.092974E-03,6.634316E-03,0.000000E+00,0.000000E+00,0.000000E+00,0.000000E+00,0.000000E+00,0.000000E+00,0.000000E+00,0.000000E+00,2.111111E+01,5.124987E+01,2.388842E+01,4.754862E+01
22:15:00,3.588589E+03,1.840497E+03,2.533838E-01,1.622948E-01,0.000000E+00,0.000000E+00,0.000000E+00,0.000000E+00,0.000000E+00,0.000000E+00,0.000000E+00,0.000000E+00,2.111073E+01,5.060664E+01,2.388760E+01,4.935962E+01,2.859790E+03,3.043409E+03,2.019247E-01,2.683675E-01,0.000000E+00,0.000000E+00,0.000000E+00,0.000000E+00,0.000000E+00,0.000000E+00,0.000000E+00,0.000000E+00,2.111088E+01,5.036929E+01,2.388653E+01,5.305188E+01,4.620506E+02,4.290788E+02,3.262456E-02,3.783611E-02,0.000000E+00,0.000000E+00,0.000000E+00,0.000000E+00,0.000000E+00,0.000000E+00,0.000000E+00,0.000000E+00,2.111075E+01,5.030764E+01,2.388756E+01,4.886171E+01,4.715251E+02,1.064200E+03,3.329354E-02,9.384098E-02,0.000000E+00,0.000000E+00,0.000000E+00,0.000000E+00,0.000000E+00,0.000000E+00,0.000000E+00,0.000000E+00,2.111063E+01,4.974262E+01,2.387774E+01,5.893362E+01,3.223328E+03,5.098831E+03,2.275934E-01,4.496143E-01,0.000000E+00,0.000000E+00,0.000000E+00,0.000000E+00,0.000000E+00,0.000000E+00,0.000000E+00,0.000000E+00,2.111070E+01,5.013118E+01,2.386206E+01,8.261652E+01,1.022390E+03,1.431527E+03,7.218912E-02,1.262319E-01,0.000000E+00,0.000000E+00,0.000000E+00,0.000000E+00,0.000000E+00,0.000000E+00,0.000000E+00,0.000000E+00,2.111063E+01,4.959625E+01,2.388515E+01,5.336469E+01,3.580457E+02,3.359428E+02,2.528097E-02,2.962340E-02,0.000000E+00,0.000000E+00,0.000000E+00,0.000000E+00,0.000000E+00,0.000000E+00,0.000000E+00,0.000000E+00,2.111082E+01,4.979007E+01,2.388782E+01,5.061917E+01,4.789430E+02,3.575629E+02,3.381731E-02,3.152985E-02,0.000000E+00,0.000000E+00,0.000000E+00,0.000000E+00,0.000000E+00,0.000000E+00,0.000000E+00,0.000000E+00,2.111056E+01,4.914101E+01,2.388792E+01,5.001231E+01,6.761735E+02,1.279082E+03,4.774340E-02,1.127893E-01,0.000000E+00,0.000000E+00,0.000000E+00,0.000000E+00,0.000000E+00,0.000000E+00,0.000000E+00,0.000000E+00,2.111033E+01,4.916617E+01,2.388314E+01,5.298208E+01,2.958504E+01,7.493433E+01,2.088947E-03,6.607699E-03,0.000000E+00,0.000000E+00,0.000000E+00,0.000000E+00,0.000000E+00,0.000000E+00,0.000000E+00,0.000000E+00,2.111111E+01,5.124987E+01,2.388842E+01,4.755143E+01
22:30:00,3.585646E+03,1.806943E+03,2.531760E-01,1.593360E-01,0.000000E+00,0.000000E+00,0.000000E+00,0.000000E+00,0.000000E+00,0.000000E+00,0.000000E+00,0.000000E+00,2.111073E+01,5.060611E+01,2.388759E+01,4.943008E+01,2.858056E+03,2.978845E+03,2.018022E-01,2.626742E-01,0.000000E+00,0.000000E+00,0.000000E+00,0.000000E+00,0.000000E+00,0.000000E+00,0.000000E+00,0.000000E+00,2.111088E+01,5.036860E+01,2.388652E+01,5.321263E+01,4.618449E+02,4.235716E+02,3.261004E-02,3.735049E-02,0.000000E+00,0.000000E+00,0.000000E+00,0.000000E+00,0.000000E+00,0.000000E+00,0.000000E+00,0.000000E+00,2.111075E+01,5.030717E+01,2.388756E+01,4.889811E+01,4.713276E+02,1.055481E+03,3.327959E-02,9.307220E-02,0.000000E+00,0.000000E+00,0.000000E+00,0.000000E+00,0.000000E+00,0.000000E+00,0.000000E+00,0.000000E+00,2.111063E+01,4.974189E+01,2.387769E+01,5.904154E+01,3.222206E+03,5.066792E+03,2.275141E-01,4.467891E-01,0.000000E+00,0.000000E+00,0.000000E+00,0.000000E+00,0.000000E+00,0.000000E+00,0.000000E+00,0.000000E+00,2.111070E+01,5.013073E+01,2.386200E+01,8.284675E+01,1.021877E+03,1.418904E+03,7.215290E-02,1.251188E-01,0.000000E+00,0.000000E+00,0.000000E+00,0.000000E+00,0.000000E+00,0.000000E+00,0.000000E+00,0.000000E+00,2.111063E+01,4.959527E+01,2.388514E+01,5.342919E+01,3.577944E+02,3.321001E+02,2.526322E-02,2.928454E-02,0.000000E+00,0.000000E+00,0.000000E+00,0.000000E+00,0.000000E+00,0.000000E+00,0.000000E+00,0.000000E+00,2.111082E+01,4.978863E+01,2.388782E+01,5.066796E+01,4.786657E+02,3.488266E+02,3.379772E-02,3.075949E-02,0.000000E+00,0.000000E+00,0.000000E+00,0.000000E+00,0.000000E+00,0.000000E+00,0.000000E+00,0.000000E+00,2.111056E+01,4.913953E+01,2.388792E+01,5.009713E+01,6.758317E+02,1.252241E+03,4.771926E-02,1.104225E-01,0.000000E+00,0.000000E+00,0.000000E+00,0.000000E+00,0.000000E+00,0.000000E+00,0.000000E+00,0.000000E+00,2.111033E+01,4.916505E+01,2.388309E+01,5.312895E+01,2.953103E+01,7.459297E+01,2.085133E-03,6.577599E-03,0.000000E+00,0.000000E+00,0.000000E+00,0.000000E+00,0.000000E+00,0.000000E+00,0.000000E+00,0.000000E+00,2.111111E+01,5.124987E+01,2.388842E+01,4.755545E+01
22:45:00,3.582744E+03,1.775777E+03,2.529711E-01,1.565878E-01,0.000000E+00,0.000000E+00,0.000000E+00,0.000000E+00,0.000000E+00,0.000000E+00,0.000000E+00,0.000000E+00,2.111073E+01,5.060559E+01,2.388758E+01,4.949671E+01,2.856413E+03,2.918821E+03,2.016862E-01,2.573813E-01,0.000000E+00,0.000000E+00,0.000000E+00,0.000000E+00,0.000000E+00,0.000000E+00,0.000000E+00,0.000000E+00,2.111088E+01,5.036795E+01,2.388651E+01,5.336854E+01,4.616494E+02,4.182508E+02,3.259623E-02,3.688130E-02,0.000000E+00,0.000000E+00,0.000000E+00,0.000000E+00,0.000000E+00,0.000000E+00,0.000000E+00,0.000000E+00,2.111075E+01,5.030673E+01,2.388756E+01,4.893413E+01,4.711415E+02,1.047416E+03,3.326646E-02,9.236100E-02,0.000000E+00,0.000000E+00,0.000000E+00,0.000000E+00,0.000000E+00,0.000000E+00,0.000000E+00,0.000000E+00,2.111063E+01,4.974120E+01,2.387763E+01,5.914249E+01,3.221140E+03,5.035977E+03,2.274389E-01,4.440718E-01,0.000000E+00,0.000000E+00,0.000000E+00,0.000000E+00,0.000000E+00,0.000000E+00,0.000000E+00,0.000000E+00,2.111070E+01,5.013030E+01,2.386192E+01,8.306949E+01,1.021394E+03,1.406813E+03,7.211877E-02,1.240526E-01,0.000000E+00,0.000000E+00,0.000000E+00,0.000000E+00,0.000000E+00,0.000000E+00,0.000000E+00,0.000000E+00,2.111063E+01,4.959435E+01,2.388513E+01,5.349191E+01,3.575569E+02,3.283917E+02,2.524645E-02,2.895754E-02,0.000000E+00,0.000000E+00,0.000000E+00,0.000000E+00,0.000000E+00,0.000000E+00,0.000000E+00,0.000000E+00,2.111082E+01,4.978727E+01,2.388781E+01,5.071676E+01,4.784037E+02,3.406979E+02,3.377922E-02,3.004270E-02,0.000000E+00,0.000000E+00,0.000000E+00,0.000000E+00,0.000000E+00,0.000000E+00,0.000000E+00,0.000000E+00,2.111056E+01,4.913813E+01,2.388792E+01,5.018202E+01,6.755066E+02,1.228041E+03,4.769630E-02,1.082885E-01,0.000000E+00,0.000000E+00,0.000000E+00,0.000000E+00,0.000000E+00,0.000000E+00,0.000000E+00,0.000000E+00,2.111033E+01,4.916399E+01,2.388305E+01,5.326665E+01,2.947986E+01,7.421838E+01,2.081520E-03,6.544567E-03,0.000000E+00,0.000000E+00,0.000000E+00,0.000000E+00,0.000000E+00,0.000000E+00,0.000000E+00,0.000000E+00,2.111111E+01,5.124987E+01,2.388842E+01,4.756055E+01
23:00:00,3.579882E+03,1.746649E+03,2.527690E-01,1.540193E-01,0.000000E+00,0.000000E+00,0.000000E+00,0.000000E+00,0.000000E+00,0.000000E+00,0.000000E+00,0.000000E+00,2.111073E+01,5.060508E+01,2.388758E+01,4.956013E+01,2.854858E+03,2.862789E+03,2.015764E-01,2.524403E-01,0.000000E+00,0.000000E+00,0.000000E+00,0.000000E+00,0.000000E+00,0.000000E+00,0.000000E+00,0.000000E+00,2.111088E+01,5.036734E+01,2.388649E+01,5.351996E+01,4.614635E+02,4.131159E+02,3.258311E-02,3.642851E-02,0.000000E+00,0.000000E+00,0.000000E+00,0.000000E+00,0.000000E+00,0.000000E+00,0.000000E+00,0.000000E+00,2.111075E+01,5.030631E+01,2.388755E+01,4.896979E+01,4.709661E+02,1.039913E+03,3.325407E-02,9.169939E-02,0.000000E+00,0.000000E+00,0.000000E+00,0.000000E+00,0.000000E+00,0.000000E+00,0.000000E+00,0.000000E+00,2.111063E+01,4.974055E+01,2.387759E+01,5.923736E+01,3.220128E+03,5.006209E+03,2.273674E-01,4.414469E-01,0.000000E+00,0.000000E+00,0.000000E+00,0.000000E+00,0.000000E+00,0.000000E+00,0.000000E+00,0.000000E+00,2.111070E+01,5.012990E+01,2.386191E+01,8.328599E+01,1.020938E+03,1.395201E+03,7.208658E-02,1.230287E-01,0.000000E+00,0.000000E+00,0.000000E+00,0.000000E+00,0.000000E+00,0.000000E+00,0.000000E+00,0.000000E+00,2.111063E+01,4.959348E+01,2.388513E+01,5.355309E+01,3.573324E+02,3.247941E+02,2.523060E-02,2.864031E-02,0.000000E+00,0.000000E+00,0.000000E+00,0.000000E+00,0.000000E+00,0.000000E+00,0.000000E+00,0.000000E+00,2.111082E+01,4.978598E+01,2.388781E+01,5.076550E+01,4.781560E+02,3.330998E+02,3.376173E-02,2.937270E-02,0.000000E+00,0.000000E+00,0.000000E+00,0.000000E+00,0.000000E+00,0.000000E+00,0.000000E+00,0.000000E+00,2.111055E+01,4.913681E+01,2.388792E+01,5.026658E+01,6.751972E+02,1.206096E+03,4.767446E-02,1.063534E-01,0.000000E+00,0.000000E+00,0.000000E+00,0.000000E+00,0.000000E+00,0.000000E+00,0.000000E+00,0.000000E+00,2.111033E+01,4.916297E+01,2.388302E+01,5.339638E+01,2.943137E+01,7.381600E+01,2.078096E-03,6.509085E-03,0.000000E+00,0.000000E+00,0.000000E+00,0.000000E+00,0.000000E+00,0.000000E+00,0.000000E+00,0.000000E+00,2.111111E+01,5.124987E+01,2.388843E+01,4.756662E+01
23:15:00,3.577060E+03,1.718972E+03,2.525698E-01,1.515788E-01,0.000000E+00,0.000000E+00,0.000000E+00,0.000000E+00,0.000000E+00,0.000000E+00,0.000000E+00,0.000000E+00,2.111073E+01,5.060457E+01,2.388757E+01,4.962100E+01,2.853384E+03,2.810028E+03,2.014723E-01,2.477879E-01,0.000000E+00,0.000000E+00,0.000000E+00,0.000000E+00,0.000000E+00,0.000000E+00,0.000000E+00,0.000000E+00,2.111088E+01,5.036676E+01,2.388648E+01,5.366733E+01,4.612866E+02,4.081095E+02,3.257062E-02,3.598704E-02,0.000000E+00,0.000000E+00,0.000000E+00,0.000000E+00,0.000000E+00,0.000000E+00,0.000000E+00,0.000000E+00,2.111075E+01,5.030591E+01,2.388755E+01,4.900519E+01,4.708005E+02,1.032835E+03,3.324238E-02,9.107525E-02,0.000000E+00,0.000000E+00,0.000000E+00,0.000000E+00,0.000000E+00,0.000000E+00,0.000000E+00,0.000000E+00,2.111063E+01,4.973994E+01,2.387757E+01,5.932739E+01,3.219165E+03,4.977044E+03,2.272995E-01,4.388751E-01,0.000000E+00,0.000000E+00,0.000000E+00,0.000000E+00,0.000000E+00,0.000000E+00,0.000000E+00,0.000000E+00,2.111070E+01,5.012951E+01,2.386188E+01,8.349865E+01,1.020508E+03,1.383919E+03,7.205620E-02,1.220338E-01,0.000000E+00,0.000000E+00,0.000000E+00,0.000000E+00,0.000000E+00,0.000000E+00,0.000000E+00,0.000000E+00,2.111063E+01,4.959266E+01,2.388512E+01,5.361304E+01,3.571201E+02,3.212627E+02,2.521561E-02,2.832891E-02,0.000000E+00,0.000000E+00,0.000000E+00,0.000000E+00,0.000000E+00,0.000000E+00,0.000000E+00,0.000000E+00,2.111082E+01,4.978477E+01,2.388781E+01,5.081423E+01,4.779218E+02,3.259140E+02,3.374520E-02,2.873906E-02,0.000000E+00,0.000000E+00,0.000000E+00,0.000000E+00,0.000000E+00,0.000000E+00,0.000000E+00,0.000000E+00,2.111055E+01,4.913557E+01,2.388792E+01,5.035062E+01,6.749028E+02,1.185987E+03,4.765367E-02,1.045802E-01,0.000000E+00,0.000000E+00,0.000000E+00,0.000000E+00,0.000000E+00,0.000000E+00,0.000000E+00,0.000000E+00,2.111033E+01,4.916201E+01,2.388298E+01,5.351915E+01,2.938540E+01,7.339054E+01,2.074850E-03,6.471568E-03,0.000000E+00,0.000000E+00,0.000000E+00,0.000000E+00,0.000000E+00,0.000000E+00,0.000000E+00,0.000000E+00,2.111111E+01,5.124987E+01,2.388843E+01,4.757355E+01
23:30:00,3.574276E+03,1.692420E+03,2.523732E-01,1.492374E-01,0.000000E+00,0.000000E+00,0.000000E+00,0.000000E+00,0.000000E+00,0.000000E+00,0.000000E+00,0.000000E+00,2.111073E+01,5.060406E+01,2.388757E+01,4.967991E+01,2.851986E+03,2.760078E+03,2.013736E-01,2.433833E-01,0.000000E+00,0.000000E+00,0.000000E+00,0.000000E+00,0.000000E+00,0.000000E+00,0.000000E+00,0.000000E+00,2.111088E+01,5.036621E+01,2.388647E+01,5.381113E+01,4.611182E+02,4.032071E+02,3.255873E-02,3.555475E-02,0.000000E+00,0.000000E+00,0.000000E+00,0.000000E+00,0.000000E+00,0.000000E+00,0.000000E+00,0.000000E+00,2.111075E+01,5.030553E+01,2.388755E+01,4.904045E+01,4.706442E+02,1.026108E+03,3.323134E-02,9.048211E-02,0.000000E+00,0.000000E+00,0.000000E+00,0.000000E+00,0.000000E+00,0.000000E+00,0.000000E+00,0.000000E+00,2.111063E+01,4.973936E+01,2.387755E+01,5.941382E+01,3.218250E+03,4.948207E+03,2.272348E-01,4.363323E-01,0.000000E+00,0.000000E+00,0.000000E+00,0.000000E+00,0.000000E+00,0.000000E+00,0.000000E+00,0.000000E+00,2.111070E+01,5.012915E+01,2.386187E+01,8.370904E+01,1.020101E+03,1.372915E+03,7.202753E-02,1.210635E-01,0.000000E+00,0.000000E+00,0.000000E+00,0.000000E+00,0.000000E+00,0.000000E+00,0.000000E+00,0.000000E+00,2.111063E+01,4.959189E+01,2.388511E+01,5.367205E+01,3.569193E+02,3.177816E+02,2.520143E-02,2.802194E-02,0.000000E+00,0.000000E+00,0.000000E+00,0.000000E+00,0.000000E+00,0.000000E+00,0.000000E+00,0.000000E+00,2.111082E+01,4.978362E+01,2.388781E+01,5.086300E+01,4.777002E+02,3.190809E+02,3.372955E-02,2.813651E-02,0.000000E+00,0.000000E+00,0.000000E+00,0.000000E+00,0.000000E+00,0.000000E+00,0.000000E+00,0.000000E+00,2.111055E+01,4.913439E+01,2.388792E+01,5.043407E+01,6.746225E+02,1.167479E+03,4.763388E-02,1.029482E-01,0.000000E+00,0.000000E+00,0.000000E+00,0.000000E+00,0.000000E+00,0.000000E+00,0.000000E+00,0.000000E+00,2.111033E+01,4.916109E+01,2.388295E+01,5.363573E+01,2.934180E+01,7.294608E+01,2.071772E-03,6.432376E-03,0.000000E+00,0.000000E+00,0.000000E+00,0.000000E+00,0.000000E+00,0.000000E+00,0.000000E+00,0.000000E+00,2.111111E+01,5.124987E+01,2.388843E+01,4.758123E+01
23:45:00,3.571531E+03,1.666770E+03,2.521794E-01,1.469755E-01,0.000000E+00,0.000000E+00,0.000000E+00,0.000000E+00,0.000000E+00,0.000000E+00,0.000000E+00,0.000000E+00,2.111073E+01,5.060357E+01,2.388757E+01,4.973735E+01,2.850661E+03,2.712567E+03,2.012800E-01,2.391939E-01,0.000000E+00,0.000000E+00,0.000000E+00,0.000000E+00,0.000000E+00,0.000000E+00,0.000000E+00,0.000000E+00,2.111088E+01,5.036569E+01,2.388646E+01,5.395180E+01,4.609579E+02,3.983943E+02,3.254741E-02,3.513036E-02,0.000000E+00,0.000000E+00,0.000000E+00,0.000000E+00,0.000000E+00,0.000000E+00,0.000000E+00,0.000000E+00,2.111075E+01,5.030517E+01,2.388754E+01,4.907569E+01,4.704966E+02,1.019668E+03,3.322092E-02,8.991419E-02,0.000000E+00,0.000000E+00,0.000000E+00,0.000000E+00,0.000000E+00,0.000000E+00,0.000000E+00,0.000000E+00,2.111063E+01,4.973882E+01,2.387753E+01,5.949737E+01,3.217379E+03,4.919640E+03,2.271733E-01,4.338133E-01,0.000000E+00,0.000000E+00,0.000000E+00,0.000000E+00,0.000000E+00,0.000000E+00,0.000000E+00,0.000000E+00,2.111070E+01,5.012880E+01,2.386186E+01,8.391851E+01,1.019718E+03,1.362149E+03,7.200044E-02,1.201141E-01,0.000000E+00,0.000000E+00,0.000000E+00,0.000000E+00,0.000000E+00,0.000000E+00,0.000000E+00,0.000000E+00,2.111063E+01,4.959116E+01,2.388510E+01,5.373035E+01,3.567292E+02,3.143375E+02,2.518801E-02,2.771824E-02,0.000000E+00,0.000000E+00,0.000000E+00,0.000000E+00,0.000000E+00,0.000000E+00,0.000000E+00,0.000000E+00,2.111082E+01,4.978253E+01,2.388781E+01,5.091189E+01,4.774904E+02,3.125485E+02,3.371474E-02,2.756049E-02,0.000000E+00,0.000000E+00,0.000000E+00,0.000000E+00,0.000000E+00,0.000000E+00,0.000000E+00,0.000000E+00,2.111055E+01,4.913328E+01,2.388792E+01,5.051695E+01,6.743554E+02,1.150360E+03,4.761502E-02,1.014386E-01,0.000000E+00,0.000000E+00,0.000000E+00,0.000000E+00,0.000000E+00,0.000000E+00,0.000000E+00,0.000000E+00,2.111033E+01,4.916022E+01,2.388292E+01,5.374673E+01,2.930043E+01,7.248617E+01,2.068851E-03,6.391821E-03,0.000000E+00,0.000000E+00,0.000000E+00,0.000000E+00,0.000000E+00,0.000000E+00,0.000000E+00,0.000000E+00,2.111111E+01,5.124987E+01,2.388843E+01,4.758960E+01
24:00:00,3.568823E+03,1.641850E+03,2.519882E-01,1.447781E-01,0.000000E+00,0.000000E+00,0.000000E+00,0.000000E+00,0.000000E+00,0.000000E+00,0.000000E+00,0.000000E+00,2.111073E+01,5.060308E+01,2.388756E+01,4.979374E+01,2.849403E+03,2.667188E+03,2.011912E-01,2.351923E-01,0.000000E+00,0.000000E+00,0.000000E+00,0.000000E+00,0.000000E+00,0.000000E+00,0.000000E+00,0.000000E+00,2.111088E+01,5.036519E+01,2.388645E+01,5.408977E+01,4.608052E+02,3.936598E+02,3.253663E-02,3.471287E-02,0.000000E+00,0.000000E+00,0.000000E+00,0.000000E+00,0.000000E+00,0.000000E+00,0.000000E+00,0.000000E+00,2.111075E+01,5.030482E+01,2.388754E+01,4.911098E+01,4.703571E+02,1.013477E+03,3.321107E-02,8.936827E-02,0.000000E+00,0.000000E+00,0.000000E+00,0.000000E+00,0.000000E+00,0.000000E+00,0.000000E+00,0.000000E+00,2.111063E+01,4.973831E+01,2.387751E+01,5.957843E+01,3.216550E+03,4.891251E+03,2.271148E-01,4.313099E-01,0.000000E+00,0.000000E+00,0.000000E+00,0.000000E+00,0.000000E+00,0.000000E+00,0.000000E+00,0.000000E+00,2.111070E+01,5.012847E+01,2.386186E+01,8.412805E+01,1.019355E+03,1.351585E+03,7.197485E-02,1.191826E-01,0.000000E+00,0.000000E+00,0.000000E+00,0.000000E+00,0.000000E+00,0.000000E+00,0.000000E+00,0.000000E+00,2.111062E+01,4.959047E+01,2.388510E+01,5.378813E+01,3.565492E+02,3.109193E+02,2.517530E-02,2.741682E-02,0.000000E+00,0.000000E+00,0.000000E+00,0.000000E+00,0.000000E+00,0.000000E+00,0.000000E+00,0.000000E+00,2.111082E+01,4.978151E+01,2.388781E+01,5.096100E+01,4.772918E+02,3.062724E+02,3.370072E-02,2.700706E-02,0.000000E+00,0.000000E+00,0.000000E+00,0.000000E+00,0.000000E+00,0.000000E+00,0.000000E+00,0.000000E+00,2.111055E+01,4.913222E+01,2.388791E+01,5.059931E+01,6.741009E+02,1.134449E+03,4.759705E-02,1.000356E-01,0.000000E+00,0.000000E+00,0.000000E+00,0.000000E+00,0.000000E+00,0.000000E+00,0.000000E+00,0.000000E+00,2.111033E+01,4.915939E+01,2.388289E+01,5.385269E+01,2.926117E+01,7.201385E+01,2.066079E-03,6.350172E-03,0.000000E+00,0.000000E+00,0.000000E+00,0.000000E+00,0.000000E+00,0.000000E+00,0.000000E+00,0.000000E+00,2.111111E+01,5.124987E+01,2.388843E+01,4.759857E+01
Peak,6.238617E+03,3.366464E+03,4.404975E-01,2.968543E-01,0.000000E+00,0.000000E+00,0.000000E+00,0.000000E+00,0.000000E+00,0.000000E+00,0.000000E+00,0.000000E+00,,,,,7.876664E+03,5.390714E+03,5.561571E-01,4.753524E-01,0.000000E+00,0.000000E+00,0.000000E+00,0.000000E+00,0.000000E+00,0.000000E+00,0.000000E+00,0.000000E+00,,,,,1.204449E+03,9.122538E+02,8.504395E-02,8.044242E-02,0.000000E+00,0.000000E+00,0.000000E+00,0.000000E+00,0.000000E+00,0.000000E+00,0.000000E+00,0.000000E+00,,,,,1.343766E+03,1.784442E+03,9.488091E-02,1.573519E-01,0.000000E+00,0.000000E+00,0.000000E+00,0.000000E+00,0.000000E+00,0.000000E+00,0.000000E+00,0.000000E+00,,,,,8.527497E+03,9.240688E+03,6.021112E-01,8.148427E-01,0.000000E+00,0.000000E+00,0.000000E+00,0.000000E+00,0.000000E+00,0.000000E+00,0.000000E+00,0.000000E+00,,,,,2.764548E+03,3.163636E+03,1.951998E-01,2.789690E-01,0.000000E+00,0.000000E+00,0.000000E+00,0.000000E+00,0.000000E+00,0.000000E+00,0.000000E+00,0.000000E+00,,,,,9.693736E+02,5.959332E+02,6.844572E-02,5.254932E-02,0.000000E+00,0.000000E+00,0.000000E+00,0.000000E+00,0.000000E+00,0.000000E+00,0.000000E+00,0.000000E+00,,,,,1.299043E+03,4.973788E+02,9.172310E-02,4.385880E-02,0.000000E+00,0.000000E+00,0.000000E+00,0.000000E+00,0.000000E+00,0.000000E+00,0.000000E+00,0.000000E+00,,,,,1.780468E+03,1.981117E+03,1.257156E-01,1.746947E-01,0.000000E+00,0.000000E+00,0.000000E+00,0.000000E+00,0.000000E+00,0.000000E+00,0.000000E+00,0.000000E+00,,,,,8.908181E+01,1.702930E+02,6.289906E-03,1.501642E-02,0.000000E+00,0.000000E+00,0.000000E+00,0.000000E+00,0.000000E+00,0.000000E+00,0.000000E+00,0.000000E+00,,,,

Peak Vol Flow (m3/s),,,3.666365E-01,2.470789E-01,,,0.000000E+00,0.000000E+00,,,,,,,,,,,4.629027E-01,3.956471E-01,,,0.000000E+00,0.000000E+00,,,,,,,,,,,7.078409E-02,6.695413E-02,,,0.000000E+00,0.000000E+00,,,,,,,,,,,7.897162E-02,1.309677E-01,,,0.000000E+00,0.000000E+00,,,,,,,,,,,5.011514E-01,6.782128E-01,,,0.000000E+00,0.000000E+00,,,,,,,,,,,1.624694E-01,2.321925E-01,,,0.000000E+00,0.000000E+00,,,,,,,,,,,5.696899E-02,4.373804E-02,,,0.000000E+00,0.000000E+00,,,,,,,,,,,7.634330E-02,3.650471E-02,,,0.000000E+00,0.000000E+00,,,,,,,,,,,1.046361E-01,1.454025E-01,,,0.000000E+00,0.000000E+00,,,,,,,,,,,5.235237E-03,1.249852E-02,,,0.000000E+00,0.000000E+00,,,,,,,,
