Time,THERMAL ZONE: L01-102_OFCECOMLPTHP:SEATTLE-KING COUNTY INTL AP-B ANN HTG 99.6% CONDNS DB:Des Heat Load [W],THERMAL ZONE: L01-102_OFCECOMLPTHP:SEATTLE-KING COUNTY INTL AP-B ANN CLG 1% CONDNS DB=>MWB:Des Sens Cool Load [W],THERMAL ZONE: L01-102_OFCECOMLPTHP:SEATTLE-KING COUNTY INTL AP-B ANN HTG 99.6% CONDNS DB:Des Heat Mass Flow [kg/s],THERMAL ZONE: L01-102_OFCECOMLPTHP:SEATTLE-KING COUNTY INTL AP-B ANN CLG 1% CONDNS DB=>MWB:Des Cool Mass Flow [kg/s],THERMAL ZONE: L01-102_OFCECOMLPTHP::Des Latent Heat Load [W],THERMAL ZONE: L01-102_OFCECOMLPTHP::Des Latent Cool Load [W],THERMAL ZONE: L01-102_OFCECOMLPTHP::Des Latent Heat Mass Flow [kg/s],THERMAL ZONE: L01-102_OFCECOMLPTHP::Des Latent Cool Mass Flow [kg/s],THERMAL ZONE: L01-102_OFCECOMLPTHP::Des Heat Load No DOAS [W],THERMAL ZONE: L01-102_OFCECOMLPTHP::Des Sens Cool Load No DOAS [W],THERMAL ZONE: L01-102_OFCECOMLPTHP::Des Latent Heat Load No DOAS [W],THERMAL ZONE: L01-102_OFCECOMLPTHP::Des Latent Cool Load No DOAS [W],THERMAL ZONE: L01-102_OFCECOMLPTHP:SEATTLE-KING COUNTY INTL AP-B ANN HTG 99.6% CONDNS DB:Heating Zone Temperature [C],THERMAL ZONE: L01-102_OFCECOMLPTHP:SEATTLE-KING COUNTY INTL AP-B ANN HTG 99.6% CONDNS DB:Heating Zone Relative Humidity [%],THERMAL ZONE: L01-102_OFCECOMLPTHP:SEATTLE-KING COUNTY INTL AP-B ANN CLG 1% CONDNS DB=>MWB:Cooling Zone Temperature [C],THERMAL ZONE: L01-102_OFCECOMLPTHP:SEATTLE-KING COUNTY INTL AP-B ANN CLG 1% CONDNS DB=>MWB:Cooling Zone Relative Humidity [%],THERMAL ZONE: L02-201_CORRCOMLPTHP:SEATTLE-KING COUNTY INTL AP-B ANN HTG 99.6% CONDNS DB:Des Heat Load [W],THERMAL ZONE: L02-201_CORRCOMLPTHP:SEATTLE-KING COUNTY INTL AP-B ANN CLG 1% CONDNS DB=>MWB:Des Sens Cool Load [W],THERMAL ZONE: L02-201_CORRCOMLPTHP:SEATTLE-KING COUNTY INTL AP-B ANN HTG 99.6% CONDNS DB:Des Heat Mass Flow [kg/s],THERMAL ZONE: L02-201_CORRCOMLPTHP:SEATTLE-KING COUNTY INTL AP-B ANN CLG 1% CONDNS DB=>MWB:Des Cool Mass Flow [kg/s],THERMAL ZONE: L02-201_CORRCOMLPTHP::Des Latent Heat Load [W],THERMAL ZONE: L02-201_CORRCOMLPTHP::Des Latent Cool Load [W],THERMAL ZONE: L02-201_CORRCOMLPTHP::Des Latent Heat Mass Flow [kg/s],THERMAL ZONE: L02-201_CORRCOMLPTHP::Des Latent Cool Mass Flow [kg/s],THERMAL ZONE: L02-201_CORRCOMLPTHP::Des Heat Load No DOAS [W],THERMAL ZONE: L02-201_CORRCOMLPTHP::Des Sens Cool Load No DOAS [W],THERMAL ZONE: L02-201_CORRCOMLPTHP::Des Latent Heat Load No DOAS [W],THERMAL ZONE: L02-201_CORRCOMLPTHP::Des Latent Cool Load No DOAS [W],THERMAL ZONE: L02-201_CORRCOMLPTHP:SEATTLE-KING COUNTY INTL AP-B ANN HTG 99.6% CONDNS DB:Heating Zone Temperature [C],THERMAL ZONE: L02-201_CORRCOMLPTHP:SEATTLE-KING COUNTY INTL AP-B ANN HTG 99.6% CONDNS DB:Heating Zone Relative Humidity [%],THERMAL ZONE: L02-201_CORRCOMLPTHP:SEATTLE-KING COUNTY INTL AP-B ANN CLG 1% CONDNS DB=>MWB:Cooling Zone Temperature [C],THERMAL ZONE: L02-201_CORRCOMLPTHP:SEATTLE-KING COUNTY INTL AP-B ANN CLG 1% CONDNS DB=>MWB:Cooling Zone Relative Humidity [%],THERMAL ZONE: L02-202_OFCECOMLPTHP:SEATTLE-KING COUNTY INTL AP-B ANN HTG 99.6% CONDNS DB:Des Heat Load [W],THERMAL ZONE: L02-202_OFCECOMLPTHP:SEATTLE-KING COUNTY INTL AP-B ANN CLG 1% CONDNS DB=>MWB:Des Sens Cool Load [W],THERMAL ZONE: L02-202_OFCECOMLPTHP:SEATTLE-KING COUNTY INTL AP-B ANN HTG 99.6% CONDNS DB:Des Heat Mass Flow [kg/s],THERMAL ZONE: L02-202_OFCECOMLPTHP:SEATTLE-KING COUNTY INTL AP-B ANN CLG 1% CONDNS DB=>MWB:Des Cool Mass Flow [kg/s],THERMAL ZONE: L02-202_OFCECOMLPTHP::Des Latent Heat Load [W],THERMAL ZONE: L02-202_OFCECOMLPTHP::Des Latent Cool Load [W],THERMAL ZONE: L02-202_OFCECOMLPTHP::Des Latent Heat Mass Flow [kg/s],THERMAL ZONE: L02-202_OFCECOMLPTHP::Des Latent Cool Mass Flow [kg/s],THERMAL ZONE: L02-202_OFCECOMLPTHP::Des Heat Load No DOAS [W],THERMAL ZONE: L02-202_OFCECOMLPTHP::Des Sens Cool Load No DOAS [W],THERMAL ZONE: L02-202_OFCECOMLPTHP::Des Latent Heat Load No DOAS [W],THERMAL ZONE: L02-202_OFCECOMLPTHP::Des Latent Cool Load No DOAS [W],THERMAL ZONE: L02-202_OFCECOMLPTHP:SEATTLE-KING COUNTY INTL AP-B ANN HTG 99.6% CONDNS DB:Heating Zone Temperature [C],THERMAL ZONE: L02-202_OFCECOMLPTHP:SEATTLE-KING COUNTY INTL AP-B ANN HTG 99.6% CONDNS DB:Heating Zone Relative Humidity [%],THERMAL ZONE: L02-202_OFCECOMLPTHP:SEATTLE-KING COUNTY INTL AP-B ANN CLG 1% CONDNS DB=>MWB:Cooling Zone Temperature [C],THERMAL ZONE: L02-202_OFCECOMLPTHP:SEATTLE-KING COUNTY INTL AP-B ANN CLG 1% CONDNS DB=>MWB:Cooling Zone Relative Humidity [%],THERMAL ZONE: L02-203_BRKRCOMLPTHP:SEATTLE-KING COUNTY INTL AP-B ANN HTG 99.6% CONDNS DB:Des Heat Load [W],THERMAL ZONE: L02-203_BRKRCOMLPTHP:SEATTLE-KING COUNTY INTL AP-B ANN CLG 1% CONDNS DB=>MWB:Des Sens Cool Load [W],THERMAL ZONE: L02-203_BRKRCOMLPTHP:SEATTLE-KING COUNTY INTL AP-B ANN HTG 99.6% CONDNS DB:Des Heat Mass Flow [kg/s],THERMAL ZONE: L02-203_BRKRCOMLPTHP:SEATTLE-KING COUNTY INTL AP-B ANN CLG 1% CONDNS DB=>MWB:Des Cool Mass Flow [kg/s],THERMAL ZONE: L02-203_BRKRCOMLPTHP::Des Latent Heat Load [W],THERMAL ZONE: L02-203_BRKRCOMLPTHP::Des Latent Cool Load [W],THERMAL ZONE: L02-203_BRKRCOMLPTHP::Des Latent Heat Mass Flow [kg/s],THERMAL ZONE: L02-203_BRKRCOMLPTHP::Des Latent Cool Mass Flow [kg/s],THERMAL ZONE: L02-203_BRKRCOMLPTHP::Des Heat Load No DOAS [W],THERMAL ZONE: L02-203_BRKRCOMLPTHP::Des Sens Cool Load No DOAS [W],THERMAL ZONE: L02-203_BRKRCOMLPTHP::Des Latent Heat Load No DOAS [W],THERMAL ZONE: L02-203_BRKRCOMLPTHP::Des Latent Cool Load No DOAS [W],THERMAL ZONE: L02-203_BRKRCOMLPTHP:SEATTLE-KING COUNTY INTL AP-B ANN HTG 99.6% CONDNS DB:Heating Zone Temperature [C],THERMAL ZONE: L02-203_BRKRCOMLPTHP:SEATTLE-KING COUNTY INTL AP-B ANN HTG 99.6% CONDNS DB:Heating Zone Relative Humidity [%],THERMAL ZONE: L02-203_BRKRCOMLPTHP:SEATTLE-KING COUNTY INTL AP-B ANN CLG 1% CONDNS DB=>MWB:Cooling Zone Temperature [C],THERMAL ZONE: L02-203_BRKRCOMLPTHP:SEATTLE-KING COUNTY INTL AP-B ANN CLG 1% CONDNS DB=>MWB:Cooling Zone Relative Humidity [%],THERMAL ZONE: L02-204_FITNCOMLPTHP:SEATTLE-KING COUNTY INTL AP-B ANN HTG 99.6% CONDNS DB:Des Heat Load [W],THERMAL ZONE: L02-204_FITNCOMLPTHP:SEATTLE-KING COUNTY INTL AP-B ANN CLG 1% CONDNS DB=>MWB:Des Sens Cool Load [W],THERMAL ZONE: L02-204_FITNCOMLPTHP:SEATTLE-KING COUNTY INTL AP-B ANN HTG 99.6% CONDNS DB:Des Heat Mass Flow [kg/s],THERMAL ZONE: L02-204_FITNCOMLPTHP:SEATTLE-KING COUNTY INTL AP-B ANN CLG 1% CONDNS DB=>MWB:Des Cool Mass Flow [kg/s],THERMAL ZONE: L02-204_FITNCOMLPTHP::Des Latent Heat Load [W],THERMAL ZONE: L02-204_FITNCOMLPTHP::Des Latent Cool Load [W],THERMAL ZONE: L02-204_FITNCOMLPTHP::Des Latent Heat Mass Flow [kg/s],THERMAL ZONE: L02-204_FITNCOMLPTHP::Des Latent Cool Mass Flow [kg/s],THERMAL ZONE: L02-204_FITNCOMLPTHP::Des Heat Load No DOAS [W],THERMAL ZONE: L02-204_FITNCOMLPTHP::Des Sens Cool Load No DOAS [W],THERMAL ZONE: L02-204_FITNCOMLPTHP::Des Latent Heat Load No DOAS [W],THERMAL ZONE: L02-204_FITNCOMLPTHP::Des Latent Cool Load No DOAS [W],THERMAL ZONE: L02-204_FITNCOMLPTHP:SEATTLE-KING COUNTY INTL AP-B ANN HTG 99.6% CONDNS DB:Heating Zone Temperature [C],THERMAL ZONE: L02-204_FITNCOMLPTHP:SEATTLE-KING COUNTY INTL AP-B ANN HTG 99.6% CONDNS DB:Heating Zone Relative Humidity [%],THERMAL ZONE: L02-204_FITNCOMLPTHP:SEATTLE-KING COUNTY INTL AP-B ANN CLG 1% CONDNS DB=>MWB:Cooling Zone Temperature [C],THERMAL ZONE: L02-204_FITNCOMLPTHP:SEATTLE-KING COUNTY INTL AP-B ANN CLG 1% CONDNS DB=>MWB:Cooling Zone Relative Humidity [%],THERMAL ZONE: L02-206_MPRPCOMLPTHP:SEATTLE-KING COUNTY INTL AP-B ANN HTG 99.6% CONDNS DB:Des Heat Load [W],THERMAL ZONE: L02-206_MPRPCOMLPTHP:SEATTLE-KING COUNTY INTL AP-B ANN CLG 1% CONDNS DB=>MWB:Des Sens Cool Load [W],THERMAL ZONE: L02-206_MPRPCOMLPTHP:SEATTLE-KING COUNTY INTL AP-B ANN HTG 99.6% CONDNS DB:Des Heat Mass Flow [kg/s],THERMAL ZONE: L02-206_MPRPCOMLPTHP:SEATTLE-KING COUNTY INTL AP-B ANN CLG 1% CONDNS DB=>MWB:Des Cool Mass Flow [kg/s],THERMAL ZONE: L02-206_MPRPCOMLPTHP::Des Latent Heat Load [W],THERMAL ZONE: L02-206_MPRPCOMLPTHP::Des Latent Cool Load [W],THERMAL ZONE: L02-206_MPRPCOMLPTHP::Des Latent Heat Mass Flow [kg/s],THERMAL ZONE: L02-206_MPRPCOMLPTHP::Des Latent Cool Mass Flow [kg/s],THERMAL ZONE: L02-206_MPRPCOMLPTHP::Des Heat Load No DOAS [W],THERMAL ZONE: L02-206_MPRPCOMLPTHP::Des Sens Cool Load No DOAS [W],THERMAL ZONE: L02-206_MPRPCOMLPTHP::Des Latent Heat Load No DOAS [W],THERMAL ZONE: L02-206_MPRPCOMLPTHP::Des Latent Cool Load No DOAS [W],THERMAL ZONE: L02-206_MPRPCOMLPTHP:SEATTLE-KING COUNTY INTL AP-B ANN HTG 99.6% CONDNS DB:Heating Zone Temperature [C],THERMAL ZONE: L02-206_MPRPCOMLPTHP:SEATTLE-KING COUNTY INTL AP-B ANN HTG 99.6% CONDNS DB:Heating Zone Relative Humidity [%],THERMAL ZONE: L02-206_MPRPCOMLPTHP:SEATTLE-KING COUNTY INTL AP-B ANN CLG 1% CONDNS DB=>MWB:Cooling Zone Temperature [C],THERMAL ZONE: L02-206_MPRPCOMLPTHP:SEATTLE-KING COUNTY INTL AP-B ANN CLG 1% CONDNS DB=>MWB:Cooling Zone Relative Humidity [%],THERMAL ZONE: L02-209_ASTOCOMLPTHP:SEATTLE-KING COUNTY INTL AP-B ANN HTG 99.6% CONDNS DB:Des Heat Load [W],THERMAL ZONE: L02-209_ASTOCOMLPTHP:SEATTLE-KING COUNTY INTL AP-B ANN CLG 1% CONDNS DB=>MWB:Des Sens Cool Load [W],THERMAL ZONE: L02-209_ASTOCOMLPTHP:SEATTLE-KING COUNTY INTL AP-B ANN HTG 99.6% CONDNS DB:Des Heat Mass Flow [kg/s],THERMAL ZONE: L02-209_ASTOCOMLPTHP:SEATTLE-KING COUNTY INTL AP-B ANN CLG 1% CONDNS DB=>MWB:Des Cool Mass Flow [kg/s],THERMAL ZONE: L02-209_ASTOCOMLPTHP::Des Latent Heat Load [W],THERMAL ZONE: L02-209_ASTOCOMLPTHP::Des Latent Cool Load [W],THERMAL ZONE: L02-209_ASTOCOMLPTHP::Des Latent Heat Mass Flow [kg/s],THERMAL ZONE: L02-209_ASTOCOMLPTHP::Des Latent Cool Mass Flow [kg/s],THERMAL ZONE: L02-209_ASTOCOMLPTHP::Des Heat Load No DOAS [W],THERMAL ZONE: L02-209_ASTOCOMLPTHP::Des Sens Cool Load No DOAS [W],THERMAL ZONE: L02-209_ASTOCOMLPTHP::Des Latent Heat Load No DOAS [W],THERMAL ZONE: L02-209_ASTOCOMLPTHP::Des Latent Cool Load No DOAS [W],THERMAL ZONE: L02-209_ASTOCOMLPTHP:SEATTLE-KING COUNTY INTL AP-B ANN HTG 99.6% CONDNS DB:Heating Zone Temperature [C],THERMAL ZONE: L02-209_ASTOCOMLPTHP:SEATTLE-KING COUNTY INTL AP-B ANN HTG 99.6% CONDNS DB:Heating Zone Relative Humidity [%],THERMAL ZONE: L02-209_ASTOCOMLPTHP:SEATTLE-KING COUNTY INTL AP-B ANN CLG 1% CONDNS DB=>MWB:Cooling Zone Temperature [C],THERMAL ZONE: L02-209_ASTOCOMLPTHP:SEATTLE-KING COUNTY INTL AP-B ANN CLG 1% CONDNS DB=>MWB:Cooling Zone Relative Humidity [%],THERMAL ZONE: L02-214_ASTOCOMLPTHP:SEATTLE-KING COUNTY INTL AP-B ANN HTG 99.6% CONDNS DB:Des Heat Load [W],THERMAL ZONE: L02-214_ASTOCOMLPTHP:SEATTLE-KING COUNTY INTL AP-B ANN CLG 1% CONDNS DB=>MWB:Des Sens Cool Load [W],THERMAL ZONE: L02-214_ASTOCOMLPTHP:SEATTLE-KING COUNTY INTL AP-B ANN HTG 99.6% CONDNS DB:Des Heat Mass Flow [kg/s],THERMAL ZONE: L02-214_ASTOCOMLPTHP:SEATTLE-KING COUNTY INTL AP-B ANN CLG 1% CONDNS DB=>MWB:Des Cool Mass Flow [kg/s],THERMAL ZONE: L02-214_ASTOCOMLPTHP::Des Latent Heat Load [W],THERMAL ZONE: L02-214_ASTOCOMLPTHP::Des Latent Cool Load [W],THERMAL ZONE: L02-214_ASTOCOMLPTHP::Des Latent Heat Mass Flow [kg/s],THERMAL ZONE: L02-214_ASTOCOMLPTHP::Des Latent Cool Mass Flow [kg/s],THERMAL ZONE: L02-214_ASTOCOMLPTHP::Des Heat Load No DOAS [W],THERMAL ZONE: L02-214_ASTOCOMLPTHP::Des Sens Cool Load No DOAS [W],THERMAL ZONE: L02-214_ASTOCOMLPTHP::Des Latent Heat Load No DOAS [W],THERMAL ZONE: L02-214_ASTOCOMLPTHP::Des Latent Cool Load No DOAS [W],THERMAL ZONE: L02-214_ASTOCOMLPTHP:SEATTLE-KING COUNTY INTL AP-B ANN HTG 99.6% CONDNS DB:Heating Zone Temperature [C],THERMAL ZONE: L02-214_ASTOCOMLPTHP:SEATTLE-KING COUNTY INTL AP-B ANN HTG 99.6% CONDNS DB:Heating Zone Relative Humidity [%],THERMAL ZONE: L02-214_ASTOCOMLPTHP:SEATTLE-KING COUNTY INTL AP-B ANN CLG 1% CONDNS DB=>MWB:Cooling Zone Temperature [C],THERMAL ZONE: L02-214_ASTOCOMLPTHP:SEATTLE-KING COUNTY INTL AP-B ANN CLG 1% CONDNS DB=>MWB:Cooling Zone Relative Humidity [%],THERMAL ZONE: L02-216_MPRPCOMLPTHP:SEATTLE-KING COUNTY INTL AP-B ANN HTG 99.6% CONDNS DB:Des Heat Load [W],THERMAL ZONE: L02-216_MPRPCOMLPTHP:SEATTLE-KING COUNTY INTL AP-B ANN CLG 1% CONDNS DB=>MWB:Des Sens Cool Load [W],THERMAL ZONE: L02-216_MPRPCOMLPTHP:SEATTLE-KING COUNTY INTL AP-B ANN HTG 99.6% CONDNS DB:Des Heat Mass Flow [kg/s],THERMAL ZONE: L02-216_MPRPCOMLPTHP:SEATTLE-KING COUNTY INTL AP-B ANN CLG 1% CONDNS DB=>MWB:Des Cool Mass Flow [kg/s],THERMAL ZONE: L02-216_MPRPCOMLPTHP::Des Latent Heat Load [W],THERMAL ZONE: L02-216_MPRPCOMLPTHP::Des Latent Cool Load [W],THERMAL ZONE: L02-216_MPRPCOMLPTHP::Des Latent Heat Mass Flow [kg/s],THERMAL ZONE: L02-216_MPRPCOMLPTHP::Des Latent Cool Mass Flow [kg/s],THERMAL ZONE: L02-216_MPRPCOMLPTHP::Des Heat Load No DOAS [W],THERMAL ZONE: L02-216_MPRPCOMLPTHP::Des Sens Cool Load No DOAS [W],THERMAL ZONE: L02-216_MPRPCOMLPTHP::Des Latent Heat Load No DOAS [W],THERMAL ZONE: L02-216_MPRPCOMLPTHP::Des Latent Cool Load No DOAS [W],THERMAL ZONE: L02-216_MPRPCOMLPTHP:SEATTLE-KING COUNTY INTL AP-B ANN HTG 99.6% CONDNS DB:Heating Zone Temperature [C],THERMAL ZONE: L02-216_MPRPCOMLPTHP:SEATTLE-KING COUNTY INTL AP-B ANN HTG 99.6% CONDNS DB:Heating Zone Relative Humidity [%],THERMAL ZONE: L02-216_MPRPCOMLPTHP:SEATTLE-KING COUNTY INTL AP-B ANN CLG 1% CONDNS DB=>MWB:Cooling Zone Temperature [C],THERMAL ZONE: L02-216_MPRPCOMLPTHP:SEATTLE-KING COUNTY INTL AP-B ANN CLG 1% CONDNS DB=>MWB:Cooling Zone Relative Humidity [%],THERMAL ZONE: L02-218_MECHCOMLPTHP:SEATTLE-KING COUNTY INTL AP-B ANN HTG 99.6% CONDNS DB:Des Heat Load [W],THERMAL ZONE: L02-218_MECHCOMLPTHP:SEATTLE-KING COUNTY INTL AP-B ANN CLG 1% CONDNS DB=>MWB:Des Sens Cool Load [W],THERMAL ZONE: L02-218_MECHCOMLPTHP:SEATTLE-KING COUNTY INTL AP-B ANN HTG 99.6% CONDNS DB:Des Heat Mass Flow [kg/s],THERMAL ZONE: L02-218_MECHCOMLPTHP:SEATTLE-KING COUNTY INTL AP-B ANN CLG 1% CONDNS DB=>MWB:Des Cool Mass Flow [kg/s],THERMAL ZONE: L02-218_MECHCOMLPTHP::Des Latent Heat Load [W],THERMAL ZONE: L02-218_MECHCOMLPTHP::Des Latent Cool Load [W],THERMAL ZONE: L02-218_MECHCOMLPTHP::Des Latent Heat Mass Flow [kg/s],THERMAL ZONE: L02-218_MECHCOMLPTHP::Des Latent Cool Mass Flow [kg/s],THERMAL ZONE: L02-218_MECHCOMLPTHP::Des Heat Load No DOAS [W],THERMAL ZONE: L02-218_MECHCOMLPTHP::Des Sens Cool Load No DOAS [W],THERMAL ZONE: L02-218_MECHCOMLPTHP::Des Latent Heat Load No DOAS [W],THERMAL ZONE: L02-218_MECHCOMLPTHP::Des Latent Cool Load No DOAS [W],THERMAL ZONE: L02-218_MECHCOMLPTHP:SEATTLE-KING COUNTY INTL AP-B ANN HTG 99.6% CONDNS DB:Heating Zone Temperature [C],THERMAL ZONE: L02-218_MECHCOMLPTHP:SEATTLE-KING COUNTY INTL AP-B ANN HTG 99.6% CONDNS DB:Heating Zone Relative Humidity [%],THERMAL ZONE: L02-218_MECHCOMLPTHP:SEATTLE-KING COUNTY INTL AP-B ANN CLG 1% CONDNS DB=>MWB:Cooling Zone Temperature [C],THERMAL ZONE: L02-218_MECHCOMLPTHP:SEATTLE-KING COUNTY INTL AP-B ANN CLG 1% CONDNS DB=>MWB:Cooling Zone Relative Humidity [%]
00:15:00,3.339822E+03,1.543645E+03,2.947735E-01,1.361184E-01,0.000000E+00,0.000000E+00,0.000000E+00,0.000000E+00,0.000000E+00,0.000000E+00,0.000000E+00,0.000000E+00,1.890611E+01,5.812884E+01,2.495692E+01,4.647300E+01,3.940019E+03,1.973640E+03,3.477471E-01,1.740353E-01,0.000000E+00,0.000000E+00,0.000000E+00,0.000000E+00,0.000000E+00,0.000000E+00,0.000000E+00,0.000000E+00,1.973450E+01,5.529092E+01,2.463791E+01,5.250768E+01,5.585365E+02,3.314472E+02,4.929657E-02,2.922698E-02,0.000000E+00,0.000000E+00,0.000000E+00,0.000000E+00,0.000000E+00,0.000000E+00,0.000000E+00,0.000000E+00,1.931623E+01,5.659259E+01,2.510683E+01,4.578017E+01,6.667321E+02,8.064332E+02,5.884594E-02,7.111118E-02,0.000000E+00,0.000000E+00,0.000000E+00,0.000000E+00,0.000000E+00,0.000000E+00,0.000000E+00,0.000000E+00,1.936237E+01,5.617358E+01,2.620426E+01,5.489438E+01,4.066487E+03,3.832208E+03,3.589092E-01,3.379236E-01,0.000000E+00,0.000000E+00,0.000000E+00,0.000000E+00,0.000000E+00,0.000000E+00,0.000000E+00,0.000000E+00,1.933575E+01,5.645317E+01,2.569414E+01,8.110979E+01,1.537359E+03,1.271345E+03,1.356877E-01,1.121071E-01,0.000000E+00,0.000000E+00,0.000000E+00,0.000000E+00,0.000000E+00,0.000000E+00,0.000000E+00,0.000000E+00,1.942542E+01,5.592709E+01,2.540921E+01,4.896613E+01,6.029835E+02,2.761966E+02,5.321947E-02,2.435498E-02,0.000000E+00,0.000000E+00,0.000000E+00,0.000000E+00,0.000000E+00,0.000000E+00,0.000000E+00,0.000000E+00,1.984187E+01,5.473972E+01,2.452651E+01,4.860440E+01,7.973660E+02,2.345755E+02,7.037572E-02,2.068484E-02,0.000000E+00,0.000000E+00,0.000000E+00,0.000000E+00,0.000000E+00,0.000000E+00,0.000000E+00,0.000000E+00,1.946422E+01,5.565303E+01,2.444059E+01,4.913395E+01,9.744136E+02,8.289738E+02,8.600199E-02,7.309880E-02,0.000000E+00,0.000000E+00,0.000000E+00,0.000000E+00,0.000000E+00,0.000000E+00,0.000000E+00,0.000000E+00,1.904258E+01,5.690141E+01,2.591545E+01,4.989561E+01,4.838912E+01,8.107478E+01,4.270836E-03,7.149164E-03,0.000000E+00,0.000000E+00,0.000000E+00,0.000000E+00,0.000000E+00,0.000000E+00,0.000000E+00,0.000000E+00,2.048076E+01,5.327786E+01,2.497488E+01,4.427526E+01
00:30:00,2.254072E+03,1.019751E+03,1.989449E-01,8.992154E-02,0.000000E+00,0.000000E+00,0.000000E+00,0.000000E+00,0.000000E+00,0.000000E+00,0.000000E+00,0.000000E+00,1.632714E+01,6.800974E+01,2.584393E+01,4.459945E+01,2.626530E+03,1.299125E+03,2.318182E-01,1.145567E-01,0.000000E+00,0.000000E+00,0.000000E+00,0.000000E+00,0.000000E+00,0.000000E+00,0.000000E+00,0.000000E+00,1.812240E+01,6.093935E+01,2.529680E+01,5.147474E+01,3.723334E+02,2.188430E+02,3.286224E-02,1.929755E-02,0.000000E+00,0.000000E+00,0.000000E+00,0.000000E+00,0.000000E+00,0.000000E+00,0.000000E+00,0.000000E+00,1.746213E+01,6.319278E+01,2.602361E+01,4.388806E+01,4.444767E+02,5.349932E+02,3.922962E-02,4.717563E-02,0.000000E+00,0.000000E+00,0.000000E+00,0.000000E+00,0.000000E+00,0.000000E+00,0.000000E+00,0.000000E+00,1.761961E+01,6.214380E+01,2.790324E+01,5.396439E+01,2.710949E+03,2.538651E+03,2.392690E-01,2.238579E-01,0.000000E+00,0.000000E+00,0.000000E+00,0.000000E+00,0.000000E+00,0.000000E+00,0.000000E+00,0.000000E+00,1.705792E+01,6.476221E+01,2.740122E+01,8.172666E+01,1.024871E+03,8.393913E+02,9.045538E-02,7.401742E-02,0.000000E+00,0.000000E+00,0.000000E+00,0.000000E+00,0.000000E+00,0.000000E+00,0.000000E+00,0.000000E+00,1.775694E+01,6.157850E+01,2.658500E+01,4.718492E+01,4.019685E+02,1.820556E+02,3.547784E-02,1.605364E-02,0.000000E+00,0.000000E+00,0.000000E+00,0.000000E+00,0.000000E+00,0.000000E+00,0.000000E+00,0.000000E+00,1.843084E+01,5.950771E+01,2.507047E+01,4.749609E+01,5.315592E+02,1.539555E+02,4.691555E-02,1.357577E-02,0.000000E+00,0.000000E+00,0.000000E+00,0.000000E+00,0.000000E+00,0.000000E+00,0.000000E+00,0.000000E+00,1.770662E+01,6.158270E+01,2.489636E+01,4.823780E+01,6.495703E+02,5.494379E+02,5.733124E-02,4.844936E-02,0.000000E+00,0.000000E+00,0.000000E+00,0.000000E+00,0.000000E+00,0.000000E+00,0.000000E+00,0.000000E+00,1.703622E+01,6.369019E+01,2.735397E+01,4.817144E+01,3.225189E+01,5.378591E+01,2.846560E-03,4.742835E-03,0.000000E+00,0.000000E+00,0.000000E+00,0.000000E+00,0.000000E+00,0.000000E+00,0.000000E+00,0.000000E+00,1.993229E+01,5.511608E+01,2.568755E+01,4.266755E+01
00:45:00,1.280817E+03,5.052891E+02,1.130452E-01,4.455633E-02,0.000000E+00,0.000000E+00,0.000000E+00,0.000000E+00,0.000000E+00,0.000000E+00,0.000000E+00,0.000000E+00,1.567178E+01,7.071995E+01,2.638603E+01,4.365498E+01,1.313194E+03,6.415567E+02,1.159028E-01,5.657239E-02,0.000000E+00,0.000000E+00,0.000000E+00,0.000000E+00,0.000000E+00,0.000000E+00,0.000000E+00,0.000000E+00,1.754368E+01,6.307990E+01,2.570275E+01,5.114920E+01,1.861549E+02,1.083969E+02,1.643008E-02,9.558421E-03,0.000000E+00,0.000000E+00,0.000000E+00,0.000000E+00,0.000000E+00,0.000000E+00,0.000000E+00,0.000000E+00,1.684773E+01,6.547856E+01,2.650666E+01,4.313525E+01,2.222330E+02,2.662280E+02,1.961434E-02,2.347595E-02,0.000000E+00,0.000000E+00,0.000000E+00,0.000000E+00,0.000000E+00,0.000000E+00,0.000000E+00,0.000000E+00,1.702416E+01,6.423015E+01,2.880665E+01,5.496820E+01,1.398356E+03,1.262001E+03,1.234193E-01,1.112831E-01,0.000000E+00,0.000000E+00,0.000000E+00,0.000000E+00,0.000000E+00,0.000000E+00,0.000000E+00,0.000000E+00,1.617273E+01,6.828975E+01,2.851415E+01,8.388599E+01,5.124192E+02,4.158045E+02,4.522624E-02,3.666559E-02,0.000000E+00,0.000000E+00,0.000000E+00,0.000000E+00,0.000000E+00,0.000000E+00,0.000000E+00,0.000000E+00,1.718915E+01,6.353182E+01,2.721748E+01,4.681155E+01,2.009746E+02,9.002040E+01,1.773806E-02,7.937988E-03,0.000000E+00,0.000000E+00,0.000000E+00,0.000000E+00,0.000000E+00,0.000000E+00,0.000000E+00,0.000000E+00,1.793286E+01,6.124382E+01,2.540903E+01,4.695454E+01,2.657711E+02,7.580248E+01,2.345702E-02,6.684253E-03,0.000000E+00,0.000000E+00,0.000000E+00,0.000000E+00,0.000000E+00,0.000000E+00,0.000000E+00,0.000000E+00,1.709138E+01,6.370669E+01,2.516926E+01,4.784520E+01,3.247664E+02,2.731590E+02,2.866396E-02,2.408713E-02,0.000000E+00,0.000000E+00,0.000000E+00,0.000000E+00,0.000000E+00,0.000000E+00,0.000000E+00,0.000000E+00,1.637740E+01,6.591120E+01,2.810136E+01,4.816503E+01,1.612233E+01,2.676504E+01,1.422961E-03,2.360138E-03,0.000000E+00,0.000000E+00,0.000000E+00,0.000000E+00,0.000000E+00,0.000000E+00,0.000000E+00,0.000000E+00,1.976614E+01,5.568692E+01,2.601393E+01,4.206160E+01
01:00:00,3.847418E+02,0.000000E+00,3.395741E-02,0.000000E+00,0.000000E+00,0.000000E+00,0.000000E+00,0.000000E+00,0.000000E+00,0.000000E+00,0.000000E+00,0.000000E+00,1.555725E+01,7.111564E+01,2.669214E+01,4.323911E+01,0.000000E+00,0.000000E+00,0.000000E+00,0.000000E+00,0.000000E+00,0.000000E+00,0.000000E+00,0.000000E+00,0.000000E+00,0.000000E+00,0.000000E+00,0.000000E+00,1.719117E+01,6.439549E+01,2.593290E+01,5.117180E+01,0.000000E+00,0.000000E+00,0.000000E+00,0.000000E+00,0.000000E+00,0.000000E+00,0.000000E+00,0.000000E+00,0.000000E+00,0.000000E+00,0.000000E+00,0.000000E+00,1.649842E+01,6.675686E+01,2.675791E+01,4.288251E+01,0.000000E+00,3.103058E+01,0.000000E+00,2.736273E-03,0.000000E+00,0.000000E+00,0.000000E+00,0.000000E+00,0.000000E+00,0.000000E+00,0.000000E+00,0.000000E+00,1.666307E+01,6.546117E+01,2.924794E+01,5.638816E+01,3.457634E+02,2.814107E+02,3.051716E-02,2.481476E-02,0.000000E+00,0.000000E+00,0.000000E+00,0.000000E+00,0.000000E+00,0.000000E+00,0.000000E+00,0.000000E+00,1.571796E+01,7.013676E+01,2.914957E+01,8.629235E+01,0.000000E+00,0.000000E+00,0.000000E+00,0.000000E+00,0.000000E+00,0.000000E+00,0.000000E+00,0.000000E+00,0.000000E+00,0.000000E+00,0.000000E+00,0.000000E+00,1.684506E+01,6.467755E+01,2.754830E+01,4.697203E+01,0.000000E+00,0.000000E+00,0.000000E+00,0.000000E+00,0.000000E+00,0.000000E+00,0.000000E+00,0.000000E+00,0.000000E+00,0.000000E+00,0.000000E+00,0.000000E+00,1.762701E+01,6.230153E+01,2.560368E+01,4.673742E+01,0.000000E+00,0.000000E+00,0.000000E+00,0.000000E+00,0.000000E+00,0.000000E+00,0.000000E+00,0.000000E+00,0.000000E+00,0.000000E+00,0.000000E+00,0.000000E+00,1.670926E+01,6.499488E+01,2.532281E+01,4.771560E+01,2.656649E+00,0.000000E+00,2.344765E-04,0.000000E+00,0.000000E+00,0.000000E+00,0.000000E+00,0.000000E+00,0.000000E+00,0.000000E+00,0.000000E+00,0.000000E+00,1.598896E+01,6.713223E+01,2.849345E+01,4.867314E+01,0.000000E+00,0.000000E+00,0.000000E+00,0.000000E+00,0.000000E+00,0.000000E+00,0.000000E+00,0.000000E+00,0.000000E+00,0.000000E+00,0.000000E+00,0.000000E+00,1.967694E+01,5.599611E+01,2.617064E+01,4.184273E+01
01:15:00,6.179829E+02,0.000000E+00,5.454332E-02,0.000000E+00,0.000000E+00,0.000000E+00,0.000000E+00,0.000000E+00,0.000000E+00,0.000000E+00,0.000000E+00,0.000000E+00,1.555547E+01,7.095393E+01,2.707135E+01,4.301809E+01,0.000000E+00,0.000000E+00,0.000000E+00,0.000000E+00,0.000000E+00,0.000000E+00,0.000000E+00,0.000000E+00,0.000000E+00,0.000000E+00,0.000000E+00,0.000000E+00,1.671482E+01,6.617628E+01,2.622706E+01,5.173834E+01,0.000000E+00,0.000000E+00,0.000000E+00,0.000000E+00,0.000000E+00,0.000000E+00,0.000000E+00,0.000000E+00,0.000000E+00,0.000000E+00,0.000000E+00,0.000000E+00,1.603684E+01,6.840038E+01,2.705478E+01,4.290875E+01,0.000000E+00,8.462053E+01,0.000000E+00,7.461828E-03,0.000000E+00,0.000000E+00,0.000000E+00,0.000000E+00,0.000000E+00,0.000000E+00,0.000000E+00,0.000000E+00,1.616514E+01,6.709873E+01,2.944070E+01,5.965003E+01,7.492520E+02,6.528895E+02,6.612917E-02,5.757171E-02,0.000000E+00,0.000000E+00,0.000000E+00,0.000000E+00,0.000000E+00,0.000000E+00,0.000000E+00,0.000000E+00,1.555709E+01,7.069818E+01,2.943533E+01,9.099208E+01,0.000000E+00,0.000000E+00,0.000000E+00,0.000000E+00,0.000000E+00,0.000000E+00,0.000000E+00,0.000000E+00,0.000000E+00,0.000000E+00,0.000000E+00,0.000000E+00,1.637246E+01,6.618527E+01,2.794809E+01,4.800144E+01,0.000000E+00,0.000000E+00,0.000000E+00,0.000000E+00,0.000000E+00,0.000000E+00,0.000000E+00,0.000000E+00,0.000000E+00,0.000000E+00,0.000000E+00,0.000000E+00,1.720627E+01,6.373542E+01,2.585556E+01,4.669845E+01,0.000000E+00,0.000000E+00,0.000000E+00,0.000000E+00,0.000000E+00,0.000000E+00,0.000000E+00,0.000000E+00,0.000000E+00,0.000000E+00,0.000000E+00,0.000000E+00,1.617638E+01,6.673463E+01,2.551428E+01,4.779253E+01,4.516665E+01,0.000000E+00,3.986420E-03,0.000000E+00,0.000000E+00,0.000000E+00,0.000000E+00,0.000000E+00,0.000000E+00,0.000000E+00,0.000000E+00,0.000000E+00,1.562016E+01,6.805024E+01,2.896088E+01,5.051147E+01,0.000000E+00,0.000000E+00,0.000000E+00,0.000000E+00,0.000000E+00,0.000000E+00,0.000000E+00,0.000000E+00,0.000000E+00,0.000000E+00,0.000000E+00,0.000000E+00,1.956015E+01,5.640389E+01,2.635468E+01,4.173721E+01
01:30:00,8.480175E+02,0.000000E+00,7.484624E-02,0.000000E+00,0.000000E+00,0.000000E+00,0.000000E+00,0.000000E+00,0.000000E+00,0.000000E+00,0.000000E+00,0.000000E+00,1.555541E+01,7.079341E+01,2.729351E+01,4.323770E+01,0.000000E+00,0.000000E+00,0.000000E+00,0.000000E+00,0.000000E+00,0.000000E+00,0.000000E+00,0.000000E+00,0.000000E+00,0.000000E+00,0.000000E+00,0.000000E+00,1.629398E+01,6.772994E+01,2.641221E+01,5.272231E+01,1.334923E+01,0.000000E+00,1.178206E-03,0.000000E+00,0.000000E+00,0.000000E+00,0.000000E+00,0.000000E+00,0.000000E+00,0.000000E+00,0.000000E+00,0.000000E+00,1.566324E+01,6.963094E+01,2.723609E+01,4.327074E+01,1.229271E+01,1.571744E+02,1.084957E-03,1.385962E-02,0.000000E+00,0.000000E+00,0.000000E+00,0.000000E+00,0.000000E+00,0.000000E+00,0.000000E+00,0.000000E+00,1.571395E+01,6.847582E+01,2.943977E+01,6.231654E+01,1.260928E+03,1.105077E+03,1.112898E-01,9.744558E-02,0.000000E+00,0.000000E+00,0.000000E+00,0.000000E+00,0.000000E+00,0.000000E+00,0.000000E+00,0.000000E+00,1.555539E+01,7.061448E+01,2.943233E+01,9.474221E+01,0.000000E+00,0.000000E+00,0.000000E+00,0.000000E+00,0.000000E+00,0.000000E+00,0.000000E+00,0.000000E+00,0.000000E+00,0.000000E+00,0.000000E+00,0.000000E+00,1.594808E+01,6.742437E+01,2.819481E+01,4.954305E+01,0.000000E+00,0.000000E+00,0.000000E+00,0.000000E+00,0.000000E+00,0.000000E+00,0.000000E+00,0.000000E+00,0.000000E+00,0.000000E+00,0.000000E+00,0.000000E+00,1.682766E+01,6.497903E+01,2.601606E+01,4.695444E+01,1.815386E+01,0.000000E+00,1.602264E-03,0.000000E+00,0.000000E+00,0.000000E+00,0.000000E+00,0.000000E+00,0.000000E+00,0.000000E+00,0.000000E+00,0.000000E+00,1.570612E+01,6.815006E+01,2.563040E+01,4.811853E+01,1.106662E+02,4.344782E+00,9.767429E-03,3.831223E-04,0.000000E+00,0.000000E+00,0.000000E+00,0.000000E+00,0.000000E+00,0.000000E+00,0.000000E+00,0.000000E+00,1.555607E+01,6.779137E+01,2.925497E+01,5.292390E+01,0.000000E+00,0.000000E+00,0.000000E+00,0.000000E+00,0.000000E+00,0.000000E+00,0.000000E+00,0.000000E+00,0.000000E+00,0.000000E+00,0.000000E+00,0.000000E+00,1.945201E+01,5.678445E+01,2.647255E+01,4.182204E+01
01:45:00,9.843368E+02,0.000000E+00,8.687781E-02,0.000000E+00,0.000000E+00,0.000000E+00,0.000000E+00,0.000000E+00,0.000000E+00,0.000000E+00,0.000000E+00,0.000000E+00,1.555538E+01,7.068648E+01,2.739338E+01,4.368840E+01,0.000000E+00,0.000000E+00,0.000000E+00,0.000000E+00,0.000000E+00,0.000000E+00,0.000000E+00,0.000000E+00,0.000000E+00,0.000000E+00,0.000000E+00,0.000000E+00,1.596176E+01,6.893486E+01,2.651978E+01,5.379532E+01,3.969306E+01,0.000000E+00,3.503320E-03,0.000000E+00,0.000000E+00,0.000000E+00,0.000000E+00,0.000000E+00,0.000000E+00,0.000000E+00,0.000000E+00,0.000000E+00,1.555579E+01,6.979220E+01,2.736339E+01,4.368630E+01,3.979793E+01,2.475023E+02,3.512575E-03,2.182472E-02,0.000000E+00,0.000000E+00,0.000000E+00,0.000000E+00,0.000000E+00,0.000000E+00,0.000000E+00,0.000000E+00,1.555648E+01,6.871048E+01,2.943531E+01,6.340922E+01,1.806005E+03,1.643997E+03,1.593984E-01,1.449675E-01,0.000000E+00,0.000000E+00,0.000000E+00,0.000000E+00,0.000000E+00,0.000000E+00,0.000000E+00,0.000000E+00,1.555533E+01,7.061137E+01,2.942260E+01,9.651908E+01,3.944925E+01,0.000000E+00,3.481800E-03,0.000000E+00,0.000000E+00,0.000000E+00,0.000000E+00,0.000000E+00,0.000000E+00,0.000000E+00,0.000000E+00,0.000000E+00,1.564157E+01,6.820128E+01,2.837117E+01,5.103125E+01,0.000000E+00,0.000000E+00,0.000000E+00,0.000000E+00,0.000000E+00,0.000000E+00,0.000000E+00,0.000000E+00,0.000000E+00,0.000000E+00,0.000000E+00,0.000000E+00,1.652386E+01,6.593752E+01,2.610933E+01,4.732977E+01,5.348563E+01,0.000000E+00,4.720655E-03,0.000000E+00,0.000000E+00,0.000000E+00,0.000000E+00,0.000000E+00,0.000000E+00,0.000000E+00,0.000000E+00,0.000000E+00,1.555559E+01,6.833024E+01,2.569233E+01,4.853148E+01,1.959647E+02,3.911265E+01,1.729589E-02,3.448948E-03,0.000000E+00,0.000000E+00,0.000000E+00,0.000000E+00,0.000000E+00,0.000000E+00,0.000000E+00,0.000000E+00,1.555517E+01,6.759792E+01,2.944360E+01,5.510273E+01,0.000000E+00,0.000000E+00,0.000000E+00,0.000000E+00,0.000000E+00,0.000000E+00,0.000000E+00,0.000000E+00,0.000000E+00,0.000000E+00,0.000000E+00,0.000000E+00,1.935203E+01,5.713885E+01,2.657495E+01,4.191353E+01
02:00:00,1.063933E+03,0.000000E+00,9.390296E-02,0.000000E+00,0.000000E+00,0.000000E+00,0.000000E+00,0.000000E+00,0.000000E+00,0.000000E+00,0.000000E+00,0.000000E+00,1.555537E+01,7.062425E+01,2.744541E+01,4.444267E+01,5.600333E+01,0.000000E+00,4.942868E-03,0.000000E+00,0.000000E+00,0.000000E+00,0.000000E+00,0.000000E+00,0.000000E+00,0.000000E+00,0.000000E+00,0.000000E+00,1.570235E+01,6.987106E+01,2.661450E+01,5.527724E+01,7.684871E+01,0.000000E+00,6.782686E-03,0.000000E+00,0.000000E+00,0.000000E+00,0.000000E+00,0.000000E+00,0.000000E+00,0.000000E+00,0.000000E+00,0.000000E+00,1.555543E+01,6.962704E+01,2.750192E+01,4.425867E+01,8.119913E+01,3.181904E+02,7.166656E-03,2.805799E-02,0.000000E+00,0.000000E+00,0.000000E+00,0.000000E+00,0.000000E+00,0.000000E+00,0.000000E+00,0.000000E+00,1.555540E+01,6.846653E+01,2.943229E+01,6.318150E+01,2.154318E+03,1.940916E+03,1.901407E-01,1.711497E-01,0.000000E+00,0.000000E+00,0.000000E+00,0.000000E+00,0.000000E+00,0.000000E+00,0.000000E+00,0.000000E+00,1.555531E+01,7.065395E+01,2.941688E+01,9.673809E+01,1.193693E+02,0.000000E+00,1.053556E-02,0.000000E+00,0.000000E+00,0.000000E+00,0.000000E+00,0.000000E+00,0.000000E+00,0.000000E+00,0.000000E+00,0.000000E+00,1.555546E+01,6.819788E+01,2.856359E+01,5.294200E+01,0.000000E+00,0.000000E+00,0.000000E+00,0.000000E+00,0.000000E+00,0.000000E+00,0.000000E+00,0.000000E+00,0.000000E+00,0.000000E+00,0.000000E+00,0.000000E+00,1.628535E+01,6.667577E+01,2.619173E+01,4.790103E+01,1.049008E+02,0.000000E+00,9.258568E-03,0.000000E+00,0.000000E+00,0.000000E+00,0.000000E+00,0.000000E+00,0.000000E+00,0.000000E+00,0.000000E+00,0.000000E+00,1.555538E+01,6.806485E+01,2.574067E+01,4.913045E+01,2.938247E+02,8.213867E+01,2.593304E-02,7.242978E-03,0.000000E+00,0.000000E+00,0.000000E+00,0.000000E+00,0.000000E+00,0.000000E+00,0.000000E+00,0.000000E+00,1.555510E+01,6.763258E+01,2.944178E+01,5.744124E+01,0.000000E+00,0.000000E+00,0.000000E+00,0.000000E+00,0.000000E+00,0.000000E+00,0.000000E+00,0.000000E+00,0.000000E+00,0.000000E+00,0.000000E+00,0.000000E+00,1.926767E+01,5.743983E+01,2.670132E+01,4.204083E+01
02:15:00,1.145614E+03,0.000000E+00,1.011122E-01,0.000000E+00,0.000000E+00,0.000000E+00,0.000000E+00,0.000000E+00,0.000000E+00,0.000000E+00,0.000000E+00,0.000000E+00,1.555523E+01,7.059906E+01,2.747457E+01,4.521426E+01,2.685990E+02,0.000000E+00,2.370662E-02,0.000000E+00,0.000000E+00,0.000000E+00,0.000000E+00,0.000000E+00,0.000000E+00,0.000000E+00,0.000000E+00,0.000000E+00,1.555653E+01,7.036463E+01,2.669801E+01,5.671462E+01,1.244220E+02,0.000000E+00,1.098152E-02,0.000000E+00,0.000000E+00,0.000000E+00,0.000000E+00,0.000000E+00,0.000000E+00,0.000000E+00,0.000000E+00,0.000000E+00,1.555528E+01,6.958399E+01,2.763435E+01,4.479520E+01,1.372243E+02,3.756115E+02,1.211145E-02,3.312137E-02,0.000000E+00,0.000000E+00,0.000000E+00,0.000000E+00,0.000000E+00,0.000000E+00,0.000000E+00,0.000000E+00,1.555519E+01,6.839411E+01,2.943053E+01,6.172665E+01,2.453868E+03,2.175971E+03,2.165790E-01,1.918768E-01,0.000000E+00,0.000000E+00,0.000000E+00,0.000000E+00,0.000000E+00,0.000000E+00,0.000000E+00,0.000000E+00,1.555514E+01,7.072167E+01,2.941419E+01,9.542079E+01,2.205213E+02,0.000000E+00,1.946327E-02,0.000000E+00,0.000000E+00,0.000000E+00,0.000000E+00,0.000000E+00,0.000000E+00,0.000000E+00,0.000000E+00,0.000000E+00,1.555525E+01,6.803203E+01,2.874574E+01,5.471171E+01,0.000000E+00,0.000000E+00,0.000000E+00,0.000000E+00,0.000000E+00,0.000000E+00,0.000000E+00,0.000000E+00,0.000000E+00,0.000000E+00,0.000000E+00,0.000000E+00,1.607865E+01,6.732759E+01,2.626487E+01,4.846114E+01,1.744848E+02,0.000000E+00,1.540007E-02,0.000000E+00,0.000000E+00,0.000000E+00,0.000000E+00,0.000000E+00,0.000000E+00,0.000000E+00,0.000000E+00,0.000000E+00,1.555518E+01,6.797291E+01,2.578046E+01,4.971215E+01,3.631518E+02,1.416222E+02,3.205187E-02,1.248823E-02,0.000000E+00,0.000000E+00,0.000000E+00,0.000000E+00,0.000000E+00,0.000000E+00,0.000000E+00,0.000000E+00,1.555473E+01,6.780053E+01,2.944071E+01,5.855742E+01,0.000000E+00,0.000000E+00,0.000000E+00,0.000000E+00,0.000000E+00,0.000000E+00,0.000000E+00,0.000000E+00,0.000000E+00,0.000000E+00,0.000000E+00,0.000000E+00,1.918747E+01,5.772764E+01,2.682586E+01,4.215790E+01
02:30:00,1.219731E+03,0.000000E+00,1.076538E-01,0.000000E+00,0.000000E+00,0.000000E+00,0.000000E+00,0.000000E+00,0.000000E+00,0.000000E+00,0.000000E+00,0.000000E+00,1.555521E+01,7.058831E+01,2.750873E+01,4.594413E+01,5.018120E+02,0.000000E+00,4.429005E-02,0.000000E+00,0.000000E+00,0.000000E+00,0.000000E+00,0.000000E+00,0.000000E+00,0.000000E+00,0.000000E+00,0.000000E+00,1.555545E+01,7.023520E+01,2.678393E+01,5.808903E+01,1.651869E+02,0.000000E+00,1.457944E-02,0.000000E+00,0.000000E+00,0.000000E+00,0.000000E+00,0.000000E+00,0.000000E+00,0.000000E+00,0.000000E+00,0.000000E+00,1.555518E+01,6.961979E+01,2.776407E+01,4.530167E+01,1.893499E+02,4.218109E+02,1.671207E-02,3.719523E-02,0.000000E+00,0.000000E+00,0.000000E+00,0.000000E+00,0.000000E+00,0.000000E+00,0.000000E+00,0.000000E+00,1.555504E+01,6.843815E+01,2.942969E+01,5.978540E+01,2.688027E+03,2.352516E+03,2.372459E-01,2.074445E-01,0.000000E+00,0.000000E+00,0.000000E+00,0.000000E+00,0.000000E+00,0.000000E+00,0.000000E+00,0.000000E+00,1.555512E+01,7.082420E+01,2.941293E+01,9.345140E+01,3.495827E+02,0.000000E+00,3.085425E-02,0.000000E+00,0.000000E+00,0.000000E+00,0.000000E+00,0.000000E+00,0.000000E+00,0.000000E+00,0.000000E+00,0.000000E+00,1.555515E+01,6.796583E+01,2.892198E+01,5.637094E+01,5.772700E-01,0.000000E+00,5.094999E-05,0.000000E+00,0.000000E+00,0.000000E+00,0.000000E+00,0.000000E+00,0.000000E+00,0.000000E+00,0.000000E+00,0.000000E+00,1.580953E+01,6.818141E+01,2.634082E+01,4.898761E+01,2.372534E+02,0.000000E+00,2.094005E-02,0.000000E+00,0.000000E+00,0.000000E+00,0.000000E+00,0.000000E+00,0.000000E+00,0.000000E+00,0.000000E+00,0.000000E+00,1.555503E+01,6.799165E+01,2.582152E+01,5.025975E+01,4.194944E+02,2.075455E+02,3.702468E-02,1.830133E-02,0.000000E+00,0.000000E+00,0.000000E+00,0.000000E+00,0.000000E+00,0.000000E+00,0.000000E+00,0.000000E+00,1.555461E+01,6.808772E+01,2.943900E+01,5.855818E+01,0.000000E+00,0.000000E+00,0.000000E+00,0.000000E+00,0.000000E+00,0.000000E+00,0.000000E+00,0.000000E+00,0.000000E+00,0.000000E+00,0.000000E+00,0.000000E+00,1.907971E+01,5.811685E+01,2.694831E+01,4.227131E+01
02:45:00,1.291941E+03,0.000000E+00,1.140270E-01,0.000000E+00,0.000000E+00,0.000000E+00,0.000000E+00,0.000000E+00,0.000000E+00,0.000000E+00,0.000000E+00,0.000000E+00,1.555519E+01,7.060124E+01,2.754576E+01,4.664643E+01,8.130340E+02,0.000000E+00,7.175858E-02,0.000000E+00,0.000000E+00,0.000000E+00,0.000000E+00,0.000000E+00,0.000000E+00,0.000000E+00,0.000000E+00,0.000000E+00,1.555540E+01,7.016695E+01,2.686941E+01,5.942727E+01,1.989353E+02,0.000000E+00,1.755808E-02,0.000000E+00,0.000000E+00,0.000000E+00,0.000000E+00,0.000000E+00,0.000000E+00,0.000000E+00,0.000000E+00,0.000000E+00,1.555511E+01,6.973118E+01,2.788851E+01,4.579496E+01,2.344003E+02,4.567714E+02,2.068823E-02,4.027804E-02,0.000000E+00,0.000000E+00,0.000000E+00,0.000000E+00,0.000000E+00,0.000000E+00,0.000000E+00,0.000000E+00,1.555494E+01,6.859867E+01,2.942948E+01,5.783054E+01,2.881729E+03,2.459449E+03,2.543422E-01,2.168739E-01,0.000000E+00,0.000000E+00,0.000000E+00,0.000000E+00,0.000000E+00,0.000000E+00,0.000000E+00,0.000000E+00,1.555512E+01,7.093057E+01,2.941250E+01,9.136422E+01,4.600332E+02,0.000000E+00,4.060264E-02,0.000000E+00,0.000000E+00,0.000000E+00,0.000000E+00,0.000000E+00,0.000000E+00,0.000000E+00,0.000000E+00,0.000000E+00,1.555501E+01,6.806223E+01,2.909022E+01,5.795712E+01,2.993428E+01,0.000000E+00,2.642007E-03,0.000000E+00,0.000000E+00,0.000000E+00,0.000000E+00,0.000000E+00,0.000000E+00,0.000000E+00,0.000000E+00,0.000000E+00,1.555566E+01,6.898457E+01,2.641710E+01,4.949542E+01,2.912664E+02,0.000000E+00,2.570725E-02,0.000000E+00,0.000000E+00,0.000000E+00,0.000000E+00,0.000000E+00,0.000000E+00,0.000000E+00,0.000000E+00,0.000000E+00,1.555493E+01,6.813652E+01,2.586199E+01,5.078681E+01,4.670632E+02,2.520498E+02,4.122311E-02,2.222572E-02,0.000000E+00,0.000000E+00,0.000000E+00,0.000000E+00,0.000000E+00,0.000000E+00,0.000000E+00,0.000000E+00,1.555458E+01,6.840443E+01,2.943791E+01,5.777793E+01,0.000000E+00,0.000000E+00,0.000000E+00,0.000000E+00,0.000000E+00,0.000000E+00,0.000000E+00,0.000000E+00,0.000000E+00,0.000000E+00,0.000000E+00,0.000000E+00,1.897131E+01,5.851139E+01,2.706961E+01,4.238275E+01
03:00:00,1.359301E+03,0.000000E+00,1.199723E-01,0.000000E+00,0.000000E+00,0.000000E+00,0.000000E+00,0.000000E+00,0.000000E+00,0.000000E+00,0.000000E+00,0.000000E+00,1.555518E+01,7.063159E+01,2.757824E+01,4.734491E+01,1.118396E+03,0.000000E+00,9.870992E-02,0.000000E+00,0.000000E+00,0.000000E+00,0.000000E+00,0.000000E+00,0.000000E+00,0.000000E+00,0.000000E+00,0.000000E+00,1.555534E+01,7.016172E+01,2.695059E+01,6.075001E+01,2.284558E+02,0.000000E+00,2.016357E-02,0.000000E+00,0.000000E+00,0.000000E+00,0.000000E+00,0.000000E+00,0.000000E+00,0.000000E+00,0.000000E+00,0.000000E+00,1.555507E+01,6.988459E+01,2.800688E+01,4.628157E+01,2.747234E+02,4.859078E+02,2.424716E-02,4.284729E-02,0.000000E+00,0.000000E+00,0.000000E+00,0.000000E+00,0.000000E+00,0.000000E+00,0.000000E+00,0.000000E+00,1.555491E+01,6.882620E+01,2.942959E+01,5.608062E+01,3.042565E+03,2.542081E+03,2.685375E-01,2.241604E-01,0.000000E+00,0.000000E+00,0.000000E+00,0.000000E+00,0.000000E+00,0.000000E+00,0.000000E+00,0.000000E+00,1.555512E+01,7.103119E+01,2.941251E+01,8.940367E+01,5.479934E+02,0.000000E+00,4.836604E-02,0.000000E+00,0.000000E+00,0.000000E+00,0.000000E+00,0.000000E+00,0.000000E+00,0.000000E+00,0.000000E+00,0.000000E+00,1.555494E+01,6.826898E+01,2.925051E+01,5.948464E+01,5.943286E+01,0.000000E+00,5.245559E-03,0.000000E+00,0.000000E+00,0.000000E+00,0.000000E+00,0.000000E+00,0.000000E+00,0.000000E+00,0.000000E+00,0.000000E+00,1.555538E+01,6.880652E+01,2.649024E+01,4.999795E+01,3.386067E+02,0.000000E+00,2.988551E-02,0.000000E+00,0.000000E+00,0.000000E+00,0.000000E+00,0.000000E+00,0.000000E+00,0.000000E+00,0.000000E+00,0.000000E+00,1.555486E+01,6.835085E+01,2.589922E+01,5.130472E+01,5.095368E+02,2.958575E+02,4.497185E-02,2.608868E-02,0.000000E+00,0.000000E+00,0.000000E+00,0.000000E+00,0.000000E+00,0.000000E+00,0.000000E+00,0.000000E+00,1.555460E+01,6.872421E+01,2.943721E+01,5.655626E+01,0.000000E+00,0.000000E+00,0.000000E+00,0.000000E+00,0.000000E+00,0.000000E+00,0.000000E+00,0.000000E+00,0.000000E+00,0.000000E+00,0.000000E+00,0.000000E+00,1.886290E+01,5.890895E+01,2.719030E+01,4.249243E+01
03:15:00,1.421553E+03,0.000000E+00,1.254667E-01,0.000000E+00,0.000000E+00,0.000000E+00,0.000000E+00,0.000000E+00,0.000000E+00,0.000000E+00,0.000000E+00,0.000000E+00,1.555517E+01,7.067373E+01,2.760381E+01,4.804749E+01,1.309373E+03,0.000000E+00,1.155656E-01,0.000000E+00,0.000000E+00,0.000000E+00,0.000000E+00,0.000000E+00,0.000000E+00,0.000000E+00,0.000000E+00,0.000000E+00,1.555530E+01,7.020530E+01,2.702714E+01,6.206083E+01,2.540398E+02,0.000000E+00,2.242162E-02,0.000000E+00,0.000000E+00,0.000000E+00,0.000000E+00,0.000000E+00,0.000000E+00,0.000000E+00,0.000000E+00,0.000000E+00,1.555507E+01,7.006212E+01,2.812012E+01,4.676057E+01,3.089579E+02,5.105101E+02,2.726870E-02,4.501672E-02,0.000000E+00,0.000000E+00,0.000000E+00,0.000000E+00,0.000000E+00,0.000000E+00,0.000000E+00,0.000000E+00,1.555490E+01,6.909442E+01,2.942984E+01,5.459899E+01,3.177432E+03,2.607596E+03,2.804410E-01,2.299375E-01,0.000000E+00,0.000000E+00,0.000000E+00,0.000000E+00,0.000000E+00,0.000000E+00,0.000000E+00,0.000000E+00,1.555514E+01,7.112132E+01,2.941272E+01,8.765195E+01,6.312300E+02,2.739057E+01,5.571251E-02,2.415297E-03,0.000000E+00,0.000000E+00,0.000000E+00,0.000000E+00,0.000000E+00,0.000000E+00,0.000000E+00,0.000000E+00,1.555488E+01,6.853728E+01,2.940445E+01,6.095424E+01,1.018718E+02,0.000000E+00,8.991231E-03,0.000000E+00,0.000000E+00,0.000000E+00,0.000000E+00,0.000000E+00,0.000000E+00,0.000000E+00,0.000000E+00,0.000000E+00,1.555536E+01,6.871672E+01,2.655988E+01,5.049715E+01,3.766755E+02,0.000000E+00,3.324548E-02,0.000000E+00,0.000000E+00,0.000000E+00,0.000000E+00,0.000000E+00,0.000000E+00,0.000000E+00,0.000000E+00,0.000000E+00,1.555485E+01,6.860284E+01,2.593305E+01,5.181518E+01,5.500429E+02,3.296215E+02,4.854692E-02,2.906599E-02,0.000000E+00,0.000000E+00,0.000000E+00,0.000000E+00,0.000000E+00,0.000000E+00,0.000000E+00,0.000000E+00,1.555463E+01,6.903109E+01,2.943684E+01,5.514981E+01,0.000000E+00,0.000000E+00,0.000000E+00,0.000000E+00,0.000000E+00,0.000000E+00,0.000000E+00,0.000000E+00,0.000000E+00,0.000000E+00,0.000000E+00,0.000000E+00,1.875335E+01,5.931382E+01,2.731023E+01,4.260099E+01
03:30:00,1.478892E+03,0.000000E+00,1.305273E-01,0.000000E+00,0.000000E+00,0.000000E+00,0.000000E+00,0.000000E+00,0.000000E+00,0.000000E+00,0.000000E+00,0.000000E+00,1.555516E+01,7.072292E+01,2.762394E+01,4.875080E+01,1.519808E+03,0.000000E+00,1.341386E-01,0.000000E+00,0.000000E+00,0.000000E+00,0.000000E+00,0.000000E+00,0.000000E+00,0.000000E+00,0.000000E+00,0.000000E+00,1.555527E+01,7.028211E+01,2.710023E+01,6.335636E+01,2.791843E+02,0.000000E+00,2.464088E-02,0.000000E+00,0.000000E+00,0.000000E+00,0.000000E+00,0.000000E+00,0.000000E+00,0.000000E+00,0.000000E+00,0.000000E+00,1.555507E+01,7.025190E+01,2.822904E+01,4.723038E+01,3.426900E+02,5.314964E+02,3.024590E-02,4.686729E-02,0.000000E+00,0.000000E+00,0.000000E+00,0.000000E+00,0.000000E+00,0.000000E+00,0.000000E+00,0.000000E+00,1.555490E+01,6.938121E+01,2.943013E+01,5.337770E+01,3.291873E+03,2.660402E+03,2.905415E-01,2.345939E-01,0.000000E+00,0.000000E+00,0.000000E+00,0.000000E+00,0.000000E+00,0.000000E+00,0.000000E+00,0.000000E+00,1.555515E+01,7.119939E+01,2.941303E+01,8.612464E+01,7.041775E+02,6.978779E+01,6.215088E-02,6.153878E-03,0.000000E+00,0.000000E+00,0.000000E+00,0.000000E+00,0.000000E+00,0.000000E+00,0.000000E+00,0.000000E+00,1.555488E+01,6.883147E+01,2.944262E+01,6.220189E+01,1.520054E+02,0.000000E+00,1.341603E-02,0.000000E+00,0.000000E+00,0.000000E+00,0.000000E+00,0.000000E+00,0.000000E+00,0.000000E+00,0.000000E+00,0.000000E+00,1.555527E+01,6.872007E+01,2.662717E+01,5.098991E+01,4.117752E+02,0.000000E+00,3.634338E-02,0.000000E+00,0.000000E+00,0.000000E+00,0.000000E+00,0.000000E+00,0.000000E+00,0.000000E+00,0.000000E+00,0.000000E+00,1.555485E+01,6.887239E+01,2.596448E+01,5.231568E+01,5.891453E+02,3.581332E+02,5.199811E-02,3.158014E-02,0.000000E+00,0.000000E+00,0.000000E+00,0.000000E+00,0.000000E+00,0.000000E+00,0.000000E+00,0.000000E+00,1.555467E+01,6.931326E+01,2.943670E+01,5.372606E+01,0.000000E+00,0.000000E+00,0.000000E+00,0.000000E+00,0.000000E+00,0.000000E+00,0.000000E+00,0.000000E+00,0.000000E+00,0.000000E+00,0.000000E+00,0.000000E+00,1.864224E+01,5.972762E+01,2.742914E+01,4.270900E+01
03:45:00,1.531612E+03,0.000000E+00,1.351805E-01,0.000000E+00,0.000000E+00,0.000000E+00,0.000000E+00,0.000000E+00,0.000000E+00,0.000000E+00,0.000000E+00,0.000000E+00,1.555516E+01,7.077543E+01,2.764049E+01,4.945013E+01,1.696143E+03,0.000000E+00,1.497020E-01,0.000000E+00,0.000000E+00,0.000000E+00,0.000000E+00,0.000000E+00,0.000000E+00,0.000000E+00,0.000000E+00,0.000000E+00,1.555525E+01,7.038060E+01,2.717090E+01,6.463324E+01,3.040318E+02,0.000000E+00,2.683392E-02,0.000000E+00,0.000000E+00,0.000000E+00,0.000000E+00,0.000000E+00,0.000000E+00,0.000000E+00,0.000000E+00,0.000000E+00,1.555508E+01,7.044278E+01,2.833389E+01,4.769091E+01,3.755180E+02,5.495013E+02,3.314331E-02,4.845495E-02,0.000000E+00,0.000000E+00,0.000000E+00,0.000000E+00,0.000000E+00,0.000000E+00,0.000000E+00,0.000000E+00,1.555491E+01,6.966643E+01,2.943038E+01,5.238309E+01,3.389914E+03,2.703482E+03,2.991946E-01,2.383927E-01,0.000000E+00,0.000000E+00,0.000000E+00,0.000000E+00,0.000000E+00,0.000000E+00,0.000000E+00,0.000000E+00,1.555516E+01,7.126562E+01,2.941335E+01,8.481232E+01,7.728099E+02,1.283525E+02,6.820839E-02,1.131811E-02,0.000000E+00,0.000000E+00,0.000000E+00,0.000000E+00,0.000000E+00,0.000000E+00,0.000000E+00,0.000000E+00,1.555489E+01,6.913285E+01,2.944209E+01,6.286569E+01,1.799645E+02,0.000000E+00,1.588371E-02,0.000000E+00,0.000000E+00,0.000000E+00,0.000000E+00,0.000000E+00,0.000000E+00,0.000000E+00,0.000000E+00,0.000000E+00,1.555521E+01,6.879966E+01,2.669291E+01,5.147400E+01,4.462302E+02,0.000000E+00,3.938439E-02,0.000000E+00,0.000000E+00,0.000000E+00,0.000000E+00,0.000000E+00,0.000000E+00,0.000000E+00,0.000000E+00,0.000000E+00,1.555486E+01,6.914398E+01,2.599420E+01,5.280447E+01,6.251041E+02,3.823805E+02,5.517184E-02,3.371826E-02,0.000000E+00,0.000000E+00,0.000000E+00,0.000000E+00,0.000000E+00,0.000000E+00,0.000000E+00,0.000000E+00,1.555470E+01,6.956331E+01,2.943671E+01,5.238153E+01,0.000000E+00,0.000000E+00,0.000000E+00,0.000000E+00,0.000000E+00,0.000000E+00,0.000000E+00,0.000000E+00,0.000000E+00,0.000000E+00,0.000000E+00,0.000000E+00,1.852996E+01,6.014908E+01,2.754693E+01,4.281666E+01
04:00:00,1.580018E+03,0.000000E+00,1.394527E-01,0.000000E+00,0.000000E+00,0.000000E+00,0.000000E+00,0.000000E+00,0.000000E+00,0.000000E+00,0.000000E+00,0.000000E+00,1.555516E+01,7.082852E+01,2.765431E+01,5.014352E+01,1.863971E+03,0.000000E+00,1.645145E-01,0.000000E+00,0.000000E+00,0.000000E+00,0.000000E+00,0.000000E+00,0.000000E+00,0.000000E+00,0.000000E+00,0.000000E+00,1.555525E+01,7.049484E+01,2.723932E+01,6.589165E+01,3.275411E+02,0.000000E+00,2.890886E-02,0.000000E+00,0.000000E+00,0.000000E+00,0.000000E+00,0.000000E+00,0.000000E+00,0.000000E+00,0.000000E+00,0.000000E+00,1.555510E+01,7.062512E+01,2.843471E+01,4.814275E+01,4.057654E+02,5.650386E+02,3.581296E-02,4.982503E-02,0.000000E+00,0.000000E+00,0.000000E+00,0.000000E+00,0.000000E+00,0.000000E+00,0.000000E+00,0.000000E+00,1.555494E+01,6.993419E+01,2.943059E+01,5.157779E+01,3.474614E+03,2.738740E+03,3.066703E-01,2.415018E-01,0.000000E+00,0.000000E+00,0.000000E+00,0.000000E+00,0.000000E+00,0.000000E+00,0.000000E+00,0.000000E+00,1.555517E+01,7.132113E+01,2.941367E+01,8.369723E+01,8.388777E+02,2.013273E+02,7.403955E-02,1.775302E-02,0.000000E+00,0.000000E+00,0.000000E+00,0.000000E+00,0.000000E+00,0.000000E+00,0.000000E+00,0.000000E+00,1.555491E+01,6.942743E+01,2.944108E+01,6.284155E+01,2.150932E+02,0.000000E+00,1.898418E-02,0.000000E+00,0.000000E+00,0.000000E+00,0.000000E+00,0.000000E+00,0.000000E+00,0.000000E+00,0.000000E+00,0.000000E+00,1.555516E+01,6.893170E+01,2.675725E+01,5.194920E+01,4.784663E+02,0.000000E+00,4.222956E-02,0.000000E+00,0.000000E+00,0.000000E+00,0.000000E+00,0.000000E+00,0.000000E+00,0.000000E+00,0.000000E+00,0.000000E+00,1.555488E+01,6.940524E+01,2.602238E+01,5.328151E+01,6.581378E+02,4.031805E+02,5.808741E-02,3.555240E-02,0.000000E+00,0.000000E+00,0.000000E+00,0.000000E+00,0.000000E+00,0.000000E+00,0.000000E+00,0.000000E+00,1.555474E+01,6.977854E+01,2.943681E+01,5.116627E+01,0.000000E+00,0.000000E+00,0.000000E+00,0.000000E+00,0.000000E+00,0.000000E+00,0.000000E+00,0.000000E+00,0.000000E+00,0.000000E+00,0.000000E+00,0.000000E+00,1.841700E+01,6.057646E+01,2.766353E+01,4.292412E+01
04:15:00,1.624616E+03,0.000000E+00,1.433890E-01,0.000000E+00,0.000000E+00,0.000000E+00,0.000000E+00,0.000000E+00,0.000000E+00,0.000000E+00,0.000000E+00,0.000000E+00,1.555517E+01,7.088031E+01,2.766556E+01,5.083103E+01,2.028835E+03,0.000000E+00,1.790655E-01,0.000000E+00,0.000000E+00,0.000000E+00,0.000000E+00,0.000000E+00,0.000000E+00,0.000000E+00,0.000000E+00,0.000000E+00,1.555525E+01,7.061925E+01,2.730551E+01,6.713231E+01,3.493843E+02,0.000000E+00,3.083674E-02,0.000000E+00,0.000000E+00,0.000000E+00,0.000000E+00,0.000000E+00,0.000000E+00,0.000000E+00,0.000000E+00,0.000000E+00,1.555511E+01,7.079198E+01,2.853158E+01,4.858643E+01,4.334516E+02,5.785450E+02,3.825654E-02,5.101602E-02,0.000000E+00,0.000000E+00,0.000000E+00,0.000000E+00,0.000000E+00,0.000000E+00,0.000000E+00,0.000000E+00,1.555496E+01,7.017442E+01,2.943076E+01,5.092678E+01,3.548545E+03,2.768094E+03,3.131954E-01,2.440902E-01,0.000000E+00,0.000000E+00,0.000000E+00,0.000000E+00,0.000000E+00,0.000000E+00,0.000000E+00,0.000000E+00,1.555518E+01,7.136734E+01,2.941396E+01,8.275866E+01,9.027288E+02,2.583682E+02,7.967507E-02,2.278288E-02,0.000000E+00,0.000000E+00,0.000000E+00,0.000000E+00,0.000000E+00,0.000000E+00,0.000000E+00,0.000000E+00,1.555493E+01,6.970384E+01,2.944021E+01,6.224204E+01,2.445283E+02,0.000000E+00,2.158213E-02,0.000000E+00,0.000000E+00,0.000000E+00,0.000000E+00,0.000000E+00,0.000000E+00,0.000000E+00,0.000000E+00,0.000000E+00,1.555514E+01,6.910166E+01,2.682010E+01,5.241615E+01,5.084287E+02,0.000000E+00,4.487405E-02,0.000000E+00,0.000000E+00,0.000000E+00,0.000000E+00,0.000000E+00,0.000000E+00,0.000000E+00,0.000000E+00,0.000000E+00,1.555490E+01,6.964731E+01,2.604900E+01,5.374742E+01,6.883766E+02,4.211832E+02,6.075629E-02,3.713988E-02,0.000000E+00,0.000000E+00,0.000000E+00,0.000000E+00,0.000000E+00,0.000000E+00,0.000000E+00,0.000000E+00,1.555477E+01,6.995997E+01,2.943697E+01,5.009970E+01,0.000000E+00,0.000000E+00,0.000000E+00,0.000000E+00,0.000000E+00,0.000000E+00,0.000000E+00,0.000000E+00,0.000000E+00,0.000000E+00,0.000000E+00,0.000000E+00,1.830371E+01,6.100853E+01,2.777890E+01,4.303156E+01
04:30:00,1.665849E+03,0.000000E+00,1.470282E-01,0.000000E+00,0.000000E+00,0.000000E+00,0.000000E+00,0.000000E+00,0.000000E+00,0.000000E+00,0.000000E+00,0.000000E+00,1.555517E+01,7.092965E+01,2.767502E+01,5.151089E+01,2.190315E+03,0.000000E+00,1.933178E-01,0.000000E+00,0.000000E+00,0.000000E+00,0.000000E+00,0.000000E+00,0.000000E+00,0.000000E+00,0.000000E+00,0.000000E+00,1.555525E+01,7.074797E+01,2.736970E+01,6.835519E+01,3.695269E+02,0.000000E+00,3.261454E-02,0.000000E+00,0.000000E+00,0.000000E+00,0.000000E+00,0.000000E+00,0.000000E+00,0.000000E+00,0.000000E+00,0.000000E+00,1.555513E+01,7.093956E+01,2.862544E+01,4.902008E+01,4.586480E+02,5.903220E+02,4.048038E-02,5.205452E-02,0.000000E+00,0.000000E+00,0.000000E+00,0.000000E+00,0.000000E+00,0.000000E+00,0.000000E+00,0.000000E+00,1.555499E+01,7.038260E+01,2.943087E+01,5.039906E+01,3.613568E+03,2.792700E+03,3.189345E-01,2.462600E-01,0.000000E+00,0.000000E+00,0.000000E+00,0.000000E+00,0.000000E+00,0.000000E+00,0.000000E+00,0.000000E+00,1.555519E+01,7.140573E+01,2.941421E+01,8.197198E+01,9.621486E+02,3.102246E+02,8.491948E-02,2.735557E-02,0.000000E+00,0.000000E+00,0.000000E+00,0.000000E+00,0.000000E+00,0.000000E+00,0.000000E+00,0.000000E+00,1.555496E+01,6.995418E+01,2.943960E+01,6.123682E+01,2.725427E+02,0.000000E+00,2.405468E-02,0.000000E+00,0.000000E+00,0.000000E+00,0.000000E+00,0.000000E+00,0.000000E+00,0.000000E+00,0.000000E+00,0.000000E+00,1.555513E+01,6.929912E+01,2.688153E+01,5.287496E+01,5.361032E+02,0.000000E+00,4.731661E-02,0.000000E+00,0.000000E+00,0.000000E+00,0.000000E+00,0.000000E+00,0.000000E+00,0.000000E+00,0.000000E+00,0.000000E+00,1.555492E+01,6.986496E+01,2.607433E+01,5.420190E+01,7.159777E+02,4.368196E+02,6.319237E-02,3.851870E-02,0.000000E+00,0.000000E+00,0.000000E+00,0.000000E+00,0.000000E+00,0.000000E+00,0.000000E+00,0.000000E+00,1.555480E+01,7.011094E+01,2.943714E+01,4.918196E+01,0.000000E+00,0.000000E+00,0.000000E+00,0.000000E+00,0.000000E+00,0.000000E+00,0.000000E+00,0.000000E+00,0.000000E+00,0.000000E+00,0.000000E+00,0.000000E+00,1.819033E+01,6.144444E+01,2.789299E+01,4.313915E+01
04:45:00,1.704049E+03,0.000000E+00,1.503998E-01,0.000000E+00,0.000000E+00,0.000000E+00,0.000000E+00,0.000000E+00,0.000000E+00,0.000000E+00,0.000000E+00,0.000000E+00,1.555518E+01,7.097587E+01,2.768284E+01,5.218306E+01,2.341989E+03,0.000000E+00,2.067046E-01,0.000000E+00,0.000000E+00,0.000000E+00,0.000000E+00,0.000000E+00,0.000000E+00,0.000000E+00,0.000000E+00,0.000000E+00,1.555525E+01,7.087560E+01,2.743206E+01,6.956043E+01,3.879979E+02,0.000000E+00,3.424479E-02,0.000000E+00,0.000000E+00,0.000000E+00,0.000000E+00,0.000000E+00,0.000000E+00,0.000000E+00,0.000000E+00,0.000000E+00,1.555515E+01,7.106676E+01,2.871642E+01,4.944399E+01,4.814836E+02,6.012225E+02,4.249586E-02,5.301572E-02,0.000000E+00,0.000000E+00,0.000000E+00,0.000000E+00,0.000000E+00,0.000000E+00,0.000000E+00,0.000000E+00,1.555502E+01,7.055848E+01,2.943094E+01,4.996894E+01,3.671165E+03,2.819741E+03,3.240179E-01,2.486444E-01,0.000000E+00,0.000000E+00,0.000000E+00,0.000000E+00,0.000000E+00,0.000000E+00,0.000000E+00,0.000000E+00,1.555520E+01,7.143769E+01,2.941442E+01,8.131386E+01,1.017175E+03,3.557291E+02,8.977610E-02,3.136815E-02,0.000000E+00,0.000000E+00,0.000000E+00,0.000000E+00,0.000000E+00,0.000000E+00,0.000000E+00,0.000000E+00,1.555498E+01,7.017437E+01,2.943917E+01,5.998201E+01,3.003739E+02,0.000000E+00,2.651107E-02,0.000000E+00,0.000000E+00,0.000000E+00,0.000000E+00,0.000000E+00,0.000000E+00,0.000000E+00,0.000000E+00,0.000000E+00,1.555513E+01,6.951344E+01,2.694161E+01,5.332570E+01,5.615703E+02,0.000000E+00,4.956434E-02,0.000000E+00,0.000000E+00,0.000000E+00,0.000000E+00,0.000000E+00,0.000000E+00,0.000000E+00,0.000000E+00,0.000000E+00,1.555495E+01,7.005613E+01,2.609854E+01,5.464496E+01,7.411135E+02,4.556132E+02,6.541086E-02,4.017591E-02,0.000000E+00,0.000000E+00,0.000000E+00,0.000000E+00,0.000000E+00,0.000000E+00,0.000000E+00,0.000000E+00,1.555482E+01,7.023578E+01,2.943730E+01,4.840306E+01,0.000000E+00,0.000000E+00,0.000000E+00,0.000000E+00,0.000000E+00,0.000000E+00,0.000000E+00,0.000000E+00,0.000000E+00,0.000000E+00,0.000000E+00,0.000000E+00,1.807706E+01,6.188340E+01,2.800579E+01,4.324697E+01
05:00:00,1.739574E+03,0.000000E+00,1.535353E-01,0.000000E+00,0.000000E+00,0.000000E+00,0.000000E+00,0.000000E+00,0.000000E+00,0.000000E+00,0.000000E+00,0.000000E+00,1.555518E+01,7.101862E+01,2.774400E+01,5.267861E+01,2.483590E+03,0.000000E+00,2.192022E-01,0.000000E+00,0.000000E+00,0.000000E+00,0.000000E+00,0.000000E+00,0.000000E+00,0.000000E+00,0.000000E+00,0.000000E+00,1.555526E+01,7.099781E+01,2.751557E+01,7.065373E+01,4.048672E+02,0.000000E+00,3.573368E-02,0.000000E+00,0.000000E+00,0.000000E+00,0.000000E+00,0.000000E+00,0.000000E+00,0.000000E+00,0.000000E+00,0.000000E+00,1.555517E+01,7.117432E+01,2.881726E+01,4.982203E+01,5.021203E+02,6.118046E+02,4.431727E-02,5.394885E-02,0.000000E+00,0.000000E+00,0.000000E+00,0.000000E+00,0.000000E+00,0.000000E+00,0.000000E+00,0.000000E+00,1.555505E+01,7.070446E+01,2.943094E+01,4.960352E+01,3.722543E+03,2.853164E+03,3.285526E-01,2.515916E-01,0.000000E+00,0.000000E+00,0.000000E+00,0.000000E+00,0.000000E+00,0.000000E+00,0.000000E+00,0.000000E+00,1.555520E+01,7.146439E+01,2.941435E+01,8.070515E+01,1.067911E+03,3.970219E+02,9.425411E-02,3.500934E-02,0.000000E+00,0.000000E+00,0.000000E+00,0.000000E+00,0.000000E+00,0.000000E+00,0.000000E+00,0.000000E+00,1.555501E+01,7.036368E+01,2.943884E+01,5.857728E+01,3.268728E+02,0.000000E+00,2.884988E-02,0.000000E+00,0.000000E+00,0.000000E+00,0.000000E+00,0.000000E+00,0.000000E+00,0.000000E+00,0.000000E+00,0.000000E+00,1.555513E+01,6.973404E+01,2.700257E+01,5.376175E+01,5.849378E+02,0.000000E+00,5.162676E-02,0.000000E+00,0.000000E+00,0.000000E+00,0.000000E+00,0.000000E+00,0.000000E+00,0.000000E+00,0.000000E+00,0.000000E+00,1.555497E+01,7.022110E+01,2.612423E+01,5.506860E+01,7.639383E+02,4.833114E+02,6.742538E-02,4.261834E-02,0.000000E+00,0.000000E+00,0.000000E+00,0.000000E+00,0.000000E+00,0.000000E+00,0.000000E+00,0.000000E+00,1.555484E+01,7.033886E+01,2.943717E+01,4.766140E+01,0.000000E+00,0.000000E+00,0.000000E+00,0.000000E+00,0.000000E+00,0.000000E+00,0.000000E+00,0.000000E+00,0.000000E+00,0.000000E+00,0.000000E+00,0.000000E+00,1.796412E+01,6.232459E+01,2.811829E+01,4.335257E+01
05:15:00,3.818008E+03,1.388276E+03,3.369784E-01,1.224180E-01,0.000000E+00,0.000000E+00,0.000000E+00,0.000000E+00,0.000000E+00,0.000000E+00,0.000000E+00,0.000000E+00,2.050390E+01,5.266841E+01,2.410350E+01,5.673683E+01,6.670816E+03,2.533392E+03,5.887679E-01,2.233942E-01,0.000000E+00,0.000000E+00,0.000000E+00,0.000000E+00,0.000000E+00,0.000000E+00,0.000000E+00,0.000000E+00,2.050018E+01,5.274309E+01,2.408130E+01,6.940810E+01,8.788169E+02,4.046712E+02,7.756460E-02,3.568386E-02,0.000000E+00,0.000000E+00,0.000000E+00,0.000000E+00,0.000000E+00,0.000000E+00,0.000000E+00,0.000000E+00,2.048770E+01,5.282549E+01,2.434500E+01,5.360645E+01,1.089509E+03,1.084302E+03,9.616029E-02,9.561358E-02,0.000000E+00,0.000000E+00,0.000000E+00,0.000000E+00,0.000000E+00,0.000000E+00,0.000000E+00,0.000000E+00,2.048717E+01,5.269261E+01,2.445894E+01,5.498846E+01,7.121382E+03,5.660602E+03,6.285349E-01,4.991512E-01,0.000000E+00,0.000000E+00,0.000000E+00,0.000000E+00,0.000000E+00,0.000000E+00,0.000000E+00,0.000000E+00,2.049025E+01,5.284745E+01,2.440042E+01,7.560526E+01,2.456822E+03,1.650513E+03,2.168397E-01,1.455420E-01,0.000000E+00,0.000000E+00,0.000000E+00,0.000000E+00,0.000000E+00,0.000000E+00,0.000000E+00,0.000000E+00,2.048796E+01,5.260772E+01,2.443517E+01,5.719235E+01,1.018869E+03,3.381085E+02,8.992559E-02,2.981437E-02,0.000000E+00,0.000000E+00,0.000000E+00,0.000000E+00,0.000000E+00,0.000000E+00,0.000000E+00,0.000000E+00,2.050296E+01,5.239985E+01,2.400111E+01,5.755180E+01,1.317086E+03,2.325613E+02,1.162463E-01,2.050722E-02,0.000000E+00,0.000000E+00,0.000000E+00,0.000000E+00,0.000000E+00,0.000000E+00,0.000000E+00,0.000000E+00,2.048887E+01,5.253178E+01,2.389771E+01,5.839327E+01,1.491746E+03,1.139255E+03,1.316619E-01,1.004594E-01,0.000000E+00,0.000000E+00,0.000000E+00,0.000000E+00,0.000000E+00,0.000000E+00,0.000000E+00,0.000000E+00,2.048538E+01,5.254004E+01,2.445931E+01,5.235095E+01,5.378538E+01,9.566159E+01,4.747111E-03,8.435427E-03,0.000000E+00,0.000000E+00,0.000000E+00,0.000000E+00,0.000000E+00,0.000000E+00,0.000000E+00,0.000000E+00,2.091574E+01,5.186899E+01,2.427940E+01,4.926112E+01
05:30:00,4.276316E+03,1.453699E+03,3.774287E-01,1.281870E-01,0.000000E+00,0.000000E+00,0.000000E+00,0.000000E+00,0.000000E+00,0.000000E+00,0.000000E+00,0.000000E+00,2.111106E+01,5.083979E+01,2.388832E+01,5.503134E+01,7.867420E+03,2.701838E+03,6.943805E-01,2.382478E-01,0.000000E+00,0.000000E+00,0.000000E+00,0.000000E+00,0.000000E+00,0.000000E+00,0.000000E+00,0.000000E+00,2.111107E+01,5.093897E+01,2.388763E+01,6.487887E+01,1.075138E+03,4.873651E+02,9.489193E-02,4.297579E-02,0.000000E+00,0.000000E+00,0.000000E+00,0.000000E+00,0.000000E+00,0.000000E+00,0.000000E+00,0.000000E+00,2.111106E+01,5.094907E+01,2.388820E+01,5.152264E+01,1.338867E+03,1.229616E+03,1.181687E-01,1.084274E-01,0.000000E+00,0.000000E+00,0.000000E+00,0.000000E+00,0.000000E+00,0.000000E+00,0.000000E+00,0.000000E+00,2.111104E+01,5.085711E+01,2.388727E+01,5.552668E+01,7.619484E+03,5.646627E+03,6.724976E-01,4.979189E-01,0.000000E+00,0.000000E+00,0.000000E+00,0.000000E+00,0.000000E+00,0.000000E+00,0.000000E+00,0.000000E+00,2.111107E+01,5.092839E+01,2.388574E+01,7.403792E+01,3.052286E+03,1.974539E+03,2.693956E-01,1.741146E-01,0.000000E+00,0.000000E+00,0.000000E+00,0.000000E+00,0.000000E+00,0.000000E+00,0.000000E+00,0.000000E+00,2.111104E+01,5.081573E+01,2.388772E+01,5.396158E+01,1.249260E+03,3.527982E+02,1.102600E-01,3.110970E-02,0.000000E+00,0.000000E+00,0.000000E+00,0.000000E+00,0.000000E+00,0.000000E+00,0.000000E+00,0.000000E+00,2.111105E+01,5.075167E+01,2.388835E+01,5.583961E+01,1.567459E+03,2.325613E+02,1.383443E-01,2.050722E-02,0.000000E+00,0.000000E+00,0.000000E+00,0.000000E+00,0.000000E+00,0.000000E+00,0.000000E+00,0.000000E+00,2.111103E+01,5.074500E+01,2.388847E+01,5.699023E+01,1.799016E+03,1.354115E+03,1.587816E-01,1.194057E-01,0.000000E+00,0.000000E+00,0.000000E+00,0.000000E+00,0.000000E+00,0.000000E+00,0.000000E+00,0.000000E+00,2.111101E+01,5.070483E+01,2.388784E+01,5.202501E+01,8.918296E+01,1.396719E+02,7.871310E-03,1.231625E-02,0.000000E+00,0.000000E+00,0.000000E+00,0.000000E+00,0.000000E+00,0.000000E+00,0.000000E+00,0.000000E+00,2.111111E+01,5.124987E+01,2.388851E+01,4.843434E+01
05:45:00,5.631531E+03,2.382800E+03,4.970403E-01,2.101150E-01,0.000000E+00,0.000000E+00,0.000000E+00,0.000000E+00,0.000000E+00,0.000000E+00,0.000000E+00,0.000000E+00,2.111091E+01,5.108670E+01,2.388841E+01,5.018688E+01,1.044517E+04,4.300792E+03,9.218930E-01,3.792433E-01,0.000000E+00,0.000000E+00,0.000000E+00,0.000000E+00,0.000000E+00,0.000000E+00,0.000000E+00,0.000000E+00,2.111096E+01,5.119570E+01,2.388757E+01,5.529784E+01,1.393853E+03,7.248560E+02,1.230219E-01,6.391771E-02,0.000000E+00,0.000000E+00,0.000000E+00,0.000000E+00,0.000000E+00,0.000000E+00,0.000000E+00,0.000000E+00,2.111091E+01,5.114754E+01,2.388729E+01,4.568041E+01,1.726402E+03,1.547753E+03,1.523726E-01,1.364807E-01,0.000000E+00,0.000000E+00,0.000000E+00,0.000000E+00,0.000000E+00,0.000000E+00,0.000000E+00,0.000000E+00,2.111085E+01,5.111488E+01,2.388213E+01,5.135179E+01,9.303224E+03,7.070853E+03,8.211048E-01,6.235069E-01,0.000000E+00,0.000000E+00,0.000000E+00,0.000000E+00,0.000000E+00,0.000000E+00,0.000000E+00,0.000000E+00,2.111095E+01,5.108096E+01,2.387938E+01,6.104069E+01,3.980380E+03,2.731385E+03,3.513093E-01,2.408532E-01,0.000000E+00,0.000000E+00,0.000000E+00,0.000000E+00,0.000000E+00,0.000000E+00,0.000000E+00,0.000000E+00,2.111083E+01,5.112750E+01,2.388528E+01,4.553026E+01,1.694987E+03,5.671171E+02,1.496000E-01,5.000831E-02,0.000000E+00,0.000000E+00,0.000000E+00,0.000000E+00,0.000000E+00,0.000000E+00,0.000000E+00,0.000000E+00,2.111087E+01,5.122228E+01,2.388853E+01,5.219057E+01,2.019890E+03,3.813936E+02,1.782760E-01,3.363124E-02,0.000000E+00,0.000000E+00,0.000000E+00,0.000000E+00,0.000000E+00,0.000000E+00,0.000000E+00,0.000000E+00,2.111081E+01,5.108341E+01,2.384472E+01,5.484505E+01,2.279177E+03,1.811495E+03,2.011607E-01,1.597374E-01,0.000000E+00,0.000000E+00,0.000000E+00,0.000000E+00,0.000000E+00,0.000000E+00,0.000000E+00,0.000000E+00,2.111072E+01,5.099613E+01,2.388487E+01,4.813859E+01,1.469838E+02,2.104521E+02,1.297283E-02,1.855764E-02,0.000000E+00,0.000000E+00,0.000000E+00,0.000000E+00,0.000000E+00,0.000000E+00,0.000000E+00,0.000000E+00,2.111111E+01,5.124987E+01,2.388772E+01,4.596452E+01
06:00:00,6.694069E+03,3.136193E+03,5.908202E-01,2.765491E-01,0.000000E+00,0.000000E+00,0.000000E+00,0.000000E+00,0.000000E+00,0.000000E+00,0.000000E+00,0.000000E+00,2.111093E+01,5.108794E+01,2.388617E+01,4.798629E+01,1.231303E+04,5.535309E+03,1.086751E+00,4.881029E-01,0.000000E+00,0.000000E+00,0.000000E+00,0.000000E+00,0.000000E+00,0.000000E+00,0.000000E+00,0.000000E+00,2.111104E+01,5.120889E+01,2.388336E+01,5.056308E+01,1.633306E+03,9.112950E+02,1.441560E-01,8.035787E-02,0.000000E+00,0.000000E+00,0.000000E+00,0.000000E+00,0.000000E+00,0.000000E+00,0.000000E+00,0.000000E+00,2.111097E+01,5.112563E+01,2.388879E+01,4.439755E+01,2.013924E+03,1.788541E+03,1.777494E-01,1.577133E-01,0.000000E+00,0.000000E+00,0.000000E+00,0.000000E+00,0.000000E+00,0.000000E+00,0.000000E+00,0.000000E+00,2.111093E+01,5.107980E+01,2.388175E+01,5.190786E+01,1.040791E+04,8.021991E+03,9.186046E-01,7.073781E-01,0.000000E+00,0.000000E+00,0.000000E+00,0.000000E+00,0.000000E+00,0.000000E+00,0.000000E+00,0.000000E+00,2.111094E+01,5.105430E+01,2.387346E+01,6.195170E+01,4.672645E+03,3.308347E+03,4.124088E-01,2.917296E-01,0.000000E+00,0.000000E+00,0.000000E+00,0.000000E+00,0.000000E+00,0.000000E+00,0.000000E+00,0.000000E+00,2.111094E+01,5.109679E+01,2.388847E+01,4.482862E+01,2.019867E+03,7.228505E+02,1.782740E-01,6.374087E-02,0.000000E+00,0.000000E+00,0.000000E+00,0.000000E+00,0.000000E+00,0.000000E+00,0.000000E+00,0.000000E+00,2.111104E+01,5.125929E+01,2.388586E+01,4.996214E+01,2.349920E+03,4.959339E+02,2.074045E-01,4.373139E-02,0.000000E+00,0.000000E+00,0.000000E+00,0.000000E+00,0.000000E+00,0.000000E+00,0.000000E+00,0.000000E+00,2.111090E+01,5.105597E+01,2.388144E+01,5.285913E+01,2.640397E+03,2.196973E+03,2.330421E-01,1.937288E-01,0.000000E+00,0.000000E+00,0.000000E+00,0.000000E+00,0.000000E+00,0.000000E+00,0.000000E+00,0.000000E+00,2.111078E+01,5.093430E+01,2.388564E+01,4.837305E+01,1.936210E+02,2.689292E+02,1.708904E-02,2.371415E-02,0.000000E+00,0.000000E+00,0.000000E+00,0.000000E+00,0.000000E+00,0.000000E+00,0.000000E+00,0.000000E+00,2.111111E+01,5.124987E+01,2.388867E+01,4.532639E+01
06:15:00,5.643803E+03,2.537997E+03,4.981234E-01,2.238003E-01,0.000000E+00,0.000000E+00,0.000000E+00,0.000000E+00,0.000000E+00,0.000000E+00,0.000000E+00,0.000000E+00,2.111095E+01,5.100146E+01,2.388746E+01,4.783994E+01,9.887254E+03,4.263307E+03,8.726515E-01,3.759379E-01,0.000000E+00,0.000000E+00,0.000000E+00,0.000000E+00,0.000000E+00,0.000000E+00,0.000000E+00,0.000000E+00,2.111107E+01,5.111948E+01,2.388612E+01,5.007148E+01,1.382513E+03,6.833718E+02,1.220209E-01,6.025964E-02,0.000000E+00,0.000000E+00,0.000000E+00,0.000000E+00,0.000000E+00,0.000000E+00,0.000000E+00,0.000000E+00,2.111099E+01,5.103553E+01,2.388981E+01,4.580451E+01,1.692255E+03,1.543654E+03,1.493589E-01,1.361192E-01,0.000000E+00,0.000000E+00,0.000000E+00,0.000000E+00,0.000000E+00,0.000000E+00,0.000000E+00,0.000000E+00,2.111095E+01,5.095626E+01,2.388192E+01,5.377528E+01,7.984362E+03,6.123173E+03,7.047017E-01,5.399406E-01,0.000000E+00,0.000000E+00,0.000000E+00,0.000000E+00,0.000000E+00,0.000000E+00,0.000000E+00,0.000000E+00,2.111094E+01,5.096785E+01,2.387417E+01,6.772602E+01,3.929258E+03,2.621183E+03,3.467973E-01,2.311356E-01,0.000000E+00,0.000000E+00,0.000000E+00,0.000000E+00,0.000000E+00,0.000000E+00,0.000000E+00,0.000000E+00,2.111096E+01,5.095626E+01,2.388960E+01,4.764653E+01,1.634918E+03,5.398836E+02,1.442983E-01,4.760687E-02,0.000000E+00,0.000000E+00,0.000000E+00,0.000000E+00,0.000000E+00,0.000000E+00,0.000000E+00,0.000000E+00,2.111110E+01,5.110695E+01,2.388715E+01,4.931858E+01,1.925233E+03,3.824964E+02,1.699216E-01,3.372849E-02,0.000000E+00,0.000000E+00,0.000000E+00,0.000000E+00,0.000000E+00,0.000000E+00,0.000000E+00,0.000000E+00,2.111093E+01,5.090292E+01,2.388633E+01,5.186670E+01,2.247738E+03,1.956747E+03,1.983859E-01,1.725457E-01,0.000000E+00,0.000000E+00,0.000000E+00,0.000000E+00,0.000000E+00,0.000000E+00,0.000000E+00,0.000000E+00,2.111078E+01,5.078260E+01,2.388585E+01,4.985268E+01,1.831339E+02,2.278150E+02,1.616344E-02,2.008869E-02,0.000000E+00,0.000000E+00,0.000000E+00,0.000000E+00,0.000000E+00,0.000000E+00,0.000000E+00,0.000000E+00,2.111111E+01,5.124987E+01,2.388924E+01,4.591680E+01
06:30:00,6.162152E+03,3.297318E+03,5.438731E-01,2.907571E-01,0.000000E+00,0.000000E+00,0.000000E+00,0.000000E+00,0.000000E+00,0.000000E+00,0.000000E+00,0.000000E+00,2.111090E+01,5.093995E+01,2.388767E+01,4.813708E+01,1.026842E+04,5.386325E+03,9.062935E-01,4.749655E-01,0.000000E+00,0.000000E+00,0.000000E+00,0.000000E+00,0.000000E+00,0.000000E+00,0.000000E+00,0.000000E+00,2.111103E+01,5.105029E+01,2.388663E+01,5.062077E+01,1.384309E+03,7.710398E+02,1.221795E-01,6.799020E-02,0.000000E+00,0.000000E+00,0.000000E+00,0.000000E+00,0.000000E+00,0.000000E+00,0.000000E+00,0.000000E+00,2.111093E+01,5.097766E+01,2.388912E+01,4.716443E+01,1.677135E+03,1.610192E+03,1.480243E-01,1.419865E-01,0.000000E+00,0.000000E+00,0.000000E+00,0.000000E+00,0.000000E+00,0.000000E+00,0.000000E+00,0.000000E+00,2.111087E+01,5.087703E+01,2.388054E+01,5.502013E+01,8.341973E+03,6.998537E+03,7.362647E-01,6.171301E-01,0.000000E+00,0.000000E+00,0.000000E+00,0.000000E+00,0.000000E+00,0.000000E+00,0.000000E+00,0.000000E+00,2.111090E+01,5.089962E+01,2.387049E+01,7.241957E+01,3.907166E+03,2.827230E+03,3.448475E-01,2.493048E-01,0.000000E+00,0.000000E+00,0.000000E+00,0.000000E+00,0.000000E+00,0.000000E+00,0.000000E+00,0.000000E+00,2.111088E+01,5.086615E+01,2.388788E+01,4.976436E+01,1.678551E+03,6.797865E+02,1.481493E-01,5.994349E-02,0.000000E+00,0.000000E+00,0.000000E+00,0.000000E+00,0.000000E+00,0.000000E+00,0.000000E+00,0.000000E+00,2.111103E+01,5.099035E+01,2.388750E+01,4.921156E+01,1.949006E+03,5.086121E+02,1.720197E-01,4.484935E-02,0.000000E+00,0.000000E+00,0.000000E+00,0.000000E+00,0.000000E+00,0.000000E+00,0.000000E+00,0.000000E+00,2.111085E+01,5.079652E+01,2.388692E+01,5.126830E+01,2.239502E+03,2.168513E+03,1.976590E-01,1.912192E-01,0.000000E+00,0.000000E+00,0.000000E+00,0.000000E+00,0.000000E+00,0.000000E+00,0.000000E+00,0.000000E+00,2.111069E+01,5.068971E+01,2.388447E+01,5.058748E+01,1.881297E+02,2.353129E+02,1.660437E-02,2.074986E-02,0.000000E+00,0.000000E+00,0.000000E+00,0.000000E+00,0.000000E+00,0.000000E+00,0.000000E+00,0.000000E+00,2.111111E+01,5.124987E+01,2.388897E+01,4.644211E+01
06:45:00,5.740479E+03,3.229506E+03,5.066562E-01,2.847774E-01,0.000000E+00,0.000000E+00,0.000000E+00,0.000000E+00,0.000000E+00,0.000000E+00,0.000000E+00,0.000000E+00,2.111085E+01,5.091723E+01,2.388749E+01,4.827019E+01,9.118613E+03,5.119946E+03,8.048110E-01,4.514762E-01,0.000000E+00,0.000000E+00,0.000000E+00,0.000000E+00,0.000000E+00,0.000000E+00,0.000000E+00,0.000000E+00,2.111098E+01,5.101991E+01,2.388639E+01,5.094142E+01,1.243377E+03,6.996660E+02,1.097408E-01,6.169646E-02,0.000000E+00,0.000000E+00,0.000000E+00,0.000000E+00,0.000000E+00,0.000000E+00,0.000000E+00,0.000000E+00,2.111089E+01,5.095499E+01,2.388824E+01,4.779651E+01,1.498662E+03,1.493176E+03,1.322723E-01,1.316681E-01,0.000000E+00,0.000000E+00,0.000000E+00,0.000000E+00,0.000000E+00,0.000000E+00,0.000000E+00,0.000000E+00,2.111082E+01,5.084507E+01,2.387932E+01,5.552031E+01,7.425999E+03,6.402513E+03,6.554205E-01,5.645728E-01,0.000000E+00,0.000000E+00,0.000000E+00,0.000000E+00,0.000000E+00,0.000000E+00,0.000000E+00,0.000000E+00,2.111086E+01,5.086124E+01,2.386674E+01,7.487254E+01,3.494531E+03,2.572205E+03,3.084281E-01,2.268167E-01,0.000000E+00,0.000000E+00,0.000000E+00,0.000000E+00,0.000000E+00,0.000000E+00,0.000000E+00,0.000000E+00,2.111082E+01,5.083221E+01,2.388621E+01,5.052477E+01,1.479928E+03,6.209470E+02,1.306188E-01,5.475502E-02,0.000000E+00,0.000000E+00,0.000000E+00,0.000000E+00,0.000000E+00,0.000000E+00,0.000000E+00,0.000000E+00,2.111095E+01,5.094305E+01,2.388758E+01,4.916559E+01,1.744087E+03,4.940826E+02,1.539336E-01,4.356814E-02,0.000000E+00,0.000000E+00,0.000000E+00,0.000000E+00,0.000000E+00,0.000000E+00,0.000000E+00,0.000000E+00,2.111078E+01,5.075108E+01,2.388707E+01,5.078777E+01,2.029396E+03,2.148031E+03,1.791150E-01,1.894131E-01,0.000000E+00,0.000000E+00,0.000000E+00,0.000000E+00,0.000000E+00,0.000000E+00,0.000000E+00,0.000000E+00,2.111062E+01,5.065256E+01,2.388335E+01,5.055637E+01,1.682289E+02,2.136081E+02,1.484793E-02,1.883593E-02,0.000000E+00,0.000000E+00,0.000000E+00,0.000000E+00,0.000000E+00,0.000000E+00,0.000000E+00,0.000000E+00,2.111111E+01,5.124987E+01,2.388863E+01,4.662878E+01
07:00:00,5.574748E+03,3.373287E+03,4.920286E-01,2.974560E-01,0.000000E+00,0.000000E+00,0.000000E+00,0.000000E+00,0.000000E+00,0.000000E+00,0.000000E+00,0.000000E+00,2.111083E+01,5.091271E+01,2.388734E+01,4.820756E+01,8.552639E+03,5.265351E+03,7.548580E-01,4.642980E-01,0.000000E+00,0.000000E+00,0.000000E+00,0.000000E+00,0.000000E+00,0.000000E+00,0.000000E+00,0.000000E+00,2.111096E+01,5.100956E+01,2.388614E+01,5.089841E+01,1.164819E+03,6.770583E+02,1.028072E-01,5.970291E-02,0.000000E+00,0.000000E+00,0.000000E+00,0.000000E+00,0.000000E+00,0.000000E+00,0.000000E+00,0.000000E+00,2.111088E+01,5.094492E+01,2.388777E+01,4.794012E+01,1.399519E+03,1.447797E+03,1.235219E-01,1.276665E-01,0.000000E+00,0.000000E+00,0.000000E+00,0.000000E+00,0.000000E+00,0.000000E+00,0.000000E+00,0.000000E+00,2.111080E+01,5.082999E+01,2.387872E+01,5.568720E+01,7.021853E+03,6.259380E+03,6.197505E-01,5.519513E-01,0.000000E+00,0.000000E+00,0.000000E+00,0.000000E+00,0.000000E+00,0.000000E+00,0.000000E+00,0.000000E+00,2.111084E+01,5.084015E+01,2.386448E+01,7.587668E+01,3.269801E+03,2.474410E+03,2.885935E-01,2.181932E-01,0.000000E+00,0.000000E+00,0.000000E+00,0.000000E+00,0.000000E+00,0.000000E+00,0.000000E+00,0.000000E+00,2.111080E+01,5.081891E+01,2.388548E+01,5.058228E+01,1.379516E+03,6.224189E+02,1.217564E-01,5.488482E-02,0.000000E+00,0.000000E+00,0.000000E+00,0.000000E+00,0.000000E+00,0.000000E+00,0.000000E+00,0.000000E+00,2.111092E+01,5.093072E+01,2.388760E+01,4.907547E+01,1.639500E+03,5.228546E+02,1.447027E-01,4.610525E-02,0.000000E+00,0.000000E+00,0.000000E+00,0.000000E+00,0.000000E+00,0.000000E+00,0.000000E+00,0.000000E+00,2.111075E+01,5.073231E+01,2.388715E+01,5.034365E+01,1.914310E+03,2.206517E+03,1.689575E-01,1.945704E-01,0.000000E+00,0.000000E+00,0.000000E+00,0.000000E+00,0.000000E+00,0.000000E+00,0.000000E+00,0.000000E+00,2.111059E+01,5.063336E+01,2.388298E+01,5.027841E+01,1.573145E+02,2.022534E+02,1.388461E-02,1.783468E-02,0.000000E+00,0.000000E+00,0.000000E+00,0.000000E+00,0.000000E+00,0.000000E+00,0.000000E+00,0.000000E+00,2.111111E+01,5.124987E+01,2.388849E+01,4.662714E+01
07:15:00,5.444703E+03,3.519117E+03,4.805508E-01,3.103153E-01,0.000000E+00,0.000000E+00,0.000000E+00,0.000000E+00,0.000000E+00,0.000000E+00,0.000000E+00,0.000000E+00,2.111082E+01,5.091034E+01,2.388731E+01,4.806799E+01,8.116429E+03,5.438001E+03,7.163581E-01,4.795222E-01,0.000000E+00,0.000000E+00,0.000000E+00,0.000000E+00,0.000000E+00,0.000000E+00,0.000000E+00,0.000000E+00,2.111096E+01,5.100298E+01,2.388605E+01,5.068020E+01,1.103662E+03,6.635032E+02,9.740949E-02,5.850763E-02,0.000000E+00,0.000000E+00,0.000000E+00,0.000000E+00,0.000000E+00,0.000000E+00,0.000000E+00,0.000000E+00,2.111088E+01,5.093419E+01,2.388763E+01,4.792090E+01,1.323475E+03,1.425648E+03,1.168102E-01,1.257134E-01,0.000000E+00,0.000000E+00,0.000000E+00,0.000000E+00,0.000000E+00,0.000000E+00,0.000000E+00,0.000000E+00,2.111079E+01,5.081421E+01,2.387849E+01,5.577337E+01,6.739989E+03,6.190525E+03,5.948731E-01,5.458797E-01,0.000000E+00,0.000000E+00,0.000000E+00,0.000000E+00,0.000000E+00,0.000000E+00,0.000000E+00,0.000000E+00,2.111083E+01,5.082510E+01,2.386337E+01,7.627108E+01,3.097948E+03,2.409395E+03,2.734257E-01,2.124601E-01,0.000000E+00,0.000000E+00,0.000000E+00,0.000000E+00,0.000000E+00,0.000000E+00,0.000000E+00,0.000000E+00,2.111079E+01,5.080491E+01,2.388536E+01,5.051047E+01,1.302317E+03,6.268662E+02,1.149428E-01,5.527698E-02,0.000000E+00,0.000000E+00,0.000000E+00,0.000000E+00,0.000000E+00,0.000000E+00,0.000000E+00,0.000000E+00,2.111092E+01,5.092411E+01,2.388762E+01,4.896229E+01,1.560157E+03,5.567511E+02,1.376998E-01,4.909424E-02,0.000000E+00,0.000000E+00,0.000000E+00,0.000000E+00,0.000000E+00,0.000000E+00,0.000000E+00,0.000000E+00,2.111074E+01,5.071623E+01,2.388722E+01,4.993156E+01,1.825828E+03,2.280943E+03,1.611480E-01,2.011332E-01,0.000000E+00,0.000000E+00,0.000000E+00,0.000000E+00,0.000000E+00,0.000000E+00,0.000000E+00,0.000000E+00,2.111059E+01,5.061241E+01,2.388304E+01,5.005037E+01,1.478176E+02,1.932699E+02,1.304642E-02,1.704252E-02,0.000000E+00,0.000000E+00,0.000000E+00,0.000000E+00,0.000000E+00,0.000000E+00,0.000000E+00,0.000000E+00,2.111111E+01,5.124987E+01,2.388848E+01,4.659329E+01
07:30:00,5.336295E+03,3.668080E+03,4.709828E-01,3.234508E-01,0.000000E+00,0.000000E+00,0.000000E+00,0.000000E+00,0.000000E+00,0.000000E+00,0.000000E+00,0.000000E+00,2.111083E+01,5.090540E+01,2.388734E+01,4.793294E+01,7.760059E+03,5.637610E+03,6.849048E-01,4.971238E-01,0.000000E+00,0.000000E+00,0.000000E+00,0.000000E+00,0.000000E+00,0.000000E+00,0.000000E+00,0.000000E+00,2.111096E+01,5.099451E+01,2.388607E+01,5.043678E+01,1.053975E+03,6.567916E+02,9.302406E-02,5.791580E-02,0.000000E+00,0.000000E+00,0.000000E+00,0.000000E+00,0.000000E+00,0.000000E+00,0.000000E+00,0.000000E+00,2.111088E+01,5.092078E+01,2.388761E+01,4.789744E+01,1.262372E+03,1.423692E+03,1.114173E-01,1.255410E-01,0.000000E+00,0.000000E+00,0.000000E+00,0.000000E+00,0.000000E+00,0.000000E+00,0.000000E+00,0.000000E+00,2.111079E+01,5.079513E+01,2.387832E+01,5.581067E+01,6.530019E+03,6.176430E+03,5.763411E-01,5.446368E-01,0.000000E+00,0.000000E+00,0.000000E+00,0.000000E+00,0.000000E+00,0.000000E+00,0.000000E+00,0.000000E+00,2.111082E+01,5.081158E+01,2.386278E+01,7.644764E+01,2.959636E+03,2.366379E+03,2.612182E-01,2.086670E-01,0.000000E+00,0.000000E+00,0.000000E+00,0.000000E+00,0.000000E+00,0.000000E+00,0.000000E+00,0.000000E+00,2.111079E+01,5.078664E+01,2.388541E+01,5.050935E+01,1.239539E+03,6.346129E+02,1.094020E-01,5.596009E-02,0.000000E+00,0.000000E+00,0.000000E+00,0.000000E+00,0.000000E+00,0.000000E+00,0.000000E+00,0.000000E+00,2.111092E+01,5.091330E+01,2.388765E+01,4.885546E+01,1.496164E+03,5.935856E+02,1.320518E-01,5.234230E-02,0.000000E+00,0.000000E+00,0.000000E+00,0.000000E+00,0.000000E+00,0.000000E+00,0.000000E+00,0.000000E+00,2.111074E+01,5.069671E+01,2.388729E+01,4.956107E+01,1.754281E+03,2.363762E+03,1.548333E-01,2.084362E-01,0.000000E+00,0.000000E+00,0.000000E+00,0.000000E+00,0.000000E+00,0.000000E+00,0.000000E+00,0.000000E+00,2.111058E+01,5.058798E+01,2.388316E+01,4.990157E+01,1.395192E+02,1.861000E+02,1.231400E-02,1.641028E-02,0.000000E+00,0.000000E+00,0.000000E+00,0.000000E+00,0.000000E+00,0.000000E+00,0.000000E+00,0.000000E+00,2.111111E+01,5.124987E+01,2.388851E+01,4.658536E+01
07:45:00,5.244890E+03,3.816530E+03,4.629153E-01,3.365412E-01,0.000000E+00,0.000000E+00,0.000000E+00,0.000000E+00,0.000000E+00,0.000000E+00,0.000000E+00,0.000000E+00,2.111083E+01,5.089894E+01,2.388739E+01,4.782654E+01,7.461701E+03,5.854876E+03,6.585716E-01,5.162822E-01,0.000000E+00,0.000000E+00,0.000000E+00,0.000000E+00,0.000000E+00,0.000000E+00,0.000000E+00,0.000000E+00,2.111096E+01,5.098442E+01,2.388612E+01,5.022307E+01,1.012852E+03,6.556275E+02,8.939454E-02,5.781315E-02,0.000000E+00,0.000000E+00,0.000000E+00,0.000000E+00,0.000000E+00,0.000000E+00,0.000000E+00,0.000000E+00,2.111087E+01,5.090677E+01,2.388762E+01,4.789871E+01,1.212178E+03,1.441421E+03,1.069871E-01,1.271043E-01,0.000000E+00,0.000000E+00,0.000000E+00,0.000000E+00,0.000000E+00,0.000000E+00,0.000000E+00,0.000000E+00,2.111079E+01,5.077548E+01,2.387811E+01,5.575443E+01,6.368331E+03,6.204313E+03,5.620705E-01,5.470955E-01,0.000000E+00,0.000000E+00,0.000000E+00,0.000000E+00,0.000000E+00,0.000000E+00,0.000000E+00,0.000000E+00,2.111082E+01,5.079908E+01,2.386246E+01,7.649221E+01,2.845499E+03,2.340101E+03,2.511444E-01,2.063498E-01,0.000000E+00,0.000000E+00,0.000000E+00,0.000000E+00,0.000000E+00,0.000000E+00,0.000000E+00,0.000000E+00,2.111079E+01,5.076716E+01,2.388543E+01,5.056681E+01,1.187184E+03,6.444486E+02,1.047812E-01,5.682739E-02,0.000000E+00,0.000000E+00,0.000000E+00,0.000000E+00,0.000000E+00,0.000000E+00,0.000000E+00,0.000000E+00,2.111092E+01,5.089903E+01,2.388767E+01,4.876570E+01,1.443067E+03,6.321939E+02,1.273655E-01,5.574677E-02,0.000000E+00,0.000000E+00,0.000000E+00,0.000000E+00,0.000000E+00,0.000000E+00,0.000000E+00,0.000000E+00,2.111074E+01,5.067572E+01,2.388735E+01,4.923705E+01,1.695068E+03,2.450515E+03,1.496071E-01,2.160861E-01,0.000000E+00,0.000000E+00,0.000000E+00,0.000000E+00,0.000000E+00,0.000000E+00,0.000000E+00,0.000000E+00,2.111058E+01,5.056376E+01,2.388322E+01,4.977990E+01,1.321917E+02,1.804172E+02,1.166727E-02,1.590917E-02,0.000000E+00,0.000000E+00,0.000000E+00,0.000000E+00,0.000000E+00,0.000000E+00,0.000000E+00,0.000000E+00,2.111111E+01,5.124987E+01,2.388852E+01,4.660058E+01
08:00:00,5.167025E+03,3.962736E+03,4.560429E-01,3.494335E-01,0.000000E+00,0.000000E+00,0.000000E+00,0.000000E+00,0.000000E+00,0.000000E+00,0.000000E+00,0.000000E+00,2.111082E+01,5.089268E+01,2.388743E+01,4.774424E+01,7.207790E+03,6.083616E+03,6.361614E-01,5.364524E-01,0.000000E+00,0.000000E+00,0.000000E+00,0.000000E+00,0.000000E+00,0.000000E+00,0.000000E+00,0.000000E+00,2.111096E+01,5.097421E+01,2.388616E+01,5.004047E+01,9.783584E+02,6.590097E+02,8.635016E-02,5.811139E-02,0.000000E+00,0.000000E+00,0.000000E+00,0.000000E+00,0.000000E+00,0.000000E+00,0.000000E+00,0.000000E+00,2.111087E+01,5.089382E+01,2.388761E+01,4.790818E+01,1.170282E+03,1.479037E+03,1.032894E-01,1.304213E-01,0.000000E+00,0.000000E+00,0.000000E+00,0.000000E+00,0.000000E+00,0.000000E+00,0.000000E+00,0.000000E+00,2.111079E+01,5.075740E+01,2.387789E+01,5.557343E+01,6.240382E+03,6.263692E+03,5.507777E-01,5.523316E-01,0.000000E+00,0.000000E+00,0.000000E+00,0.000000E+00,0.000000E+00,0.000000E+00,0.000000E+00,0.000000E+00,2.111081E+01,5.078807E+01,2.386217E+01,7.639446E+01,2.749596E+03,2.326741E+03,2.426800E-01,2.051718E-01,0.000000E+00,0.000000E+00,0.000000E+00,0.000000E+00,0.000000E+00,0.000000E+00,0.000000E+00,0.000000E+00,2.111079E+01,5.074906E+01,2.388540E+01,5.062840E+01,1.142770E+03,6.556336E+02,1.008611E-01,5.781369E-02,0.000000E+00,0.000000E+00,0.000000E+00,0.000000E+00,0.000000E+00,0.000000E+00,0.000000E+00,0.000000E+00,2.111092E+01,5.088416E+01,2.388769E+01,4.869112E+01,1.398162E+03,6.716015E+02,1.234021E-01,5.922173E-02,0.000000E+00,0.000000E+00,0.000000E+00,0.000000E+00,0.000000E+00,0.000000E+00,0.000000E+00,0.000000E+00,2.111073E+01,5.065582E+01,2.388742E+01,4.895836E+01,1.645270E+03,2.538309E+03,1.452119E-01,2.238278E-01,0.000000E+00,0.000000E+00,0.000000E+00,0.000000E+00,0.000000E+00,0.000000E+00,0.000000E+00,0.000000E+00,2.111057E+01,5.054203E+01,2.388326E+01,4.965718E+01,1.256792E+02,1.759774E+02,1.109248E-02,1.551767E-02,0.000000E+00,0.000000E+00,0.000000E+00,0.000000E+00,0.000000E+00,0.000000E+00,0.000000E+00,0.000000E+00,2.111111E+01,5.124987E+01,2.388852E+01,4.662266E+01
08:15:00,5.100169E+03,4.101503E+03,4.501422E-01,3.616701E-01,0.000000E+00,0.000000E+00,0.000000E+00,0.000000E+00,0.000000E+00,0.000000E+00,0.000000E+00,0.000000E+00,2.111082E+01,5.088733E+01,2.388745E+01,4.767663E+01,6.989243E+03,6.316377E+03,6.168724E-01,5.569773E-01,0.000000E+00,0.000000E+00,0.000000E+00,0.000000E+00,0.000000E+00,0.000000E+00,0.000000E+00,0.000000E+00,2.111096E+01,5.096474E+01,2.388620E+01,4.987762E+01,9.491360E+02,6.661567E+02,8.377098E-02,5.874161E-02,0.000000E+00,0.000000E+00,0.000000E+00,0.000000E+00,0.000000E+00,0.000000E+00,0.000000E+00,0.000000E+00,2.111087E+01,5.088236E+01,2.388759E+01,4.790917E+01,1.134896E+03,1.537854E+03,1.001662E-01,1.356078E-01,0.000000E+00,0.000000E+00,0.000000E+00,0.000000E+00,0.000000E+00,0.000000E+00,0.000000E+00,0.000000E+00,2.111078E+01,5.074142E+01,2.387770E+01,5.526450E+01,6.136859E+03,6.347846E+03,5.416407E-01,5.597522E-01,0.000000E+00,0.000000E+00,0.000000E+00,0.000000E+00,0.000000E+00,0.000000E+00,0.000000E+00,0.000000E+00,2.111081E+01,5.077872E+01,2.386194E+01,7.615231E+01,2.667934E+03,2.323384E+03,2.354725E-01,2.048757E-01,0.000000E+00,0.000000E+00,0.000000E+00,0.000000E+00,0.000000E+00,0.000000E+00,0.000000E+00,0.000000E+00,2.111078E+01,5.073302E+01,2.388536E+01,5.066514E+01,1.104637E+03,6.675516E+02,9.749552E-02,5.886461E-02,0.000000E+00,0.000000E+00,0.000000E+00,0.000000E+00,0.000000E+00,0.000000E+00,0.000000E+00,0.000000E+00,2.111092E+01,5.087029E+01,2.388771E+01,4.862664E+01,1.359687E+03,7.108744E+02,1.200063E-01,6.268481E-02,0.000000E+00,0.000000E+00,0.000000E+00,0.000000E+00,0.000000E+00,0.000000E+00,0.000000E+00,0.000000E+00,2.111073E+01,5.063795E+01,2.388748E+01,4.872084E+01,1.602915E+03,2.623828E+03,1.414737E-01,2.313688E-01,0.000000E+00,0.000000E+00,0.000000E+00,0.000000E+00,0.000000E+00,0.000000E+00,0.000000E+00,0.000000E+00,2.111057E+01,5.052303E+01,2.388329E+01,4.953584E+01,1.198657E+02,1.725854E+02,1.057938E-02,1.521856E-02,0.000000E+00,0.000000E+00,0.000000E+00,0.000000E+00,0.000000E+00,0.000000E+00,0.000000E+00,0.000000E+00,2.111111E+01,5.124987E+01,2.388851E+01,4.664179E+01
08:30:00,5.042429E+03,4.230579E+03,4.450460E-01,3.730519E-01,0.000000E+00,0.000000E+00,0.000000E+00,0.000000E+00,0.000000E+00,0.000000E+00,0.000000E+00,0.000000E+00,2.111082E+01,5.088285E+01,2.388747E+01,4.761802E+01,6.799581E+03,6.548061E+03,6.001327E-01,5.774072E-01,0.000000E+00,0.000000E+00,0.000000E+00,0.000000E+00,0.000000E+00,0.000000E+00,0.000000E+00,0.000000E+00,2.111095E+01,5.095617E+01,2.388623E+01,4.972721E+01,9.241881E+02,6.766289E+02,8.156908E-02,5.966505E-02,0.000000E+00,0.000000E+00,0.000000E+00,0.000000E+00,0.000000E+00,0.000000E+00,0.000000E+00,0.000000E+00,2.111086E+01,5.087217E+01,2.388757E+01,4.789576E+01,1.104738E+03,1.616516E+03,9.750447E-02,1.425442E-01,0.000000E+00,0.000000E+00,0.000000E+00,0.000000E+00,0.000000E+00,0.000000E+00,0.000000E+00,0.000000E+00,2.111078E+01,5.072722E+01,2.387753E+01,5.483635E+01,6.051354E+03,6.451662E+03,5.340940E-01,5.689067E-01,0.000000E+00,0.000000E+00,0.000000E+00,0.000000E+00,0.000000E+00,0.000000E+00,0.000000E+00,0.000000E+00,2.111081E+01,5.077088E+01,2.386177E+01,7.578591E+01,2.597691E+03,2.328152E+03,2.292729E-01,2.052962E-01,0.000000E+00,0.000000E+00,0.000000E+00,0.000000E+00,0.000000E+00,0.000000E+00,0.000000E+00,0.000000E+00,2.111078E+01,5.071873E+01,2.388532E+01,5.067408E+01,1.071608E+03,6.797824E+02,9.458042E-02,5.994313E-02,0.000000E+00,0.000000E+00,0.000000E+00,0.000000E+00,0.000000E+00,0.000000E+00,0.000000E+00,0.000000E+00,2.111091E+01,5.085773E+01,2.388772E+01,4.856835E+01,1.326415E+03,7.493748E+02,1.170697E-01,6.607977E-02,0.000000E+00,0.000000E+00,0.000000E+00,0.000000E+00,0.000000E+00,0.000000E+00,0.000000E+00,0.000000E+00,2.111072E+01,5.062198E+01,2.388753E+01,4.851947E+01,1.566598E+03,2.704864E+03,1.382684E-01,2.385146E-01,0.000000E+00,0.000000E+00,0.000000E+00,0.000000E+00,0.000000E+00,0.000000E+00,0.000000E+00,0.000000E+00,2.111056E+01,5.050618E+01,2.388335E+01,4.942530E+01,1.146599E+02,1.700785E+02,1.011991E-02,1.499750E-02,0.000000E+00,0.000000E+00,0.000000E+00,0.000000E+00,0.000000E+00,0.000000E+00,0.000000E+00,0.000000E+00,2.111111E+01,5.124987E+01,2.388850E+01,4.665567E+01
08:45:00,4.992147E+03,4.345636E+03,4.406082E-01,3.831976E-01,0.000000E+00,0.000000E+00,0.000000E+00,0.000000E+00,0.000000E+00,0.000000E+00,0.000000E+00,0.000000E+00,2.111082E+01,5.087897E+01,2.388749E+01,4.756668E+01,6.634263E+03,6.771244E+03,5.855417E-01,5.970874E-01,0.000000E+00,0.000000E+00,0.000000E+00,0.000000E+00,0.000000E+00,0.000000E+00,0.000000E+00,0.000000E+00,2.111095E+01,5.094836E+01,2.388626E+01,4.958781E+01,9.027718E+02,6.905294E+02,7.967886E-02,6.089080E-02,0.000000E+00,0.000000E+00,0.000000E+00,0.000000E+00,0.000000E+00,0.000000E+00,0.000000E+00,0.000000E+00,2.111086E+01,5.086297E+01,2.388756E+01,4.786948E+01,1.078874E+03,1.707775E+03,9.522171E-02,1.505914E-01,0.000000E+00,0.000000E+00,0.000000E+00,0.000000E+00,0.000000E+00,0.000000E+00,0.000000E+00,0.000000E+00,2.111077E+01,5.071440E+01,2.387747E+01,5.433617E+01,5.979614E+03,6.573623E+03,5.277622E-01,5.796612E-01,0.000000E+00,0.000000E+00,0.000000E+00,0.000000E+00,0.000000E+00,0.000000E+00,0.000000E+00,0.000000E+00,2.111081E+01,5.076421E+01,2.386168E+01,7.532783E+01,2.536885E+03,2.339812E+03,2.239061E-01,2.063243E-01,0.000000E+00,0.000000E+00,0.000000E+00,0.000000E+00,0.000000E+00,0.000000E+00,0.000000E+00,0.000000E+00,2.111077E+01,5.070575E+01,2.388529E+01,5.066262E+01,1.042841E+03,6.919812E+02,9.204136E-02,6.101881E-02,0.000000E+00,0.000000E+00,0.000000E+00,0.000000E+00,0.000000E+00,0.000000E+00,0.000000E+00,0.000000E+00,2.111091E+01,5.084628E+01,2.388772E+01,4.851436E+01,1.297479E+03,7.865211E+02,1.145158E-01,6.935533E-02,0.000000E+00,0.000000E+00,0.000000E+00,0.000000E+00,0.000000E+00,0.000000E+00,0.000000E+00,0.000000E+00,2.111072E+01,5.060751E+01,2.388758E+01,4.834950E+01,1.535323E+03,2.778318E+03,1.355080E-01,2.449917E-01,0.000000E+00,0.000000E+00,0.000000E+00,0.000000E+00,0.000000E+00,0.000000E+00,0.000000E+00,0.000000E+00,2.111056E+01,5.049098E+01,2.388341E+01,4.933025E+01,1.099906E+02,1.683202E+02,9.707799E-03,1.484245E-02,0.000000E+00,0.000000E+00,0.000000E+00,0.000000E+00,0.000000E+00,0.000000E+00,0.000000E+00,0.000000E+00,2.111111E+01,5.124987E+01,2.388850E+01,4.666526E+01
09:00:00,4.948240E+03,4.447410E+03,4.367329E-01,3.921720E-01,0.000000E+00,0.000000E+00,0.000000E+00,0.000000E+00,0.000000E+00,0.000000E+00,0.000000E+00,0.000000E+00,2.111082E+01,5.087552E+01,2.388751E+01,4.752361E+01,6.489389E+03,6.983083E+03,5.727551E-01,6.157673E-01,0.000000E+00,0.000000E+00,0.000000E+00,0.000000E+00,0.000000E+00,0.000000E+00,0.000000E+00,0.000000E+00,2.111095E+01,5.094117E+01,2.388629E+01,4.946203E+01,8.843407E+02,7.072037E+02,7.805213E-02,6.236114E-02,0.000000E+00,0.000000E+00,0.000000E+00,0.000000E+00,0.000000E+00,0.000000E+00,0.000000E+00,0.000000E+00,2.111086E+01,5.085460E+01,2.388755E+01,4.783299E+01,1.056589E+03,1.801292E+03,9.325481E-02,1.588377E-01,0.000000E+00,0.000000E+00,0.000000E+00,0.000000E+00,0.000000E+00,0.000000E+00,0.000000E+00,0.000000E+00,2.111077E+01,5.070274E+01,2.387761E+01,5.385434E+01,5.918533E+03,6.709358E+03,5.223712E-01,5.916303E-01,0.000000E+00,0.000000E+00,0.000000E+00,0.000000E+00,0.000000E+00,0.000000E+00,0.000000E+00,0.000000E+00,2.111080E+01,5.075846E+01,2.386162E+01,7.479660E+01,2.483911E+03,2.356910E+03,2.192306E-01,2.078320E-01,0.000000E+00,0.000000E+00,0.000000E+00,0.000000E+00,0.000000E+00,0.000000E+00,0.000000E+00,0.000000E+00,2.111077E+01,5.069385E+01,2.388527E+01,5.063718E+01,1.017655E+03,7.038859E+02,8.981845E-02,6.206857E-02,0.000000E+00,0.000000E+00,0.000000E+00,0.000000E+00,0.000000E+00,0.000000E+00,0.000000E+00,0.000000E+00,2.111091E+01,5.083571E+01,2.388773E+01,4.846411E+01,1.272189E+03,8.217976E+02,1.122837E-01,7.246601E-02,0.000000E+00,0.000000E+00,0.000000E+00,0.000000E+00,0.000000E+00,0.000000E+00,0.000000E+00,0.000000E+00,2.111072E+01,5.059427E+01,2.388763E+01,4.820671E+01,1.508250E+03,2.843242E+03,1.331185E-01,2.507167E-01,0.000000E+00,0.000000E+00,0.000000E+00,0.000000E+00,0.000000E+00,0.000000E+00,0.000000E+00,0.000000E+00,2.111055E+01,5.047721E+01,2.388347E+01,4.925356E+01,1.057951E+02,1.671943E+02,9.337499E-03,1.474317E-02,0.000000E+00,0.000000E+00,0.000000E+00,0.000000E+00,0.000000E+00,0.000000E+00,0.000000E+00,0.000000E+00,2.111111E+01,5.124987E+01,2.388849E+01,4.667186E+01
09:15:00,4.909797E+03,4.534655E+03,4.333399E-01,3.998653E-01,0.000000E+00,0.000000E+00,0.000000E+00,0.000000E+00,0.000000E+00,0.000000E+00,0.000000E+00,0.000000E+00,2.111082E+01,5.087242E+01,2.388753E+01,4.748812E+01,6.361897E+03,7.179510E+03,5.615026E-01,6.330882E-01,0.000000E+00,0.000000E+00,0.000000E+00,0.000000E+00,0.000000E+00,0.000000E+00,0.000000E+00,0.000000E+00,2.111095E+01,5.093454E+01,2.388633E+01,4.935082E+01,8.683892E+02,7.259527E+02,7.664425E-02,6.401441E-02,0.000000E+00,0.000000E+00,0.000000E+00,0.000000E+00,0.000000E+00,0.000000E+00,0.000000E+00,0.000000E+00,2.111086E+01,5.084702E+01,2.388755E+01,4.778978E+01,1.037284E+03,1.885944E+03,9.155093E-02,1.663023E-01,0.000000E+00,0.000000E+00,0.000000E+00,0.000000E+00,0.000000E+00,0.000000E+00,0.000000E+00,0.000000E+00,2.111077E+01,5.069215E+01,2.387789E+01,5.346480E+01,5.865817E+03,6.854306E+03,5.177185E-01,6.044118E-01,0.000000E+00,0.000000E+00,0.000000E+00,0.000000E+00,0.000000E+00,0.000000E+00,0.000000E+00,0.000000E+00,2.111080E+01,5.075342E+01,2.386164E+01,7.422087E+01,2.437521E+03,2.378016E+03,2.151363E-01,2.096931E-01,0.000000E+00,0.000000E+00,0.000000E+00,0.000000E+00,0.000000E+00,0.000000E+00,0.000000E+00,0.000000E+00,2.111077E+01,5.068291E+01,2.388526E+01,5.060237E+01,9.955070E+02,7.152312E+02,8.786370E-02,6.306900E-02,0.000000E+00,0.000000E+00,0.000000E+00,0.000000E+00,0.000000E+00,0.000000E+00,0.000000E+00,0.000000E+00,2.111091E+01,5.082589E+01,2.388774E+01,4.841757E+01,1.249990E+03,8.546677E+02,1.103245E-01,7.536449E-02,0.000000E+00,0.000000E+00,0.000000E+00,0.000000E+00,0.000000E+00,0.000000E+00,0.000000E+00,0.000000E+00,2.111072E+01,5.058212E+01,2.388766E+01,4.808741E+01,1.484724E+03,2.898368E+03,1.310421E-01,2.555777E-01,0.000000E+00,0.000000E+00,0.000000E+00,0.000000E+00,0.000000E+00,0.000000E+00,0.000000E+00,0.000000E+00,2.111055E+01,5.046474E+01,2.388352E+01,4.919213E+01,1.020190E+02,1.665990E+02,9.004223E-03,1.469068E-02,0.000000E+00,0.000000E+00,0.000000E+00,0.000000E+00,0.000000E+00,0.000000E+00,0.000000E+00,0.000000E+00,2.111111E+01,5.124987E+01,2.388849E+01,4.667621E+01
09:30:00,4.876016E+03,4.607650E+03,4.303584E-01,4.063020E-01,0.000000E+00,0.000000E+00,0.000000E+00,0.000000E+00,0.000000E+00,0.000000E+00,0.000000E+00,0.000000E+00,2.111082E+01,5.086962E+01,2.388755E+01,4.745920E+01,6.249327E+03,7.357479E+03,5.515671E-01,6.487815E-01,0.000000E+00,0.000000E+00,0.000000E+00,0.000000E+00,0.000000E+00,0.000000E+00,0.000000E+00,0.000000E+00,2.111095E+01,5.092839E+01,2.388636E+01,4.925405E+01,8.545328E+02,7.463055E+02,7.542128E-02,6.580912E-02,0.000000E+00,0.000000E+00,0.000000E+00,0.000000E+00,0.000000E+00,0.000000E+00,0.000000E+00,0.000000E+00,2.111085E+01,5.084014E+01,2.388755E+01,4.774323E+01,1.020492E+03,1.955778E+03,9.006891E-02,1.724603E-01,0.000000E+00,0.000000E+00,0.000000E+00,0.000000E+00,0.000000E+00,0.000000E+00,0.000000E+00,0.000000E+00,2.111077E+01,5.068254E+01,2.387820E+01,5.318536E+01,5.819984E+03,7.005414E+03,5.136732E-01,6.177365E-01,0.000000E+00,0.000000E+00,0.000000E+00,0.000000E+00,0.000000E+00,0.000000E+00,0.000000E+00,0.000000E+00,2.111080E+01,5.074898E+01,2.386171E+01,7.363143E+01,2.396733E+03,2.402112E+03,2.115362E-01,2.118179E-01,0.000000E+00,0.000000E+00,0.000000E+00,0.000000E+00,0.000000E+00,0.000000E+00,0.000000E+00,0.000000E+00,2.111077E+01,5.067287E+01,2.388525E+01,5.056153E+01,9.759618E+02,7.258344E+02,8.613863E-02,6.400399E-02,0.000000E+00,0.000000E+00,0.000000E+00,0.000000E+00,0.000000E+00,0.000000E+00,0.000000E+00,0.000000E+00,2.111091E+01,5.081676E+01,2.388775E+01,4.837493E+01,1.230442E+03,8.847940E+02,1.085991E-01,7.802103E-02,0.000000E+00,0.000000E+00,0.000000E+00,0.000000E+00,0.000000E+00,0.000000E+00,0.000000E+00,0.000000E+00,2.111071E+01,5.057097E+01,2.388770E+01,4.798833E+01,1.464219E+03,2.942867E+03,1.292324E-01,2.595016E-01,0.000000E+00,0.000000E+00,0.000000E+00,0.000000E+00,0.000000E+00,0.000000E+00,0.000000E+00,0.000000E+00,2.111055E+01,5.045348E+01,2.388357E+01,4.914343E+01,9.861603E+01,1.664422E+02,8.703876E-03,1.467685E-02,0.000000E+00,0.000000E+00,0.000000E+00,0.000000E+00,0.000000E+00,0.000000E+00,0.000000E+00,0.000000E+00,2.111111E+01,5.124987E+01,2.388849E+01,4.667864E+01
09:45:00,4.846216E+03,4.669992E+03,4.277282E-01,4.117993E-01,0.000000E+00,0.000000E+00,0.000000E+00,0.000000E+00,0.000000E+00,0.000000E+00,0.000000E+00,0.000000E+00,2.111082E+01,5.086712E+01,2.388756E+01,4.743582E+01,6.149358E+03,7.516936E+03,5.427439E-01,6.628425E-01,0.000000E+00,0.000000E+00,0.000000E+00,0.000000E+00,0.000000E+00,0.000000E+00,0.000000E+00,0.000000E+00,2.111095E+01,5.092270E+01,2.388639E+01,4.917113E+01,8.424489E+02,7.674311E+02,7.435475E-02,6.767198E-02,0.000000E+00,0.000000E+00,0.000000E+00,0.000000E+00,0.000000E+00,0.000000E+00,0.000000E+00,0.000000E+00,2.111085E+01,5.083392E+01,2.388755E+01,4.769557E+01,1.005817E+03,2.011155E+03,8.877365E-02,1.773434E-01,0.000000E+00,0.000000E+00,0.000000E+00,0.000000E+00,0.000000E+00,0.000000E+00,0.000000E+00,0.000000E+00,2.111076E+01,5.067383E+01,2.387845E+01,5.298766E+01,5.779774E+03,7.157220E+03,5.101243E-01,6.311227E-01,0.000000E+00,0.000000E+00,0.000000E+00,0.000000E+00,0.000000E+00,0.000000E+00,0.000000E+00,0.000000E+00,2.111080E+01,5.074504E+01,2.386182E+01,7.304905E+01,2.360663E+03,2.427905E+03,2.083527E-01,2.140924E-01,0.000000E+00,0.000000E+00,0.000000E+00,0.000000E+00,0.000000E+00,0.000000E+00,0.000000E+00,0.000000E+00,2.111077E+01,5.066367E+01,2.388525E+01,5.051684E+01,9.586317E+02,7.355576E+02,8.460907E-02,6.486138E-02,0.000000E+00,0.000000E+00,0.000000E+00,0.000000E+00,0.000000E+00,0.000000E+00,0.000000E+00,0.000000E+00,2.111091E+01,5.080828E+01,2.388776E+01,4.833629E+01,1.213149E+03,9.119542E+02,1.070728E-01,8.041600E-02,0.000000E+00,0.000000E+00,0.000000E+00,0.000000E+00,0.000000E+00,0.000000E+00,0.000000E+00,0.000000E+00,2.111071E+01,5.056076E+01,2.388773E+01,4.790644E+01,1.446251E+03,2.977428E+03,1.276465E-01,2.625492E-01,0.000000E+00,0.000000E+00,0.000000E+00,0.000000E+00,0.000000E+00,0.000000E+00,0.000000E+00,0.000000E+00,2.111054E+01,5.044333E+01,2.388361E+01,4.910667E+01,9.554244E+01,1.666427E+02,8.432599E-03,1.469453E-02,0.000000E+00,0.000000E+00,0.000000E+00,0.000000E+00,0.000000E+00,0.000000E+00,0.000000E+00,0.000000E+00,2.111111E+01,5.124987E+01,2.388849E+01,4.667935E+01
10:00:00,4.819824E+03,4.721574E+03,4.253989E-01,4.163478E-01,0.000000E+00,0.000000E+00,0.000000E+00,0.000000E+00,0.000000E+00,0.000000E+00,0.000000E+00,0.000000E+00,2.111081E+01,5.086489E+01,2.388757E+01,4.741703E+01,6.060458E+03,7.654635E+03,5.348975E-01,6.749847E-01,0.000000E+00,0.000000E+00,0.000000E+00,0.000000E+00,0.000000E+00,0.000000E+00,0.000000E+00,0.000000E+00,2.111095E+01,5.091745E+01,2.388642E+01,4.910138E+01,8.318405E+02,7.891867E+02,7.341845E-02,6.959038E-02,0.000000E+00,0.000000E+00,0.000000E+00,0.000000E+00,0.000000E+00,0.000000E+00,0.000000E+00,0.000000E+00,2.111085E+01,5.082830E+01,2.388756E+01,4.764818E+01,9.929331E+02,2.055101E+03,8.763652E-02,1.812186E-01,0.000000E+00,0.000000E+00,0.000000E+00,0.000000E+00,0.000000E+00,0.000000E+00,0.000000E+00,0.000000E+00,2.111076E+01,5.066595E+01,2.387862E+01,5.283886E+01,5.744279E+03,7.309073E+03,5.069915E-01,6.445131E-01,0.000000E+00,0.000000E+00,0.000000E+00,0.000000E+00,0.000000E+00,0.000000E+00,0.000000E+00,0.000000E+00,2.111080E+01,5.074153E+01,2.386195E+01,7.248487E+01,2.328695E+03,2.454775E+03,2.055312E-01,2.164617E-01,0.000000E+00,0.000000E+00,0.000000E+00,0.000000E+00,0.000000E+00,0.000000E+00,0.000000E+00,0.000000E+00,2.111076E+01,5.065525E+01,2.388525E+01,5.046986E+01,9.432259E+02,7.443015E+02,8.324935E-02,6.563241E-02,0.000000E+00,0.000000E+00,0.000000E+00,0.000000E+00,0.000000E+00,0.000000E+00,0.000000E+00,0.000000E+00,2.111090E+01,5.080043E+01,2.388776E+01,4.830172E+01,1.197815E+03,9.360352E+02,1.057195E-01,8.253947E-02,0.000000E+00,0.000000E+00,0.000000E+00,0.000000E+00,0.000000E+00,0.000000E+00,0.000000E+00,0.000000E+00,2.111071E+01,5.055143E+01,2.388775E+01,4.783905E+01,1.430488E+03,3.001142E+03,1.262553E-01,2.646403E-01,0.000000E+00,0.000000E+00,0.000000E+00,0.000000E+00,0.000000E+00,0.000000E+00,0.000000E+00,0.000000E+00,2.111054E+01,5.043418E+01,2.388365E+01,4.908180E+01,9.276339E+01,1.671291E+02,8.187320E-03,1.473743E-02,0.000000E+00,0.000000E+00,0.000000E+00,0.000000E+00,0.000000E+00,0.000000E+00,0.000000E+00,0.000000E+00,2.111111E+01,5.124987E+01,2.388848E+01,4.667858E+01
10:15:00,4.796358E+03,4.766199E+03,4.233278E-01,4.202828E-01,0.000000E+00,0.000000E+00,0.000000E+00,0.000000E+00,0.000000E+00,0.000000E+00,0.000000E+00,0.000000E+00,2.111081E+01,5.086288E+01,2.388758E+01,4.740187E+01,5.981277E+03,7.770100E+03,5.279090E-01,6.851664E-01,0.000000E+00,0.000000E+00,0.000000E+00,0.000000E+00,0.000000E+00,0.000000E+00,0.000000E+00,0.000000E+00,2.111095E+01,5.091261E+01,2.388645E+01,4.904408E+01,8.225335E+02,8.133045E+02,7.259702E-02,7.171708E-02,0.000000E+00,0.000000E+00,0.000000E+00,0.000000E+00,0.000000E+00,0.000000E+00,0.000000E+00,0.000000E+00,2.111085E+01,5.082322E+01,2.388757E+01,4.760166E+01,9.816089E+02,2.090227E+03,8.663704E-02,1.843159E-01,0.000000E+00,0.000000E+00,0.000000E+00,0.000000E+00,0.000000E+00,0.000000E+00,0.000000E+00,0.000000E+00,2.111076E+01,5.065882E+01,2.387874E+01,5.272189E+01,5.712802E+03,7.470090E+03,5.042134E-01,6.587116E-01,0.000000E+00,0.000000E+00,0.000000E+00,0.000000E+00,0.000000E+00,0.000000E+00,0.000000E+00,0.000000E+00,2.111080E+01,5.073838E+01,2.386209E+01,7.194216E+01,2.300308E+03,2.482195E+03,2.030258E-01,2.188796E-01,0.000000E+00,0.000000E+00,0.000000E+00,0.000000E+00,0.000000E+00,0.000000E+00,0.000000E+00,0.000000E+00,2.111076E+01,5.064754E+01,2.388526E+01,5.042184E+01,9.295057E+02,7.520623E+02,8.203840E-02,6.631676E-02,0.000000E+00,0.000000E+00,0.000000E+00,0.000000E+00,0.000000E+00,0.000000E+00,0.000000E+00,0.000000E+00,2.111090E+01,5.079316E+01,2.388777E+01,4.827116E+01,1.184196E+03,9.570134E+02,1.045174E-01,8.438932E-02,0.000000E+00,0.000000E+00,0.000000E+00,0.000000E+00,0.000000E+00,0.000000E+00,0.000000E+00,0.000000E+00,2.111071E+01,5.054289E+01,2.388777E+01,4.778383E+01,1.416640E+03,3.013686E+03,1.250330E-01,2.657465E-01,0.000000E+00,0.000000E+00,0.000000E+00,0.000000E+00,0.000000E+00,0.000000E+00,0.000000E+00,0.000000E+00,2.111054E+01,5.042596E+01,2.388369E+01,4.906873E+01,9.024887E+01,1.678379E+02,7.965388E-03,1.479993E-02,0.000000E+00,0.000000E+00,0.000000E+00,0.000000E+00,0.000000E+00,0.000000E+00,0.000000E+00,0.000000E+00,2.111111E+01,5.124987E+01,2.388848E+01,4.667658E+01
10:30:00,4.775407E+03,4.807490E+03,4.214786E-01,4.239238E-01,0.000000E+00,0.000000E+00,0.000000E+00,0.000000E+00,0.000000E+00,0.000000E+00,0.000000E+00,0.000000E+00,2.111081E+01,5.086107E+01,2.388758E+01,4.738889E+01,5.910634E+03,7.864558E+03,5.216740E-01,6.934958E-01,0.000000E+00,0.000000E+00,0.000000E+00,0.000000E+00,0.000000E+00,0.000000E+00,0.000000E+00,0.000000E+00,2.111094E+01,5.090815E+01,2.388647E+01,4.899814E+01,8.143557E+02,8.424740E+02,7.187524E-02,7.428925E-02,0.000000E+00,0.000000E+00,0.000000E+00,0.000000E+00,0.000000E+00,0.000000E+00,0.000000E+00,0.000000E+00,2.111085E+01,5.081864E+01,2.388757E+01,4.755235E+01,9.716361E+02,2.117253E+03,8.575685E-02,1.866991E-01,0.000000E+00,0.000000E+00,0.000000E+00,0.000000E+00,0.000000E+00,0.000000E+00,0.000000E+00,0.000000E+00,2.111076E+01,5.065238E+01,2.387885E+01,5.263266E+01,5.684779E+03,7.654544E+03,5.017400E-01,6.749767E-01,0.000000E+00,0.000000E+00,0.000000E+00,0.000000E+00,0.000000E+00,0.000000E+00,0.000000E+00,0.000000E+00,2.111080E+01,5.073556E+01,2.386213E+01,7.138388E+01,2.275054E+03,2.509901E+03,2.007968E-01,2.213228E-01,0.000000E+00,0.000000E+00,0.000000E+00,0.000000E+00,0.000000E+00,0.000000E+00,0.000000E+00,0.000000E+00,2.111076E+01,5.064050E+01,2.388527E+01,5.037399E+01,9.172638E+02,7.590632E+02,8.095793E-02,6.693410E-02,0.000000E+00,0.000000E+00,0.000000E+00,0.000000E+00,0.000000E+00,0.000000E+00,0.000000E+00,0.000000E+00,2.111090E+01,5.078645E+01,2.388778E+01,4.824444E+01,1.172079E+03,9.750239E+02,1.034480E-01,8.597748E-02,0.000000E+00,0.000000E+00,0.000000E+00,0.000000E+00,0.000000E+00,0.000000E+00,0.000000E+00,0.000000E+00,2.111071E+01,5.053511E+01,2.388779E+01,4.773892E+01,1.404453E+03,3.015272E+03,1.239574E-01,2.658863E-01,0.000000E+00,0.000000E+00,0.000000E+00,0.000000E+00,0.000000E+00,0.000000E+00,0.000000E+00,0.000000E+00,2.111054E+01,5.041857E+01,2.388372E+01,4.906735E+01,8.797195E+01,1.687122E+02,7.764426E-03,1.487702E-02,0.000000E+00,0.000000E+00,0.000000E+00,0.000000E+00,0.000000E+00,0.000000E+00,0.000000E+00,0.000000E+00,2.111111E+01,5.124987E+01,2.388848E+01,4.667363E+01
10:45:00,4.756620E+03,4.848176E+03,4.198205E-01,4.275115E-01,0.000000E+00,0.000000E+00,0.000000E+00,0.000000E+00,0.000000E+00,0.000000E+00,0.000000E+00,0.000000E+00,2.111081E+01,5.085944E+01,2.388759E+01,4.737672E+01,5.847502E+03,7.940033E+03,5.161020E-01,7.001511E-01,0.000000E+00,0.000000E+00,0.000000E+00,0.000000E+00,0.000000E+00,0.000000E+00,0.000000E+00,0.000000E+00,2.111094E+01,5.090406E+01,2.388649E+01,4.896184E+01,8.071571E+02,8.795067E+02,7.123989E-02,7.755479E-02,0.000000E+00,0.000000E+00,0.000000E+00,0.000000E+00,0.000000E+00,0.000000E+00,0.000000E+00,0.000000E+00,2.111085E+01,5.081452E+01,2.388756E+01,4.749436E+01,9.628363E+02,2.136378E+03,8.498017E-02,1.883856E-01,0.000000E+00,0.000000E+00,0.000000E+00,0.000000E+00,0.000000E+00,0.000000E+00,0.000000E+00,0.000000E+00,2.111076E+01,5.064656E+01,2.387894E+01,5.257032E+01,5.659747E+03,7.877276E+03,4.995307E-01,6.946172E-01,0.000000E+00,0.000000E+00,0.000000E+00,0.000000E+00,0.000000E+00,0.000000E+00,0.000000E+00,0.000000E+00,2.111080E+01,5.073302E+01,2.386205E+01,7.075033E+01,2.252547E+03,2.537864E+03,1.988104E-01,2.237885E-01,0.000000E+00,0.000000E+00,0.000000E+00,0.000000E+00,0.000000E+00,0.000000E+00,0.000000E+00,0.000000E+00,2.111076E+01,5.063407E+01,2.388527E+01,5.032675E+01,9.063215E+02,7.657025E+02,7.999216E-02,6.751955E-02,0.000000E+00,0.000000E+00,0.000000E+00,0.000000E+00,0.000000E+00,0.000000E+00,0.000000E+00,0.000000E+00,2.111090E+01,5.078026E+01,2.388778E+01,4.822082E+01,1.161280E+03,9.903487E+02,1.024949E-01,8.732882E-02,0.000000E+00,0.000000E+00,0.000000E+00,0.000000E+00,0.000000E+00,0.000000E+00,0.000000E+00,0.000000E+00,2.111070E+01,5.052801E+01,2.388780E+01,4.770258E+01,1.393709E+03,3.006486E+03,1.230091E-01,2.651116E-01,0.000000E+00,0.000000E+00,0.000000E+00,0.000000E+00,0.000000E+00,0.000000E+00,0.000000E+00,0.000000E+00,2.111053E+01,5.041193E+01,2.388375E+01,4.907673E+01,8.590861E+01,1.697011E+02,7.582316E-03,1.496422E-02,0.000000E+00,0.000000E+00,0.000000E+00,0.000000E+00,0.000000E+00,0.000000E+00,0.000000E+00,0.000000E+00,2.111111E+01,5.124987E+01,2.388848E+01,4.667000E+01
11:00:00,4.739700E+03,4.889362E+03,4.183271E-01,4.311433E-01,0.000000E+00,0.000000E+00,0.000000E+00,0.000000E+00,0.000000E+00,0.000000E+00,0.000000E+00,0.000000E+00,2.111081E+01,5.085796E+01,2.388759E+01,4.736464E+01,5.790994E+03,7.998423E+03,5.111146E-01,7.052999E-01,0.000000E+00,0.000000E+00,0.000000E+00,0.000000E+00,0.000000E+00,0.000000E+00,0.000000E+00,0.000000E+00,2.111094E+01,5.090029E+01,2.388651E+01,4.893349E+01,8.008091E+02,9.270132E+02,7.067961E-02,8.174390E-02,0.000000E+00,0.000000E+00,0.000000E+00,0.000000E+00,0.000000E+00,0.000000E+00,0.000000E+00,0.000000E+00,2.111085E+01,5.081081E+01,2.388754E+01,4.742424E+01,9.550569E+02,2.147778E+03,8.429356E-02,1.893908E-01,0.000000E+00,0.000000E+00,0.000000E+00,0.000000E+00,0.000000E+00,0.000000E+00,0.000000E+00,0.000000E+00,2.111076E+01,5.064131E+01,2.387902E+01,5.253332E+01,5.637324E+03,8.151675E+03,4.975516E-01,7.188137E-01,0.000000E+00,0.000000E+00,0.000000E+00,0.000000E+00,0.000000E+00,0.000000E+00,0.000000E+00,0.000000E+00,2.111080E+01,5.073073E+01,2.386190E+01,7.000254E+01,2.232457E+03,2.566180E+03,1.970372E-01,2.262854E-01,0.000000E+00,0.000000E+00,0.000000E+00,0.000000E+00,0.000000E+00,0.000000E+00,0.000000E+00,0.000000E+00,2.111076E+01,5.062820E+01,2.388528E+01,5.027990E+01,8.965245E+02,7.724386E+02,7.912748E-02,6.811354E-02,0.000000E+00,0.000000E+00,0.000000E+00,0.000000E+00,0.000000E+00,0.000000E+00,0.000000E+00,0.000000E+00,2.111090E+01,5.077455E+01,2.388779E+01,4.819911E+01,1.151641E+03,1.003356E+03,1.016441E-01,8.847578E-02,0.000000E+00,0.000000E+00,0.000000E+00,0.000000E+00,0.000000E+00,0.000000E+00,0.000000E+00,0.000000E+00,2.111070E+01,5.052153E+01,2.388782E+01,4.767311E+01,1.384222E+03,2.988081E+03,1.221718E-01,2.634886E-01,0.000000E+00,0.000000E+00,0.000000E+00,0.000000E+00,0.000000E+00,0.000000E+00,0.000000E+00,0.000000E+00,2.111053E+01,5.040597E+01,2.388377E+01,4.909572E+01,8.403746E+01,1.707592E+02,7.417167E-03,1.505752E-02,0.000000E+00,0.000000E+00,0.000000E+00,0.000000E+00,0.000000E+00,0.000000E+00,0.000000E+00,0.000000E+00,2.111111E+01,5.124987E+01,2.388848E+01,4.666593E+01
11:15:00,4.724400E+03,4.927777E+03,4.169767E-01,4.345308E-01,0.000000E+00,0.000000E+00,0.000000E+00,0.000000E+00,0.000000E+00,0.000000E+00,0.000000E+00,0.000000E+00,2.111081E+01,5.085661E+01,2.388759E+01,4.735281E+01,5.740498E+03,8.039473E+03,5.066577E-01,7.089197E-01,0.000000E+00,0.000000E+00,0.000000E+00,0.000000E+00,0.000000E+00,0.000000E+00,0.000000E+00,0.000000E+00,2.111094E+01,5.089684E+01,2.388653E+01,4.891208E+01,7.952131E+02,9.852435E+02,7.018570E-02,8.687865E-02,0.000000E+00,0.000000E+00,0.000000E+00,0.000000E+00,0.000000E+00,0.000000E+00,0.000000E+00,0.000000E+00,2.111085E+01,5.080747E+01,2.388753E+01,4.734279E+01,9.481876E+02,2.151550E+03,8.368727E-02,1.897234E-01,0.000000E+00,0.000000E+00,0.000000E+00,0.000000E+00,0.000000E+00,0.000000E+00,0.000000E+00,0.000000E+00,2.111076E+01,5.063658E+01,2.387909E+01,5.251954E+01,5.617261E+03,8.477999E+03,4.957809E-01,7.475889E-01,0.000000E+00,0.000000E+00,0.000000E+00,0.000000E+00,0.000000E+00,0.000000E+00,0.000000E+00,0.000000E+00,2.111080E+01,5.072866E+01,2.386178E+01,6.913960E+01,2.214554E+03,2.594674E+03,1.954571E-01,2.287980E-01,0.000000E+00,0.000000E+00,0.000000E+00,0.000000E+00,0.000000E+00,0.000000E+00,0.000000E+00,0.000000E+00,2.111076E+01,5.062284E+01,2.388529E+01,5.023312E+01,8.877701E+02,7.795964E+02,7.835481E-02,6.874471E-02,0.000000E+00,0.000000E+00,0.000000E+00,0.000000E+00,0.000000E+00,0.000000E+00,0.000000E+00,0.000000E+00,2.111090E+01,5.076930E+01,2.388779E+01,4.817806E+01,1.143053E+03,1.014308E+03,1.008861E-01,8.944154E-02,0.000000E+00,0.000000E+00,0.000000E+00,0.000000E+00,0.000000E+00,0.000000E+00,0.000000E+00,0.000000E+00,2.111070E+01,5.051564E+01,2.388783E+01,4.764905E+01,1.375850E+03,2.960545E+03,1.214329E-01,2.610605E-01,0.000000E+00,0.000000E+00,0.000000E+00,0.000000E+00,0.000000E+00,0.000000E+00,0.000000E+00,0.000000E+00,2.111053E+01,5.040062E+01,2.388378E+01,4.912373E+01,8.234390E+01,1.718446E+02,7.267693E-03,1.515324E-02,0.000000E+00,0.000000E+00,0.000000E+00,0.000000E+00,0.000000E+00,0.000000E+00,0.000000E+00,0.000000E+00,2.111111E+01,5.124987E+01,2.388848E+01,4.666161E+01
11:30:00,4.710502E+03,4.960213E+03,4.157501E-01,4.373909E-01,0.000000E+00,0.000000E+00,0.000000E+00,0.000000E+00,0.000000E+00,0.000000E+00,0.000000E+00,0.000000E+00,2.111081E+01,5.085539E+01,2.388760E+01,4.734238E+01,5.695310E+03,8.062317E+03,5.026695E-01,7.109341E-01,0.000000E+00,0.000000E+00,0.000000E+00,0.000000E+00,0.000000E+00,0.000000E+00,0.000000E+00,0.000000E+00,2.111094E+01,5.089368E+01,2.388654E+01,4.889767E+01,7.902722E+02,1.053357E+03,6.974962E-02,9.288488E-02,0.000000E+00,0.000000E+00,0.000000E+00,0.000000E+00,0.000000E+00,0.000000E+00,0.000000E+00,0.000000E+00,2.111085E+01,5.080448E+01,2.388753E+01,4.725454E+01,9.421126E+02,2.147979E+03,8.315109E-02,1.894085E-01,0.000000E+00,0.000000E+00,0.000000E+00,0.000000E+00,0.000000E+00,0.000000E+00,0.000000E+00,0.000000E+00,2.111075E+01,5.063233E+01,2.387914E+01,5.252857E+01,5.599276E+03,8.849880E+03,4.941935E-01,7.803813E-01,0.000000E+00,0.000000E+00,0.000000E+00,0.000000E+00,0.000000E+00,0.000000E+00,0.000000E+00,0.000000E+00,2.111080E+01,5.072680E+01,2.386174E+01,6.819763E+01,2.198580E+03,2.623123E+03,1.940472E-01,2.313066E-01,0.000000E+00,0.000000E+00,0.000000E+00,0.000000E+00,0.000000E+00,0.000000E+00,0.000000E+00,0.000000E+00,2.111076E+01,5.061798E+01,2.388529E+01,5.018714E+01,8.799361E+02,7.872701E+02,7.766338E-02,6.942138E-02,0.000000E+00,0.000000E+00,0.000000E+00,0.000000E+00,0.000000E+00,0.000000E+00,0.000000E+00,0.000000E+00,2.111090E+01,5.076449E+01,2.388779E+01,4.815696E+01,1.135391E+03,1.023371E+03,1.002099E-01,9.024074E-02,0.000000E+00,0.000000E+00,0.000000E+00,0.000000E+00,0.000000E+00,0.000000E+00,0.000000E+00,0.000000E+00,2.111070E+01,5.051029E+01,2.388783E+01,4.762952E+01,1.368451E+03,2.924262E+03,1.207799E-01,2.578611E-01,0.000000E+00,0.000000E+00,0.000000E+00,0.000000E+00,0.000000E+00,0.000000E+00,0.000000E+00,0.000000E+00,2.111053E+01,5.039584E+01,2.388380E+01,4.916160E+01,8.081034E+01,1.729185E+02,7.132341E-03,1.524793E-02,0.000000E+00,0.000000E+00,0.000000E+00,0.000000E+00,0.000000E+00,0.000000E+00,0.000000E+00,0.000000E+00,2.111111E+01,5.124987E+01,2.388848E+01,4.665722E+01
11:45:00,4.697815E+03,4.983515E+03,4.146304E-01,4.394457E-01,0.000000E+00,0.000000E+00,0.000000E+00,0.000000E+00,0.000000E+00,0.000000E+00,0.000000E+00,0.000000E+00,2.111081E+01,5.085426E+01,2.388760E+01,4.733431E+01,5.654783E+03,8.065929E+03,4.990926E-01,7.112526E-01,0.000000E+00,0.000000E+00,0.000000E+00,0.000000E+00,0.000000E+00,0.000000E+00,0.000000E+00,0.000000E+00,2.111094E+01,5.089080E+01,2.388655E+01,4.889041E+01,7.858999E+02,1.130079E+03,6.936372E-02,9.965025E-02,0.000000E+00,0.000000E+00,0.000000E+00,0.000000E+00,0.000000E+00,0.000000E+00,0.000000E+00,0.000000E+00,2.111085E+01,5.080180E+01,2.388753E+01,4.716475E+01,9.367275E+02,2.137456E+03,8.267580E-02,1.884806E-01,0.000000E+00,0.000000E+00,0.000000E+00,0.000000E+00,0.000000E+00,0.000000E+00,0.000000E+00,0.000000E+00,2.111075E+01,5.062852E+01,2.387919E+01,5.255928E+01,5.583108E+03,9.258197E+03,4.927665E-01,8.163867E-01,0.000000E+00,0.000000E+00,0.000000E+00,0.000000E+00,0.000000E+00,0.000000E+00,0.000000E+00,0.000000E+00,2.111080E+01,5.072511E+01,2.386180E+01,6.722227E+01,2.184295E+03,2.651141E+03,1.927865E-01,2.337773E-01,0.000000E+00,0.000000E+00,0.000000E+00,0.000000E+00,0.000000E+00,0.000000E+00,0.000000E+00,0.000000E+00,2.111075E+01,5.061358E+01,2.388530E+01,5.014261E+01,8.729092E+02,7.953453E+02,7.704318E-02,7.013345E-02,0.000000E+00,0.000000E+00,0.000000E+00,0.000000E+00,0.000000E+00,0.000000E+00,0.000000E+00,0.000000E+00,2.111090E+01,5.076008E+01,2.388779E+01,4.813552E+01,1.128539E+03,1.030570E+03,9.960509E-02,9.087557E-02,0.000000E+00,0.000000E+00,0.000000E+00,0.000000E+00,0.000000E+00,0.000000E+00,0.000000E+00,0.000000E+00,2.111070E+01,5.050544E+01,2.388784E+01,4.761391E+01,1.361897E+03,2.879472E+03,1.202014E-01,2.539115E-01,0.000000E+00,0.000000E+00,0.000000E+00,0.000000E+00,0.000000E+00,0.000000E+00,0.000000E+00,0.000000E+00,2.111053E+01,5.039156E+01,2.388381E+01,4.920983E+01,7.942004E+01,1.739466E+02,7.009632E-03,1.533859E-02,0.000000E+00,0.000000E+00,0.000000E+00,0.000000E+00,0.000000E+00,0.000000E+00,0.000000E+00,0.000000E+00,2.111111E+01,5.124987E+01,2.388848E+01,4.665293E+01
12:00:00,4.686179E+03,4.995206E+03,4.136033E-01,4.404767E-01,0.000000E+00,0.000000E+00,0.000000E+00,0.000000E+00,0.000000E+00,0.000000E+00,0.000000E+00,0.000000E+00,2.111081E+01,5.085323E+01,2.388761E+01,4.732913E+01,5.618373E+03,8.050149E+03,4.958790E-01,7.098611E-01,0.000000E+00,0.000000E+00,0.000000E+00,0.000000E+00,0.000000E+00,0.000000E+00,0.000000E+00,0.000000E+00,2.111094E+01,5.088816E+01,2.388657E+01,4.889027E+01,7.820231E+02,1.213882E+03,6.902155E-02,1.070400E-01,0.000000E+00,0.000000E+00,0.000000E+00,0.000000E+00,0.000000E+00,0.000000E+00,0.000000E+00,0.000000E+00,2.111084E+01,5.079939E+01,2.388755E+01,4.707777E+01,9.319448E+02,2.120549E+03,8.225368E-02,1.869897E-01,0.000000E+00,0.000000E+00,0.000000E+00,0.000000E+00,0.000000E+00,0.000000E+00,0.000000E+00,0.000000E+00,2.111075E+01,5.062508E+01,2.387923E+01,5.261002E+01,5.568542E+03,9.692517E+03,4.914809E-01,8.546849E-01,0.000000E+00,0.000000E+00,0.000000E+00,0.000000E+00,0.000000E+00,0.000000E+00,0.000000E+00,0.000000E+00,2.111079E+01,5.072359E+01,2.386195E+01,6.625428E+01,2.171503E+03,2.678279E+03,1.916574E-01,2.361703E-01,0.000000E+00,0.000000E+00,0.000000E+00,0.000000E+00,0.000000E+00,0.000000E+00,0.000000E+00,0.000000E+00,2.111075E+01,5.060957E+01,2.388531E+01,5.009994E+01,8.665953E+02,8.036057E+02,7.648592E-02,7.086185E-02,0.000000E+00,0.000000E+00,0.000000E+00,0.000000E+00,0.000000E+00,0.000000E+00,0.000000E+00,0.000000E+00,2.111090E+01,5.075604E+01,2.388779E+01,4.811382E+01,1.122399E+03,1.035855E+03,9.906325E-02,9.134154E-02,0.000000E+00,0.000000E+00,0.000000E+00,0.000000E+00,0.000000E+00,0.000000E+00,0.000000E+00,0.000000E+00,2.111070E+01,5.050104E+01,2.388785E+01,4.760183E+01,1.356079E+03,2.826550E+03,1.196878E-01,2.492448E-01,0.000000E+00,0.000000E+00,0.000000E+00,0.000000E+00,0.000000E+00,0.000000E+00,0.000000E+00,0.000000E+00,2.111053E+01,5.038772E+01,2.388382E+01,4.926864E+01,7.815856E+01,1.748991E+02,6.898294E-03,1.542258E-02,0.000000E+00,0.000000E+00,0.000000E+00,0.000000E+00,0.000000E+00,0.000000E+00,0.000000E+00,0.000000E+00,2.111111E+01,5.124987E+01,2.388848E+01,4.664889E+01
12:15:00,4.675446E+03,4.994776E+03,4.126560E-01,4.404387E-01,0.000000E+00,0.000000E+00,0.000000E+00,0.000000E+00,0.000000E+00,0.000000E+00,0.000000E+00,0.000000E+00,2.111081E+01,5.085227E+01,2.388761E+01,4.732709E+01,5.585455E+03,8.016434E+03,4.929736E-01,7.068881E-01,0.000000E+00,0.000000E+00,0.000000E+00,0.000000E+00,0.000000E+00,0.000000E+00,0.000000E+00,0.000000E+00,2.111094E+01,5.088575E+01,2.388658E+01,4.889694E+01,7.785669E+02,1.303277E+03,6.871651E-02,1.149228E-01,0.000000E+00,0.000000E+00,0.000000E+00,0.000000E+00,0.000000E+00,0.000000E+00,0.000000E+00,0.000000E+00,2.111084E+01,5.079722E+01,2.388757E+01,4.699657E+01,9.276697E+02,2.098221E+03,8.187636E-02,1.850209E-01,0.000000E+00,0.000000E+00,0.000000E+00,0.000000E+00,0.000000E+00,0.000000E+00,0.000000E+00,0.000000E+00,2.111075E+01,5.062199E+01,2.387926E+01,5.267875E+01,5.555326E+03,1.014328E+04,4.903144E-01,8.944332E-01,0.000000E+00,0.000000E+00,0.000000E+00,0.000000E+00,0.000000E+00,0.000000E+00,0.000000E+00,0.000000E+00,2.111079E+01,5.072220E+01,2.386217E+01,6.532482E+01,2.159972E+03,2.704336E+03,1.906397E-01,2.384680E-01,0.000000E+00,0.000000E+00,0.000000E+00,0.000000E+00,0.000000E+00,0.000000E+00,0.000000E+00,0.000000E+00,2.111075E+01,5.060591E+01,2.388532E+01,5.005939E+01,8.608827E+02,8.118599E+02,7.598172E-02,7.158970E-02,0.000000E+00,0.000000E+00,0.000000E+00,0.000000E+00,0.000000E+00,0.000000E+00,0.000000E+00,0.000000E+00,2.111090E+01,5.075233E+01,2.388779E+01,4.809210E+01,1.116861E+03,1.039242E+03,9.857439E-02,9.164020E-02,0.000000E+00,0.000000E+00,0.000000E+00,0.000000E+00,0.000000E+00,0.000000E+00,0.000000E+00,0.000000E+00,2.111070E+01,5.049702E+01,2.388785E+01,4.759301E+01,1.350883E+03,2.766440E+03,1.192292E-01,2.439443E-01,0.000000E+00,0.000000E+00,0.000000E+00,0.000000E+00,0.000000E+00,0.000000E+00,0.000000E+00,0.000000E+00,2.111053E+01,5.038426E+01,2.388383E+01,4.933805E+01,7.700859E+01,1.757519E+02,6.796797E-03,1.549778E-02,0.000000E+00,0.000000E+00,0.000000E+00,0.000000E+00,0.000000E+00,0.000000E+00,0.000000E+00,0.000000E+00,2.111111E+01,5.124987E+01,2.388848E+01,4.664520E+01
12:30:00,4.665499E+03,4.982352E+03,4.117781E-01,4.393432E-01,0.000000E+00,0.000000E+00,0.000000E+00,0.000000E+00,0.000000E+00,0.000000E+00,0.000000E+00,0.000000E+00,2.111081E+01,5.085139E+01,2.388762E+01,4.732846E+01,5.555652E+03,7.967219E+03,4.903432E-01,7.025484E-01,0.000000E+00,0.000000E+00,0.000000E+00,0.000000E+00,0.000000E+00,0.000000E+00,0.000000E+00,0.000000E+00,2.111094E+01,5.088354E+01,2.388659E+01,4.891003E+01,7.754788E+02,1.396531E+03,6.844395E-02,1.231460E-01,0.000000E+00,0.000000E+00,0.000000E+00,0.000000E+00,0.000000E+00,0.000000E+00,0.000000E+00,0.000000E+00,2.111084E+01,5.079527E+01,2.388759E+01,4.692296E+01,9.238416E+02,2.071652E+03,8.153849E-02,1.826780E-01,0.000000E+00,0.000000E+00,0.000000E+00,0.000000E+00,0.000000E+00,0.000000E+00,0.000000E+00,0.000000E+00,2.111075E+01,5.061919E+01,2.387927E+01,5.276340E+01,5.543313E+03,1.060052E+04,4.892542E-01,9.347521E-01,0.000000E+00,0.000000E+00,0.000000E+00,0.000000E+00,0.000000E+00,0.000000E+00,0.000000E+00,0.000000E+00,2.111079E+01,5.072094E+01,2.386245E+01,6.445718E+01,2.149567E+03,2.729015E+03,1.897213E-01,2.406442E-01,0.000000E+00,0.000000E+00,0.000000E+00,0.000000E+00,0.000000E+00,0.000000E+00,0.000000E+00,0.000000E+00,2.111075E+01,5.060258E+01,2.388533E+01,5.002149E+01,8.557073E+02,8.199053E+02,7.552494E-02,7.229914E-02,0.000000E+00,0.000000E+00,0.000000E+00,0.000000E+00,0.000000E+00,0.000000E+00,0.000000E+00,0.000000E+00,2.111090E+01,5.074892E+01,2.388779E+01,4.807078E+01,1.111857E+03,1.040707E+03,9.813274E-02,9.176944E-02,0.000000E+00,0.000000E+00,0.000000E+00,0.000000E+00,0.000000E+00,0.000000E+00,0.000000E+00,0.000000E+00,2.111070E+01,5.049337E+01,2.388786E+01,4.758733E+01,1.346233E+03,2.700418E+03,1.188189E-01,2.381225E-01,0.000000E+00,0.000000E+00,0.000000E+00,0.000000E+00,0.000000E+00,0.000000E+00,0.000000E+00,0.000000E+00,2.111053E+01,5.038115E+01,2.388383E+01,4.941806E+01,7.595928E+01,1.764863E+02,6.704185E-03,1.556254E-02,0.000000E+00,0.000000E+00,0.000000E+00,0.000000E+00,0.000000E+00,0.000000E+00,0.000000E+00,0.000000E+00,2.111111E+01,5.124987E+01,2.388848E+01,4.664194E+01
12:45:00,4.656242E+03,4.959732E+03,4.109611E-01,4.373486E-01,0.000000E+00,0.000000E+00,0.000000E+00,0.000000E+00,0.000000E+00,0.000000E+00,0.000000E+00,0.000000E+00,2.111081E+01,5.085057E+01,2.388763E+01,4.733306E+01,5.528672E+03,7.906589E+03,4.879620E-01,6.972020E-01,0.000000E+00,0.000000E+00,0.000000E+00,0.000000E+00,0.000000E+00,0.000000E+00,0.000000E+00,0.000000E+00,2.111094E+01,5.088151E+01,2.388660E+01,4.892868E+01,7.727164E+02,1.491819E+03,6.820014E-02,1.315484E-01,0.000000E+00,0.000000E+00,0.000000E+00,0.000000E+00,0.000000E+00,0.000000E+00,0.000000E+00,0.000000E+00,2.111084E+01,5.079351E+01,2.388762E+01,4.685761E+01,9.204129E+02,2.042408E+03,8.123587E-02,1.800993E-01,0.000000E+00,0.000000E+00,0.000000E+00,0.000000E+00,0.000000E+00,0.000000E+00,0.000000E+00,0.000000E+00,2.111075E+01,5.061666E+01,2.387927E+01,5.286025E+01,5.532398E+03,1.105461E+04,4.882908E-01,9.747943E-01,0.000000E+00,0.000000E+00,0.000000E+00,0.000000E+00,0.000000E+00,0.000000E+00,0.000000E+00,0.000000E+00,2.111079E+01,5.071979E+01,2.386276E+01,6.366467E+01,2.140178E+03,2.752059E+03,1.888927E-01,2.426762E-01,0.000000E+00,0.000000E+00,0.000000E+00,0.000000E+00,0.000000E+00,0.000000E+00,0.000000E+00,0.000000E+00,2.111075E+01,5.059955E+01,2.388534E+01,4.998654E+01,8.510201E+02,8.275597E+02,7.511124E-02,7.297411E-02,0.000000E+00,0.000000E+00,0.000000E+00,0.000000E+00,0.000000E+00,0.000000E+00,0.000000E+00,0.000000E+00,2.111090E+01,5.074579E+01,2.388780E+01,4.805027E+01,1.107338E+03,1.040251E+03,9.773389E-02,9.172923E-02,0.000000E+00,0.000000E+00,0.000000E+00,0.000000E+00,0.000000E+00,0.000000E+00,0.000000E+00,0.000000E+00,2.111070E+01,5.049003E+01,2.388786E+01,4.758471E+01,1.342068E+03,2.630395E+03,1.184513E-01,2.319479E-01,0.000000E+00,0.000000E+00,0.000000E+00,0.000000E+00,0.000000E+00,0.000000E+00,0.000000E+00,0.000000E+00,2.111053E+01,5.037834E+01,2.388382E+01,4.950764E+01,7.500190E+01,1.770865E+02,6.619686E-03,1.561546E-02,0.000000E+00,0.000000E+00,0.000000E+00,0.000000E+00,0.000000E+00,0.000000E+00,0.000000E+00,0.000000E+00,2.111111E+01,5.124987E+01,2.388849E+01,4.663917E+01
13:00:00,4.647587E+03,4.930819E+03,4.101972E-01,4.347990E-01,0.000000E+00,0.000000E+00,0.000000E+00,0.000000E+00,0.000000E+00,0.000000E+00,0.000000E+00,0.000000E+00,2.111081E+01,5.084979E+01,2.388763E+01,4.734017E+01,5.504235E+03,7.840359E+03,4.858052E-01,6.913619E-01,0.000000E+00,0.000000E+00,0.000000E+00,0.000000E+00,0.000000E+00,0.000000E+00,0.000000E+00,0.000000E+00,2.111094E+01,5.087965E+01,2.388660E+01,4.895132E+01,7.702414E+02,1.587292E+03,6.798170E-02,1.399672E-01,0.000000E+00,0.000000E+00,0.000000E+00,0.000000E+00,0.000000E+00,0.000000E+00,0.000000E+00,0.000000E+00,2.111084E+01,5.079192E+01,2.388765E+01,4.680045E+01,9.173395E+02,2.012464E+03,8.096462E-02,1.774588E-01,0.000000E+00,0.000000E+00,0.000000E+00,0.000000E+00,0.000000E+00,0.000000E+00,0.000000E+00,0.000000E+00,2.111075E+01,5.061437E+01,2.387926E+01,5.296359E+01,5.522478E+03,1.149685E+04,4.874153E-01,1.013791E+00,0.000000E+00,0.000000E+00,0.000000E+00,0.000000E+00,0.000000E+00,0.000000E+00,0.000000E+00,0.000000E+00,2.111079E+01,5.071873E+01,2.386308E+01,6.295316E+01,2.131704E+03,2.773255E+03,1.881447E-01,2.445453E-01,0.000000E+00,0.000000E+00,0.000000E+00,0.000000E+00,0.000000E+00,0.000000E+00,0.000000E+00,0.000000E+00,2.111075E+01,5.059677E+01,2.388535E+01,4.995467E+01,8.467730E+02,8.346666E+02,7.473639E-02,7.360079E-02,0.000000E+00,0.000000E+00,0.000000E+00,0.000000E+00,0.000000E+00,0.000000E+00,0.000000E+00,0.000000E+00,2.111089E+01,5.074291E+01,2.388780E+01,4.803093E+01,1.103255E+03,1.037889E+03,9.737353E-02,9.152092E-02,0.000000E+00,0.000000E+00,0.000000E+00,0.000000E+00,0.000000E+00,0.000000E+00,0.000000E+00,0.000000E+00,2.111070E+01,5.048699E+01,2.388787E+01,4.758504E+01,1.338332E+03,2.558941E+03,1.181215E-01,2.256471E-01,0.000000E+00,0.000000E+00,0.000000E+00,0.000000E+00,0.000000E+00,0.000000E+00,0.000000E+00,0.000000E+00,2.111053E+01,5.037580E+01,2.388381E+01,4.960443E+01,7.412807E+01,1.775398E+02,6.542562E-03,1.565543E-02,0.000000E+00,0.000000E+00,0.000000E+00,0.000000E+00,0.000000E+00,0.000000E+00,0.000000E+00,0.000000E+00,2.111111E+01,5.124987E+01,2.388849E+01,4.663694E+01
13:15:00,4.639462E+03,4.901664E+03,4.094801E-01,4.322281E-01,0.000000E+00,0.000000E+00,0.000000E+00,0.000000E+00,0.000000E+00,0.000000E+00,0.000000E+00,0.000000E+00,2.111081E+01,5.084907E+01,2.388763E+01,4.734846E+01,5.482083E+03,7.775918E+03,4.838500E-01,6.856795E-01,0.000000E+00,0.000000E+00,0.000000E+00,0.000000E+00,0.000000E+00,0.000000E+00,0.000000E+00,0.000000E+00,2.111094E+01,5.087795E+01,2.388660E+01,4.897573E+01,7.680202E+02,1.681055E+03,6.778565E-02,1.482352E-01,0.000000E+00,0.000000E+00,0.000000E+00,0.000000E+00,0.000000E+00,0.000000E+00,0.000000E+00,0.000000E+00,2.111084E+01,5.079049E+01,2.388767E+01,4.675100E+01,9.145821E+02,1.984182E+03,8.072124E-02,1.749649E-01,0.000000E+00,0.000000E+00,0.000000E+00,0.000000E+00,0.000000E+00,0.000000E+00,0.000000E+00,0.000000E+00,2.111075E+01,5.061231E+01,2.387923E+01,5.306564E+01,5.513461E+03,1.191898E+04,4.866194E-01,1.051014E+00,0.000000E+00,0.000000E+00,0.000000E+00,0.000000E+00,0.000000E+00,0.000000E+00,0.000000E+00,0.000000E+00,2.111079E+01,5.071777E+01,2.386340E+01,6.232318E+01,2.124050E+03,2.792331E+03,1.874692E-01,2.462274E-01,0.000000E+00,0.000000E+00,0.000000E+00,0.000000E+00,0.000000E+00,0.000000E+00,0.000000E+00,0.000000E+00,2.111075E+01,5.059425E+01,2.388536E+01,4.992590E+01,8.429223E+02,8.410757E+02,7.439653E-02,7.416595E-02,0.000000E+00,0.000000E+00,0.000000E+00,0.000000E+00,0.000000E+00,0.000000E+00,0.000000E+00,0.000000E+00,2.111089E+01,5.074027E+01,2.388780E+01,4.801306E+01,1.099563E+03,1.033621E+03,9.704774E-02,9.114459E-02,0.000000E+00,0.000000E+00,0.000000E+00,0.000000E+00,0.000000E+00,0.000000E+00,0.000000E+00,0.000000E+00,2.111070E+01,5.048421E+01,2.388787E+01,4.758824E+01,1.334975E+03,2.489258E+03,1.178253E-01,2.195025E-01,0.000000E+00,0.000000E+00,0.000000E+00,0.000000E+00,0.000000E+00,0.000000E+00,0.000000E+00,0.000000E+00,2.111052E+01,5.037352E+01,2.388379E+01,4.970465E+01,7.333012E+01,1.778362E+02,6.472135E-03,1.568157E-02,0.000000E+00,0.000000E+00,0.000000E+00,0.000000E+00,0.000000E+00,0.000000E+00,0.000000E+00,0.000000E+00,2.111111E+01,5.124987E+01,2.388849E+01,4.663530E+01
13:30:00,4.631802E+03,4.879446E+03,4.088040E-01,4.302690E-01,0.000000E+00,0.000000E+00,0.000000E+00,0.000000E+00,0.000000E+00,0.000000E+00,0.000000E+00,0.000000E+00,2.111081E+01,5.084838E+01,2.388763E+01,4.735623E+01,5.461986E+03,7.722713E+03,4.820762E-01,6.809878E-01,0.000000E+00,0.000000E+00,0.000000E+00,0.000000E+00,0.000000E+00,0.000000E+00,0.000000E+00,0.000000E+00,2.111094E+01,5.087639E+01,2.388660E+01,4.899921E+01,7.660229E+02,1.771298E+03,6.760937E-02,1.561928E-01,0.000000E+00,0.000000E+00,0.000000E+00,0.000000E+00,0.000000E+00,0.000000E+00,0.000000E+00,0.000000E+00,2.111084E+01,5.078919E+01,2.388770E+01,4.670877E+01,9.121056E+02,1.960176E+03,8.050267E-02,1.728481E-01,0.000000E+00,0.000000E+00,0.000000E+00,0.000000E+00,0.000000E+00,0.000000E+00,0.000000E+00,0.000000E+00,2.111075E+01,5.061044E+01,2.387918E+01,5.315722E+01,5.505260E+03,1.231402E+04,4.858956E-01,1.085849E+00,0.000000E+00,0.000000E+00,0.000000E+00,0.000000E+00,0.000000E+00,0.000000E+00,0.000000E+00,0.000000E+00,2.111079E+01,5.071690E+01,2.386371E+01,6.177463E+01,2.117132E+03,2.809862E+03,1.868586E-01,2.477732E-01,0.000000E+00,0.000000E+00,0.000000E+00,0.000000E+00,0.000000E+00,0.000000E+00,0.000000E+00,0.000000E+00,2.111075E+01,5.059195E+01,2.388537E+01,4.990068E+01,8.394284E+02,8.466627E+02,7.408816E-02,7.465861E-02,0.000000E+00,0.000000E+00,0.000000E+00,0.000000E+00,0.000000E+00,0.000000E+00,0.000000E+00,0.000000E+00,2.111089E+01,5.073785E+01,2.388781E+01,4.799697E+01,1.096224E+03,1.027504E+03,9.675297E-02,9.060520E-02,0.000000E+00,0.000000E+00,0.000000E+00,0.000000E+00,0.000000E+00,0.000000E+00,0.000000E+00,0.000000E+00,2.111069E+01,5.048168E+01,2.388788E+01,4.759434E+01,1.331953E+03,2.425037E+03,1.175585E-01,2.138395E-01,0.000000E+00,0.000000E+00,0.000000E+00,0.000000E+00,0.000000E+00,0.000000E+00,0.000000E+00,0.000000E+00,2.111052E+01,5.037145E+01,2.388376E+01,4.980328E+01,7.260109E+01,1.779688E+02,6.407790E-03,1.569327E-02,0.000000E+00,0.000000E+00,0.000000E+00,0.000000E+00,0.000000E+00,0.000000E+00,0.000000E+00,0.000000E+00,2.111111E+01,5.124987E+01,2.388849E+01,4.663426E+01
13:45:00,4.624552E+03,4.860083E+03,4.081642E-01,4.285615E-01,0.000000E+00,0.000000E+00,0.000000E+00,0.000000E+00,0.000000E+00,0.000000E+00,0.000000E+00,0.000000E+00,2.111081E+01,5.084773E+01,2.388762E+01,4.736138E+01,5.443737E+03,7.686983E+03,4.804655E-01,6.778372E-01,0.000000E+00,0.000000E+00,0.000000E+00,0.000000E+00,0.000000E+00,0.000000E+00,0.000000E+00,0.000000E+00,2.111094E+01,5.087496E+01,2.388659E+01,4.901812E+01,7.642238E+02,1.852035E+03,6.745058E-02,1.633122E-01,0.000000E+00,0.000000E+00,0.000000E+00,0.000000E+00,0.000000E+00,0.000000E+00,0.000000E+00,0.000000E+00,2.111084E+01,5.078802E+01,2.388772E+01,4.667311E+01,9.098793E+02,1.941386E+03,8.030617E-02,1.711912E-01,0.000000E+00,0.000000E+00,0.000000E+00,0.000000E+00,0.000000E+00,0.000000E+00,0.000000E+00,0.000000E+00,2.111075E+01,5.060875E+01,2.387911E+01,5.322745E+01,5.497797E+03,1.267647E+04,4.852370E-01,1.117809E+00,0.000000E+00,0.000000E+00,0.000000E+00,0.000000E+00,0.000000E+00,0.000000E+00,0.000000E+00,0.000000E+00,2.111079E+01,5.071610E+01,2.386401E+01,6.130394E+01,2.110876E+03,2.828942E+03,1.863065E-01,2.494558E-01,0.000000E+00,0.000000E+00,0.000000E+00,0.000000E+00,0.000000E+00,0.000000E+00,0.000000E+00,0.000000E+00,2.111075E+01,5.058985E+01,2.388538E+01,4.987780E+01,8.362561E+02,8.513249E+02,7.380817E-02,7.506972E-02,0.000000E+00,0.000000E+00,0.000000E+00,0.000000E+00,0.000000E+00,0.000000E+00,0.000000E+00,0.000000E+00,2.111089E+01,5.073563E+01,2.388781E+01,4.798293E+01,1.093200E+03,1.019745E+03,9.648606E-02,8.992095E-02,0.000000E+00,0.000000E+00,0.000000E+00,0.000000E+00,0.000000E+00,0.000000E+00,0.000000E+00,0.000000E+00,2.111069E+01,5.047938E+01,2.388788E+01,4.760332E+01,1.329228E+03,2.368002E+03,1.173180E-01,2.088101E-01,0.000000E+00,0.000000E+00,0.000000E+00,0.000000E+00,0.000000E+00,0.000000E+00,0.000000E+00,0.000000E+00,2.111052E+01,5.036957E+01,2.388371E+01,4.989345E+01,7.193465E+01,1.779352E+02,6.348970E-03,1.569030E-02,0.000000E+00,0.000000E+00,0.000000E+00,0.000000E+00,0.000000E+00,0.000000E+00,0.000000E+00,0.000000E+00,2.111111E+01,5.124987E+01,2.388849E+01,4.663385E+01
14:00:00,4.617666E+03,4.841288E+03,4.075564E-01,4.269041E-01,0.000000E+00,0.000000E+00,0.000000E+00,0.000000E+00,0.000000E+00,0.000000E+00,0.000000E+00,0.000000E+00,2.111081E+01,5.084712E+01,2.388762E+01,4.736586E+01,5.427151E+03,7.671257E+03,4.790017E-01,6.764505E-01,0.000000E+00,0.000000E+00,0.000000E+00,0.000000E+00,0.000000E+00,0.000000E+00,0.000000E+00,0.000000E+00,2.111094E+01,5.087366E+01,2.388657E+01,4.902996E+01,7.625999E+02,1.917367E+03,6.730725E-02,1.690731E-01,0.000000E+00,0.000000E+00,0.000000E+00,0.000000E+00,0.000000E+00,0.000000E+00,0.000000E+00,0.000000E+00,2.111084E+01,5.078695E+01,2.388775E+01,4.664624E+01,9.078758E+02,1.927609E+03,8.012935E-02,1.699763E-01,0.000000E+00,0.000000E+00,0.000000E+00,0.000000E+00,0.000000E+00,0.000000E+00,0.000000E+00,0.000000E+00,2.111075E+01,5.060722E+01,2.387905E+01,5.327666E+01,5.491004E+03,1.300233E+04,4.846374E-01,1.146544E+00,0.000000E+00,0.000000E+00,0.000000E+00,0.000000E+00,0.000000E+00,0.000000E+00,0.000000E+00,0.000000E+00,2.111079E+01,5.071537E+01,2.386429E+01,6.090499E+01,2.105214E+03,2.853485E+03,1.858068E-01,2.516200E-01,0.000000E+00,0.000000E+00,0.000000E+00,0.000000E+00,0.000000E+00,0.000000E+00,0.000000E+00,0.000000E+00,2.111075E+01,5.058795E+01,2.388538E+01,4.985129E+01,8.333735E+02,8.549773E+02,7.355375E-02,7.539179E-02,0.000000E+00,0.000000E+00,0.000000E+00,0.000000E+00,0.000000E+00,0.000000E+00,0.000000E+00,0.000000E+00,2.111089E+01,5.073360E+01,2.388781E+01,4.797111E+01,1.090459E+03,1.010742E+03,9.624420E-02,8.912711E-02,0.000000E+00,0.000000E+00,0.000000E+00,0.000000E+00,0.000000E+00,0.000000E+00,0.000000E+00,0.000000E+00,2.111069E+01,5.047728E+01,2.388789E+01,4.761489E+01,1.326765E+03,2.318569E+03,1.171006E-01,2.044511E-01,0.000000E+00,0.000000E+00,0.000000E+00,0.000000E+00,0.000000E+00,0.000000E+00,0.000000E+00,0.000000E+00,2.111052E+01,5.036787E+01,2.388367E+01,4.997364E+01,7.132508E+01,1.777367E+02,6.295169E-03,1.567280E-02,0.000000E+00,0.000000E+00,0.000000E+00,0.000000E+00,0.000000E+00,0.000000E+00,0.000000E+00,0.000000E+00,2.111111E+01,5.124987E+01,2.388849E+01,4.663407E+01
14:15:00,4.611130E+03,4.818377E+03,4.069795E-01,4.248839E-01,0.000000E+00,0.000000E+00,0.000000E+00,0.000000E+00,0.000000E+00,0.000000E+00,0.000000E+00,0.000000E+00,2.111081E+01,5.084653E+01,2.388763E+01,4.737158E+01,5.412228E+03,7.673858E+03,4.776846E-01,6.766798E-01,0.000000E+00,0.000000E+00,0.000000E+00,0.000000E+00,0.000000E+00,0.000000E+00,0.000000E+00,0.000000E+00,2.111094E+01,5.087246E+01,2.388656E+01,4.903427E+01,7.611441E+02,1.962485E+03,6.717877E-02,1.730517E-01,0.000000E+00,0.000000E+00,0.000000E+00,0.000000E+00,0.000000E+00,0.000000E+00,0.000000E+00,0.000000E+00,2.111084E+01,5.078599E+01,2.388778E+01,4.662958E+01,9.060901E+02,1.917588E+03,7.997174E-02,1.690926E-01,0.000000E+00,0.000000E+00,0.000000E+00,0.000000E+00,0.000000E+00,0.000000E+00,0.000000E+00,0.000000E+00,2.111075E+01,5.060584E+01,2.387900E+01,5.331217E+01,5.484890E+03,1.328789E+04,4.840978E-01,1.171725E+00,0.000000E+00,0.000000E+00,0.000000E+00,0.000000E+00,0.000000E+00,0.000000E+00,0.000000E+00,0.000000E+00,2.111079E+01,5.071471E+01,2.386455E+01,6.057039E+01,2.100143E+03,2.887323E+03,1.853591E-01,2.546038E-01,0.000000E+00,0.000000E+00,0.000000E+00,0.000000E+00,0.000000E+00,0.000000E+00,0.000000E+00,0.000000E+00,2.111075E+01,5.058621E+01,2.388536E+01,4.981409E+01,8.307831E+02,8.575216E+02,7.332512E-02,7.561615E-02,0.000000E+00,0.000000E+00,0.000000E+00,0.000000E+00,0.000000E+00,0.000000E+00,0.000000E+00,0.000000E+00,2.111089E+01,5.073173E+01,2.388782E+01,4.796161E+01,1.088003E+03,1.000940E+03,9.602742E-02,8.826278E-02,0.000000E+00,0.000000E+00,0.000000E+00,0.000000E+00,0.000000E+00,0.000000E+00,0.000000E+00,0.000000E+00,2.111069E+01,5.047536E+01,2.388789E+01,4.762842E+01,1.324557E+03,2.275759E+03,1.169057E-01,2.006762E-01,0.000000E+00,0.000000E+00,0.000000E+00,0.000000E+00,0.000000E+00,0.000000E+00,0.000000E+00,0.000000E+00,2.111052E+01,5.036633E+01,2.388363E+01,5.004577E+01,7.077267E+01,1.773773E+02,6.246414E-03,1.564111E-02,0.000000E+00,0.000000E+00,0.000000E+00,0.000000E+00,0.000000E+00,0.000000E+00,0.000000E+00,0.000000E+00,2.111111E+01,5.124987E+01,2.388849E+01,4.663491E+01
14:30:00,4.604907E+03,4.784839E+03,4.064302E-01,4.219265E-01,0.000000E+00,0.000000E+00,0.000000E+00,0.000000E+00,0.000000E+00,0.000000E+00,0.000000E+00,0.000000E+00,2.111081E+01,5.084597E+01,2.388763E+01,4.737954E+01,5.398796E+03,7.689156E+03,4.764991E-01,6.780288E-01,0.000000E+00,0.000000E+00,0.000000E+00,0.000000E+00,0.000000E+00,0.000000E+00,0.000000E+00,0.000000E+00,2.111094E+01,5.087137E+01,2.388655E+01,4.903249E+01,7.598377E+02,1.983717E+03,6.706346E-02,1.749239E-01,0.000000E+00,0.000000E+00,0.000000E+00,0.000000E+00,0.000000E+00,0.000000E+00,0.000000E+00,0.000000E+00,2.111084E+01,5.078512E+01,2.388780E+01,4.662241E+01,9.044982E+02,1.909323E+03,7.983124E-02,1.683638E-01,0.000000E+00,0.000000E+00,0.000000E+00,0.000000E+00,0.000000E+00,0.000000E+00,0.000000E+00,0.000000E+00,2.111075E+01,5.060461E+01,2.387898E+01,5.334205E+01,5.479388E+03,1.353086E+04,4.836122E-01,1.193149E+00,0.000000E+00,0.000000E+00,0.000000E+00,0.000000E+00,0.000000E+00,0.000000E+00,0.000000E+00,0.000000E+00,2.111079E+01,5.071410E+01,2.386478E+01,6.029733E+01,2.095600E+03,2.933335E+03,1.849582E-01,2.586611E-01,0.000000E+00,0.000000E+00,0.000000E+00,0.000000E+00,0.000000E+00,0.000000E+00,0.000000E+00,0.000000E+00,2.111075E+01,5.058464E+01,2.388534E+01,4.976263E+01,8.284547E+02,8.588899E+02,7.311962E-02,7.573680E-02,0.000000E+00,0.000000E+00,0.000000E+00,0.000000E+00,0.000000E+00,0.000000E+00,0.000000E+00,0.000000E+00,2.111089E+01,5.073003E+01,2.388782E+01,4.795463E+01,1.085801E+03,9.907900E+02,9.583305E-02,8.736773E-02,0.000000E+00,0.000000E+00,0.000000E+00,0.000000E+00,0.000000E+00,0.000000E+00,0.000000E+00,0.000000E+00,2.111069E+01,5.047363E+01,2.388789E+01,4.764333E+01,1.322574E+03,2.237534E+03,1.167307E-01,1.973054E-01,0.000000E+00,0.000000E+00,0.000000E+00,0.000000E+00,0.000000E+00,0.000000E+00,0.000000E+00,0.000000E+00,2.111052E+01,5.036494E+01,2.388360E+01,5.011286E+01,7.027227E+01,1.768621E+02,6.202248E-03,1.559568E-02,0.000000E+00,0.000000E+00,0.000000E+00,0.000000E+00,0.000000E+00,0.000000E+00,0.000000E+00,0.000000E+00,2.111111E+01,5.124987E+01,2.388849E+01,4.663635E+01
14:45:00,4.598955E+03,4.744438E+03,4.059049E-01,4.183639E-01,0.000000E+00,0.000000E+00,0.000000E+00,0.000000E+00,0.000000E+00,0.000000E+00,0.000000E+00,0.000000E+00,2.111081E+01,5.084544E+01,2.388763E+01,4.738991E+01,5.386662E+03,7.712142E+03,4.754282E-01,6.800557E-01,0.000000E+00,0.000000E+00,0.000000E+00,0.000000E+00,0.000000E+00,0.000000E+00,0.000000E+00,0.000000E+00,2.111094E+01,5.087039E+01,2.388654E+01,4.902646E+01,7.586608E+02,1.982438E+03,6.695959E-02,1.748111E-01,0.000000E+00,0.000000E+00,0.000000E+00,0.000000E+00,0.000000E+00,0.000000E+00,0.000000E+00,0.000000E+00,2.111084E+01,5.078434E+01,2.388782E+01,4.662305E+01,9.030744E+02,1.901798E+03,7.970557E-02,1.677003E-01,0.000000E+00,0.000000E+00,0.000000E+00,0.000000E+00,0.000000E+00,0.000000E+00,0.000000E+00,0.000000E+00,2.111075E+01,5.060351E+01,2.387896E+01,5.337020E+01,5.474421E+03,1.372908E+04,4.831738E-01,1.210629E+00,0.000000E+00,0.000000E+00,0.000000E+00,0.000000E+00,0.000000E+00,0.000000E+00,0.000000E+00,0.000000E+00,2.111079E+01,5.071356E+01,2.386500E+01,6.008187E+01,2.091518E+03,2.991401E+03,1.845979E-01,2.637814E-01,0.000000E+00,0.000000E+00,0.000000E+00,0.000000E+00,0.000000E+00,0.000000E+00,0.000000E+00,0.000000E+00,2.111075E+01,5.058324E+01,2.388533E+01,4.969674E+01,8.263543E+02,8.590296E+02,7.293424E-02,7.574912E-02,0.000000E+00,0.000000E+00,0.000000E+00,0.000000E+00,0.000000E+00,0.000000E+00,0.000000E+00,0.000000E+00,2.111089E+01,5.072849E+01,2.388783E+01,4.795031E+01,1.083819E+03,9.805519E+02,9.565811E-02,8.646495E-02,0.000000E+00,0.000000E+00,0.000000E+00,0.000000E+00,0.000000E+00,0.000000E+00,0.000000E+00,0.000000E+00,2.111069E+01,5.047209E+01,2.388789E+01,4.765911E+01,1.320785E+03,2.202872E+03,1.165728E-01,1.942490E-01,0.000000E+00,0.000000E+00,0.000000E+00,0.000000E+00,0.000000E+00,0.000000E+00,0.000000E+00,0.000000E+00,2.111052E+01,5.036370E+01,2.388357E+01,5.017613E+01,6.981792E+01,1.761970E+02,6.162147E-03,1.553703E-02,0.000000E+00,0.000000E+00,0.000000E+00,0.000000E+00,0.000000E+00,0.000000E+00,0.000000E+00,0.000000E+00,2.111111E+01,5.124987E+01,2.388849E+01,4.663839E+01
15:00:00,4.593244E+03,4.697241E+03,4.054008E-01,4.142021E-01,0.000000E+00,0.000000E+00,0.000000E+00,0.000000E+00,0.000000E+00,0.000000E+00,0.000000E+00,0.000000E+00,2.111081E+01,5.084493E+01,2.388764E+01,4.740251E+01,5.375677E+03,7.738424E+03,4.744586E-01,6.823732E-01,0.000000E+00,0.000000E+00,0.000000E+00,0.000000E+00,0.000000E+00,0.000000E+00,0.000000E+00,0.000000E+00,2.111094E+01,5.086949E+01,2.388654E+01,4.901779E+01,7.575976E+02,1.960804E+03,6.686575E-02,1.729034E-01,0.000000E+00,0.000000E+00,0.000000E+00,0.000000E+00,0.000000E+00,0.000000E+00,0.000000E+00,0.000000E+00,2.111084E+01,5.078363E+01,2.388784E+01,4.663033E+01,9.017981E+02,1.894382E+03,7.959292E-02,1.670463E-01,0.000000E+00,0.000000E+00,0.000000E+00,0.000000E+00,0.000000E+00,0.000000E+00,0.000000E+00,0.000000E+00,2.111075E+01,5.060252E+01,2.387895E+01,5.339808E+01,5.469926E+03,1.388021E+04,4.827770E-01,1.223955E+00,0.000000E+00,0.000000E+00,0.000000E+00,0.000000E+00,0.000000E+00,0.000000E+00,0.000000E+00,0.000000E+00,2.111079E+01,5.071307E+01,2.386520E+01,5.991996E+01,2.087841E+03,3.060006E+03,1.842734E-01,2.698309E-01,0.000000E+00,0.000000E+00,0.000000E+00,0.000000E+00,0.000000E+00,0.000000E+00,0.000000E+00,0.000000E+00,2.111075E+01,5.058197E+01,2.388532E+01,4.961871E+01,8.244556E+02,8.579049E+02,7.276666E-02,7.564994E-02,0.000000E+00,0.000000E+00,0.000000E+00,0.000000E+00,0.000000E+00,0.000000E+00,0.000000E+00,0.000000E+00,2.111089E+01,5.072710E+01,2.388783E+01,4.794874E+01,1.082031E+03,9.702435E+02,9.550030E-02,8.555595E-02,0.000000E+00,0.000000E+00,0.000000E+00,0.000000E+00,0.000000E+00,0.000000E+00,0.000000E+00,0.000000E+00,2.111069E+01,5.047068E+01,2.388789E+01,4.767549E+01,1.319167E+03,2.170996E+03,1.164300E-01,1.914382E-01,0.000000E+00,0.000000E+00,0.000000E+00,0.000000E+00,0.000000E+00,0.000000E+00,0.000000E+00,0.000000E+00,2.111052E+01,5.036257E+01,2.388354E+01,5.023597E+01,6.940484E+01,1.753879E+02,6.125689E-03,1.546568E-02,0.000000E+00,0.000000E+00,0.000000E+00,0.000000E+00,0.000000E+00,0.000000E+00,0.000000E+00,0.000000E+00,2.111111E+01,5.124987E+01,2.388849E+01,4.664102E+01
15:15:00,4.587719E+03,4.642236E+03,4.049132E-01,4.093518E-01,0.000000E+00,0.000000E+00,0.000000E+00,0.000000E+00,0.000000E+00,0.000000E+00,0.000000E+00,0.000000E+00,2.111081E+01,5.084443E+01,2.388764E+01,4.741716E+01,5.365550E+03,7.763512E+03,4.735648E-01,6.845855E-01,0.000000E+00,0.000000E+00,0.000000E+00,0.000000E+00,0.000000E+00,0.000000E+00,0.000000E+00,0.000000E+00,2.111094E+01,5.086867E+01,2.388654E+01,4.900787E+01,7.566216E+02,1.920549E+03,6.677961E-02,1.693538E-01,0.000000E+00,0.000000E+00,0.000000E+00,0.000000E+00,0.000000E+00,0.000000E+00,0.000000E+00,0.000000E+00,2.111084E+01,5.078299E+01,2.388785E+01,4.664390E+01,9.006334E+02,1.886494E+03,7.949013E-02,1.663508E-01,0.000000E+00,0.000000E+00,0.000000E+00,0.000000E+00,0.000000E+00,0.000000E+00,0.000000E+00,0.000000E+00,2.111075E+01,5.060161E+01,2.387894E+01,5.342678E+01,5.465779E+03,1.398152E+04,4.824111E-01,1.232889E+00,0.000000E+00,0.000000E+00,0.000000E+00,0.000000E+00,0.000000E+00,0.000000E+00,0.000000E+00,0.000000E+00,2.111079E+01,5.071262E+01,2.386538E+01,5.980876E+01,2.084470E+03,3.136828E+03,1.839758E-01,2.766051E-01,0.000000E+00,0.000000E+00,0.000000E+00,0.000000E+00,0.000000E+00,0.000000E+00,0.000000E+00,0.000000E+00,2.111075E+01,5.058081E+01,2.388531E+01,4.953216E+01,8.227061E+02,8.554737E+02,7.261224E-02,7.543556E-02,0.000000E+00,0.000000E+00,0.000000E+00,0.000000E+00,0.000000E+00,0.000000E+00,0.000000E+00,0.000000E+00,2.111089E+01,5.072582E+01,2.388784E+01,4.794991E+01,1.080386E+03,9.596961E+02,9.535515E-02,8.462588E-02,0.000000E+00,0.000000E+00,0.000000E+00,0.000000E+00,0.000000E+00,0.000000E+00,0.000000E+00,0.000000E+00,2.111069E+01,5.046939E+01,2.388789E+01,4.769236E+01,1.317678E+03,2.141066E+03,1.162986E-01,1.887989E-01,0.000000E+00,0.000000E+00,0.000000E+00,0.000000E+00,0.000000E+00,0.000000E+00,0.000000E+00,0.000000E+00,2.111052E+01,5.036154E+01,2.388352E+01,5.029285E+01,6.902343E+01,1.744397E+02,6.092025E-03,1.538207E-02,0.000000E+00,0.000000E+00,0.000000E+00,0.000000E+00,0.000000E+00,0.000000E+00,0.000000E+00,0.000000E+00,2.111111E+01,5.124987E+01,2.388849E+01,4.664421E+01
15:30:00,4.582364E+03,4.579475E+03,4.044406E-01,4.038175E-01,0.000000E+00,0.000000E+00,0.000000E+00,0.000000E+00,0.000000E+00,0.000000E+00,0.000000E+00,0.000000E+00,2.111081E+01,5.084395E+01,2.388764E+01,4.743452E+01,5.356200E+03,7.783514E+03,4.727396E-01,6.863493E-01,0.000000E+00,0.000000E+00,0.000000E+00,0.000000E+00,0.000000E+00,0.000000E+00,0.000000E+00,0.000000E+00,2.111094E+01,5.086792E+01,2.388654E+01,4.899872E+01,7.557226E+02,1.863349E+03,6.670027E-02,1.643099E-01,0.000000E+00,0.000000E+00,0.000000E+00,0.000000E+00,0.000000E+00,0.000000E+00,0.000000E+00,0.000000E+00,2.111084E+01,5.078239E+01,2.388787E+01,4.666419E+01,8.995681E+02,1.877658E+03,7.939610E-02,1.655716E-01,0.000000E+00,0.000000E+00,0.000000E+00,0.000000E+00,0.000000E+00,0.000000E+00,0.000000E+00,0.000000E+00,2.111075E+01,5.060079E+01,2.387894E+01,5.345955E+01,5.461947E+03,1.403093E+04,4.820728E-01,1.237245E+00,0.000000E+00,0.000000E+00,0.000000E+00,0.000000E+00,0.000000E+00,0.000000E+00,0.000000E+00,0.000000E+00,2.111079E+01,5.071221E+01,2.386555E+01,5.975095E+01,2.081373E+03,3.219284E+03,1.837025E-01,2.838761E-01,0.000000E+00,0.000000E+00,0.000000E+00,0.000000E+00,0.000000E+00,0.000000E+00,0.000000E+00,0.000000E+00,2.111075E+01,5.057974E+01,2.388532E+01,4.944178E+01,8.210917E+02,8.517063E+02,7.246975E-02,7.510335E-02,0.000000E+00,0.000000E+00,0.000000E+00,0.000000E+00,0.000000E+00,0.000000E+00,0.000000E+00,0.000000E+00,2.111089E+01,5.072464E+01,2.388784E+01,4.795398E+01,1.078871E+03,9.486921E+02,9.522147E-02,8.365555E-02,0.000000E+00,0.000000E+00,0.000000E+00,0.000000E+00,0.000000E+00,0.000000E+00,0.000000E+00,0.000000E+00,2.111069E+01,5.046821E+01,2.388789E+01,4.771008E+01,1.316303E+03,2.112342E+03,1.161773E-01,1.862660E-01,0.000000E+00,0.000000E+00,0.000000E+00,0.000000E+00,0.000000E+00,0.000000E+00,0.000000E+00,0.000000E+00,2.111052E+01,5.036058E+01,2.388350E+01,5.034902E+01,6.867052E+01,1.733557E+02,6.060877E-03,1.528649E-02,0.000000E+00,0.000000E+00,0.000000E+00,0.000000E+00,0.000000E+00,0.000000E+00,0.000000E+00,0.000000E+00,2.111111E+01,5.124987E+01,2.388849E+01,4.664797E+01
15:45:00,4.577168E+03,4.508769E+03,4.039820E-01,3.975827E-01,0.000000E+00,0.000000E+00,0.000000E+00,0.000000E+00,0.000000E+00,0.000000E+00,0.000000E+00,0.000000E+00,2.111081E+01,5.084348E+01,2.388765E+01,4.745491E+01,5.347596E+03,7.794748E+03,4.719801E-01,6.873399E-01,0.000000E+00,0.000000E+00,0.000000E+00,0.000000E+00,0.000000E+00,0.000000E+00,0.000000E+00,0.000000E+00,2.111094E+01,5.086722E+01,2.388654E+01,4.899195E+01,7.548951E+02,1.791018E+03,6.662723E-02,1.579317E-01,0.000000E+00,0.000000E+00,0.000000E+00,0.000000E+00,0.000000E+00,0.000000E+00,0.000000E+00,0.000000E+00,2.111084E+01,5.078185E+01,2.388788E+01,4.669160E+01,8.985965E+02,1.867467E+03,7.931035E-02,1.646730E-01,0.000000E+00,0.000000E+00,0.000000E+00,0.000000E+00,0.000000E+00,0.000000E+00,0.000000E+00,0.000000E+00,2.111075E+01,5.060004E+01,2.387894E+01,5.349827E+01,5.458417E+03,1.402670E+04,4.817613E-01,1.236873E+00,0.000000E+00,0.000000E+00,0.000000E+00,0.000000E+00,0.000000E+00,0.000000E+00,0.000000E+00,0.000000E+00,2.111079E+01,5.071183E+01,2.386571E+01,5.974684E+01,2.078537E+03,3.304678E+03,1.834522E-01,2.914061E-01,0.000000E+00,0.000000E+00,0.000000E+00,0.000000E+00,0.000000E+00,0.000000E+00,0.000000E+00,0.000000E+00,2.111075E+01,5.057876E+01,2.388534E+01,4.935151E+01,8.196074E+02,8.465762E+02,7.233875E-02,7.465098E-02,0.000000E+00,0.000000E+00,0.000000E+00,0.000000E+00,0.000000E+00,0.000000E+00,0.000000E+00,0.000000E+00,2.111089E+01,5.072355E+01,2.388784E+01,4.796108E+01,1.077482E+03,9.370011E+02,9.509882E-02,8.262463E-02,0.000000E+00,0.000000E+00,0.000000E+00,0.000000E+00,0.000000E+00,0.000000E+00,0.000000E+00,0.000000E+00,2.111069E+01,5.046713E+01,2.388789E+01,4.772905E+01,1.315036E+03,2.084165E+03,1.160654E-01,1.837814E-01,0.000000E+00,0.000000E+00,0.000000E+00,0.000000E+00,0.000000E+00,0.000000E+00,0.000000E+00,0.000000E+00,2.111052E+01,5.035970E+01,2.388349E+01,5.040579E+01,6.834457E+01,1.721387E+02,6.032108E-03,1.517917E-02,0.000000E+00,0.000000E+00,0.000000E+00,0.000000E+00,0.000000E+00,0.000000E+00,0.000000E+00,0.000000E+00,2.111111E+01,5.124987E+01,2.388849E+01,4.665230E+01
16:00:00,4.572121E+03,4.433113E+03,4.035365E-01,3.909113E-01,0.000000E+00,0.000000E+00,0.000000E+00,0.000000E+00,0.000000E+00,0.000000E+00,0.000000E+00,0.000000E+00,2.111081E+01,5.084303E+01,2.388765E+01,4.747832E+01,5.339686E+03,7.794635E+03,4.712820E-01,6.873300E-01,0.000000E+00,0.000000E+00,0.000000E+00,0.000000E+00,0.000000E+00,0.000000E+00,0.000000E+00,0.000000E+00,2.111094E+01,5.086657E+01,2.388655E+01,4.898870E+01,7.541327E+02,1.707615E+03,6.655994E-02,1.505772E-01,0.000000E+00,0.000000E+00,0.000000E+00,0.000000E+00,0.000000E+00,0.000000E+00,0.000000E+00,0.000000E+00,2.111084E+01,5.078134E+01,2.388789E+01,4.672665E+01,8.977112E+02,1.855311E+03,7.923221E-02,1.636011E-01,0.000000E+00,0.000000E+00,0.000000E+00,0.000000E+00,0.000000E+00,0.000000E+00,0.000000E+00,0.000000E+00,2.111075E+01,5.059935E+01,2.387894E+01,5.354379E+01,5.455175E+03,1.397371E+04,4.814751E-01,1.232200E+00,0.000000E+00,0.000000E+00,0.000000E+00,0.000000E+00,0.000000E+00,0.000000E+00,0.000000E+00,0.000000E+00,2.111079E+01,5.071148E+01,2.386586E+01,5.979552E+01,2.075945E+03,3.391277E+03,1.832234E-01,2.990423E-01,0.000000E+00,0.000000E+00,0.000000E+00,0.000000E+00,0.000000E+00,0.000000E+00,0.000000E+00,0.000000E+00,2.111075E+01,5.057786E+01,2.388536E+01,4.926428E+01,8.182447E+02,8.400543E+02,7.221849E-02,7.407588E-02,0.000000E+00,0.000000E+00,0.000000E+00,0.000000E+00,0.000000E+00,0.000000E+00,0.000000E+00,0.000000E+00,2.111089E+01,5.072255E+01,2.388785E+01,4.797130E+01,1.076209E+03,9.243978E+02,9.498648E-02,8.151328E-02,0.000000E+00,0.000000E+00,0.000000E+00,0.000000E+00,0.000000E+00,0.000000E+00,0.000000E+00,0.000000E+00,2.111069E+01,5.046613E+01,2.388789E+01,4.774962E+01,1.313866E+03,2.055535E+03,1.159622E-01,1.812568E-01,0.000000E+00,0.000000E+00,0.000000E+00,0.000000E+00,0.000000E+00,0.000000E+00,0.000000E+00,0.000000E+00,2.111052E+01,5.035888E+01,2.388347E+01,5.046377E+01,6.804360E+01,1.707905E+02,6.005545E-03,1.506029E-02,0.000000E+00,0.000000E+00,0.000000E+00,0.000000E+00,0.000000E+00,0.000000E+00,0.000000E+00,0.000000E+00,2.111111E+01,5.124987E+01,2.388849E+01,4.665721E+01
16:15:00,4.567210E+03,4.357493E+03,4.031031E-01,3.842432E-01,0.000000E+00,0.000000E+00,0.000000E+00,0.000000E+00,0.000000E+00,0.000000E+00,0.000000E+00,0.000000E+00,2.111081E+01,5.084259E+01,2.388765E+01,4.750349E+01,5.332417E+03,7.781012E+03,4.706405E-01,6.861286E-01,0.000000E+00,0.000000E+00,0.000000E+00,0.000000E+00,0.000000E+00,0.000000E+00,0.000000E+00,0.000000E+00,2.111094E+01,5.086598E+01,2.388656E+01,4.898956E+01,7.534297E+02,1.618638E+03,6.649789E-02,1.427313E-01,0.000000E+00,0.000000E+00,0.000000E+00,0.000000E+00,0.000000E+00,0.000000E+00,0.000000E+00,0.000000E+00,2.111084E+01,5.078088E+01,2.388789E+01,4.676815E+01,8.969048E+02,1.841255E+03,7.916104E-02,1.623617E-01,0.000000E+00,0.000000E+00,0.000000E+00,0.000000E+00,0.000000E+00,0.000000E+00,0.000000E+00,0.000000E+00,2.111075E+01,5.059872E+01,2.387895E+01,5.359862E+01,5.452199E+03,1.386992E+04,4.812125E-01,1.223048E+00,0.000000E+00,0.000000E+00,0.000000E+00,0.000000E+00,0.000000E+00,0.000000E+00,0.000000E+00,0.000000E+00,2.111079E+01,5.071116E+01,2.386596E+01,5.988601E+01,2.073576E+03,3.476539E+03,1.830143E-01,3.065607E-01,0.000000E+00,0.000000E+00,0.000000E+00,0.000000E+00,0.000000E+00,0.000000E+00,0.000000E+00,0.000000E+00,2.111075E+01,5.057704E+01,2.388538E+01,4.918102E+01,8.169946E+02,8.321691E+02,7.210815E-02,7.338057E-02,0.000000E+00,0.000000E+00,0.000000E+00,0.000000E+00,0.000000E+00,0.000000E+00,0.000000E+00,0.000000E+00,2.111089E+01,5.072163E+01,2.388785E+01,4.798471E+01,1.075044E+03,9.107730E+02,9.488366E-02,8.031185E-02,0.000000E+00,0.000000E+00,0.000000E+00,0.000000E+00,0.000000E+00,0.000000E+00,0.000000E+00,0.000000E+00,2.111069E+01,5.046521E+01,2.388789E+01,4.777212E+01,1.312786E+03,2.026414E+03,1.158668E-01,1.786889E-01,0.000000E+00,0.000000E+00,0.000000E+00,0.000000E+00,0.000000E+00,0.000000E+00,0.000000E+00,0.000000E+00,2.111052E+01,5.035813E+01,2.388346E+01,5.052498E+01,6.776566E+01,1.693145E+02,5.981014E-03,1.493013E-02,0.000000E+00,0.000000E+00,0.000000E+00,0.000000E+00,0.000000E+00,0.000000E+00,0.000000E+00,0.000000E+00,2.111111E+01,5.124987E+01,2.388849E+01,4.666273E+01
16:30:00,4.562426E+03,4.283245E+03,4.026809E-01,3.776960E-01,0.000000E+00,0.000000E+00,0.000000E+00,0.000000E+00,0.000000E+00,0.000000E+00,0.000000E+00,0.000000E+00,2.111081E+01,5.084216E+01,2.388765E+01,4.752884E+01,5.325737E+03,7.751673E+03,4.700509E-01,6.835416E-01,0.000000E+00,0.000000E+00,0.000000E+00,0.000000E+00,0.000000E+00,0.000000E+00,0.000000E+00,0.000000E+00,2.111094E+01,5.086544E+01,2.388657E+01,4.899564E+01,7.527804E+02,1.528833E+03,6.644059E-02,1.348123E-01,0.000000E+00,0.000000E+00,0.000000E+00,0.000000E+00,0.000000E+00,0.000000E+00,0.000000E+00,0.000000E+00,2.111084E+01,5.078045E+01,2.388789E+01,4.681392E+01,8.961704E+02,1.825237E+03,7.909622E-02,1.609491E-01,0.000000E+00,0.000000E+00,0.000000E+00,0.000000E+00,0.000000E+00,0.000000E+00,0.000000E+00,0.000000E+00,2.111075E+01,5.059815E+01,2.387895E+01,5.366289E+01,5.449471E+03,1.371442E+04,4.809717E-01,1.209336E+00,0.000000E+00,0.000000E+00,0.000000E+00,0.000000E+00,0.000000E+00,0.000000E+00,0.000000E+00,0.000000E+00,2.111079E+01,5.071086E+01,2.386608E+01,6.002673E+01,2.071411E+03,3.558119E+03,1.828233E-01,3.137545E-01,0.000000E+00,0.000000E+00,0.000000E+00,0.000000E+00,0.000000E+00,0.000000E+00,0.000000E+00,0.000000E+00,2.111075E+01,5.057629E+01,2.388540E+01,4.910409E+01,8.158480E+02,8.229444E+02,7.200695E-02,7.256713E-02,0.000000E+00,0.000000E+00,0.000000E+00,0.000000E+00,0.000000E+00,0.000000E+00,0.000000E+00,0.000000E+00,2.111089E+01,5.072078E+01,2.388786E+01,4.800142E+01,1.073978E+03,8.960076E+02,9.478958E-02,7.900984E-02,0.000000E+00,0.000000E+00,0.000000E+00,0.000000E+00,0.000000E+00,0.000000E+00,0.000000E+00,0.000000E+00,2.111069E+01,5.046437E+01,2.388789E+01,4.779700E+01,1.311788E+03,1.996552E+03,1.157787E-01,1.760557E-01,0.000000E+00,0.000000E+00,0.000000E+00,0.000000E+00,0.000000E+00,0.000000E+00,0.000000E+00,0.000000E+00,2.111052E+01,5.035743E+01,2.388345E+01,5.058997E+01,6.750891E+01,1.677164E+02,5.958353E-03,1.478921E-02,0.000000E+00,0.000000E+00,0.000000E+00,0.000000E+00,0.000000E+00,0.000000E+00,0.000000E+00,0.000000E+00,2.111111E+01,5.124987E+01,2.388849E+01,4.666884E+01
16:45:00,4.557760E+03,4.208014E+03,4.022691E-01,3.710621E-01,0.000000E+00,0.000000E+00,0.000000E+00,0.000000E+00,0.000000E+00,0.000000E+00,0.000000E+00,0.000000E+00,2.111081E+01,5.084174E+01,2.388764E+01,4.755413E+01,5.319597E+03,7.702496E+03,4.695089E-01,6.792051E-01,0.000000E+00,0.000000E+00,0.000000E+00,0.000000E+00,0.000000E+00,0.000000E+00,0.000000E+00,0.000000E+00,2.111094E+01,5.086493E+01,2.388658E+01,4.900798E+01,7.521799E+02,1.442513E+03,6.638759E-02,1.272006E-01,0.000000E+00,0.000000E+00,0.000000E+00,0.000000E+00,0.000000E+00,0.000000E+00,0.000000E+00,0.000000E+00,2.111084E+01,5.078005E+01,2.388788E+01,4.686258E+01,8.955014E+02,1.807200E+03,7.903718E-02,1.593586E-01,0.000000E+00,0.000000E+00,0.000000E+00,0.000000E+00,0.000000E+00,0.000000E+00,0.000000E+00,0.000000E+00,2.111075E+01,5.059763E+01,2.387895E+01,5.373590E+01,5.446971E+03,1.350762E+04,4.807510E-01,1.191101E+00,0.000000E+00,0.000000E+00,0.000000E+00,0.000000E+00,0.000000E+00,0.000000E+00,0.000000E+00,0.000000E+00,2.111079E+01,5.071059E+01,2.386620E+01,6.022748E+01,2.069435E+03,3.633870E+03,1.826488E-01,3.204342E-01,0.000000E+00,0.000000E+00,0.000000E+00,0.000000E+00,0.000000E+00,0.000000E+00,0.000000E+00,0.000000E+00,2.111075E+01,5.057560E+01,2.388543E+01,4.903557E+01,8.147965E+02,8.124258E+02,7.191414E-02,7.163961E-02,0.000000E+00,0.000000E+00,0.000000E+00,0.000000E+00,0.000000E+00,0.000000E+00,0.000000E+00,0.000000E+00,2.111089E+01,5.072000E+01,2.388786E+01,4.802155E+01,1.073003E+03,8.800501E+02,9.470349E-02,7.760270E-02,0.000000E+00,0.000000E+00,0.000000E+00,0.000000E+00,0.000000E+00,0.000000E+00,0.000000E+00,0.000000E+00,2.111069E+01,5.046360E+01,2.388790E+01,4.782463E+01,1.310863E+03,1.965776E+03,1.156971E-01,1.733419E-01,0.000000E+00,0.000000E+00,0.000000E+00,0.000000E+00,0.000000E+00,0.000000E+00,0.000000E+00,0.000000E+00,2.111052E+01,5.035679E+01,2.388344E+01,5.065848E+01,6.727162E+01,1.660013E+02,5.937410E-03,1.463798E-02,0.000000E+00,0.000000E+00,0.000000E+00,0.000000E+00,0.000000E+00,0.000000E+00,0.000000E+00,0.000000E+00,2.111111E+01,5.124987E+01,2.388849E+01,4.667555E+01
17:00:00,4.553204E+03,4.124986E+03,4.018669E-01,3.637408E-01,0.000000E+00,0.000000E+00,0.000000E+00,0.000000E+00,0.000000E+00,0.000000E+00,0.000000E+00,0.000000E+00,2.111081E+01,5.084133E+01,2.388765E+01,4.758142E+01,5.313951E+03,7.626416E+03,4.690106E-01,6.724964E-01,0.000000E+00,0.000000E+00,0.000000E+00,0.000000E+00,0.000000E+00,0.000000E+00,0.000000E+00,0.000000E+00,2.111094E+01,5.086447E+01,2.388659E+01,4.902840E+01,7.516238E+02,1.361409E+03,6.633850E-02,1.200489E-01,0.000000E+00,0.000000E+00,0.000000E+00,0.000000E+00,0.000000E+00,0.000000E+00,0.000000E+00,0.000000E+00,2.111084E+01,5.077968E+01,2.388787E+01,4.691361E+01,8.948920E+02,1.787391E+03,7.898339E-02,1.576119E-01,0.000000E+00,0.000000E+00,0.000000E+00,0.000000E+00,0.000000E+00,0.000000E+00,0.000000E+00,0.000000E+00,2.111075E+01,5.059715E+01,2.387895E+01,5.381775E+01,5.444681E+03,1.324466E+04,4.805489E-01,1.167912E+00,0.000000E+00,0.000000E+00,0.000000E+00,0.000000E+00,0.000000E+00,0.000000E+00,0.000000E+00,0.000000E+00,2.111079E+01,5.071034E+01,2.386631E+01,6.049240E+01,2.067629E+03,3.700847E+03,1.824894E-01,3.263402E-01,0.000000E+00,0.000000E+00,0.000000E+00,0.000000E+00,0.000000E+00,0.000000E+00,0.000000E+00,0.000000E+00,2.111075E+01,5.057497E+01,2.388546E+01,4.897660E+01,8.138320E+02,8.006733E+02,7.182902E-02,7.060327E-02,0.000000E+00,0.000000E+00,0.000000E+00,0.000000E+00,0.000000E+00,0.000000E+00,0.000000E+00,0.000000E+00,2.111089E+01,5.071928E+01,2.388787E+01,4.804515E+01,1.072110E+03,8.628997E+02,9.462472E-02,7.609039E-02,0.000000E+00,0.000000E+00,0.000000E+00,0.000000E+00,0.000000E+00,0.000000E+00,0.000000E+00,0.000000E+00,2.111069E+01,5.046289E+01,2.388790E+01,4.785529E+01,1.310006E+03,1.934407E+03,1.156215E-01,1.705757E-01,0.000000E+00,0.000000E+00,0.000000E+00,0.000000E+00,0.000000E+00,0.000000E+00,0.000000E+00,0.000000E+00,2.111052E+01,5.035619E+01,2.388343E+01,5.073044E+01,6.705222E+01,1.641742E+02,5.918046E-03,1.447686E-02,0.000000E+00,0.000000E+00,0.000000E+00,0.000000E+00,0.000000E+00,0.000000E+00,0.000000E+00,0.000000E+00,2.111111E+01,5.124987E+01,2.388849E+01,4.668289E+01
17:15:00,4.548750E+03,4.036511E+03,4.014738E-01,3.559390E-01,0.000000E+00,0.000000E+00,0.000000E+00,0.000000E+00,0.000000E+00,0.000000E+00,0.000000E+00,0.000000E+00,2.111081E+01,5.084092E+01,2.388765E+01,4.761380E+01,5.308758E+03,7.524993E+03,4.685523E-01,6.635529E-01,0.000000E+00,0.000000E+00,0.000000E+00,0.000000E+00,0.000000E+00,0.000000E+00,0.000000E+00,0.000000E+00,2.111094E+01,5.086404E+01,2.388661E+01,4.905996E+01,7.511079E+02,1.285679E+03,6.629297E-02,1.133710E-01,0.000000E+00,0.000000E+00,0.000000E+00,0.000000E+00,0.000000E+00,0.000000E+00,0.000000E+00,0.000000E+00,2.111084E+01,5.077934E+01,2.388786E+01,4.696672E+01,8.943365E+02,1.765668E+03,7.893436E-02,1.556963E-01,0.000000E+00,0.000000E+00,0.000000E+00,0.000000E+00,0.000000E+00,0.000000E+00,0.000000E+00,0.000000E+00,2.111075E+01,5.059672E+01,2.387895E+01,5.390915E+01,5.442584E+03,1.293057E+04,4.803639E-01,1.140216E+00,0.000000E+00,0.000000E+00,0.000000E+00,0.000000E+00,0.000000E+00,0.000000E+00,0.000000E+00,0.000000E+00,2.111079E+01,5.071011E+01,2.386641E+01,6.082310E+01,2.065979E+03,3.757485E+03,1.823438E-01,3.313345E-01,0.000000E+00,0.000000E+00,0.000000E+00,0.000000E+00,0.000000E+00,0.000000E+00,0.000000E+00,0.000000E+00,2.111075E+01,5.057439E+01,2.388549E+01,4.892771E+01,8.129474E+02,7.877645E+02,7.175094E-02,6.946498E-02,0.000000E+00,0.000000E+00,0.000000E+00,0.000000E+00,0.000000E+00,0.000000E+00,0.000000E+00,0.000000E+00,2.111089E+01,5.071862E+01,2.388787E+01,4.807225E+01,1.071293E+03,8.446105E+02,9.455262E-02,7.447765E-02,0.000000E+00,0.000000E+00,0.000000E+00,0.000000E+00,0.000000E+00,0.000000E+00,0.000000E+00,0.000000E+00,2.111069E+01,5.046224E+01,2.388790E+01,4.788915E+01,1.309210E+03,1.902241E+03,1.155512E-01,1.677394E-01,0.000000E+00,0.000000E+00,0.000000E+00,0.000000E+00,0.000000E+00,0.000000E+00,0.000000E+00,0.000000E+00,2.111052E+01,5.035563E+01,2.388342E+01,5.080612E+01,6.684925E+01,1.622396E+02,5.900132E-03,1.430627E-02,0.000000E+00,0.000000E+00,0.000000E+00,0.000000E+00,0.000000E+00,0.000000E+00,0.000000E+00,0.000000E+00,2.111111E+01,5.124987E+01,2.388849E+01,4.669085E+01
17:30:00,4.544393E+03,3.936794E+03,4.010893E-01,3.471460E-01,0.000000E+00,0.000000E+00,0.000000E+00,0.000000E+00,0.000000E+00,0.000000E+00,0.000000E+00,0.000000E+00,2.111081E+01,5.084053E+01,2.388765E+01,4.764967E+01,5.303979E+03,7.393455E+03,4.681305E-01,6.519539E-01,0.000000E+00,0.000000E+00,0.000000E+00,0.000000E+00,0.000000E+00,0.000000E+00,0.000000E+00,0.000000E+00,2.111094E+01,5.086364E+01,2.388662E+01,4.910269E+01,7.506286E+02,1.215489E+03,6.625067E-02,1.071817E-01,0.000000E+00,0.000000E+00,0.000000E+00,0.000000E+00,0.000000E+00,0.000000E+00,0.000000E+00,0.000000E+00,2.111084E+01,5.077902E+01,2.388785E+01,4.702171E+01,8.938302E+02,1.741976E+03,7.888968E-02,1.536072E-01,0.000000E+00,0.000000E+00,0.000000E+00,0.000000E+00,0.000000E+00,0.000000E+00,0.000000E+00,0.000000E+00,2.111075E+01,5.059632E+01,2.387894E+01,5.401156E+01,5.440665E+03,1.256954E+04,4.801944E-01,1.108380E+00,0.000000E+00,0.000000E+00,0.000000E+00,0.000000E+00,0.000000E+00,0.000000E+00,0.000000E+00,0.000000E+00,2.111079E+01,5.070991E+01,2.386650E+01,6.122343E+01,2.064471E+03,3.802060E+03,1.822107E-01,3.352652E-01,0.000000E+00,0.000000E+00,0.000000E+00,0.000000E+00,0.000000E+00,0.000000E+00,0.000000E+00,0.000000E+00,2.111075E+01,5.057386E+01,2.388552E+01,4.888948E+01,8.121359E+02,7.737703E+02,7.167932E-02,6.823096E-02,0.000000E+00,0.000000E+00,0.000000E+00,0.000000E+00,0.000000E+00,0.000000E+00,0.000000E+00,0.000000E+00,2.111089E+01,5.071801E+01,2.388787E+01,4.810293E+01,1.070546E+03,8.252411E+02,9.448663E-02,7.276966E-02,0.000000E+00,0.000000E+00,0.000000E+00,0.000000E+00,0.000000E+00,0.000000E+00,0.000000E+00,0.000000E+00,2.111069E+01,5.046165E+01,2.388791E+01,4.792645E+01,1.308470E+03,1.869201E+03,1.154859E-01,1.648259E-01,0.000000E+00,0.000000E+00,0.000000E+00,0.000000E+00,0.000000E+00,0.000000E+00,0.000000E+00,0.000000E+00,2.111052E+01,5.035511E+01,2.388341E+01,5.088644E+01,6.666136E+01,1.602018E+02,5.883549E-03,1.412657E-02,0.000000E+00,0.000000E+00,0.000000E+00,0.000000E+00,0.000000E+00,0.000000E+00,0.000000E+00,0.000000E+00,2.111111E+01,5.124987E+01,2.388849E+01,4.669945E+01
17:45:00,4.540127E+03,3.828416E+03,4.007127E-01,3.375892E-01,0.000000E+00,0.000000E+00,0.000000E+00,0.000000E+00,0.000000E+00,0.000000E+00,0.000000E+00,0.000000E+00,2.111081E+01,5.084015E+01,2.388766E+01,4.769021E+01,5.299579E+03,7.232127E+03,4.677421E-01,6.377281E-01,0.000000E+00,0.000000E+00,0.000000E+00,0.000000E+00,0.000000E+00,0.000000E+00,0.000000E+00,0.000000E+00,2.111094E+01,5.086328E+01,2.388664E+01,4.915803E+01,7.501828E+02,1.150442E+03,6.621132E-02,1.014458E-01,0.000000E+00,0.000000E+00,0.000000E+00,0.000000E+00,0.000000E+00,0.000000E+00,0.000000E+00,0.000000E+00,2.111084E+01,5.077872E+01,2.388784E+01,4.707821E+01,8.933685E+02,1.716139E+03,7.884892E-02,1.513290E-01,0.000000E+00,0.000000E+00,0.000000E+00,0.000000E+00,0.000000E+00,0.000000E+00,0.000000E+00,0.000000E+00,2.111075E+01,5.059596E+01,2.387893E+01,5.412578E+01,5.438907E+03,1.216637E+04,4.800393E-01,1.072829E+00,0.000000E+00,0.000000E+00,0.000000E+00,0.000000E+00,0.000000E+00,0.000000E+00,0.000000E+00,0.000000E+00,2.111079E+01,5.070971E+01,2.386658E+01,6.169771E+01,2.063093E+03,3.833592E+03,1.820891E-01,3.380456E-01,0.000000E+00,0.000000E+00,0.000000E+00,0.000000E+00,0.000000E+00,0.000000E+00,0.000000E+00,0.000000E+00,2.111075E+01,5.057337E+01,2.388555E+01,4.886236E+01,8.113913E+02,7.587369E+02,7.161360E-02,6.690533E-02,0.000000E+00,0.000000E+00,0.000000E+00,0.000000E+00,0.000000E+00,0.000000E+00,0.000000E+00,0.000000E+00,2.111089E+01,5.071745E+01,2.388788E+01,4.813731E+01,1.069861E+03,8.048210E+02,9.442621E-02,7.096901E-02,0.000000E+00,0.000000E+00,0.000000E+00,0.000000E+00,0.000000E+00,0.000000E+00,0.000000E+00,0.000000E+00,2.111069E+01,5.046110E+01,2.388791E+01,4.796745E+01,1.307781E+03,1.834902E+03,1.154250E-01,1.618014E-01,0.000000E+00,0.000000E+00,0.000000E+00,0.000000E+00,0.000000E+00,0.000000E+00,0.000000E+00,0.000000E+00,2.111052E+01,5.035463E+01,2.388340E+01,5.097191E+01,6.648734E+01,1.580645E+02,5.868189E-03,1.393811E-02,0.000000E+00,0.000000E+00,0.000000E+00,0.000000E+00,0.000000E+00,0.000000E+00,0.000000E+00,0.000000E+00,2.111111E+01,5.124987E+01,2.388849E+01,4.670871E+01
18:00:00,4.535946E+03,3.722922E+03,4.003437E-01,3.282868E-01,0.000000E+00,0.000000E+00,0.000000E+00,0.000000E+00,0.000000E+00,0.000000E+00,0.000000E+00,0.000000E+00,2.111081E+01,5.083977E+01,2.388766E+01,4.773635E+01,5.295526E+03,7.050866E+03,4.673844E-01,6.217444E-01,0.000000E+00,0.000000E+00,0.000000E+00,0.000000E+00,0.000000E+00,0.000000E+00,0.000000E+00,0.000000E+00,2.111094E+01,5.086295E+01,2.388666E+01,4.922743E+01,7.497675E+02,1.090493E+03,6.617466E-02,9.615956E-02,0.000000E+00,0.000000E+00,0.000000E+00,0.000000E+00,0.000000E+00,0.000000E+00,0.000000E+00,0.000000E+00,2.111084E+01,5.077845E+01,2.388783E+01,4.713639E+01,8.929473E+02,1.688289E+03,7.881175E-02,1.488731E-01,0.000000E+00,0.000000E+00,0.000000E+00,0.000000E+00,0.000000E+00,0.000000E+00,0.000000E+00,0.000000E+00,2.111075E+01,5.059563E+01,2.387893E+01,5.425369E+01,5.437298E+03,1.172640E+04,4.798973E-01,1.034032E+00,0.000000E+00,0.000000E+00,0.000000E+00,0.000000E+00,0.000000E+00,0.000000E+00,0.000000E+00,0.000000E+00,2.111079E+01,5.070954E+01,2.386664E+01,6.224956E+01,2.061834E+03,3.850198E+03,1.819780E-01,3.395100E-01,0.000000E+00,0.000000E+00,0.000000E+00,0.000000E+00,0.000000E+00,0.000000E+00,0.000000E+00,0.000000E+00,2.111075E+01,5.057293E+01,2.388558E+01,4.884600E+01,8.107080E+02,7.427037E+02,7.155329E-02,6.549152E-02,0.000000E+00,0.000000E+00,0.000000E+00,0.000000E+00,0.000000E+00,0.000000E+00,0.000000E+00,0.000000E+00,2.111089E+01,5.071693E+01,2.388788E+01,4.817553E+01,1.069234E+03,7.833655E+02,9.437089E-02,6.907707E-02,0.000000E+00,0.000000E+00,0.000000E+00,0.000000E+00,0.000000E+00,0.000000E+00,0.000000E+00,0.000000E+00,2.111069E+01,5.046060E+01,2.388791E+01,4.801241E+01,1.307138E+03,1.799431E+03,1.153683E-01,1.586736E-01,0.000000E+00,0.000000E+00,0.000000E+00,0.000000E+00,0.000000E+00,0.000000E+00,0.000000E+00,0.000000E+00,2.111052E+01,5.035418E+01,2.388339E+01,5.106423E+01,6.632605E+01,1.558328E+02,5.853954E-03,1.374132E-02,0.000000E+00,0.000000E+00,0.000000E+00,0.000000E+00,0.000000E+00,0.000000E+00,0.000000E+00,0.000000E+00,2.111111E+01,5.124987E+01,2.388849E+01,4.671866E+01
18:15:00,4.531847E+03,3.616300E+03,3.999820E-01,3.188849E-01,0.000000E+00,0.000000E+00,0.000000E+00,0.000000E+00,0.000000E+00,0.000000E+00,0.000000E+00,0.000000E+00,2.111081E+01,5.083939E+01,2.388766E+01,4.778458E+01,5.291792E+03,6.849724E+03,4.670548E-01,6.040078E-01,0.000000E+00,0.000000E+00,0.000000E+00,0.000000E+00,0.000000E+00,0.000000E+00,0.000000E+00,0.000000E+00,2.111094E+01,5.086264E+01,2.388667E+01,4.930893E+01,7.493800E+02,1.035067E+03,6.614046E-02,9.127208E-02,0.000000E+00,0.000000E+00,0.000000E+00,0.000000E+00,0.000000E+00,0.000000E+00,0.000000E+00,0.000000E+00,2.111084E+01,5.077819E+01,2.388782E+01,4.719576E+01,8.925630E+02,1.658440E+03,7.877784E-02,1.462410E-01,0.000000E+00,0.000000E+00,0.000000E+00,0.000000E+00,0.000000E+00,0.000000E+00,0.000000E+00,0.000000E+00,2.111075E+01,5.059533E+01,2.387892E+01,5.439494E+01,5.435826E+03,1.125520E+04,4.797674E-01,9.924817E-01,0.000000E+00,0.000000E+00,0.000000E+00,0.000000E+00,0.000000E+00,0.000000E+00,0.000000E+00,0.000000E+00,2.111079E+01,5.070938E+01,2.386669E+01,6.288309E+01,2.060683E+03,3.849808E+03,1.818764E-01,3.394755E-01,0.000000E+00,0.000000E+00,0.000000E+00,0.000000E+00,0.000000E+00,0.000000E+00,0.000000E+00,0.000000E+00,2.111075E+01,5.057252E+01,2.388560E+01,4.884138E+01,8.100809E+02,7.256706E+02,7.149794E-02,6.398954E-02,0.000000E+00,0.000000E+00,0.000000E+00,0.000000E+00,0.000000E+00,0.000000E+00,0.000000E+00,0.000000E+00,2.111089E+01,5.071646E+01,2.388788E+01,4.821778E+01,1.068660E+03,7.608202E+02,9.432021E-02,6.708903E-02,0.000000E+00,0.000000E+00,0.000000E+00,0.000000E+00,0.000000E+00,0.000000E+00,0.000000E+00,0.000000E+00,2.111069E+01,5.046014E+01,2.388792E+01,4.806167E+01,1.306537E+03,1.762647E+03,1.153153E-01,1.554300E-01,0.000000E+00,0.000000E+00,0.000000E+00,0.000000E+00,0.000000E+00,0.000000E+00,0.000000E+00,0.000000E+00,2.111052E+01,5.035376E+01,2.388338E+01,5.116323E+01,6.617647E+01,1.535117E+02,5.840752E-03,1.353664E-02,0.000000E+00,0.000000E+00,0.000000E+00,0.000000E+00,0.000000E+00,0.000000E+00,0.000000E+00,0.000000E+00,2.111111E+01,5.124987E+01,2.388849E+01,4.672931E+01
18:30:00,4.527826E+03,3.515098E+03,3.996271E-01,3.099609E-01,0.000000E+00,0.000000E+00,0.000000E+00,0.000000E+00,0.000000E+00,0.000000E+00,0.000000E+00,0.000000E+00,2.111081E+01,5.083903E+01,2.388766E+01,4.783311E+01,5.288349E+03,6.634770E+03,4.667510E-01,5.850532E-01,0.000000E+00,0.000000E+00,0.000000E+00,0.000000E+00,0.000000E+00,0.000000E+00,0.000000E+00,0.000000E+00,2.111094E+01,5.086235E+01,2.388668E+01,4.940132E+01,7.490180E+02,9.834558E+02,6.610852E-02,8.672101E-02,0.000000E+00,0.000000E+00,0.000000E+00,0.000000E+00,0.000000E+00,0.000000E+00,0.000000E+00,0.000000E+00,2.111084E+01,5.077795E+01,2.388781E+01,4.725642E+01,8.922123E+02,1.626684E+03,7.874688E-02,1.434408E-01,0.000000E+00,0.000000E+00,0.000000E+00,0.000000E+00,0.000000E+00,0.000000E+00,0.000000E+00,0.000000E+00,2.111075E+01,5.059505E+01,2.387890E+01,5.455043E+01,5.434479E+03,1.076060E+04,4.796484E-01,9.488683E-01,0.000000E+00,0.000000E+00,0.000000E+00,0.000000E+00,0.000000E+00,0.000000E+00,0.000000E+00,0.000000E+00,2.111079E+01,5.070923E+01,2.386673E+01,6.360581E+01,2.059630E+03,3.830489E+03,1.817834E-01,3.377720E-01,0.000000E+00,0.000000E+00,0.000000E+00,0.000000E+00,0.000000E+00,0.000000E+00,0.000000E+00,0.000000E+00,2.111075E+01,5.057215E+01,2.388563E+01,4.885060E+01,8.095053E+02,7.076722E+02,7.144714E-02,6.240244E-02,0.000000E+00,0.000000E+00,0.000000E+00,0.000000E+00,0.000000E+00,0.000000E+00,0.000000E+00,0.000000E+00,2.111089E+01,5.071603E+01,2.388789E+01,4.826441E+01,1.068134E+03,7.372049E+02,9.427378E-02,6.500663E-02,0.000000E+00,0.000000E+00,0.000000E+00,0.000000E+00,0.000000E+00,0.000000E+00,0.000000E+00,0.000000E+00,2.111069E+01,5.045972E+01,2.388792E+01,4.811580E+01,1.305975E+03,1.724550E+03,1.152657E-01,1.520706E-01,0.000000E+00,0.000000E+00,0.000000E+00,0.000000E+00,0.000000E+00,0.000000E+00,0.000000E+00,0.000000E+00,2.111052E+01,5.035337E+01,2.388337E+01,5.126970E+01,6.603766E+01,1.511066E+02,5.828501E-03,1.332456E-02,0.000000E+00,0.000000E+00,0.000000E+00,0.000000E+00,0.000000E+00,0.000000E+00,0.000000E+00,0.000000E+00,2.111111E+01,5.124987E+01,2.388849E+01,4.674068E+01
18:45:00,4.523879E+03,3.421001E+03,3.992787E-01,3.016634E-01,0.000000E+00,0.000000E+00,0.000000E+00,0.000000E+00,0.000000E+00,0.000000E+00,0.000000E+00,0.000000E+00,2.111081E+01,5.083867E+01,2.388765E+01,4.788192E+01,5.285173E+03,6.408976E+03,4.664707E-01,5.651427E-01,0.000000E+00,0.000000E+00,0.000000E+00,0.000000E+00,0.000000E+00,0.000000E+00,0.000000E+00,0.000000E+00,2.111094E+01,5.086209E+01,2.388669E+01,4.950502E+01,7.486795E+02,9.352872E+02,6.607864E-02,8.247350E-02,0.000000E+00,0.000000E+00,0.000000E+00,0.000000E+00,0.000000E+00,0.000000E+00,0.000000E+00,0.000000E+00,2.111084E+01,5.077773E+01,2.388780E+01,4.731884E+01,8.918921E+02,1.593334E+03,7.871862E-02,1.405000E-01,0.000000E+00,0.000000E+00,0.000000E+00,0.000000E+00,0.000000E+00,0.000000E+00,0.000000E+00,0.000000E+00,2.111075E+01,5.059480E+01,2.387888E+01,5.472070E+01,5.433245E+03,1.025128E+04,4.795396E-01,9.039569E-01,0.000000E+00,0.000000E+00,0.000000E+00,0.000000E+00,0.000000E+00,0.000000E+00,0.000000E+00,0.000000E+00,2.111079E+01,5.070909E+01,2.386675E+01,6.442001E+01,2.058667E+03,3.789220E+03,1.816984E-01,3.341329E-01,0.000000E+00,0.000000E+00,0.000000E+00,0.000000E+00,0.000000E+00,0.000000E+00,0.000000E+00,0.000000E+00,2.111075E+01,5.057181E+01,2.388566E+01,4.887555E+01,8.089768E+02,6.887725E+02,7.140050E-02,6.073588E-02,0.000000E+00,0.000000E+00,0.000000E+00,0.000000E+00,0.000000E+00,0.000000E+00,0.000000E+00,0.000000E+00,2.111089E+01,5.071563E+01,2.388789E+01,4.831574E+01,1.067652E+03,7.125782E+02,9.423125E-02,6.283506E-02,0.000000E+00,0.000000E+00,0.000000E+00,0.000000E+00,0.000000E+00,0.000000E+00,0.000000E+00,0.000000E+00,2.111069E+01,5.045933E+01,2.388793E+01,4.817533E+01,1.305449E+03,1.685502E+03,1.152193E-01,1.486274E-01,0.000000E+00,0.000000E+00,0.000000E+00,0.000000E+00,0.000000E+00,0.000000E+00,0.000000E+00,0.000000E+00,2.111052E+01,5.035300E+01,2.388335E+01,5.138400E+01,6.590876E+01,1.486259E+02,5.817124E-03,1.310582E-02,0.000000E+00,0.000000E+00,0.000000E+00,0.000000E+00,0.000000E+00,0.000000E+00,0.000000E+00,0.000000E+00,2.111111E+01,5.124987E+01,2.388849E+01,4.675279E+01
19:00:00,4.520004E+03,3.327783E+03,3.989367E-01,2.934435E-01,0.000000E+00,0.000000E+00,0.000000E+00,0.000000E+00,0.000000E+00,0.000000E+00,0.000000E+00,0.000000E+00,2.111081E+01,5.083832E+01,2.388785E+01,4.794562E+01,5.282243E+03,6.167413E+03,4.662121E-01,5.438417E-01,0.000000E+00,0.000000E+00,0.000000E+00,0.000000E+00,0.000000E+00,0.000000E+00,0.000000E+00,0.000000E+00,2.111094E+01,5.086184E+01,2.388705E+01,4.965771E+01,7.483625E+02,8.896491E+02,6.605066E-02,7.844915E-02,0.000000E+00,0.000000E+00,0.000000E+00,0.000000E+00,0.000000E+00,0.000000E+00,0.000000E+00,0.000000E+00,2.111084E+01,5.077752E+01,2.388795E+01,4.740287E+01,8.915997E+02,1.558168E+03,7.869281E-02,1.373991E-01,0.000000E+00,0.000000E+00,0.000000E+00,0.000000E+00,0.000000E+00,0.000000E+00,0.000000E+00,0.000000E+00,2.111075E+01,5.059457E+01,2.388019E+01,5.496475E+01,5.432117E+03,9.733463E+03,4.794400E-01,8.582955E-01,0.000000E+00,0.000000E+00,0.000000E+00,0.000000E+00,0.000000E+00,0.000000E+00,0.000000E+00,0.000000E+00,2.111079E+01,5.070897E+01,2.387013E+01,6.561235E+01,2.057786E+03,3.723292E+03,1.816207E-01,3.283194E-01,0.000000E+00,0.000000E+00,0.000000E+00,0.000000E+00,0.000000E+00,0.000000E+00,0.000000E+00,0.000000E+00,2.111075E+01,5.057150E+01,2.388612E+01,4.893695E+01,8.084916E+02,6.690321E+02,7.135767E-02,5.899516E-02,0.000000E+00,0.000000E+00,0.000000E+00,0.000000E+00,0.000000E+00,0.000000E+00,0.000000E+00,0.000000E+00,2.111089E+01,5.071526E+01,2.388806E+01,4.838815E+01,1.067210E+03,6.870094E+02,9.419226E-02,6.058040E-02,0.000000E+00,0.000000E+00,0.000000E+00,0.000000E+00,0.000000E+00,0.000000E+00,0.000000E+00,0.000000E+00,2.111069E+01,5.045898E+01,2.388809E+01,4.825962E+01,1.304956E+03,1.645256E+03,1.151757E-01,1.450785E-01,0.000000E+00,0.000000E+00,0.000000E+00,0.000000E+00,0.000000E+00,0.000000E+00,0.000000E+00,0.000000E+00,2.111052E+01,5.035265E+01,2.388410E+01,5.154372E+01,6.578898E+01,1.460788E+02,5.806552E-03,1.288121E-02,0.000000E+00,0.000000E+00,0.000000E+00,0.000000E+00,0.000000E+00,0.000000E+00,0.000000E+00,0.000000E+00,2.111111E+01,5.124987E+01,2.388854E+01,4.676937E+01
19:15:00,4.516197E+03,3.236474E+03,3.986006E-01,2.853918E-01,0.000000E+00,0.000000E+00,0.000000E+00,0.000000E+00,0.000000E+00,0.000000E+00,0.000000E+00,0.000000E+00,2.111081E+01,5.083797E+01,2.388807E+01,4.799487E+01,5.279538E+03,5.909381E+03,4.659733E-01,5.210885E-01,0.000000E+00,0.000000E+00,0.000000E+00,0.000000E+00,0.000000E+00,0.000000E+00,0.000000E+00,0.000000E+00,2.111094E+01,5.086162E+01,2.388744E+01,4.979057E+01,7.480653E+02,8.464951E+02,6.602443E-02,7.464383E-02,0.000000E+00,0.000000E+00,0.000000E+00,0.000000E+00,0.000000E+00,0.000000E+00,0.000000E+00,0.000000E+00,2.111084E+01,5.077732E+01,2.388812E+01,4.746928E+01,8.913326E+02,1.522081E+03,7.866924E-02,1.342170E-01,0.000000E+00,0.000000E+00,0.000000E+00,0.000000E+00,0.000000E+00,0.000000E+00,0.000000E+00,0.000000E+00,2.111075E+01,5.059436E+01,2.388178E+01,5.516694E+01,5.431084E+03,9.226752E+03,4.793488E-01,8.136138E-01,0.000000E+00,0.000000E+00,0.000000E+00,0.000000E+00,0.000000E+00,0.000000E+00,0.000000E+00,0.000000E+00,2.111079E+01,5.070886E+01,2.387396E+01,6.660559E+01,2.056980E+03,3.630773E+03,1.815495E-01,3.201611E-01,0.000000E+00,0.000000E+00,0.000000E+00,0.000000E+00,0.000000E+00,0.000000E+00,0.000000E+00,0.000000E+00,2.111075E+01,5.057121E+01,2.388663E+01,4.901027E+01,8.080460E+02,6.487619E+02,7.131834E-02,5.720774E-02,0.000000E+00,0.000000E+00,0.000000E+00,0.000000E+00,0.000000E+00,0.000000E+00,0.000000E+00,0.000000E+00,2.111089E+01,5.071492E+01,2.388824E+01,4.844714E+01,1.066806E+03,6.609288E+02,9.415653E-02,5.828062E-02,0.000000E+00,0.000000E+00,0.000000E+00,0.000000E+00,0.000000E+00,0.000000E+00,0.000000E+00,0.000000E+00,2.111069E+01,5.045865E+01,2.388826E+01,4.832863E+01,1.304493E+03,1.604697E+03,1.151349E-01,1.415020E-01,0.000000E+00,0.000000E+00,0.000000E+00,0.000000E+00,0.000000E+00,0.000000E+00,0.000000E+00,0.000000E+00,2.111052E+01,5.035233E+01,2.388500E+01,5.167337E+01,6.567761E+01,1.434872E+02,5.796722E-03,1.265268E-02,0.000000E+00,0.000000E+00,0.000000E+00,0.000000E+00,0.000000E+00,0.000000E+00,0.000000E+00,0.000000E+00,2.111111E+01,5.124987E+01,2.388860E+01,4.678256E+01
19:30:00,4.512455E+03,3.146160E+03,3.982704E-01,2.774280E-01,0.000000E+00,0.000000E+00,0.000000E+00,0.000000E+00,0.000000E+00,0.000000E+00,0.000000E+00,0.000000E+00,2.111081E+01,5.083763E+01,2.388807E+01,4.805163E+01,5.277040E+03,5.630423E+03,4.657529E-01,4.964900E-01,0.000000E+00,0.000000E+00,0.000000E+00,0.000000E+00,0.000000E+00,0.000000E+00,0.000000E+00,0.000000E+00,2.111094E+01,5.086141E+01,2.388745E+01,4.995937E+01,7.477863E+02,8.055038E+02,6.599981E-02,7.102922E-02,0.000000E+00,0.000000E+00,0.000000E+00,0.000000E+00,0.000000E+00,0.000000E+00,0.000000E+00,0.000000E+00,2.111084E+01,5.077714E+01,2.388811E+01,4.754454E+01,8.910885E+02,1.485355E+03,7.864770E-02,1.309784E-01,0.000000E+00,0.000000E+00,0.000000E+00,0.000000E+00,0.000000E+00,0.000000E+00,0.000000E+00,0.000000E+00,2.111075E+01,5.059416E+01,2.388186E+01,5.539649E+01,5.430139E+03,8.740850E+03,4.792655E-01,7.707670E-01,0.000000E+00,0.000000E+00,0.000000E+00,0.000000E+00,0.000000E+00,0.000000E+00,0.000000E+00,0.000000E+00,2.111079E+01,5.070875E+01,2.387405E+01,6.773155E+01,2.056242E+03,3.507296E+03,1.814844E-01,3.092729E-01,0.000000E+00,0.000000E+00,0.000000E+00,0.000000E+00,0.000000E+00,0.000000E+00,0.000000E+00,0.000000E+00,2.111075E+01,5.057095E+01,2.388668E+01,4.911786E+01,8.076368E+02,6.281986E+02,7.128223E-02,5.539447E-02,0.000000E+00,0.000000E+00,0.000000E+00,0.000000E+00,0.000000E+00,0.000000E+00,0.000000E+00,0.000000E+00,2.111089E+01,5.071461E+01,2.388824E+01,4.851872E+01,1.066434E+03,6.346052E+02,9.412377E-02,5.595941E-02,0.000000E+00,0.000000E+00,0.000000E+00,0.000000E+00,0.000000E+00,0.000000E+00,0.000000E+00,0.000000E+00,2.111069E+01,5.045836E+01,2.388826E+01,4.841236E+01,1.304058E+03,1.563965E+03,1.150965E-01,1.379102E-01,0.000000E+00,0.000000E+00,0.000000E+00,0.000000E+00,0.000000E+00,0.000000E+00,0.000000E+00,0.000000E+00,2.111052E+01,5.035202E+01,2.388504E+01,5.182025E+01,6.557397E+01,1.408776E+02,5.787575E-03,1.242257E-02,0.000000E+00,0.000000E+00,0.000000E+00,0.000000E+00,0.000000E+00,0.000000E+00,0.000000E+00,0.000000E+00,2.111111E+01,5.124987E+01,2.388860E+01,4.679795E+01
19:45:00,4.508778E+03,3.057244E+03,3.979459E-01,2.695874E-01,0.000000E+00,0.000000E+00,0.000000E+00,0.000000E+00,0.000000E+00,0.000000E+00,0.000000E+00,0.000000E+00,2.111081E+01,5.083729E+01,2.388807E+01,4.810902E+01,5.274732E+03,5.329236E+03,4.655492E-01,4.699314E-01,0.000000E+00,0.000000E+00,0.000000E+00,0.000000E+00,0.000000E+00,0.000000E+00,0.000000E+00,0.000000E+00,2.111094E+01,5.086122E+01,2.388746E+01,5.015151E+01,7.475242E+02,7.667012E+02,6.597668E-02,6.760761E-02,0.000000E+00,0.000000E+00,0.000000E+00,0.000000E+00,0.000000E+00,0.000000E+00,0.000000E+00,0.000000E+00,2.111084E+01,5.077696E+01,2.388811E+01,4.762013E+01,8.908655E+02,1.448421E+03,7.862801E-02,1.277216E-01,0.000000E+00,0.000000E+00,0.000000E+00,0.000000E+00,0.000000E+00,0.000000E+00,0.000000E+00,0.000000E+00,2.111075E+01,5.059399E+01,2.388185E+01,5.562826E+01,5.429275E+03,8.285718E+03,4.791892E-01,7.306336E-01,0.000000E+00,0.000000E+00,0.000000E+00,0.000000E+00,0.000000E+00,0.000000E+00,0.000000E+00,0.000000E+00,2.111079E+01,5.070866E+01,2.387398E+01,6.885159E+01,2.055567E+03,3.350391E+03,1.814249E-01,2.954371E-01,0.000000E+00,0.000000E+00,0.000000E+00,0.000000E+00,0.000000E+00,0.000000E+00,0.000000E+00,0.000000E+00,2.111075E+01,5.057071E+01,2.388670E+01,4.926063E+01,8.072610E+02,6.075967E+02,7.124906E-02,5.357780E-02,0.000000E+00,0.000000E+00,0.000000E+00,0.000000E+00,0.000000E+00,0.000000E+00,0.000000E+00,0.000000E+00,2.111089E+01,5.071432E+01,2.388824E+01,4.859379E+01,1.066094E+03,6.083376E+02,9.409374E-02,5.364313E-02,0.000000E+00,0.000000E+00,0.000000E+00,0.000000E+00,0.000000E+00,0.000000E+00,0.000000E+00,0.000000E+00,2.111069E+01,5.045808E+01,2.388826E+01,4.850050E+01,1.303648E+03,1.523456E+03,1.150603E-01,1.343382E-01,0.000000E+00,0.000000E+00,0.000000E+00,0.000000E+00,0.000000E+00,0.000000E+00,0.000000E+00,0.000000E+00,2.111052E+01,5.035174E+01,2.388503E+01,5.196764E+01,6.547748E+01,1.382791E+02,5.779058E-03,1.219344E-02,0.000000E+00,0.000000E+00,0.000000E+00,0.000000E+00,0.000000E+00,0.000000E+00,0.000000E+00,0.000000E+00,2.111111E+01,5.124987E+01,2.388860E+01,4.681346E+01
20:00:00,4.505162E+03,2.969162E+03,3.976267E-01,2.618203E-01,0.000000E+00,0.000000E+00,0.000000E+00,0.000000E+00,0.000000E+00,0.000000E+00,0.000000E+00,0.000000E+00,2.111081E+01,5.083696E+01,2.388807E+01,4.816796E+01,5.272599E+03,5.013515E+03,4.653609E-01,4.420911E-01,0.000000E+00,0.000000E+00,0.000000E+00,0.000000E+00,0.000000E+00,0.000000E+00,0.000000E+00,0.000000E+00,2.111094E+01,5.086104E+01,2.388748E+01,5.037265E+01,7.472778E+02,7.299840E+02,6.595492E-02,6.436990E-02,0.000000E+00,0.000000E+00,0.000000E+00,0.000000E+00,0.000000E+00,0.000000E+00,0.000000E+00,0.000000E+00,2.111084E+01,5.077680E+01,2.388810E+01,4.769756E+01,8.906617E+02,1.411944E+03,7.861002E-02,1.245050E-01,0.000000E+00,0.000000E+00,0.000000E+00,0.000000E+00,0.000000E+00,0.000000E+00,0.000000E+00,0.000000E+00,2.111075E+01,5.059383E+01,2.388182E+01,5.586812E+01,5.428484E+03,7.869991E+03,4.791194E-01,6.939748E-01,0.000000E+00,0.000000E+00,0.000000E+00,0.000000E+00,0.000000E+00,0.000000E+00,0.000000E+00,0.000000E+00,2.111079E+01,5.070857E+01,2.387390E+01,6.997729E+01,2.054949E+03,3.166008E+03,1.813703E-01,2.791781E-01,0.000000E+00,0.000000E+00,0.000000E+00,0.000000E+00,0.000000E+00,0.000000E+00,0.000000E+00,0.000000E+00,2.111075E+01,5.057049E+01,2.388671E+01,4.944644E+01,8.069158E+02,5.872415E+02,7.121859E-02,5.178288E-02,0.000000E+00,0.000000E+00,0.000000E+00,0.000000E+00,0.000000E+00,0.000000E+00,0.000000E+00,0.000000E+00,2.111089E+01,5.071406E+01,2.388824E+01,4.867242E+01,1.065782E+03,5.824605E+02,9.406620E-02,5.136129E-02,0.000000E+00,0.000000E+00,0.000000E+00,0.000000E+00,0.000000E+00,0.000000E+00,0.000000E+00,0.000000E+00,2.111069E+01,5.045783E+01,2.388827E+01,4.859340E+01,1.303263E+03,1.483610E+03,1.150263E-01,1.308246E-01,0.000000E+00,0.000000E+00,0.000000E+00,0.000000E+00,0.000000E+00,0.000000E+00,0.000000E+00,0.000000E+00,2.111052E+01,5.035147E+01,2.388501E+01,5.211909E+01,6.538757E+01,1.357225E+02,5.771123E-03,1.196799E-02,0.000000E+00,0.000000E+00,0.000000E+00,0.000000E+00,0.000000E+00,0.000000E+00,0.000000E+00,0.000000E+00,2.111111E+01,5.124987E+01,2.388860E+01,4.682916E+01
20:15:00,4.501606E+03,2.884459E+03,3.973128E-01,2.543513E-01,0.000000E+00,0.000000E+00,0.000000E+00,0.000000E+00,0.000000E+00,0.000000E+00,0.000000E+00,0.000000E+00,2.111081E+01,5.083663E+01,2.388807E+01,4.822872E+01,5.270626E+03,4.705737E+03,4.651868E-01,4.149512E-01,0.000000E+00,0.000000E+00,0.000000E+00,0.000000E+00,0.000000E+00,0.000000E+00,0.000000E+00,0.000000E+00,2.111094E+01,5.086088E+01,2.388748E+01,5.061874E+01,7.470458E+02,6.959176E+02,6.593445E-02,6.136593E-02,0.000000E+00,0.000000E+00,0.000000E+00,0.000000E+00,0.000000E+00,0.000000E+00,0.000000E+00,0.000000E+00,2.111084E+01,5.077664E+01,2.388810E+01,4.777693E+01,8.904753E+02,1.376411E+03,7.859357E-02,1.213717E-01,0.000000E+00,0.000000E+00,0.000000E+00,0.000000E+00,0.000000E+00,0.000000E+00,0.000000E+00,0.000000E+00,2.111075E+01,5.059368E+01,2.388179E+01,5.611461E+01,5.427761E+03,7.493492E+03,4.790555E-01,6.607752E-01,0.000000E+00,0.000000E+00,0.000000E+00,0.000000E+00,0.000000E+00,0.000000E+00,0.000000E+00,0.000000E+00,2.111079E+01,5.070849E+01,2.387381E+01,7.110319E+01,2.054384E+03,2.973489E+03,1.813204E-01,2.622018E-01,0.000000E+00,0.000000E+00,0.000000E+00,0.000000E+00,0.000000E+00,0.000000E+00,0.000000E+00,0.000000E+00,2.111075E+01,5.057029E+01,2.388671E+01,4.966510E+01,8.065987E+02,5.673382E+02,7.119060E-02,5.002781E-02,0.000000E+00,0.000000E+00,0.000000E+00,0.000000E+00,0.000000E+00,0.000000E+00,0.000000E+00,0.000000E+00,2.111089E+01,5.071382E+01,2.388824E+01,4.875449E+01,1.065496E+03,5.572070E+02,9.404095E-02,4.913444E-02,0.000000E+00,0.000000E+00,0.000000E+00,0.000000E+00,0.000000E+00,0.000000E+00,0.000000E+00,0.000000E+00,2.111069E+01,5.045760E+01,2.388827E+01,4.869114E+01,1.302900E+03,1.444963E+03,1.149942E-01,1.274167E-01,0.000000E+00,0.000000E+00,0.000000E+00,0.000000E+00,0.000000E+00,0.000000E+00,0.000000E+00,0.000000E+00,2.111052E+01,5.035121E+01,2.388499E+01,5.227429E+01,6.530374E+01,1.332360E+02,5.763724E-03,1.174873E-02,0.000000E+00,0.000000E+00,0.000000E+00,0.000000E+00,0.000000E+00,0.000000E+00,0.000000E+00,0.000000E+00,2.111111E+01,5.124987E+01,2.388860E+01,4.684501E+01
20:30:00,4.498107E+03,2.804999E+03,3.970041E-01,2.473444E-01,0.000000E+00,0.000000E+00,0.000000E+00,0.000000E+00,0.000000E+00,0.000000E+00,0.000000E+00,0.000000E+00,2.111081E+01,5.083631E+01,2.388807E+01,4.828914E+01,5.268801E+03,4.424888E+03,4.650257E-01,3.901861E-01,0.000000E+00,0.000000E+00,0.000000E+00,0.000000E+00,0.000000E+00,0.000000E+00,0.000000E+00,0.000000E+00,2.111094E+01,5.086072E+01,2.388748E+01,5.087328E+01,7.468272E+02,6.649736E+02,6.591515E-02,5.863729E-02,0.000000E+00,0.000000E+00,0.000000E+00,0.000000E+00,0.000000E+00,0.000000E+00,0.000000E+00,0.000000E+00,2.111084E+01,5.077650E+01,2.388809E+01,4.785581E+01,8.903049E+02,1.342722E+03,7.857853E-02,1.184011E-01,0.000000E+00,0.000000E+00,0.000000E+00,0.000000E+00,0.000000E+00,0.000000E+00,0.000000E+00,0.000000E+00,2.111075E+01,5.059354E+01,2.388175E+01,5.635838E+01,5.427099E+03,7.159258E+03,4.789971E-01,6.313024E-01,0.000000E+00,0.000000E+00,0.000000E+00,0.000000E+00,0.000000E+00,0.000000E+00,0.000000E+00,0.000000E+00,2.111079E+01,5.070842E+01,2.387369E+01,7.220072E+01,2.053866E+03,2.789544E+03,1.812747E-01,2.459817E-01,0.000000E+00,0.000000E+00,0.000000E+00,0.000000E+00,0.000000E+00,0.000000E+00,0.000000E+00,0.000000E+00,2.111075E+01,5.057011E+01,2.388668E+01,4.988827E+01,8.063074E+02,5.481974E+02,7.116489E-02,4.833997E-02,0.000000E+00,0.000000E+00,0.000000E+00,0.000000E+00,0.000000E+00,0.000000E+00,0.000000E+00,0.000000E+00,2.111089E+01,5.071359E+01,2.388824E+01,4.883940E+01,1.065234E+03,5.329497E+02,9.401779E-02,4.699543E-02,0.000000E+00,0.000000E+00,0.000000E+00,0.000000E+00,0.000000E+00,0.000000E+00,0.000000E+00,0.000000E+00,2.111069E+01,5.045739E+01,2.388827E+01,4.879314E+01,1.302557E+03,1.408388E+03,1.149640E-01,1.241915E-01,0.000000E+00,0.000000E+00,0.000000E+00,0.000000E+00,0.000000E+00,0.000000E+00,0.000000E+00,0.000000E+00,2.111052E+01,5.035097E+01,2.388498E+01,5.242800E+01,6.522552E+01,1.308528E+02,5.756821E-03,1.153859E-02,0.000000E+00,0.000000E+00,0.000000E+00,0.000000E+00,0.000000E+00,0.000000E+00,0.000000E+00,0.000000E+00,2.111111E+01,5.124987E+01,2.388860E+01,4.686087E+01
20:45:00,4.494666E+03,2.730971E+03,3.967003E-01,2.408166E-01,0.000000E+00,0.000000E+00,0.000000E+00,0.000000E+00,0.000000E+00,0.000000E+00,0.000000E+00,0.000000E+00,2.111081E+01,5.083599E+01,2.388806E+01,4.834816E+01,5.267112E+03,4.183106E+03,4.648767E-01,3.688658E-01,0.000000E+00,0.000000E+00,0.000000E+00,0.000000E+00,0.000000E+00,0.000000E+00,0.000000E+00,0.000000E+00,2.111094E+01,5.086058E+01,2.388747E+01,5.112450E+01,7.466211E+02,6.372598E+02,6.589696E-02,5.619349E-02,0.000000E+00,0.000000E+00,0.000000E+00,0.000000E+00,0.000000E+00,0.000000E+00,0.000000E+00,0.000000E+00,2.111084E+01,5.077636E+01,2.388809E+01,4.793257E+01,8.901490E+02,1.311510E+03,7.856477E-02,1.156488E-01,0.000000E+00,0.000000E+00,0.000000E+00,0.000000E+00,0.000000E+00,0.000000E+00,0.000000E+00,0.000000E+00,2.111075E+01,5.059342E+01,2.388171E+01,5.659248E+01,5.426494E+03,6.866141E+03,4.789437E-01,6.054554E-01,0.000000E+00,0.000000E+00,0.000000E+00,0.000000E+00,0.000000E+00,0.000000E+00,0.000000E+00,0.000000E+00,2.111079E+01,5.070835E+01,2.387356E+01,7.324836E+01,2.053392E+03,2.627627E+03,1.812329E-01,2.317038E-01,0.000000E+00,0.000000E+00,0.000000E+00,0.000000E+00,0.000000E+00,0.000000E+00,0.000000E+00,0.000000E+00,2.111075E+01,5.056994E+01,2.388666E+01,5.010265E+01,8.060398E+02,5.300764E+02,7.114127E-02,4.674207E-02,0.000000E+00,0.000000E+00,0.000000E+00,0.000000E+00,0.000000E+00,0.000000E+00,0.000000E+00,0.000000E+00,2.111089E+01,5.071339E+01,2.388824E+01,4.892616E+01,1.064993E+03,5.100178E+02,9.399655E-02,4.497331E-02,0.000000E+00,0.000000E+00,0.000000E+00,0.000000E+00,0.000000E+00,0.000000E+00,0.000000E+00,0.000000E+00,2.111069E+01,5.045720E+01,2.388827E+01,4.889837E+01,1.302233E+03,1.374402E+03,1.149354E-01,1.211946E-01,0.000000E+00,0.000000E+00,0.000000E+00,0.000000E+00,0.000000E+00,0.000000E+00,0.000000E+00,0.000000E+00,2.111052E+01,5.035075E+01,2.388496E+01,5.257657E+01,6.515250E+01,1.285970E+02,5.750376E-03,1.133967E-02,0.000000E+00,0.000000E+00,0.000000E+00,0.000000E+00,0.000000E+00,0.000000E+00,0.000000E+00,0.000000E+00,2.111111E+01,5.124987E+01,2.388859E+01,4.687654E+01
21:00:00,4.491279E+03,2.663785E+03,3.964014E-01,2.348922E-01,0.000000E+00,0.000000E+00,0.000000E+00,0.000000E+00,0.000000E+00,0.000000E+00,0.000000E+00,0.000000E+00,2.111081E+01,5.083568E+01,2.388806E+01,4.840609E+01,5.265549E+03,3.982776E+03,4.647387E-01,3.512007E-01,0.000000E+00,0.000000E+00,0.000000E+00,0.000000E+00,0.000000E+00,0.000000E+00,0.000000E+00,0.000000E+00,2.111094E+01,5.086045E+01,2.388746E+01,5.136924E+01,7.464265E+02,6.129684E+02,6.587979E-02,5.405147E-02,0.000000E+00,0.000000E+00,0.000000E+00,0.000000E+00,0.000000E+00,0.000000E+00,0.000000E+00,0.000000E+00,2.111084E+01,5.077623E+01,2.388808E+01,4.800688E+01,8.900064E+02,1.283253E+03,7.855219E-02,1.131571E-01,0.000000E+00,0.000000E+00,0.000000E+00,0.000000E+00,0.000000E+00,0.000000E+00,0.000000E+00,0.000000E+00,2.111075E+01,5.059331E+01,2.388167E+01,5.681476E+01,5.425941E+03,6.613994E+03,4.788949E-01,5.832211E-01,0.000000E+00,0.000000E+00,0.000000E+00,0.000000E+00,0.000000E+00,0.000000E+00,0.000000E+00,0.000000E+00,2.111079E+01,5.070829E+01,2.387343E+01,7.423649E+01,2.052958E+03,2.493030E+03,1.811946E-01,2.198350E-01,0.000000E+00,0.000000E+00,0.000000E+00,0.000000E+00,0.000000E+00,0.000000E+00,0.000000E+00,0.000000E+00,2.111075E+01,5.056978E+01,2.388664E+01,5.030827E+01,8.057939E+02,5.131266E+02,7.111957E-02,4.524744E-02,0.000000E+00,0.000000E+00,0.000000E+00,0.000000E+00,0.000000E+00,0.000000E+00,0.000000E+00,0.000000E+00,2.111089E+01,5.071320E+01,2.388824E+01,4.901388E+01,1.064772E+03,4.886233E+02,9.397706E-02,4.308674E-02,0.000000E+00,0.000000E+00,0.000000E+00,0.000000E+00,0.000000E+00,0.000000E+00,0.000000E+00,0.000000E+00,2.111069E+01,5.045702E+01,2.388827E+01,4.900580E+01,1.301928E+03,1.343525E+03,1.149085E-01,1.184718E-01,0.000000E+00,0.000000E+00,0.000000E+00,0.000000E+00,0.000000E+00,0.000000E+00,0.000000E+00,0.000000E+00,2.111052E+01,5.035053E+01,2.388494E+01,5.271893E+01,6.508427E+01,1.264807E+02,5.744354E-03,1.115305E-02,0.000000E+00,0.000000E+00,0.000000E+00,0.000000E+00,0.000000E+00,0.000000E+00,0.000000E+00,0.000000E+00,2.111111E+01,5.124987E+01,2.388859E+01,4.689187E+01
21:15:00,4.487945E+03,2.600678E+03,3.961072E-01,2.293274E-01,0.000000E+00,0.000000E+00,0.000000E+00,0.000000E+00,0.000000E+00,0.000000E+00,0.000000E+00,0.000000E+00,2.111081E+01,5.083537E+01,2.388807E+01,4.845550E+01,5.264101E+03,3.810074E+03,4.646109E-01,3.359718E-01,0.000000E+00,0.000000E+00,0.000000E+00,0.000000E+00,0.000000E+00,0.000000E+00,0.000000E+00,0.000000E+00,2.111094E+01,5.086033E+01,2.388746E+01,5.157653E+01,7.462428E+02,5.913252E+02,6.586358E-02,5.214298E-02,0.000000E+00,0.000000E+00,0.000000E+00,0.000000E+00,0.000000E+00,0.000000E+00,0.000000E+00,0.000000E+00,2.111084E+01,5.077611E+01,2.388808E+01,4.806911E+01,8.898760E+02,1.258013E+03,7.854068E-02,1.109314E-01,0.000000E+00,0.000000E+00,0.000000E+00,0.000000E+00,0.000000E+00,0.000000E+00,0.000000E+00,0.000000E+00,2.111075E+01,5.059321E+01,2.388167E+01,5.699594E+01,5.425435E+03,6.401623E+03,4.788503E-01,5.644943E-01,0.000000E+00,0.000000E+00,0.000000E+00,0.000000E+00,0.000000E+00,0.000000E+00,0.000000E+00,0.000000E+00,2.111079E+01,5.070823E+01,2.387342E+01,7.503981E+01,2.052561E+03,2.377375E+03,1.811596E-01,2.096366E-01,0.000000E+00,0.000000E+00,0.000000E+00,0.000000E+00,0.000000E+00,0.000000E+00,0.000000E+00,0.000000E+00,2.111075E+01,5.056964E+01,2.388665E+01,5.047876E+01,8.055681E+02,4.973855E+02,7.109964E-02,4.385939E-02,0.000000E+00,0.000000E+00,0.000000E+00,0.000000E+00,0.000000E+00,0.000000E+00,0.000000E+00,0.000000E+00,2.111089E+01,5.071303E+01,2.388824E+01,4.909026E+01,1.064570E+03,4.688201E+02,9.395919E-02,4.134050E-02,0.000000E+00,0.000000E+00,0.000000E+00,0.000000E+00,0.000000E+00,0.000000E+00,0.000000E+00,0.000000E+00,2.111069E+01,5.045686E+01,2.388828E+01,4.910005E+01,1.301639E+03,1.315589E+03,1.148829E-01,1.160085E-01,0.000000E+00,0.000000E+00,0.000000E+00,0.000000E+00,0.000000E+00,0.000000E+00,0.000000E+00,0.000000E+00,2.111052E+01,5.035033E+01,2.388494E+01,5.283605E+01,6.502049E+01,1.245037E+02,5.738725E-03,1.097872E-02,0.000000E+00,0.000000E+00,0.000000E+00,0.000000E+00,0.000000E+00,0.000000E+00,0.000000E+00,0.000000E+00,2.111111E+01,5.124987E+01,2.388859E+01,4.690479E+01
21:30:00,4.484664E+03,2.540675E+03,3.958176E-01,2.240364E-01,0.000000E+00,0.000000E+00,0.000000E+00,0.000000E+00,0.000000E+00,0.000000E+00,0.000000E+00,0.000000E+00,2.111081E+01,5.083507E+01,2.388765E+01,4.849952E+01,5.262760E+03,3.655958E+03,4.644925E-01,3.223820E-01,0.000000E+00,0.000000E+00,0.000000E+00,0.000000E+00,0.000000E+00,0.000000E+00,0.000000E+00,0.000000E+00,2.111094E+01,5.086022E+01,2.388673E+01,5.175489E+01,7.460692E+02,5.718237E+02,6.584826E-02,5.042334E-02,0.000000E+00,0.000000E+00,0.000000E+00,0.000000E+00,0.000000E+00,0.000000E+00,0.000000E+00,0.000000E+00,2.111084E+01,5.077600E+01,2.388772E+01,4.812327E+01,8.897567E+02,1.234832E+03,7.853015E-02,1.088874E-01,0.000000E+00,0.000000E+00,0.000000E+00,0.000000E+00,0.000000E+00,0.000000E+00,0.000000E+00,0.000000E+00,2.111075E+01,5.059311E+01,2.387884E+01,5.715631E+01,5.424973E+03,6.213087E+03,4.788095E-01,5.478692E-01,0.000000E+00,0.000000E+00,0.000000E+00,0.000000E+00,0.000000E+00,0.000000E+00,0.000000E+00,0.000000E+00,2.111079E+01,5.070818E+01,2.386568E+01,7.571309E+01,2.052197E+03,2.276216E+03,1.811274E-01,2.007165E-01,0.000000E+00,0.000000E+00,0.000000E+00,0.000000E+00,0.000000E+00,0.000000E+00,0.000000E+00,0.000000E+00,2.111075E+01,5.056951E+01,2.388576E+01,5.062700E+01,8.053606E+02,4.826340E+02,7.108133E-02,4.255861E-02,0.000000E+00,0.000000E+00,0.000000E+00,0.000000E+00,0.000000E+00,0.000000E+00,0.000000E+00,0.000000E+00,2.111089E+01,5.071287E+01,2.388791E+01,4.915781E+01,1.064384E+03,4.503969E+02,9.394280E-02,3.971594E-02,0.000000E+00,0.000000E+00,0.000000E+00,0.000000E+00,0.000000E+00,0.000000E+00,0.000000E+00,0.000000E+00,2.111069E+01,5.045671E+01,2.388796E+01,4.918380E+01,1.301365E+03,1.289833E+03,1.148588E-01,1.137373E-01,0.000000E+00,0.000000E+00,0.000000E+00,0.000000E+00,0.000000E+00,0.000000E+00,0.000000E+00,0.000000E+00,2.111052E+01,5.035014E+01,2.388330E+01,5.294013E+01,6.496082E+01,1.226455E+02,5.733458E-03,1.081486E-02,0.000000E+00,0.000000E+00,0.000000E+00,0.000000E+00,0.000000E+00,0.000000E+00,0.000000E+00,0.000000E+00,2.111111E+01,5.124987E+01,2.388848E+01,4.691619E+01
21:45:00,4.481435E+03,2.483767E+03,3.955325E-01,2.190183E-01,0.000000E+00,0.000000E+00,0.000000E+00,0.000000E+00,0.000000E+00,0.000000E+00,0.000000E+00,0.000000E+00,2.111081E+01,5.083477E+01,2.388760E+01,4.855581E+01,5.261516E+03,3.516930E+03,4.643827E-01,3.101224E-01,0.000000E+00,0.000000E+00,0.000000E+00,0.000000E+00,0.000000E+00,0.000000E+00,0.000000E+00,0.000000E+00,2.111094E+01,5.086012E+01,2.388666E+01,5.198417E+01,7.459051E+02,5.541270E+02,6.583377E-02,4.886285E-02,0.000000E+00,0.000000E+00,0.000000E+00,0.000000E+00,0.000000E+00,0.000000E+00,0.000000E+00,0.000000E+00,2.111084E+01,5.077589E+01,2.388767E+01,4.819164E+01,8.896475E+02,1.213654E+03,7.852051E-02,1.070198E-01,0.000000E+00,0.000000E+00,0.000000E+00,0.000000E+00,0.000000E+00,0.000000E+00,0.000000E+00,0.000000E+00,2.111075E+01,5.059303E+01,2.387825E+01,5.735039E+01,5.424551E+03,6.049288E+03,4.787722E-01,5.334255E-01,0.000000E+00,0.000000E+00,0.000000E+00,0.000000E+00,0.000000E+00,0.000000E+00,0.000000E+00,0.000000E+00,2.111079E+01,5.070814E+01,2.386427E+01,7.653627E+01,2.051864E+03,2.187477E+03,1.810980E-01,1.928914E-01,0.000000E+00,0.000000E+00,0.000000E+00,0.000000E+00,0.000000E+00,0.000000E+00,0.000000E+00,0.000000E+00,2.111075E+01,5.056939E+01,2.388561E+01,5.081193E+01,8.051700E+02,4.687689E+02,7.106450E-02,4.133598E-02,0.000000E+00,0.000000E+00,0.000000E+00,0.000000E+00,0.000000E+00,0.000000E+00,0.000000E+00,0.000000E+00,2.111089E+01,5.071272E+01,2.388789E+01,4.924618E+01,1.064214E+03,4.332152E+02,9.392776E-02,3.820086E-02,0.000000E+00,0.000000E+00,0.000000E+00,0.000000E+00,0.000000E+00,0.000000E+00,0.000000E+00,0.000000E+00,2.111069E+01,5.045657E+01,2.388794E+01,4.929435E+01,1.301106E+03,1.266127E+03,1.148359E-01,1.116469E-01,0.000000E+00,0.000000E+00,0.000000E+00,0.000000E+00,0.000000E+00,0.000000E+00,0.000000E+00,0.000000E+00,2.111052E+01,5.034996E+01,2.388298E+01,5.306715E+01,6.490496E+01,1.208921E+02,5.728528E-03,1.066025E-02,0.000000E+00,0.000000E+00,0.000000E+00,0.000000E+00,0.000000E+00,0.000000E+00,0.000000E+00,0.000000E+00,2.111111E+01,5.124987E+01,2.388847E+01,4.693052E+01
22:00:00,4.478255E+03,2.429587E+03,3.952519E-01,2.142407E-01,0.000000E+00,0.000000E+00,0.000000E+00,0.000000E+00,0.000000E+00,0.000000E+00,0.000000E+00,0.000000E+00,2.111081E+01,5.083447E+01,2.388759E+01,4.861154E+01,5.260364E+03,3.390003E+03,4.642810E-01,2.989300E-01,0.000000E+00,0.000000E+00,0.000000E+00,0.000000E+00,0.000000E+00,0.000000E+00,0.000000E+00,0.000000E+00,2.111094E+01,5.086002E+01,2.388663E+01,5.220885E+01,7.457497E+02,5.379366E+02,6.582005E-02,4.743518E-02,0.000000E+00,0.000000E+00,0.000000E+00,0.000000E+00,0.000000E+00,0.000000E+00,0.000000E+00,0.000000E+00,2.111084E+01,5.077579E+01,2.388766E+01,4.825795E+01,8.895476E+02,1.194157E+03,7.851170E-02,1.053006E-01,0.000000E+00,0.000000E+00,0.000000E+00,0.000000E+00,0.000000E+00,0.000000E+00,0.000000E+00,0.000000E+00,2.111075E+01,5.059295E+01,2.387807E+01,5.753515E+01,5.424165E+03,5.904008E+03,4.787381E-01,5.206147E-01,0.000000E+00,0.000000E+00,0.000000E+00,0.000000E+00,0.000000E+00,0.000000E+00,0.000000E+00,0.000000E+00,2.111079E+01,5.070809E+01,2.386380E+01,7.730889E+01,2.051559E+03,2.109157E+03,1.810711E-01,1.859852E-01,0.000000E+00,0.000000E+00,0.000000E+00,0.000000E+00,0.000000E+00,0.000000E+00,0.000000E+00,0.000000E+00,2.111075E+01,5.056928E+01,2.388555E+01,5.098852E+01,8.049949E+02,4.556580E+02,7.104905E-02,4.017986E-02,0.000000E+00,0.000000E+00,0.000000E+00,0.000000E+00,0.000000E+00,0.000000E+00,0.000000E+00,0.000000E+00,2.111089E+01,5.071259E+01,2.388788E+01,4.933454E+01,1.064057E+03,4.170998E+02,9.391396E-02,3.677981E-02,0.000000E+00,0.000000E+00,0.000000E+00,0.000000E+00,0.000000E+00,0.000000E+00,0.000000E+00,0.000000E+00,2.111069E+01,5.045644E+01,2.388794E+01,4.940563E+01,1.300861E+03,1.244116E+03,1.148143E-01,1.097060E-01,0.000000E+00,0.000000E+00,0.000000E+00,0.000000E+00,0.000000E+00,0.000000E+00,0.000000E+00,0.000000E+00,2.111052E+01,5.034979E+01,2.388289E+01,5.318887E+01,6.485263E+01,1.192316E+02,5.723910E-03,1.051383E-02,0.000000E+00,0.000000E+00,0.000000E+00,0.000000E+00,0.000000E+00,0.000000E+00,0.000000E+00,0.000000E+00,2.111111E+01,5.124987E+01,2.388847E+01,4.694447E+01
22:15:00,4.475124E+03,2.378086E+03,3.949755E-01,2.096994E-01,0.000000E+00,0.000000E+00,0.000000E+00,0.000000E+00,0.000000E+00,0.000000E+00,0.000000E+00,0.000000E+00,2.111081E+01,5.083418E+01,2.388759E+01,4.866686E+01,5.259295E+03,3.273067E+03,4.641867E-01,2.886186E-01,0.000000E+00,0.000000E+00,0.000000E+00,0.000000E+00,0.000000E+00,0.000000E+00,0.000000E+00,0.000000E+00,2.111094E+01,5.085993E+01,2.388661E+01,5.242979E+01,7.456026E+02,5.230934E+02,6.580707E-02,4.612631E-02,0.000000E+00,0.000000E+00,0.000000E+00,0.000000E+00,0.000000E+00,0.000000E+00,0.000000E+00,0.000000E+00,2.111084E+01,5.077569E+01,2.388764E+01,4.832251E+01,8.894562E+02,1.175830E+03,7.850363E-02,1.036845E-01,0.000000E+00,0.000000E+00,0.000000E+00,0.000000E+00,0.000000E+00,0.000000E+00,0.000000E+00,0.000000E+00,2.111075E+01,5.059288E+01,2.387798E+01,5.771189E+01,5.423812E+03,5.769078E+03,4.787070E-01,5.087166E-01,0.000000E+00,0.000000E+00,0.000000E+00,0.000000E+00,0.000000E+00,0.000000E+00,0.000000E+00,0.000000E+00,2.111079E+01,5.070805E+01,2.386353E+01,7.803624E+01,2.051280E+03,2.039470E+03,1.810465E-01,1.798402E-01,0.000000E+00,0.000000E+00,0.000000E+00,0.000000E+00,0.000000E+00,0.000000E+00,0.000000E+00,0.000000E+00,2.111075E+01,5.056918E+01,2.388551E+01,5.115721E+01,8.048340E+02,4.432061E+02,7.103485E-02,3.908185E-02,0.000000E+00,0.000000E+00,0.000000E+00,0.000000E+00,0.000000E+00,0.000000E+00,0.000000E+00,0.000000E+00,2.111089E+01,5.071246E+01,2.388788E+01,4.942296E+01,1.063914E+03,4.019374E+02,9.390131E-02,3.544279E-02,0.000000E+00,0.000000E+00,0.000000E+00,0.000000E+00,0.000000E+00,0.000000E+00,0.000000E+00,0.000000E+00,2.111069E+01,5.045633E+01,2.388794E+01,4.951768E+01,1.300628E+03,1.223437E+03,1.147937E-01,1.078825E-01,0.000000E+00,0.000000E+00,0.000000E+00,0.000000E+00,0.000000E+00,0.000000E+00,0.000000E+00,0.000000E+00,2.111052E+01,5.034962E+01,2.388284E+01,5.330633E+01,6.480359E+01,1.176538E+02,5.719581E-03,1.037470E-02,0.000000E+00,0.000000E+00,0.000000E+00,0.000000E+00,0.000000E+00,0.000000E+00,0.000000E+00,0.000000E+00,2.111111E+01,5.124987E+01,2.388846E+01,4.695808E+01
22:30:00,4.472041E+03,2.329340E+03,3.947034E-01,2.054009E-01,0.000000E+00,0.000000E+00,0.000000E+00,0.000000E+00,0.000000E+00,0.000000E+00,0.000000E+00,0.000000E+00,2.111081E+01,5.083390E+01,2.388759E+01,4.872157E+01,5.258303E+03,3.165944E+03,4.640991E-01,2.791725E-01,0.000000E+00,0.000000E+00,0.000000E+00,0.000000E+00,0.000000E+00,0.000000E+00,0.000000E+00,0.000000E+00,2.111094E+01,5.085985E+01,2.388659E+01,5.264712E+01,7.454633E+02,5.094959E+02,6.579478E-02,4.492728E-02,0.000000E+00,0.000000E+00,0.000000E+00,0.000000E+00,0.000000E+00,0.000000E+00,0.000000E+00,0.000000E+00,2.111084E+01,5.077560E+01,2.388763E+01,4.838514E+01,8.893726E+02,1.159124E+03,7.849624E-02,1.022114E-01,0.000000E+00,0.000000E+00,0.000000E+00,0.000000E+00,0.000000E+00,0.000000E+00,0.000000E+00,0.000000E+00,2.111075E+01,5.059281E+01,2.387791E+01,5.788001E+01,5.423491E+03,5.652678E+03,4.786786E-01,4.984524E-01,0.000000E+00,0.000000E+00,0.000000E+00,0.000000E+00,0.000000E+00,0.000000E+00,0.000000E+00,0.000000E+00,2.111079E+01,5.070802E+01,2.386329E+01,7.871796E+01,2.051024E+03,1.977515E+03,1.810239E-01,1.743770E-01,0.000000E+00,0.000000E+00,0.000000E+00,0.000000E+00,0.000000E+00,0.000000E+00,0.000000E+00,0.000000E+00,2.111075E+01,5.056909E+01,2.388546E+01,5.131802E+01,8.046863E+02,4.314494E+02,7.102181E-02,3.804515E-02,0.000000E+00,0.000000E+00,0.000000E+00,0.000000E+00,0.000000E+00,0.000000E+00,0.000000E+00,0.000000E+00,2.111089E+01,5.071235E+01,2.388787E+01,4.951135E+01,1.063782E+03,3.877202E+02,9.388970E-02,3.418912E-02,0.000000E+00,0.000000E+00,0.000000E+00,0.000000E+00,0.000000E+00,0.000000E+00,0.000000E+00,0.000000E+00,2.111069E+01,5.045622E+01,2.388793E+01,4.963031E+01,1.300407E+03,1.204339E+03,1.147743E-01,1.061985E-01,0.000000E+00,0.000000E+00,0.000000E+00,0.000000E+00,0.000000E+00,0.000000E+00,0.000000E+00,0.000000E+00,2.111052E+01,5.034947E+01,2.388280E+01,5.341915E+01,6.475758E+01,1.161582E+02,5.715520E-03,1.024281E-02,0.000000E+00,0.000000E+00,0.000000E+00,0.000000E+00,0.000000E+00,0.000000E+00,0.000000E+00,0.000000E+00,2.111111E+01,5.124987E+01,2.388846E+01,4.697136E+01
22:45:00,4.469005E+03,2.282927E+03,3.944355E-01,2.013082E-01,0.000000E+00,0.000000E+00,0.000000E+00,0.000000E+00,0.000000E+00,0.000000E+00,0.000000E+00,0.000000E+00,2.111081E+01,5.083361E+01,2.388758E+01,4.877565E+01,5.257382E+03,3.066920E+03,4.640178E-01,2.704406E-01,0.000000E+00,0.000000E+00,0.000000E+00,0.000000E+00,0.000000E+00,0.000000E+00,0.000000E+00,0.000000E+00,2.111094E+01,5.085977E+01,2.388657E+01,5.286092E+01,7.453312E+02,4.969823E+02,6.578312E-02,4.382384E-02,0.000000E+00,0.000000E+00,0.000000E+00,0.000000E+00,0.000000E+00,0.000000E+00,0.000000E+00,0.000000E+00,2.111084E+01,5.077551E+01,2.388762E+01,4.844579E+01,8.892960E+02,1.143624E+03,7.848949E-02,1.008446E-01,0.000000E+00,0.000000E+00,0.000000E+00,0.000000E+00,0.000000E+00,0.000000E+00,0.000000E+00,0.000000E+00,2.111075E+01,5.059275E+01,2.387784E+01,5.803950E+01,5.423197E+03,5.546867E+03,4.786527E-01,4.891220E-01,0.000000E+00,0.000000E+00,0.000000E+00,0.000000E+00,0.000000E+00,0.000000E+00,0.000000E+00,0.000000E+00,2.111079E+01,5.070799E+01,2.386305E+01,7.935506E+01,2.050790E+03,1.921966E+03,1.810033E-01,1.694787E-01,0.000000E+00,0.000000E+00,0.000000E+00,0.000000E+00,0.000000E+00,0.000000E+00,0.000000E+00,0.000000E+00,2.111075E+01,5.056901E+01,2.388543E+01,5.147118E+01,8.045506E+02,4.203018E+02,7.100984E-02,3.706216E-02,0.000000E+00,0.000000E+00,0.000000E+00,0.000000E+00,0.000000E+00,0.000000E+00,0.000000E+00,0.000000E+00,2.111089E+01,5.071225E+01,2.388787E+01,4.959962E+01,1.063662E+03,3.743347E+02,9.387906E-02,3.300878E-02,0.000000E+00,0.000000E+00,0.000000E+00,0.000000E+00,0.000000E+00,0.000000E+00,0.000000E+00,0.000000E+00,2.111069E+01,5.045612E+01,2.388793E+01,4.974340E+01,1.300198E+03,1.186485E+03,1.147558E-01,1.046241E-01,0.000000E+00,0.000000E+00,0.000000E+00,0.000000E+00,0.000000E+00,0.000000E+00,0.000000E+00,0.000000E+00,2.111052E+01,5.034932E+01,2.388276E+01,5.352733E+01,6.471441E+01,1.147385E+02,5.711710E-03,1.011762E-02,0.000000E+00,0.000000E+00,0.000000E+00,0.000000E+00,0.000000E+00,0.000000E+00,0.000000E+00,0.000000E+00,2.111111E+01,5.124987E+01,2.388846E+01,4.698431E+01
23:00:00,4.466015E+03,2.238721E+03,3.941716E-01,1.974102E-01,0.000000E+00,0.000000E+00,0.000000E+00,0.000000E+00,0.000000E+00,0.000000E+00,0.000000E+00,0.000000E+00,2.111081E+01,5.083334E+01,2.388758E+01,4.882920E+01,5.256527E+03,2.975430E+03,4.639424E-01,2.623730E-01,0.000000E+00,0.000000E+00,0.000000E+00,0.000000E+00,0.000000E+00,0.000000E+00,0.000000E+00,0.000000E+00,2.111094E+01,5.085970E+01,2.388655E+01,5.307137E+01,7.452060E+02,4.854568E+02,6.577207E-02,4.280752E-02,0.000000E+00,0.000000E+00,0.000000E+00,0.000000E+00,0.000000E+00,0.000000E+00,0.000000E+00,0.000000E+00,2.111084E+01,5.077543E+01,2.388761E+01,4.850458E+01,8.892259E+02,1.129299E+03,7.848330E-02,9.958145E-02,0.000000E+00,0.000000E+00,0.000000E+00,0.000000E+00,0.000000E+00,0.000000E+00,0.000000E+00,0.000000E+00,2.111075E+01,5.059269E+01,2.387778E+01,5.819101E+01,5.422929E+03,5.451798E+03,4.786291E-01,4.807388E-01,0.000000E+00,0.000000E+00,0.000000E+00,0.000000E+00,0.000000E+00,0.000000E+00,0.000000E+00,0.000000E+00,2.111079E+01,5.070796E+01,2.386288E+01,7.995098E+01,2.050576E+03,1.871983E+03,1.809843E-01,1.650713E-01,0.000000E+00,0.000000E+00,0.000000E+00,0.000000E+00,0.000000E+00,0.000000E+00,0.000000E+00,0.000000E+00,2.111075E+01,5.056893E+01,2.388539E+01,5.161716E+01,8.044260E+02,4.097548E+02,7.099884E-02,3.613213E-02,0.000000E+00,0.000000E+00,0.000000E+00,0.000000E+00,0.000000E+00,0.000000E+00,0.000000E+00,0.000000E+00,2.111089E+01,5.071215E+01,2.388786E+01,4.968770E+01,1.063551E+03,3.617479E+02,9.386929E-02,3.189888E-02,0.000000E+00,0.000000E+00,0.000000E+00,0.000000E+00,0.000000E+00,0.000000E+00,0.000000E+00,0.000000E+00,2.111069E+01,5.045603E+01,2.388792E+01,4.985687E+01,1.299999E+03,1.169836E+03,1.147383E-01,1.031559E-01,0.000000E+00,0.000000E+00,0.000000E+00,0.000000E+00,0.000000E+00,0.000000E+00,0.000000E+00,0.000000E+00,2.111052E+01,5.034918E+01,2.388272E+01,5.363129E+01,6.467386E+01,1.133919E+02,5.708131E-03,9.998880E-03,0.000000E+00,0.000000E+00,0.000000E+00,0.000000E+00,0.000000E+00,0.000000E+00,0.000000E+00,0.000000E+00,2.111111E+01,5.124987E+01,2.388846E+01,4.699692E+01
23:15:00,4.463070E+03,2.196210E+03,3.939117E-01,1.936615E-01,0.000000E+00,0.000000E+00,0.000000E+00,0.000000E+00,0.000000E+00,0.000000E+00,0.000000E+00,0.000000E+00,2.111081E+01,5.083306E+01,2.388758E+01,4.888238E+01,5.255733E+03,2.890292E+03,4.638723E-01,2.548656E-01,0.000000E+00,0.000000E+00,0.000000E+00,0.000000E+00,0.000000E+00,0.000000E+00,0.000000E+00,0.000000E+00,2.111094E+01,5.085963E+01,2.388653E+01,5.327871E+01,7.450872E+02,4.747232E+02,6.576158E-02,4.186103E-02,0.000000E+00,0.000000E+00,0.000000E+00,0.000000E+00,0.000000E+00,0.000000E+00,0.000000E+00,0.000000E+00,2.111084E+01,5.077535E+01,2.388760E+01,4.856171E+01,8.891618E+02,1.115955E+03,7.847764E-02,9.840474E-02,0.000000E+00,0.000000E+00,0.000000E+00,0.000000E+00,0.000000E+00,0.000000E+00,0.000000E+00,0.000000E+00,2.111075E+01,5.059264E+01,2.387772E+01,5.833541E+01,5.422684E+03,5.365188E+03,4.786075E-01,4.731016E-01,0.000000E+00,0.000000E+00,0.000000E+00,0.000000E+00,0.000000E+00,0.000000E+00,0.000000E+00,0.000000E+00,2.111079E+01,5.070793E+01,2.386271E+01,8.051085E+01,2.050380E+03,1.826650E+03,1.809670E-01,1.610738E-01,0.000000E+00,0.000000E+00,0.000000E+00,0.000000E+00,0.000000E+00,0.000000E+00,0.000000E+00,0.000000E+00,2.111075E+01,5.056886E+01,2.388536E+01,5.175650E+01,8.043115E+02,3.997469E+02,7.098874E-02,3.524963E-02,0.000000E+00,0.000000E+00,0.000000E+00,0.000000E+00,0.000000E+00,0.000000E+00,0.000000E+00,0.000000E+00,2.111089E+01,5.071206E+01,2.388786E+01,4.977552E+01,1.063450E+03,3.498564E+02,9.386034E-02,3.085029E-02,0.000000E+00,0.000000E+00,0.000000E+00,0.000000E+00,0.000000E+00,0.000000E+00,0.000000E+00,0.000000E+00,2.111069E+01,5.045595E+01,2.388792E+01,4.997069E+01,1.299810E+03,1.154161E+03,1.147216E-01,1.017737E-01,0.000000E+00,0.000000E+00,0.000000E+00,0.000000E+00,0.000000E+00,0.000000E+00,0.000000E+00,0.000000E+00,2.111052E+01,5.034905E+01,2.388268E+01,5.373154E+01,6.463576E+01,1.121140E+02,5.704768E-03,9.886201E-03,0.000000E+00,0.000000E+00,0.000000E+00,0.000000E+00,0.000000E+00,0.000000E+00,0.000000E+00,0.000000E+00,2.111111E+01,5.124987E+01,2.388846E+01,4.700920E+01
23:30:00,4.460170E+03,2.155230E+03,3.936557E-01,1.900479E-01,0.000000E+00,0.000000E+00,0.000000E+00,0.000000E+00,0.000000E+00,0.000000E+00,0.000000E+00,0.000000E+00,2.111081E+01,5.083279E+01,2.388757E+01,4.893530E+01,5.254996E+03,2.810772E+03,4.638073E-01,2.478535E-01,0.000000E+00,0.000000E+00,0.000000E+00,0.000000E+00,0.000000E+00,0.000000E+00,0.000000E+00,0.000000E+00,2.111094E+01,5.085957E+01,2.388652E+01,5.348320E+01,7.449744E+02,4.646803E+02,6.575163E-02,4.097545E-02,0.000000E+00,0.000000E+00,0.000000E+00,0.000000E+00,0.000000E+00,0.000000E+00,0.000000E+00,0.000000E+00,2.111084E+01,5.077527E+01,2.388759E+01,4.861737E+01,8.891031E+02,1.103474E+03,7.847246E-02,9.730418E-02,0.000000E+00,0.000000E+00,0.000000E+00,0.000000E+00,0.000000E+00,0.000000E+00,0.000000E+00,0.000000E+00,2.111075E+01,5.059260E+01,2.387766E+01,5.847348E+01,5.422462E+03,5.285616E+03,4.785878E-01,4.660849E-01,0.000000E+00,0.000000E+00,0.000000E+00,0.000000E+00,0.000000E+00,0.000000E+00,0.000000E+00,0.000000E+00,2.111079E+01,5.070790E+01,2.386256E+01,8.103960E+01,2.050200E+03,1.785293E+03,1.809512E-01,1.574269E-01,0.000000E+00,0.000000E+00,0.000000E+00,0.000000E+00,0.000000E+00,0.000000E+00,0.000000E+00,0.000000E+00,2.111075E+01,5.056880E+01,2.388532E+01,5.188976E+01,8.042065E+02,3.902364E+02,7.097946E-02,3.441099E-02,0.000000E+00,0.000000E+00,0.000000E+00,0.000000E+00,0.000000E+00,0.000000E+00,0.000000E+00,0.000000E+00,2.111089E+01,5.071198E+01,2.388785E+01,4.986306E+01,1.063357E+03,3.386025E+02,9.385212E-02,2.985792E-02,0.000000E+00,0.000000E+00,0.000000E+00,0.000000E+00,0.000000E+00,0.000000E+00,0.000000E+00,0.000000E+00,2.111069E+01,5.045588E+01,2.388792E+01,5.008485E+01,1.299631E+03,1.139350E+03,1.147058E-01,1.004677E-01,0.000000E+00,0.000000E+00,0.000000E+00,0.000000E+00,0.000000E+00,0.000000E+00,0.000000E+00,0.000000E+00,2.111052E+01,5.034893E+01,2.388264E+01,5.382855E+01,6.459994E+01,1.109000E+02,5.701607E-03,9.779149E-03,0.000000E+00,0.000000E+00,0.000000E+00,0.000000E+00,0.000000E+00,0.000000E+00,0.000000E+00,0.000000E+00,2.111111E+01,5.124987E+01,2.388845E+01,4.702115E+01
23:45:00,4.457313E+03,2.115628E+03,3.934036E-01,1.865558E-01,0.000000E+00,0.000000E+00,0.000000E+00,0.000000E+00,0.000000E+00,0.000000E+00,0.000000E+00,0.000000E+00,2.111081E+01,5.083252E+01,2.388757E+01,4.898811E+01,5.254311E+03,2.736235E+03,4.637468E-01,2.412808E-01,0.000000E+00,0.000000E+00,0.000000E+00,0.000000E+00,0.000000E+00,0.000000E+00,0.000000E+00,0.000000E+00,2.111094E+01,5.085952E+01,2.388650E+01,5.368510E+01,7.448674E+02,4.552412E+02,6.574218E-02,4.014311E-02,0.000000E+00,0.000000E+00,0.000000E+00,0.000000E+00,0.000000E+00,0.000000E+00,0.000000E+00,0.000000E+00,2.111084E+01,5.077520E+01,2.388758E+01,4.867173E+01,8.890494E+02,1.091754E+03,7.846772E-02,9.627069E-02,0.000000E+00,0.000000E+00,0.000000E+00,0.000000E+00,0.000000E+00,0.000000E+00,0.000000E+00,0.000000E+00,2.111075E+01,5.059255E+01,2.387761E+01,5.860586E+01,5.422258E+03,5.211982E+03,4.785699E-01,4.595919E-01,0.000000E+00,0.000000E+00,0.000000E+00,0.000000E+00,0.000000E+00,0.000000E+00,0.000000E+00,0.000000E+00,2.111079E+01,5.070788E+01,2.386242E+01,8.154143E+01,2.050036E+03,1.747346E+03,1.809367E-01,1.540808E-01,0.000000E+00,0.000000E+00,0.000000E+00,0.000000E+00,0.000000E+00,0.000000E+00,0.000000E+00,0.000000E+00,2.111075E+01,5.056874E+01,2.388529E+01,5.201748E+01,8.041100E+02,3.811810E+02,7.097095E-02,3.361250E-02,0.000000E+00,0.000000E+00,0.000000E+00,0.000000E+00,0.000000E+00,0.000000E+00,0.000000E+00,0.000000E+00,2.111089E+01,5.071191E+01,2.388785E+01,4.995031E+01,1.063271E+03,3.279298E+02,9.384459E-02,2.891681E-02,0.000000E+00,0.000000E+00,0.000000E+00,0.000000E+00,0.000000E+00,0.000000E+00,0.000000E+00,0.000000E+00,2.111069E+01,5.045581E+01,2.388791E+01,5.019935E+01,1.299461E+03,1.125301E+03,1.146907E-01,9.922889E-02,0.000000E+00,0.000000E+00,0.000000E+00,0.000000E+00,0.000000E+00,0.000000E+00,0.000000E+00,0.000000E+00,2.111052E+01,5.034881E+01,2.388261E+01,5.392268E+01,6.456624E+01,1.097450E+02,5.698632E-03,9.677303E-03,0.000000E+00,0.000000E+00,0.000000E+00,0.000000E+00,0.000000E+00,0.000000E+00,0.000000E+00,0.000000E+00,2.111111E+01,5.124987E+01,2.388845E+01,4.703278E+01
24:00:00,4.454499E+03,2.077259E+03,3.931552E-01,1.831724E-01,0.000000E+00,0.000000E+00,0.000000E+00,0.000000E+00,0.000000E+00,0.000000E+00,0.000000E+00,0.000000E+00,2.111081E+01,5.083226E+01,2.388757E+01,4.904088E+01,5.253673E+03,2.666141E+03,4.636905E-01,2.351000E-01,0.000000E+00,0.000000E+00,0.000000E+00,0.000000E+00,0.000000E+00,0.000000E+00,0.000000E+00,0.000000E+00,2.111094E+01,5.085946E+01,2.388648E+01,5.388465E+01,7.447657E+02,4.463324E+02,6.573321E-02,3.935754E-02,0.000000E+00,0.000000E+00,0.000000E+00,0.000000E+00,0.000000E+00,0.000000E+00,0.000000E+00,0.000000E+00,2.111084E+01,5.077514E+01,2.388757E+01,4.872496E+01,8.890003E+02,1.080704E+03,7.846338E-02,9.529633E-02,0.000000E+00,0.000000E+00,0.000000E+00,0.000000E+00,0.000000E+00,0.000000E+00,0.000000E+00,0.000000E+00,2.111075E+01,5.059252E+01,2.387756E+01,5.873314E+01,5.422074E+03,5.143395E+03,4.785536E-01,4.535439E-01,0.000000E+00,0.000000E+00,0.000000E+00,0.000000E+00,0.000000E+00,0.000000E+00,0.000000E+00,0.000000E+00,2.111079E+01,5.070786E+01,2.386229E+01,8.201985E+01,2.049886E+03,1.712339E+03,1.809234E-01,1.509939E-01,0.000000E+00,0.000000E+00,0.000000E+00,0.000000E+00,0.000000E+00,0.000000E+00,0.000000E+00,0.000000E+00,2.111075E+01,5.056869E+01,2.388526E+01,5.214017E+01,8.040215E+02,3.725424E+02,7.096314E-02,3.285074E-02,0.000000E+00,0.000000E+00,0.000000E+00,0.000000E+00,0.000000E+00,0.000000E+00,0.000000E+00,0.000000E+00,2.111089E+01,5.071184E+01,2.388784E+01,5.003728E+01,1.063193E+03,3.177886E+02,9.383769E-02,2.802255E-02,0.000000E+00,0.000000E+00,0.000000E+00,0.000000E+00,0.000000E+00,0.000000E+00,0.000000E+00,0.000000E+00,2.111069E+01,5.045574E+01,2.388791E+01,5.031421E+01,1.299298E+03,1.111922E+03,1.146764E-01,9.804916E-02,0.000000E+00,0.000000E+00,0.000000E+00,0.000000E+00,0.000000E+00,0.000000E+00,0.000000E+00,0.000000E+00,2.111052E+01,5.034869E+01,2.388258E+01,5.401428E+01,6.453451E+01,1.086448E+02,5.695832E-03,9.580283E-03,0.000000E+00,0.000000E+00,0.000000E+00,0.000000E+00,0.000000E+00,0.000000E+00,0.000000E+00,0.000000E+00,2.111111E+01,5.124987E+01,2.388845E+01,4.704411E+01
Peak,6.694069E+03,4.995206E+03,5.908202E-01,4.404767E-01,0.000000E+00,0.000000E+00,0.000000E+00,0.000000E+00,0.000000E+00,0.000000E+00,0.000000E+00,0.000000E+00,,,,,1.231303E+04,8.065929E+03,1.086751E+00,7.112526E-01,0.000000E+00,0.000000E+00,0.000000E+00,0.000000E+00,0.000000E+00,0.000000E+00,0.000000E+00,0.000000E+00,,,,,1.633306E+03,1.983717E+03,1.441560E-01,1.749239E-01,0.000000E+00,0.000000E+00,0.000000E+00,0.000000E+00,0.000000E+00,0.000000E+00,0.000000E+00,0.000000E+00,,,,,2.013924E+03,2.151550E+03,1.777494E-01,1.897234E-01,0.000000E+00,0.000000E+00,0.000000E+00,0.000000E+00,0.000000E+00,0.000000E+00,0.000000E+00,0.000000E+00,,,,,1.040791E+04,1.403093E+04,9.186046E-01,1.237245E+00,0.000000E+00,0.000000E+00,0.000000E+00,0.000000E+00,0.000000E+00,0.000000E+00,0.000000E+00,0.000000E+00,,,,,4.672645E+03,3.850198E+03,4.124088E-01,3.395100E-01,0.000000E+00,0.000000E+00,0.000000E+00,0.000000E+00,0.000000E+00,0.000000E+00,0.000000E+00,0.000000E+00,,,,,2.019867E+03,8.590296E+02,1.782740E-01,7.574912E-02,0.000000E+00,0.000000E+00,0.000000E+00,0.000000E+00,0.000000E+00,0.000000E+00,0.000000E+00,0.000000E+00,,,,,2.349920E+03,1.040707E+03,2.074045E-01,9.176944E-02,0.000000E+00,0.000000E+00,0.000000E+00,0.000000E+00,0.000000E+00,0.000000E+00,0.000000E+00,0.000000E+00,,,,,2.640397E+03,3.015272E+03,2.330421E-01,2.658863E-01,0.000000E+00,0.000000E+00,0.000000E+00,0.000000E+00,0.000000E+00,0.000000E+00,0.000000E+00,0.000000E+00,,,,,1.936210E+02,2.689292E+02,1.708904E-02,2.371415E-02,0.000000E+00,0.000000E+00,0.000000E+00,0.000000E+00,0.000000E+00,0.000000E+00,0.000000E+00,0.000000E+00,,,,

Peak Vol Flow (m3/s),,,4.917536E-01,3.666191E-01,,,0.000000E+00,0.000000E+00,,,,,,,,,,,9.045288E-01,5.919923E-01,,,0.000000E+00,0.000000E+00,,,,,,,,,,,1.199844E-01,1.455933E-01,,,0.000000E+00,0.000000E+00,,,,,,,,,,,1.479450E-01,1.579113E-01,,,0.000000E+00,0.000000E+00,,,,,,,,,,,7.645763E-01,1.029788E+00,,,0.000000E+00,0.000000E+00,,,,,,,,,,,3.432576E-01,2.825822E-01,,,0.000000E+00,0.000000E+00,,,,,,,,,,,1.483816E-01,6.304778E-02,,,0.000000E+00,0.000000E+00,,,,,,,,,,,1.726277E-01,7.638187E-02,,,0.000000E+00,0.000000E+00,,,,,,,,,,,1.939664E-01,2.213034E-01,,,0.000000E+00,0.000000E+00,,,,,,,,,,,1.422361E-02,1.973784E-02,,,0.000000E+00,0.000000E+00,,,,,,,,
