Time,BASEAIRSYS3:DesPer 1:Des Heat Mass Flow [kg/s],BASEAIRSYS3:DesPer 1:Des Heat Cap [W],BASEAIRSYS3:DesPer 1:Des Cool Mass Flow [kg/s],BASEAIRSYS3:DesPer 1:Des Sens Cool Cap [W],BASEAIRSYS3:DesPer 1:Des Tot Cool Cap [W],BASEAIRSYS3:DesPer 2:Des Heat Mass Flow [kg/s],BASEAIRSYS3:DesPer 2:Des Heat Cap [W],BASEAIRSYS3:DesPer 2:Des Cool Mass Flow [kg/s],BASEAIRSYS3:DesPer 2:Des Sens Cool Cap [W],BASEAIRSYS3:DesPer 2:Des Tot Cool Cap [W],BASEAIRSYS3-10:DesPer 1:Des Heat Mass Flow [kg/s],BASEAIRSYS3-10:DesPer 1:Des Heat Cap [W],BASEAIRSYS3-10:DesPer 1:Des Cool Mass Flow [kg/s],BASEAIRSYS3-10:DesPer 1:Des Sens Cool Cap [W],BASEAIRSYS3-10:DesPer 1:Des Tot Cool Cap [W],BASEAIRSYS3-10:DesPer 2:Des Heat Mass Flow [kg/s],BASEAIRSYS3-10:DesPer 2:Des Heat Cap [W],BASEAIRSYS3-10:DesPer 2:Des Cool Mass Flow [kg/s],BASEAIRSYS3-10:DesPer 2:Des Sens Cool Cap [W],BASEAIRSYS3-10:DesPer 2:Des Tot Cool Cap [W],BASEAIRSYS3-2:DesPer 1:Des Heat Mass Flow [kg/s],BASEAIRSYS3-2:DesPer 1:Des Heat Cap [W],BASEAIRSYS3-2:DesPer 1:Des Cool Mass Flow [kg/s],BASEAIRSYS3-2:DesPer 1:Des Sens Cool Cap [W],BASEAIRSYS3-2:DesPer 1:Des Tot Cool Cap [W],BASEAIRSYS3-2:DesPer 2:Des Heat Mass Flow [kg/s],BASEAIRSYS3-2:DesPer 2:Des Heat Cap [W],BASEAIRSYS3-2:DesPer 2:Des Cool Mass Flow [kg/s],BASEAIRSYS3-2:DesPer 2:Des Sens Cool Cap [W],BASEAIRSYS3-2:DesPer 2:Des Tot Cool Cap [W],BASEAIRSYS3-3:DesPer 1:Des Heat Mass Flow [kg/s],BASEAIRSYS3-3:DesPer 1:Des Heat Cap [W],BASEAIRSYS3-3:DesPer 1:Des Cool Mass Flow [kg/s],BASEAIRSYS3-3:DesPer 1:Des Sens Cool Cap [W],BASEAIRSYS3-3:DesPer 1:Des Tot Cool Cap [W],BASEAIRSYS3-3:DesPer 2:Des Heat Mass Flow [kg/s],BASEAIRSYS3-3:DesPer 2:Des Heat Cap [W],BASEAIRSYS3-3:DesPer 2:Des Cool Mass Flow [kg/s],BASEAIRSYS3-3:DesPer 2:Des Sens Cool Cap [W],BASEAIRSYS3-3:DesPer 2:Des Tot Cool Cap [W],BASEAIRSYS3-4:DesPer 1:Des Heat Mass Flow [kg/s],BASEAIRSYS3-4:DesPer 1:Des Heat Cap [W],BASEAIRSYS3-4:DesPer 1:Des Cool Mass Flow [kg/s],BASEAIRSYS3-4:DesPer 1:Des Sens Cool Cap [W],BASEAIRSYS3-4:DesPer 1:Des Tot Cool Cap [W],BASEAIRSYS3-4:DesPer 2:Des Heat Mass Flow [kg/s],BASEAIRSYS3-4:DesPer 2:Des Heat Cap [W],BASEAIRSYS3-4:DesPer 2:Des Cool Mass Flow [kg/s],BASEAIRSYS3-4:DesPer 2:Des Sens Cool Cap [W],BASEAIRSYS3-4:DesPer 2:Des Tot Cool Cap [W],BASEAIRSYS3-5:DesPer 1:Des Heat Mass Flow [kg/s],BASEAIRSYS3-5:DesPer 1:Des Heat Cap [W],BASEAIRSYS3-5:DesPer 1:Des Cool Mass Flow [kg/s],BASEAIRSYS3-5:DesPer 1:Des Sens Cool Cap [W],BASEAIRSYS3-5:DesPer 1:Des Tot Cool Cap [W],BASEAIRSYS3-5:DesPer 2:Des Heat Mass Flow [kg/s],BASEAIRSYS3-5:DesPer 2:Des Heat Cap [W],BASEAIRSYS3-5:DesPer 2:Des Cool Mass Flow [kg/s],BASEAIRSYS3-5:DesPer 2:Des Sens Cool Cap [W],BASEAIRSYS3-5:DesPer 2:Des Tot Cool Cap [W],BASEAIRSYS3-6:DesPer 1:Des Heat Mass Flow [kg/s],BASEAIRSYS3-6:DesPer 1:Des Heat Cap [W],BASEAIRSYS3-6:DesPer 1:Des Cool Mass Flow [kg/s],BASEAIRSYS3-6:DesPer 1:Des Sens Cool Cap [W],BASEAIRSYS3-6:DesPer 1:Des Tot Cool Cap [W],BASEAIRSYS3-6:DesPer 2:Des Heat Mass Flow [kg/s],BASEAIRSYS3-6:DesPer 2:Des Heat Cap [W],BASEAIRSYS3-6:DesPer 2:Des Cool Mass Flow [kg/s],BASEAIRSYS3-6:DesPer 2:Des Sens Cool Cap [W],BASEAIRSYS3-6:DesPer 2:Des Tot Cool Cap [W],BASEAIRSYS3-7:DesPer 1:Des Heat Mass Flow [kg/s],BASEAIRSYS3-7:DesPer 1:Des Heat Cap [W],BASEAIRSYS3-7:DesPer 1:Des Cool Mass Flow [kg/s],BASEAIRSYS3-7:DesPer 1:Des Sens Cool Cap [W],BASEAIRSYS3-7:DesPer 1:Des Tot Cool Cap [W],BASEAIRSYS3-7:DesPer 2:Des Heat Mass Flow [kg/s],BASEAIRSYS3-7:DesPer 2:Des Heat Cap [W],BASEAIRSYS3-7:DesPer 2:Des Cool Mass Flow [kg/s],BASEAIRSYS3-7:DesPer 2:Des Sens Cool Cap [W],BASEAIRSYS3-7:DesPer 2:Des Tot Cool Cap [W],BASEAIRSYS3-8:DesPer 1:Des Heat Mass Flow [kg/s],BASEAIRSYS3-8:DesPer 1:Des Heat Cap [W],BASEAIRSYS3-8:DesPer 1:Des Cool Mass Flow [kg/s],BASEAIRSYS3-8:DesPer 1:Des Sens Cool Cap [W],BASEAIRSYS3-8:DesPer 1:Des Tot Cool Cap [W],BASEAIRSYS3-8:DesPer 2:Des Heat Mass Flow [kg/s],BASEAIRSYS3-8:DesPer 2:Des Heat Cap [W],BASEAIRSYS3-8:DesPer 2:Des Cool Mass Flow [kg/s],BASEAIRSYS3-8:DesPer 2:Des Sens Cool Cap [W],BASEAIRSYS3-8:DesPer 2:Des Tot Cool Cap [W],BASEAIRSYS3-9:DesPer 1:Des Heat Mass Flow [kg/s],BASEAIRSYS3-9:DesPer 1:Des Heat Cap [W],BASEAIRSYS3-9:DesPer 1:Des Cool Mass Flow [kg/s],BASEAIRSYS3-9:DesPer 1:Des Sens Cool Cap [W],BASEAIRSYS3-9:DesPer 1:Des Tot Cool Cap [W],BASEAIRSYS3-9:DesPer 2:Des Heat Mass Flow [kg/s],BASEAIRSYS3-9:DesPer 2:Des Heat Cap [W],BASEAIRSYS3-9:DesPer 2:Des Cool Mass Flow [kg/s],BASEAIRSYS3-9:DesPer 2:Des Sens Cool Cap [W],BASEAIRSYS3-9:DesPer 2:Des Tot Cool Cap [W]
00:15:00,5.165079E-02,6.637570E+02,1.361184E-01,1.311112E+03,1.505293E+03,2.947735E-01,4.563418E+03,5.165079E-02,0.000000E+00,0.000000E+00,3.730654E-01,4.794210E+03,3.730654E-01,2.495083E+03,2.744560E+03,3.730654E-01,1.335399E+04,3.730654E-01,0.000000E+00,0.000000E+00,4.820504E-02,6.194760E+02,4.820504E-02,3.223982E+02,3.546339E+02,7.037572E-02,1.973061E+03,4.820504E-02,0.000000E+00,0.000000E+00,4.820516E-02,6.194776E+02,4.820516E-02,3.223990E+02,3.546348E+02,5.321947E-02,1.781504E+03,4.820516E-02,0.000000E+00,0.000000E+00,3.353389E-02,4.309392E+02,7.309880E-02,6.859780E+02,9.114275E+02,8.600199E-02,1.786198E+03,3.353389E-02,0.000000E+00,0.000000E+00,1.047938E-02,1.346690E+02,1.121071E-01,1.243309E+03,1.641327E+03,1.356877E-01,1.773121E+03,1.047938E-02,0.000000E+00,0.000000E+00,3.772573E-02,4.848080E+02,1.740353E-01,1.799624E+03,2.433232E+03,3.477471E-01,4.811877E+03,3.772573E-02,0.000000E+00,0.000000E+00,0.000000E+00,0.000000E+00,7.149164E-03,8.176915E+01,8.745912E+01,4.270836E-03,4.768429E+01,0.000000E+00,0.000000E+00,0.000000E+00,1.467111E-02,1.885364E+02,2.922698E-02,2.650781E+02,3.003122E+02,4.929657E-02,9.117629E+02,1.467111E-02,0.000000E+00,0.000000E+00,2.724636E-02,3.501391E+02,7.111118E-02,6.971215E+02,1.081967E+03,5.884594E-02,1.328115E+03,2.724636E-02,0.000000E+00,0.000000E+00
00:30:00,5.165079E-02,6.714644E+02,8.992154E-02,7.940717E+02,9.115991E+02,1.989449E-01,3.538648E+03,5.165079E-02,0.000000E+00,0.000000E+00,3.730654E-01,4.849879E+03,3.730654E-01,2.439414E+03,2.687778E+03,3.730654E-01,1.335399E+04,3.730654E-01,0.000000E+00,0.000000E+00,4.820504E-02,6.266693E+02,4.820504E-02,3.152049E+02,3.472969E+02,4.820504E-02,1.725514E+03,4.820504E-02,0.000000E+00,0.000000E+00,4.820516E-02,6.266708E+02,4.820516E-02,3.152057E+02,3.472978E+02,4.820516E-02,1.725518E+03,4.820516E-02,0.000000E+00,0.000000E+00,3.353389E-02,4.359432E+02,4.844936E-02,4.063353E+02,5.258133E+02,5.733124E-02,1.466069E+03,3.353389E-02,0.000000E+00,0.000000E+00,1.047938E-02,1.362327E+02,7.401742E-02,8.451174E+02,1.151308E+03,9.045538E-02,1.268081E+03,1.047938E-02,0.000000E+00,0.000000E+00,3.772573E-02,4.904375E+02,1.145567E-01,1.146046E+03,1.554119E+03,2.318182E-01,3.517499E+03,3.772573E-02,0.000000E+00,0.000000E+00,0.000000E+00,0.000000E+00,4.742835E-03,5.639013E+01,6.077841E+01,2.846560E-03,3.178211E+01,0.000000E+00,0.000000E+00,0.000000E+00,1.467111E-02,1.907256E+02,1.929755E-02,1.514801E+02,1.706988E+02,3.286224E-02,7.282674E+02,1.467111E-02,0.000000E+00,0.000000E+00,2.724636E-02,3.542048E+02,4.717563E-02,4.322485E+02,6.693720E+02,3.922962E-02,1.109090E+03,2.724636E-02,0.000000E+00,0.000000E+00
00:45:00,5.165079E-02,6.791718E+02,5.165079E-02,3.300288E+02,3.642607E+02,1.130452E-01,2.638814E+03,5.165079E-02,0.000000E+00,0.000000E+00,3.730654E-01,4.905549E+03,3.730654E-01,2.383745E+03,2.630997E+03,3.730654E-01,1.335399E+04,3.730654E-01,0.000000E+00,0.000000E+00,4.820504E-02,6.338625E+02,4.820504E-02,3.080117E+02,3.399599E+02,4.820504E-02,1.725514E+03,4.820504E-02,0.000000E+00,0.000000E+00,4.820516E-02,6.338641E+02,4.820516E-02,3.080125E+02,3.399608E+02,4.820516E-02,1.725518E+03,4.820516E-02,0.000000E+00,0.000000E+00,3.353389E-02,4.409472E+02,3.353389E-02,2.142687E+02,2.364935E+02,3.353389E-02,1.200355E+03,3.353389E-02,0.000000E+00,0.000000E+00,1.047938E-02,1.377965E+02,3.666559E-02,4.089408E+02,5.601871E+02,4.522624E-02,7.630772E+02,1.047938E-02,0.000000E+00,0.000000E+00,3.772573E-02,4.960670E+02,5.657239E-02,4.702663E+02,5.983135E+02,1.159028E-01,2.223272E+03,3.772573E-02,0.000000E+00,0.000000E+00,0.000000E+00,0.000000E+00,2.360138E-03,2.932116E+01,3.179556E+01,1.422961E-03,1.588749E+01,0.000000E+00,0.000000E+00,0.000000E+00,1.467111E-02,1.929149E+02,1.467111E-02,9.374279E+01,1.034662E+02,1.643008E-02,5.447964E+02,1.467111E-02,0.000000E+00,0.000000E+00,2.724636E-02,3.582706E+02,2.724636E-02,1.740938E+02,1.921515E+02,2.724636E-02,9.752915E+02,2.724636E-02,0.000000E+00,0.000000E+00
01:00:00,5.165079E-02,6.868792E+02,5.165079E-02,3.223214E+02,3.563994E+02,5.165079E-02,1.848855E+03,5.165079E-02,0.000000E+00,0.000000E+00,3.730654E-01,4.961218E+03,3.730654E-01,2.328075E+03,2.574215E+03,3.730654E-01,1.335399E+04,3.730654E-01,0.000000E+00,0.000000E+00,4.820504E-02,6.410557E+02,4.820504E-02,3.008185E+02,3.326231E+02,4.820504E-02,1.725514E+03,4.820504E-02,0.000000E+00,0.000000E+00,4.820516E-02,6.410573E+02,4.820516E-02,3.008192E+02,3.326239E+02,4.820516E-02,1.725518E+03,4.820516E-02,0.000000E+00,0.000000E+00,3.353389E-02,4.459511E+02,3.353389E-02,2.092647E+02,2.313896E+02,3.353389E-02,1.200355E+03,3.353389E-02,0.000000E+00,0.000000E+00,1.047938E-02,1.393602E+02,1.047938E-02,6.539544E+01,7.230950E+01,1.047938E-02,3.751123E+02,1.047938E-02,0.000000E+00,0.000000E+00,3.772573E-02,5.016965E+02,3.772573E-02,2.354235E+02,2.603141E+02,3.772573E-02,1.350404E+03,3.772573E-02,0.000000E+00,0.000000E+00,0.000000E+00,0.000000E+00,0.000000E+00,0.000000E+00,0.000000E+00,0.000000E+00,0.000000E+00,0.000000E+00,0.000000E+00,0.000000E+00,1.467111E-02,1.951041E+02,1.467111E-02,9.155355E+01,1.012332E+02,1.467111E-02,5.251568E+02,1.467111E-02,0.000000E+00,0.000000E+00,2.724636E-02,3.623363E+02,2.724636E-02,1.700281E+02,1.880046E+02,2.724636E-02,9.752915E+02,2.724636E-02,0.000000E+00,0.000000E+00
01:15:00,5.165079E-02,6.920175E+02,5.165079E-02,3.171831E+02,3.511584E+02,5.454332E-02,1.894146E+03,5.165079E-02,0.000000E+00,0.000000E+00,3.730654E-01,4.998331E+03,3.730654E-01,2.290962E+03,2.536361E+03,3.730654E-01,1.335399E+04,3.730654E-01,0.000000E+00,0.000000E+00,4.820504E-02,6.458512E+02,4.820504E-02,2.960230E+02,3.277318E+02,4.820504E-02,1.725514E+03,4.820504E-02,0.000000E+00,0.000000E+00,4.820516E-02,6.458528E+02,4.820516E-02,2.960237E+02,3.277326E+02,4.820516E-02,1.725518E+03,4.820516E-02,0.000000E+00,0.000000E+00,3.353389E-02,4.492871E+02,3.353389E-02,2.059287E+02,2.279870E+02,3.353389E-02,1.200355E+03,3.353389E-02,0.000000E+00,0.000000E+00,1.047938E-02,1.404027E+02,1.047938E-02,6.435295E+01,7.124617E+01,1.047938E-02,3.751123E+02,1.047938E-02,0.000000E+00,0.000000E+00,3.772573E-02,5.054495E+02,3.772573E-02,2.316705E+02,2.564861E+02,3.772573E-02,1.350404E+03,3.772573E-02,0.000000E+00,0.000000E+00,0.000000E+00,0.000000E+00,0.000000E+00,0.000000E+00,0.000000E+00,0.000000E+00,0.000000E+00,0.000000E+00,0.000000E+00,0.000000E+00,1.467111E-02,1.965636E+02,1.467111E-02,9.009405E+01,9.974455E+01,1.467111E-02,5.251568E+02,1.467111E-02,0.000000E+00,0.000000E+00,2.724636E-02,3.650468E+02,2.724636E-02,1.673176E+02,1.852399E+02,2.724636E-02,9.752915E+02,2.724636E-02,0.000000E+00,0.000000E+00
01:30:00,5.165079E-02,6.971557E+02,5.165079E-02,3.120448E+02,3.459176E+02,7.484624E-02,2.237296E+03,5.165079E-02,0.000000E+00,0.000000E+00,3.730654E-01,5.035444E+03,3.730654E-01,2.253849E+03,2.498507E+03,3.730654E-01,1.335399E+04,3.730654E-01,0.000000E+00,0.000000E+00,4.820504E-02,6.506467E+02,4.820504E-02,2.912275E+02,3.228406E+02,4.820504E-02,1.725514E+03,4.820504E-02,0.000000E+00,0.000000E+00,4.820516E-02,6.506483E+02,4.820516E-02,2.912282E+02,3.228414E+02,4.820516E-02,1.725518E+03,4.820516E-02,0.000000E+00,0.000000E+00,3.353389E-02,4.526231E+02,3.353389E-02,2.025927E+02,2.245844E+02,3.353389E-02,1.200355E+03,3.353389E-02,0.000000E+00,0.000000E+00,1.047938E-02,1.414452E+02,1.047938E-02,6.331045E+01,7.018287E+01,1.047938E-02,3.751123E+02,1.047938E-02,0.000000E+00,0.000000E+00,3.772573E-02,5.092025E+02,3.772573E-02,2.279175E+02,2.526582E+02,3.772573E-02,1.350404E+03,3.772573E-02,0.000000E+00,0.000000E+00,0.000000E+00,0.000000E+00,0.000000E+00,0.000000E+00,0.000000E+00,0.000000E+00,0.000000E+00,0.000000E+00,0.000000E+00,0.000000E+00,1.467111E-02,1.980231E+02,1.467111E-02,8.863455E+01,9.825593E+01,1.467111E-02,5.251568E+02,1.467111E-02,0.000000E+00,0.000000E+00,2.724636E-02,3.677573E+02,2.724636E-02,1.646071E+02,1.824753E+02,2.724636E-02,9.752915E+02,2.724636E-02,0.000000E+00,0.000000E+00
01:45:00,5.165079E-02,7.022940E+02,5.165079E-02,3.069065E+02,3.406767E+02,8.687781E-02,2.438814E+03,5.165079E-02,0.000000E+00,0.000000E+00,3.730654E-01,5.072557E+03,3.730654E-01,2.216737E+03,2.460653E+03,3.730654E-01,1.335399E+04,3.730654E-01,0.000000E+00,0.000000E+00,4.820504E-02,6.554422E+02,4.820504E-02,2.864320E+02,3.179493E+02,4.820504E-02,1.725514E+03,4.820504E-02,0.000000E+00,0.000000E+00,4.820516E-02,6.554438E+02,4.820516E-02,2.864327E+02,3.179501E+02,4.820516E-02,1.725518E+03,4.820516E-02,0.000000E+00,0.000000E+00,3.353389E-02,4.559591E+02,3.353389E-02,1.992568E+02,2.211818E+02,3.353389E-02,1.200355E+03,3.353389E-02,0.000000E+00,0.000000E+00,1.047938E-02,1.424877E+02,1.047938E-02,6.226795E+01,6.911954E+01,1.047938E-02,3.751123E+02,1.047938E-02,0.000000E+00,0.000000E+00,3.772573E-02,5.129555E+02,3.772573E-02,2.241645E+02,2.488302E+02,3.772573E-02,1.350404E+03,3.772573E-02,0.000000E+00,0.000000E+00,0.000000E+00,0.000000E+00,0.000000E+00,0.000000E+00,0.000000E+00,0.000000E+00,0.000000E+00,0.000000E+00,0.000000E+00,0.000000E+00,1.467111E-02,1.994826E+02,1.467111E-02,8.717505E+01,9.676728E+01,1.467111E-02,5.251568E+02,1.467111E-02,0.000000E+00,0.000000E+00,2.724636E-02,3.704678E+02,2.724636E-02,1.618966E+02,1.797107E+02,2.724636E-02,9.752915E+02,2.724636E-02,0.000000E+00,0.000000E+00
02:00:00,5.165079E-02,7.074323E+02,5.165079E-02,3.017683E+02,3.354359E+02,9.390296E-02,2.556486E+03,5.165079E-02,0.000000E+00,0.000000E+00,3.730654E-01,5.109670E+03,3.730654E-01,2.179624E+03,2.422799E+03,3.730654E-01,1.335399E+04,3.730654E-01,0.000000E+00,0.000000E+00,4.820504E-02,6.602377E+02,4.820504E-02,2.816365E+02,3.130581E+02,4.820504E-02,1.725514E+03,4.820504E-02,0.000000E+00,0.000000E+00,4.820516E-02,6.602393E+02,4.820516E-02,2.816372E+02,3.130589E+02,4.820516E-02,1.725518E+03,4.820516E-02,0.000000E+00,0.000000E+00,3.353389E-02,4.592951E+02,3.353389E-02,1.959208E+02,2.177792E+02,3.353389E-02,1.200355E+03,3.353389E-02,0.000000E+00,0.000000E+00,1.047938E-02,1.435302E+02,1.047938E-02,6.122545E+01,6.805623E+01,1.053556E-02,3.758953E+02,1.047938E-02,0.000000E+00,0.000000E+00,3.772573E-02,5.167084E+02,3.772573E-02,2.204115E+02,2.450023E+02,3.772573E-02,1.350404E+03,3.772573E-02,0.000000E+00,0.000000E+00,0.000000E+00,0.000000E+00,0.000000E+00,0.000000E+00,0.000000E+00,0.000000E+00,0.000000E+00,0.000000E+00,0.000000E+00,0.000000E+00,1.467111E-02,2.009421E+02,1.467111E-02,8.571556E+01,9.527864E+01,1.467111E-02,5.251568E+02,1.467111E-02,0.000000E+00,0.000000E+00,2.724636E-02,3.731783E+02,2.805799E-02,1.727729E+02,2.070059E+02,2.724636E-02,9.752915E+02,2.724636E-02,0.000000E+00,0.000000E+00
02:15:00,5.165079E-02,7.112860E+02,5.165079E-02,2.979146E+02,3.315052E+02,1.011122E-01,2.677227E+03,5.165079E-02,0.000000E+00,0.000000E+00,3.730654E-01,5.137504E+03,3.730654E-01,2.151789E+03,2.394409E+03,3.730654E-01,1.335399E+04,3.730654E-01,0.000000E+00,0.000000E+00,4.820504E-02,6.638343E+02,4.820504E-02,2.780399E+02,3.093897E+02,4.820504E-02,1.725514E+03,4.820504E-02,0.000000E+00,0.000000E+00,4.820516E-02,6.638359E+02,4.820516E-02,2.780406E+02,3.093904E+02,4.820516E-02,1.725518E+03,4.820516E-02,0.000000E+00,0.000000E+00,3.353389E-02,4.617971E+02,3.353389E-02,1.934188E+02,2.152273E+02,3.353389E-02,1.200355E+03,3.353389E-02,0.000000E+00,0.000000E+00,1.047938E-02,1.443121E+02,1.047938E-02,6.044358E+01,6.725875E+01,1.946327E-02,5.128408E+02,1.047938E-02,0.000000E+00,0.000000E+00,3.772573E-02,5.195232E+02,3.772573E-02,2.175968E+02,2.421314E+02,3.772573E-02,1.350404E+03,3.772573E-02,0.000000E+00,0.000000E+00,0.000000E+00,0.000000E+00,0.000000E+00,0.000000E+00,0.000000E+00,0.000000E+00,0.000000E+00,0.000000E+00,0.000000E+00,0.000000E+00,1.467111E-02,2.020367E+02,1.467111E-02,8.462093E+01,9.416217E+01,1.467111E-02,5.251568E+02,1.467111E-02,0.000000E+00,0.000000E+00,2.724636E-02,3.752112E+02,3.312137E-02,2.554869E+02,3.867745E+02,2.724636E-02,9.752915E+02,2.724636E-02,0.000000E+00,0.000000E+00
02:30:00,5.165079E-02,7.151397E+02,5.165079E-02,2.940609E+02,3.275746E+02,1.076538E-01,2.786788E+03,5.165079E-02,0.000000E+00,0.000000E+00,3.730654E-01,5.165339E+03,3.730654E-01,2.123954E+03,2.366019E+03,3.730654E-01,1.335399E+04,3.730654E-01,0.000000E+00,0.000000E+00,4.820504E-02,6.674309E+02,4.820504E-02,2.744433E+02,3.057213E+02,4.820504E-02,1.725514E+03,4.820504E-02,0.000000E+00,0.000000E+00,4.820516E-02,6.674326E+02,4.820516E-02,2.744440E+02,3.057220E+02,4.820516E-02,1.725518E+03,4.820516E-02,0.000000E+00,0.000000E+00,3.353389E-02,4.642991E+02,3.353389E-02,1.909168E+02,2.126753E+02,3.702468E-02,1.258820E+03,3.353389E-02,0.000000E+00,0.000000E+00,1.047938E-02,1.450939E+02,1.047938E-02,5.966170E+01,6.646127E+01,3.085425E-02,7.159074E+02,1.047938E-02,0.000000E+00,0.000000E+00,3.772573E-02,5.223379E+02,3.772573E-02,2.147820E+02,2.392604E+02,4.429005E-02,1.450936E+03,3.772573E-02,0.000000E+00,0.000000E+00,0.000000E+00,0.000000E+00,0.000000E+00,0.000000E+00,0.000000E+00,0.000000E+00,0.000000E+00,0.000000E+00,0.000000E+00,0.000000E+00,1.467111E-02,2.031314E+02,1.467111E-02,8.352631E+01,9.304570E+01,1.467111E-02,5.251568E+02,1.467111E-02,0.000000E+00,0.000000E+00,2.724636E-02,3.772440E+02,3.719523E-02,3.216156E+02,5.186757E+02,2.724636E-02,9.752915E+02,2.724636E-02,0.000000E+00,0.000000E+00
02:45:00,5.165079E-02,7.189934E+02,5.165079E-02,2.902072E+02,3.236440E+02,1.140270E-01,2.893529E+03,5.165079E-02,0.000000E+00,0.000000E+00,3.730654E-01,5.193174E+03,3.730654E-01,2.096120E+03,2.337629E+03,3.730654E-01,1.335399E+04,3.730654E-01,0.000000E+00,0.000000E+00,4.820504E-02,6.710275E+02,4.820504E-02,2.708467E+02,3.020529E+02,4.820504E-02,1.725514E+03,4.820504E-02,0.000000E+00,0.000000E+00,4.820516E-02,6.710292E+02,4.820516E-02,2.708474E+02,3.020536E+02,4.820516E-02,1.725518E+03,4.820516E-02,0.000000E+00,0.000000E+00,3.353389E-02,4.668010E+02,3.353389E-02,1.884148E+02,2.101234E+02,4.122311E-02,1.329138E+03,3.353389E-02,0.000000E+00,0.000000E+00,1.047938E-02,1.458758E+02,1.047938E-02,5.887983E+01,6.566379E+01,4.060264E-02,8.796163E+02,1.047938E-02,0.000000E+00,0.000000E+00,3.772573E-02,5.251527E+02,3.772573E-02,2.119673E+02,2.363895E+02,7.175858E-02,1.919113E+03,3.772573E-02,0.000000E+00,0.000000E+00,0.000000E+00,0.000000E+00,0.000000E+00,0.000000E+00,0.000000E+00,0.000000E+00,0.000000E+00,0.000000E+00,0.000000E+00,0.000000E+00,1.467111E-02,2.042260E+02,1.467111E-02,8.243169E+01,9.192924E+01,1.755808E-02,5.735077E+02,1.467111E-02,0.000000E+00,0.000000E+00,2.724636E-02,3.792769E+02,4.027804E-02,3.711548E+02,6.066621E+02,2.724636E-02,9.752915E+02,2.724636E-02,0.000000E+00,0.000000E+00
03:00:00,5.165079E-02,7.228471E+02,5.165079E-02,2.863535E+02,3.197134E+02,1.199723E-01,2.993104E+03,5.165079E-02,0.000000E+00,0.000000E+00,3.730654E-01,5.221008E+03,3.730654E-01,2.068285E+03,2.309238E+03,3.730654E-01,1.335399E+04,3.730654E-01,0.000000E+00,0.000000E+00,4.820504E-02,6.746241E+02,4.820504E-02,2.672501E+02,2.983845E+02,4.820504E-02,1.725514E+03,4.820504E-02,0.000000E+00,0.000000E+00,4.820516E-02,6.746258E+02,4.820516E-02,2.672507E+02,2.983852E+02,4.820516E-02,1.725518E+03,4.820516E-02,0.000000E+00,0.000000E+00,3.353389E-02,4.693030E+02,3.353389E-02,1.859128E+02,2.075715E+02,4.497185E-02,1.391925E+03,3.353389E-02,0.000000E+00,0.000000E+00,1.047938E-02,1.466577E+02,1.047938E-02,5.809795E+01,6.486631E+01,4.836604E-02,1.009642E+03,1.047938E-02,0.000000E+00,0.000000E+00,3.772573E-02,5.279674E+02,3.772573E-02,2.091525E+02,2.335186E+02,9.870992E-02,2.371738E+03,3.772573E-02,0.000000E+00,0.000000E+00,0.000000E+00,0.000000E+00,0.000000E+00,0.000000E+00,0.000000E+00,0.000000E+00,0.000000E+00,0.000000E+00,0.000000E+00,0.000000E+00,1.467111E-02,2.053206E+02,1.467111E-02,8.133707E+01,9.081276E+01,2.016357E-02,6.171447E+02,1.467111E-02,0.000000E+00,0.000000E+00,2.724636E-02,3.813098E+02,4.284729E-02,4.121041E+02,6.722106E+02,2.724636E-02,9.752915E+02,2.724636E-02,0.000000E+00,0.000000E+00
03:15:00,5.165079E-02,7.267008E+02,5.165079E-02,2.824997E+02,3.157828E+02,1.254667E-01,3.085125E+03,5.165079E-02,0.000000E+00,0.000000E+00,3.730654E-01,5.248843E+03,3.730654E-01,2.040450E+03,2.280848E+03,3.730654E-01,1.335399E+04,3.730654E-01,0.000000E+00,0.000000E+00,4.820504E-02,6.782207E+02,4.820504E-02,2.636535E+02,2.947161E+02,4.820504E-02,1.725514E+03,4.820504E-02,0.000000E+00,0.000000E+00,4.820516E-02,6.782224E+02,4.820516E-02,2.636541E+02,2.947168E+02,4.820516E-02,1.725518E+03,4.820516E-02,0.000000E+00,0.000000E+00,3.353389E-02,4.718050E+02,3.353389E-02,1.834108E+02,2.050196E+02,4.854692E-02,1.451803E+03,3.353389E-02,0.000000E+00,0.000000E+00,1.047938E-02,1.474396E+02,1.047938E-02,5.731608E+01,6.406884E+01,5.571251E-02,1.132686E+03,1.047938E-02,0.000000E+00,0.000000E+00,3.772573E-02,5.307822E+02,3.772573E-02,2.063378E+02,2.306477E+02,1.155656E-01,2.654053E+03,3.772573E-02,0.000000E+00,0.000000E+00,0.000000E+00,0.000000E+00,0.000000E+00,0.000000E+00,0.000000E+00,0.000000E+00,0.000000E+00,0.000000E+00,0.000000E+00,0.000000E+00,1.467111E-02,2.064152E+02,1.467111E-02,8.024244E+01,8.969630E+01,2.242162E-02,6.549631E+02,1.467111E-02,0.000000E+00,0.000000E+00,2.724636E-02,3.833426E+02,4.501672E-02,4.463692E+02,7.225076E+02,2.726870E-02,9.756657E+02,2.724636E-02,0.000000E+00,0.000000E+00
03:30:00,5.165079E-02,7.305545E+02,5.165079E-02,2.786460E+02,3.118522E+02,1.305273E-01,3.169882E+03,5.165079E-02,0.000000E+00,0.000000E+00,3.730654E-01,5.276678E+03,3.730654E-01,2.012615E+03,2.252458E+03,3.730654E-01,1.335399E+04,3.730654E-01,0.000000E+00,0.000000E+00,4.820504E-02,6.818173E+02,4.820504E-02,2.600568E+02,2.910477E+02,4.820504E-02,1.725514E+03,4.820504E-02,0.000000E+00,0.000000E+00,4.820516E-02,6.818191E+02,4.820516E-02,2.600575E+02,2.910485E+02,4.820516E-02,1.725518E+03,4.820516E-02,0.000000E+00,0.000000E+00,3.353389E-02,4.743070E+02,3.353389E-02,1.809088E+02,2.024677E+02,5.199811E-02,1.509605E+03,3.353389E-02,0.000000E+00,0.000000E+00,1.047938E-02,1.482214E+02,1.047938E-02,5.653420E+01,6.327137E+01,6.215088E-02,1.240521E+03,1.047938E-02,0.000000E+00,0.000000E+00,3.772573E-02,5.335969E+02,3.772573E-02,2.035230E+02,2.277768E+02,1.341386E-01,2.965115E+03,3.772573E-02,0.000000E+00,0.000000E+00,0.000000E+00,0.000000E+00,0.000000E+00,0.000000E+00,0.000000E+00,0.000000E+00,0.000000E+00,0.000000E+00,0.000000E+00,0.000000E+00,1.467111E-02,2.075098E+02,1.467111E-02,7.914782E+01,8.857984E+01,2.464088E-02,6.921317E+02,1.467111E-02,0.000000E+00,0.000000E+00,2.724636E-02,3.853755E+02,4.686729E-02,4.753036E+02,7.622765E+02,3.024590E-02,1.025529E+03,2.724636E-02,0.000000E+00,0.000000E+00
03:45:00,5.165079E-02,7.344082E+02,5.165079E-02,2.747923E+02,3.079208E+02,1.351805E-01,3.247813E+03,5.165079E-02,0.000000E+00,0.000000E+00,3.730654E-01,5.304512E+03,3.730654E-01,1.984781E+03,2.224062E+03,3.730654E-01,1.335399E+04,3.730654E-01,0.000000E+00,0.000000E+00,4.820504E-02,6.854140E+02,4.820504E-02,2.564602E+02,2.873786E+02,4.820504E-02,1.725514E+03,4.820504E-02,0.000000E+00,0.000000E+00,4.820516E-02,6.854157E+02,4.820516E-02,2.564609E+02,2.873793E+02,4.820516E-02,1.725518E+03,4.820516E-02,0.000000E+00,0.000000E+00,3.353389E-02,4.768090E+02,3.371826E-02,1.814933E+02,2.054050E+02,5.517184E-02,1.562760E+03,3.353389E-02,0.000000E+00,0.000000E+00,1.047938E-02,1.490033E+02,1.131811E-02,6.974892E+01,9.333392E+01,6.820839E-02,1.341976E+03,1.047938E-02,0.000000E+00,0.000000E+00,3.772573E-02,5.364117E+02,3.772573E-02,2.007083E+02,2.249053E+02,1.497020E-01,3.225772E+03,3.772573E-02,0.000000E+00,0.000000E+00,0.000000E+00,0.000000E+00,0.000000E+00,0.000000E+00,0.000000E+00,0.000000E+00,0.000000E+00,0.000000E+00,0.000000E+00,0.000000E+00,1.467111E-02,2.086045E+02,1.467111E-02,7.805320E+01,8.746314E+01,2.683392E-02,7.288612E+02,1.467111E-02,0.000000E+00,0.000000E+00,2.724636E-02,3.874084E+02,4.845495E-02,4.998418E+02,7.944534E+02,3.314331E-02,1.074055E+03,2.724636E-02,0.000000E+00,0.000000E+00
04:00:00,5.165079E-02,7.382619E+02,5.165079E-02,2.709386E+02,3.039902E+02,1.394527E-01,3.319366E+03,5.165079E-02,0.000000E+00,0.000000E+00,3.730654E-01,5.332347E+03,3.730654E-01,1.956946E+03,2.195672E+03,3.730654E-01,1.335399E+04,3.730654E-01,0.000000E+00,0.000000E+00,4.820504E-02,6.890106E+02,4.820504E-02,2.528636E+02,2.837102E+02,4.820504E-02,1.725514E+03,4.820504E-02,0.000000E+00,0.000000E+00,4.820516E-02,6.890123E+02,4.820516E-02,2.528643E+02,2.837109E+02,4.820516E-02,1.725518E+03,4.820516E-02,0.000000E+00,0.000000E+00,3.353389E-02,4.793110E+02,3.555240E-02,2.096946E+02,2.558327E+02,5.808741E-02,1.611591E+03,3.353389E-02,0.000000E+00,0.000000E+00,1.047938E-02,1.497852E+02,1.775302E-02,1.767000E+02,3.299070E+02,7.403955E-02,1.439638E+03,1.047938E-02,0.000000E+00,0.000000E+00,3.772573E-02,5.392264E+02,3.772573E-02,1.978935E+02,2.220344E+02,1.645145E-01,3.473854E+03,3.772573E-02,0.000000E+00,0.000000E+00,0.000000E+00,0.000000E+00,0.000000E+00,0.000000E+00,0.000000E+00,0.000000E+00,0.000000E+00,0.000000E+00,0.000000E+00,0.000000E+00,1.467111E-02,2.096991E+02,1.467111E-02,7.695857E+01,8.634667E+01,2.890886E-02,7.636123E+02,1.467111E-02,0.000000E+00,0.000000E+00,2.724636E-02,3.894413E+02,4.982503E-02,5.207403E+02,8.210456E+02,3.581296E-02,1.118767E+03,2.724636E-02,0.000000E+00,0.000000E+00
04:15:00,5.165079E-02,7.408311E+02,5.165079E-02,2.683695E+02,3.013698E+02,1.433890E-01,3.385291E+03,5.165079E-02,0.000000E+00,0.000000E+00,3.730654E-01,5.350903E+03,3.730654E-01,1.938390E+03,2.176746E+03,3.730654E-01,1.335399E+04,3.730654E-01,0.000000E+00,0.000000E+00,4.820504E-02,6.914083E+02,4.820504E-02,2.504659E+02,2.812647E+02,4.820504E-02,1.725514E+03,4.820504E-02,0.000000E+00,0.000000E+00,4.820516E-02,6.914101E+02,4.820516E-02,2.504665E+02,2.812654E+02,4.820516E-02,1.725518E+03,4.820516E-02,0.000000E+00,0.000000E+00,3.353389E-02,4.809790E+02,3.713988E-02,2.346010E+02,2.975567E+02,6.075629E-02,1.656290E+03,3.353389E-02,0.000000E+00,0.000000E+00,1.047938E-02,1.503064E+02,2.278288E-02,2.604675E+02,5.102018E+02,7.967507E-02,1.534023E+03,1.047938E-02,0.000000E+00,0.000000E+00,3.772573E-02,5.411029E+02,3.772573E-02,1.960170E+02,2.201205E+02,1.790655E-01,3.717554E+03,3.772573E-02,0.000000E+00,0.000000E+00,0.000000E+00,0.000000E+00,0.000000E+00,0.000000E+00,0.000000E+00,0.000000E+00,0.000000E+00,0.000000E+00,0.000000E+00,0.000000E+00,1.467111E-02,2.104288E+02,1.467111E-02,7.622883E+01,8.560238E+01,3.083674E-02,7.959006E+02,1.467111E-02,0.000000E+00,0.000000E+00,2.724636E-02,3.907965E+02,5.101602E-02,5.393198E+02,8.441683E+02,3.825654E-02,1.159693E+03,2.724636E-02,0.000000E+00,0.000000E+00
04:30:00,5.165079E-02,7.434002E+02,5.165079E-02,2.658004E+02,2.987494E+02,1.470282E-01,3.446240E+03,5.165079E-02,0.000000E+00,0.000000E+00,3.730654E-01,5.369460E+03,3.730654E-01,1.919833E+03,2.157819E+03,3.730654E-01,1.335399E+04,3.730654E-01,0.000000E+00,0.000000E+00,4.820504E-02,6.938061E+02,4.820504E-02,2.480681E+02,2.788191E+02,4.820504E-02,1.725514E+03,4.820504E-02,0.000000E+00,0.000000E+00,4.820516E-02,6.938078E+02,4.820516E-02,2.480688E+02,2.788198E+02,4.820516E-02,1.725518E+03,4.820516E-02,0.000000E+00,0.000000E+00,3.353389E-02,4.826470E+02,3.851870E-02,2.560150E+02,3.317741E+02,6.319237E-02,1.697089E+03,3.353389E-02,0.000000E+00,0.000000E+00,1.047938E-02,1.508277E+02,2.735557E-02,3.365017E+02,6.652262E+02,8.491948E-02,1.621856E+03,1.047938E-02,0.000000E+00,0.000000E+00,3.772573E-02,5.429794E+02,3.772573E-02,1.941405E+02,2.182065E+02,1.933178E-01,3.956252E+03,3.772573E-02,0.000000E+00,0.000000E+00,0.000000E+00,0.000000E+00,0.000000E+00,0.000000E+00,0.000000E+00,0.000000E+00,0.000000E+00,0.000000E+00,0.000000E+00,0.000000E+00,1.467111E-02,2.111586E+02,1.467111E-02,7.549908E+01,8.485808E+01,3.261454E-02,8.256750E+02,1.467111E-02,0.000000E+00,0.000000E+00,2.724636E-02,3.921518E+02,5.205452E-02,5.553470E+02,8.639718E+02,4.048038E-02,1.196938E+03,2.724636E-02,0.000000E+00,0.000000E+00
04:45:00,5.165079E-02,7.459693E+02,5.165079E-02,2.632312E+02,2.961291E+02,1.503998E-01,3.502707E+03,5.165079E-02,0.000000E+00,0.000000E+00,3.730654E-01,5.388016E+03,3.730654E-01,1.901277E+03,2.138892E+03,3.730654E-01,1.335399E+04,3.730654E-01,0.000000E+00,0.000000E+00,4.820504E-02,6.962038E+02,4.820504E-02,2.456704E+02,2.763735E+02,4.956434E-02,1.748280E+03,4.820504E-02,0.000000E+00,0.000000E+00,4.820516E-02,6.962056E+02,4.820516E-02,2.456710E+02,2.763742E+02,4.820516E-02,1.725518E+03,4.820516E-02,0.000000E+00,0.000000E+00,3.353389E-02,4.843150E+02,4.017591E-02,2.820899E+02,3.724541E+02,6.541086E-02,1.734244E+03,3.353389E-02,0.000000E+00,0.000000E+00,1.047938E-02,1.513489E+02,3.136815E-02,4.031515E+02,7.908041E+02,8.977610E-02,1.703194E+03,1.047938E-02,0.000000E+00,0.000000E+00,3.772573E-02,5.448559E+02,3.772573E-02,1.922640E+02,2.162926E+02,2.067046E-01,4.180453E+03,3.772573E-02,0.000000E+00,0.000000E+00,0.000000E+00,0.000000E+00,0.000000E+00,0.000000E+00,0.000000E+00,0.000000E+00,0.000000E+00,0.000000E+00,0.000000E+00,0.000000E+00,1.467111E-02,2.118883E+02,1.467111E-02,7.476933E+01,8.411377E+01,3.424479E-02,8.529782E+02,1.467111E-02,0.000000E+00,0.000000E+00,2.724636E-02,3.935070E+02,5.301572E-02,5.700799E+02,8.825516E+02,4.249586E-02,1.230694E+03,2.724636E-02,0.000000E+00,0.000000E+00
05:00:00,5.165079E-02,7.485385E+02,5.165079E-02,2.606621E+02,2.935087E+02,1.535353E-01,3.555219E+03,5.165079E-02,0.000000E+00,0.000000E+00,3.730654E-01,5.406573E+03,3.730654E-01,1.882720E+03,2.119966E+03,3.730654E-01,1.335399E+04,3.730654E-01,0.000000E+00,0.000000E+00,4.820504E-02,6.986015E+02,4.820504E-02,2.432726E+02,2.739280E+02,5.162676E-02,1.782821E+03,4.820504E-02,0.000000E+00,0.000000E+00,4.820516E-02,6.986033E+02,4.820516E-02,2.432733E+02,2.739287E+02,4.820516E-02,1.725518E+03,4.820516E-02,0.000000E+00,0.000000E+00,3.353389E-02,4.859830E+02,4.261834E-02,3.213094E+02,4.325454E+02,6.742538E-02,1.767984E+03,3.353389E-02,0.000000E+00,0.000000E+00,1.047938E-02,1.518702E+02,3.500934E-02,4.635816E+02,8.944031E+02,9.425411E-02,1.778191E+03,1.047938E-02,0.000000E+00,0.000000E+00,3.772573E-02,5.467324E+02,3.772573E-02,1.903876E+02,2.143787E+02,2.192022E-01,4.389763E+03,3.772573E-02,0.000000E+00,0.000000E+00,0.000000E+00,0.000000E+00,0.000000E+00,0.000000E+00,0.000000E+00,0.000000E+00,0.000000E+00,0.000000E+00,0.000000E+00,0.000000E+00,1.467111E-02,2.126181E+02,1.467111E-02,7.403958E+01,8.336947E+01,3.573368E-02,8.779140E+02,1.467111E-02,0.000000E+00,0.000000E+00,2.724636E-02,3.948623E+02,5.394885E-02,5.843419E+02,9.009484E+02,4.431727E-02,1.261198E+03,2.724636E-02,0.000000E+00,0.000000E+00
05:15:00,5.165079E-02,7.459693E+02,1.224180E-01,1.260462E+03,1.699038E+03,3.369784E-01,6.328052E+03,5.165079E-02,0.000000E+00,0.000000E+00,3.730654E-01,5.388016E+03,4.991512E-01,3.850287E+03,6.058035E+03,6.285349E-01,1.732594E+04,3.730654E-01,0.000000E+00,0.000000E+00,4.820504E-02,6.962038E+02,4.820504E-02,2.456704E+02,2.763735E+02,1.162463E-01,2.780751E+03,4.820504E-02,0.000000E+00,0.000000E+00,4.820516E-02,6.962056E+02,4.820516E-02,2.456710E+02,2.763742E+02,8.992559E-02,2.380483E+03,4.820516E-02,0.000000E+00,0.000000E+00,3.353389E-02,4.843150E+02,1.004594E-01,1.207567E+03,1.508440E+03,1.316619E-01,2.722297E+03,3.353389E-02,0.000000E+00,0.000000E+00,1.047938E-02,1.513489E+02,1.455420E-01,2.144891E+03,3.036782E+03,2.168397E-01,3.575551E+03,1.047938E-02,0.000000E+00,0.000000E+00,3.772573E-02,5.448559E+02,2.233942E-01,2.771020E+03,5.002275E+03,5.887679E-01,1.000134E+04,3.772573E-02,0.000000E+00,0.000000E+00,0.000000E+00,0.000000E+00,8.435427E-03,1.211817E+02,1.411459E+02,4.747111E-03,5.426512E+01,0.000000E+00,0.000000E+00,0.000000E+00,1.467111E-02,2.118883E+02,3.568386E-02,3.882877E+02,4.944191E+02,7.756460E-02,1.500567E+03,1.467111E-02,0.000000E+00,0.000000E+00,2.724636E-02,3.935070E+02,9.561358E-02,1.197525E+03,1.590093E+03,9.616029E-02,2.044088E+03,2.724636E-02,0.000000E+00,0.000000E+00
05:30:00,5.165079E-02,7.434002E+02,1.281870E-01,1.271518E+03,1.652227E+03,3.774287E-01,6.508364E+03,5.165079E-02,0.000000E+00,0.000000E+00,3.730654E-01,5.369460E+03,4.979189E-01,3.676394E+03,5.623806E+03,6.724976E-01,1.759154E+04,3.730654E-01,0.000000E+00,0.000000E+00,4.820504E-02,6.938061E+02,4.820504E-02,2.480681E+02,2.788191E+02,1.383443E-01,2.997650E+03,4.820504E-02,0.000000E+00,0.000000E+00,4.820516E-02,6.938078E+02,4.820516E-02,2.480688E+02,2.788198E+02,1.102600E-01,2.613100E+03,4.820516E-02,0.000000E+00,0.000000E+00,3.353389E-02,4.826470E+02,1.194057E-01,1.383000E+03,1.672443E+03,1.587816E-01,2.968096E+03,3.353389E-02,0.000000E+00,0.000000E+00,1.047938E-02,1.508277E+02,1.741146E-01,2.359643E+03,3.029729E+03,2.693956E-01,4.029251E+03,1.047938E-02,0.000000E+00,0.000000E+00,3.772573E-02,5.429794E+02,2.382478E-01,2.803792E+03,4.689885E+03,6.943805E-01,1.074288E+04,3.772573E-02,0.000000E+00,0.000000E+00,0.000000E+00,0.000000E+00,1.231625E-02,1.645428E+02,1.817020E+02,7.871310E-03,8.997843E+01,0.000000E+00,0.000000E+00,0.000000E+00,1.467111E-02,2.111586E+02,4.297579E-02,4.641316E+02,5.548487E+02,9.489193E-02,1.657329E+03,1.467111E-02,0.000000E+00,0.000000E+00,2.724636E-02,3.921518E+02,1.084274E-01,1.284247E+03,1.691336E+03,1.181687E-01,2.258514E+03,2.724636E-02,0.000000E+00,0.000000E+00
05:45:00,5.165079E-02,7.408311E+02,2.101150E-01,2.199605E+03,2.582873E+03,4.970403E-01,7.597511E+03,5.165079E-02,0.000000E+00,0.000000E+00,3.730654E-01,5.350903E+03,6.235069E-01,5.113611E+03,7.204682E+03,8.211048E-01,1.906930E+04,3.730654E-01,0.000000E+00,0.000000E+00,4.820504E-02,6.914083E+02,4.820504E-02,2.504659E+02,2.812647E+02,1.782760E-01,3.379663E+03,4.820504E-02,0.000000E+00,0.000000E+00,4.820516E-02,6.914101E+02,5.000831E-02,2.720598E+02,3.085510E+02,1.496000E-01,3.034271E+03,4.820516E-02,0.000000E+00,0.000000E+00,3.353389E-02,4.809790E+02,1.597374E-01,1.777139E+03,1.954455E+03,2.011607E-01,3.332272E+03,3.353389E-02,0.000000E+00,0.000000E+00,1.047938E-02,1.503064E+02,2.408532E-01,2.979127E+03,2.983525E+03,3.513093E-01,4.709618E+03,1.047938E-02,0.000000E+00,0.000000E+00,3.772573E-02,5.411029E+02,3.792433E-01,4.336528E+03,5.951498E+03,9.218930E-01,1.276310E+04,3.772573E-02,0.000000E+00,0.000000E+00,0.000000E+00,0.000000E+00,1.855764E-02,2.287285E+02,2.323405E+02,1.297283E-02,1.482949E+02,0.000000E+00,0.000000E+00,0.000000E+00,1.467111E-02,2.104288E+02,6.391771E-02,6.926574E+02,7.050961E+02,1.230219E-01,1.903108E+03,1.467111E-02,0.000000E+00,0.000000E+00,2.724636E-02,3.907965E+02,1.364807E-01,1.528673E+03,1.848398E+03,1.523726E-01,2.566608E+03,2.724636E-02,0.000000E+00,0.000000E+00
06:00:00,5.165079E-02,7.382619E+02,2.765491E-01,2.793861E+03,3.083317E+03,5.908202E-01,8.055421E+03,5.165079E-02,0.000000E+00,0.000000E+00,3.730654E-01,5.332347E+03,7.073781E-01,5.730181E+03,8.577158E+03,9.186046E-01,1.955163E+04,3.730654E-01,0.000000E+00,0.000000E+00,4.820504E-02,6.890106E+02,4.820504E-02,2.528636E+02,2.837102E+02,2.074045E-01,3.527900E+03,4.820504E-02,0.000000E+00,0.000000E+00,4.820516E-02,6.890123E+02,6.374087E-02,4.267446E+02,4.898986E+02,1.782740E-01,3.222841E+03,4.820516E-02,0.000000E+00,0.000000E+00,3.353389E-02,4.793110E+02,1.937288E-01,1.987117E+03,2.220910E+03,2.330421E-01,3.459287E+03,3.353389E-02,0.000000E+00,0.000000E+00,1.047938E-02,1.497852E+02,2.917296E-01,3.233387E+03,3.138226E+03,4.124088E-01,4.925666E+03,1.047938E-02,0.000000E+00,0.000000E+00,3.772573E-02,5.392264E+02,4.881029E-01,5.247250E+03,6.337682E+03,1.086751E+00,1.342694E+04,3.772573E-02,0.000000E+00,0.000000E+00,0.000000E+00,0.000000E+00,2.371415E-02,2.670866E+02,2.641160E+02,1.708904E-02,1.953480E+02,0.000000E+00,0.000000E+00,0.000000E+00,1.467111E-02,2.096991E+02,8.035787E-02,8.178446E+02,7.900016E+02,1.441560E-01,1.991159E+03,1.467111E-02,0.000000E+00,0.000000E+00,2.724636E-02,3.894413E+02,1.577133E-01,1.617774E+03,2.027802E+03,1.777494E-01,2.679282E+03,2.724636E-02,0.000000E+00,0.000000E+00
06:15:00,5.165079E-02,7.292699E+02,2.238003E-01,2.201771E+03,2.419388E+03,4.981234E-01,6.833831E+03,5.165079E-02,0.000000E+00,0.000000E+00,3.730654E-01,5.267399E+03,5.399406E-01,3.883277E+03,5.887563E+03,7.047017E-01,1.705678E+04,3.730654E-01,0.000000E+00,0.000000E+00,4.820504E-02,6.806185E+02,4.820504E-02,2.612557E+02,2.922705E+02,1.699216E-01,3.084514E+03,4.820504E-02,0.000000E+00,0.000000E+00,4.820516E-02,6.806202E+02,4.820516E-02,2.612564E+02,2.922712E+02,1.442983E-01,2.798416E+03,4.820516E-02,0.000000E+00,0.000000E+00,3.353389E-02,4.734730E+02,1.725457E-01,1.733427E+03,2.037199E+03,1.983859E-01,3.040992E+03,3.353389E-02,0.000000E+00,0.000000E+00,1.047938E-02,1.479608E+02,2.311356E-01,2.520194E+03,2.743599E+03,3.467973E-01,4.130191E+03,1.047938E-02,0.000000E+00,0.000000E+00,3.772573E-02,5.326587E+02,3.759379E-01,3.979708E+03,4.726240E+03,8.726515E-01,1.067249E+04,3.772573E-02,0.000000E+00,0.000000E+00,0.000000E+00,0.000000E+00,2.008869E-02,2.242851E+02,2.274116E+02,1.616344E-02,1.804664E+02,0.000000E+00,0.000000E+00,0.000000E+00,1.467111E-02,2.071450E+02,6.025964E-02,5.884960E+02,6.026510E+02,1.220209E-01,1.723742E+03,1.467111E-02,0.000000E+00,0.000000E+00,2.724636E-02,3.846979E+02,1.361192E-01,1.362628E+03,1.804794E+03,1.493589E-01,2.338710E+03,2.724636E-02,0.000000E+00,0.000000E+00
06:30:00,5.165079E-02,7.202780E+02,2.907571E-01,2.958216E+03,3.281733E+03,5.438731E-01,7.344657E+03,5.165079E-02,0.000000E+00,0.000000E+00,3.730654E-01,5.202452E+03,6.171301E-01,4.808288E+03,8.181777E+03,7.362647E-01,1.740920E+04,3.730654E-01,0.000000E+00,0.000000E+00,4.820504E-02,6.722264E+02,4.820504E-02,2.696478E+02,3.008301E+02,1.720197E-01,3.107946E+03,4.820504E-02,0.000000E+00,0.000000E+00,4.820516E-02,6.722281E+02,5.994349E-02,4.006889E+02,4.521045E+02,1.481493E-01,2.841414E+03,4.820516E-02,0.000000E+00,0.000000E+00,3.353389E-02,4.676350E+02,1.912192E-01,1.947569E+03,2.344451E+03,1.976590E-01,3.032889E+03,3.353389E-02,0.000000E+00,0.000000E+00,1.047938E-02,1.461364E+02,2.493048E-01,2.724868E+03,3.207284E+03,3.448475E-01,4.108434E+03,1.047938E-02,0.000000E+00,0.000000E+00,3.772573E-02,5.260909E+02,4.749655E-01,5.091548E+03,6.164918E+03,9.062935E-01,1.104812E+04,3.772573E-02,0.000000E+00,0.000000E+00,0.000000E+00,0.000000E+00,2.074986E-02,2.316692E+02,2.400933E+02,1.660437E-02,1.853894E+02,0.000000E+00,0.000000E+00,0.000000E+00,1.467111E-02,2.045909E+02,6.799020E-02,6.773720E+02,7.269067E+02,1.221795E-01,1.725515E+03,1.467111E-02,0.000000E+00,0.000000E+00,2.724636E-02,3.799545E+02,1.419865E-01,1.432653E+03,1.965985E+03,1.480243E-01,2.323815E+03,2.724636E-02,0.000000E+00,0.000000E+00
06:45:00,5.165079E-02,7.112860E+02,2.847774E-01,2.900399E+03,3.231598E+03,5.066562E-01,6.929127E+03,5.165079E-02,0.000000E+00,0.000000E+00,3.730654E-01,5.137504E+03,5.645728E-01,4.286587E+03,7.212026E+03,6.554205E-01,1.650656E+04,3.730654E-01,0.000000E+00,0.000000E+00,4.820504E-02,6.638343E+02,4.820504E-02,2.780399E+02,3.093897E+02,1.539336E-01,2.906009E+03,4.820504E-02,0.000000E+00,0.000000E+00,4.820516E-02,6.638359E+02,5.475502E-02,3.511582E+02,3.936540E+02,1.306188E-01,2.645681E+03,4.820516E-02,0.000000E+00,0.000000E+00,3.353389E-02,4.617971E+02,1.894131E-01,1.933189E+03,2.323321E+03,1.791150E-01,2.825840E+03,3.353389E-02,0.000000E+00,0.000000E+00,1.047938E-02,1.443121E+02,2.268167E-01,2.475685E+03,2.991500E+03,3.084281E-01,3.701802E+03,1.047938E-02,0.000000E+00,0.000000E+00,3.772573E-02,5.195232E+02,4.514762E-01,4.835802E+03,5.916260E+03,8.048110E-01,9.915048E+03,3.772573E-02,0.000000E+00,0.000000E+00,0.000000E+00,0.000000E+00,1.883593E-02,2.103048E+02,2.196219E+02,1.484793E-02,1.657785E+02,0.000000E+00,0.000000E+00,0.000000E+00,1.467111E-02,2.020367E+02,6.169646E-02,6.096681E+02,6.686541E+02,1.097408E-01,1.586635E+03,1.467111E-02,0.000000E+00,0.000000E+00,2.724636E-02,3.752112E+02,1.316681E-01,1.322191E+03,1.834050E+03,1.322723E-01,2.147940E+03,2.724636E-02,0.000000E+00,0.000000E+00
07:00:00,5.165079E-02,7.022940E+02,2.974560E-01,3.051000E+03,3.391171E+03,4.920286E-01,6.765817E+03,5.165079E-02,0.000000E+00,0.000000E+00,3.730654E-01,5.072557E+03,5.519513E-01,4.210435E+03,7.046411E+03,6.197505E-01,1.610830E+04,3.730654E-01,0.000000E+00,0.000000E+00,4.820504E-02,6.554422E+02,4.820504E-02,2.864320E+02,3.179493E+02,1.447027E-01,2.802947E+03,4.820504E-02,0.000000E+00,0.000000E+00,4.820516E-02,6.554438E+02,5.488482E-02,3.610022E+02,4.036005E+02,1.217564E-01,2.546733E+03,4.820516E-02,0.000000E+00,0.000000E+00,3.353389E-02,4.559591E+02,1.945704E-01,1.996480E+03,2.377443E+03,1.689575E-01,2.712433E+03,3.353389E-02,0.000000E+00,0.000000E+00,1.047938E-02,1.424877E+02,2.181932E-01,2.381079E+03,2.882132E+03,2.885935E-01,3.480352E+03,1.047938E-02,0.000000E+00,0.000000E+00,3.772573E-02,5.129555E+02,4.642980E-01,4.985782E+03,6.090180E+03,7.548580E-01,9.357327E+03,3.772573E-02,0.000000E+00,0.000000E+00,0.000000E+00,0.000000E+00,1.783468E-02,1.991248E+02,2.079293E+02,1.388461E-02,1.550230E+02,0.000000E+00,0.000000E+00,0.000000E+00,1.467111E-02,1.994826E+02,5.970291E-02,5.899523E+02,6.499504E+02,1.028072E-01,1.509221E+03,1.467111E-02,0.000000E+00,0.000000E+00,2.724636E-02,3.704678E+02,1.276665E-01,1.282213E+03,1.783165E+03,1.235219E-01,2.050242E+03,2.724636E-02,0.000000E+00,0.000000E+00
07:15:00,5.165079E-02,6.804564E+02,3.103153E-01,3.216384E+03,3.555782E+03,4.805508E-01,6.637678E+03,5.165079E-02,0.000000E+00,0.000000E+00,3.730654E-01,4.914827E+03,5.458797E-01,4.300028E+03,7.084158E+03,5.948731E-01,1.583055E+04,3.730654E-01,0.000000E+00,0.000000E+00,4.820504E-02,6.350614E+02,4.909424E-02,3.167393E+02,3.505009E+02,1.376998E-01,2.724761E+03,4.820504E-02,0.000000E+00,0.000000E+00,4.820516E-02,6.350630E+02,5.527698E-02,3.857618E+02,4.290385E+02,1.149428E-01,2.470661E+03,4.820516E-02,0.000000E+00,0.000000E+00,3.353389E-02,4.417812E+02,2.011332E-01,2.083783E+03,2.461425E+03,1.611480E-01,2.625242E+03,3.353389E-02,0.000000E+00,0.000000E+00,1.047938E-02,1.380571E+02,2.124601E-01,2.321294E+03,2.801822E+03,2.734257E-01,3.311009E+03,1.047938E-02,0.000000E+00,0.000000E+00,3.772573E-02,4.970052E+02,4.795222E-01,5.171665E+03,6.268775E+03,7.163581E-01,8.927486E+03,3.772573E-02,0.000000E+00,0.000000E+00,0.000000E+00,0.000000E+00,1.704252E-02,1.902771E+02,1.984150E+02,1.304642E-02,1.456645E+02,0.000000E+00,0.000000E+00,0.000000E+00,1.467111E-02,1.932798E+02,5.850763E-02,5.827858E+02,6.411598E+02,9.740949E-02,1.448957E+03,1.467111E-02,0.000000E+00,0.000000E+00,2.724636E-02,3.589482E+02,1.257134E-01,1.271858E+03,1.767695E+03,1.168102E-01,1.975306E+03,2.724636E-02,0.000000E+00,0.000000E+00
07:30:00,5.165079E-02,6.586187E+02,3.234508E-01,3.384841E+03,3.722666E+03,4.709828E-01,6.530855E+03,5.165079E-02,0.000000E+00,0.000000E+00,3.730654E-01,4.757097E+03,5.446368E-01,4.443576E+03,7.227536E+03,5.763411E-01,1.562363E+04,3.730654E-01,0.000000E+00,0.000000E+00,4.820504E-02,6.146805E+02,5.234230E-02,3.733795E+02,4.135319E+02,1.320518E-01,2.661701E+03,4.820504E-02,0.000000E+00,0.000000E+00,4.820516E-02,6.146821E+02,5.596009E-02,4.137690E+02,4.581570E+02,1.094020E-01,2.408798E+03,4.820516E-02,0.000000E+00,0.000000E+00,3.353389E-02,4.276032E+02,2.084362E-01,2.179403E+03,2.560423E+03,1.548333E-01,2.554737E+03,3.353389E-02,0.000000E+00,0.000000E+00,1.047938E-02,1.336265E+02,2.086670E-01,2.283261E+03,2.754894E+03,2.612182E-01,3.174713E+03,1.047938E-02,0.000000E+00,0.000000E+00,3.772573E-02,4.810550E+02,4.971238E-01,5.384028E+03,6.470720E+03,6.849048E-01,8.576314E+03,3.772573E-02,0.000000E+00,0.000000E+00,0.000000E+00,0.000000E+00,1.641028E-02,1.832164E+02,1.909906E+02,1.231400E-02,1.374869E+02,0.000000E+00,0.000000E+00,0.000000E+00,1.467111E-02,1.870769E+02,5.791580E-02,5.823650E+02,6.397217E+02,9.302406E-02,1.399993E+03,1.467111E-02,0.000000E+00,0.000000E+00,2.724636E-02,3.474286E+02,1.255410E-01,1.281399E+03,1.778384E+03,1.114173E-01,1.915094E+03,2.724636E-02,0.000000E+00,0.000000E+00
07:45:00,5.165079E-02,6.367810E+02,3.365412E-01,3.552806E+03,3.891223E+03,4.629153E-01,6.440781E+03,5.165079E-02,0.000000E+00,0.000000E+00,3.730654E-01,4.599367E+03,5.470955E-01,4.628510E+03,7.456104E+03,5.620705E-01,1.546430E+04,3.730654E-01,0.000000E+00,0.000000E+00,4.820504E-02,5.942997E+02,5.574677E-02,4.317663E+02,4.776017E+02,1.273655E-01,2.609377E+03,4.820504E-02,0.000000E+00,0.000000E+00,4.820516E-02,5.943012E+02,5.682739E-02,4.438325E+02,4.896106E+02,1.047812E-01,2.357205E+03,4.820516E-02,0.000000E+00,0.000000E+00,3.353389E-02,4.134253E+02,2.160861E-01,2.278942E+03,2.665346E+03,1.496071E-01,2.496385E+03,3.353389E-02,0.000000E+00,0.000000E+00,1.047938E-02,1.291958E+02,2.063498E-01,2.261789E+03,2.733471E+03,2.511444E-01,3.062237E+03,1.047938E-02,0.000000E+00,0.000000E+00,3.772573E-02,4.651048E+02,5.162822E-01,5.613799E+03,6.696221E+03,6.585716E-01,8.282302E+03,3.772573E-02,0.000000E+00,0.000000E+00,0.000000E+00,0.000000E+00,1.590917E-02,1.776212E+02,1.852740E+02,1.166727E-02,1.302662E+02,0.000000E+00,0.000000E+00,0.000000E+00,1.467111E-02,1.808740E+02,5.781315E-02,5.874151E+02,6.448108E+02,8.939454E-02,1.359469E+03,1.467111E-02,0.000000E+00,0.000000E+00,2.724636E-02,3.359090E+02,1.271043E-01,1.310327E+03,1.812462E+03,1.069871E-01,1.865630E+03,2.724636E-02,0.000000E+00,0.000000E+00
08:00:00,5.165079E-02,6.149434E+02,3.494335E-01,3.718574E+03,4.059476E+03,4.560429E-01,6.364048E+03,5.165079E-02,0.000000E+00,0.000000E+00,3.730654E-01,4.441637E+03,5.523316E-01,4.844462E+03,7.744629E+03,5.507777E-01,1.533821E+04,3.730654E-01,0.000000E+00,0.000000E+00,4.820504E-02,5.739189E+02,5.922173E-02,4.909404E+02,5.417582E+02,1.234021E-01,2.565124E+03,4.820504E-02,0.000000E+00,0.000000E+00,4.820516E-02,5.739204E+02,5.781369E-02,4.752245E+02,5.225624E+02,1.008611E-01,2.313437E+03,4.820516E-02,0.000000E+00,0.000000E+00,3.353389E-02,3.992474E+02,2.238278E-01,2.379524E+03,2.770496E+03,1.452119E-01,2.447311E+03,3.353389E-02,0.000000E+00,0.000000E+00,1.047938E-02,1.247652E+02,2.051718E-01,2.253067E+03,2.727776E+03,2.426800E-01,2.967730E+03,1.047938E-02,0.000000E+00,0.000000E+00,3.772573E-02,4.491546E+02,5.364524E-01,5.854899E+03,6.938686E+03,6.361614E-01,8.032087E+03,3.772573E-02,0.000000E+00,0.000000E+00,0.000000E+00,0.000000E+00,1.551767E-02,1.732503E+02,1.808783E+02,1.109248E-02,1.238486E+02,0.000000E+00,0.000000E+00,0.000000E+00,1.467111E-02,1.746712E+02,5.811139E-02,5.969457E+02,6.549906E+02,8.635016E-02,1.325477E+03,1.467111E-02,0.000000E+00,0.000000E+00,2.724636E-02,3.243894E+02,1.304213E-01,1.358825E+03,1.868300E+03,1.032894E-01,1.824343E+03,2.724636E-02,0.000000E+00,0.000000E+00
08:15:00,5.165079E-02,5.905366E+02,3.616701E-01,3.879596E+03,4.223544E+03,4.501422E-01,6.298165E+03,5.165079E-02,0.000000E+00,0.000000E+00,3.730654E-01,4.265351E+03,5.597522E-01,5.103338E+03,8.095132E+03,5.416407E-01,1.523619E+04,3.730654E-01,0.000000E+00,0.000000E+00,4.820504E-02,5.511404E+02,6.268481E-02,5.523801E+02,6.075734E+02,1.200063E-01,2.527208E+03,4.820504E-02,0.000000E+00,0.000000E+00,4.820516E-02,5.511418E+02,5.886461E-02,5.097357E+02,5.587564E+02,9.749552E-02,2.275859E+03,4.820516E-02,0.000000E+00,0.000000E+00,3.353389E-02,3.834014E+02,2.313688E-01,2.479536E+03,2.873958E+03,1.414737E-01,2.405572E+03,3.353389E-02,0.000000E+00,0.000000E+00,1.047938E-02,1.198134E+02,2.048757E-01,2.254715E+03,2.732222E+03,2.354725E-01,2.887255E+03,1.047938E-02,0.000000E+00,0.000000E+00,3.772573E-02,4.313278E+02,5.569773E-01,6.101850E+03,7.189144E+03,6.168724E-01,7.816720E+03,3.772573E-02,0.000000E+00,0.000000E+00,0.000000E+00,0.000000E+00,1.521856E-02,1.699109E+02,1.775308E+02,1.057938E-02,1.181198E+02,0.000000E+00,0.000000E+00,0.000000E+00,1.467111E-02,1.677386E+02,5.874161E-02,6.109136E+02,6.698143E+02,8.377098E-02,1.296680E+03,1.467111E-02,0.000000E+00,0.000000E+00,2.724636E-02,3.115145E+02,1.356078E-01,1.429530E+03,1.947890E+03,1.001662E-01,1.789472E+03,2.724636E-02,0.000000E+00,0.000000E+00
08:30:00,5.165079E-02,5.661298E+02,3.730519E-01,4.031075E+03,4.377837E+03,4.450460E-01,6.241265E+03,5.165079E-02,0.000000E+00,0.000000E+00,3.730654E-01,4.089064E+03,5.689067E-01,5.381541E+03,8.476673E+03,5.340940E-01,1.515193E+04,3.730654E-01,0.000000E+00,0.000000E+00,4.820504E-02,5.283618E+02,6.607977E-02,6.130596E+02,6.720601E+02,1.170697E-01,2.494420E+03,4.820504E-02,0.000000E+00,0.000000E+00,4.820516E-02,5.283631E+02,5.994313E-02,5.445549E+02,5.952687E+02,9.458042E-02,2.243311E+03,4.820516E-02,0.000000E+00,0.000000E+00,3.353389E-02,3.675555E+02,2.385146E-01,2.575134E+03,2.972477E+03,1.382684E-01,2.369783E+03,3.353389E-02,0.000000E+00,0.000000E+00,1.047938E-02,1.148615E+02,2.052962E-01,2.264355E+03,2.743805E+03,2.292729E-01,2.818035E+03,1.047938E-02,0.000000E+00,0.000000E+00,3.772573E-02,4.135011E+02,5.774072E-01,6.347743E+03,7.438368E+03,6.001327E-01,7.629819E+03,3.772573E-02,0.000000E+00,0.000000E+00,0.000000E+00,0.000000E+00,1.499750E-02,1.674428E+02,1.750512E+02,1.011991E-02,1.129898E+02,0.000000E+00,0.000000E+00,0.000000E+00,1.467111E-02,1.608059E+02,5.966505E-02,6.281549E+02,6.879269E+02,8.156908E-02,1.272095E+03,1.467111E-02,0.000000E+00,0.000000E+00,2.724636E-02,2.986397E+02,1.425442E-01,1.519752E+03,2.046684E+03,9.750447E-02,1.759753E+03,2.724636E-02,0.000000E+00,0.000000E+00
08:45:00,5.165079E-02,5.417230E+02,3.831976E-01,4.168754E+03,4.517684E+03,4.406082E-01,6.191715E+03,5.165079E-02,0.000000E+00,0.000000E+00,3.730654E-01,3.912778E+03,5.796612E-01,5.677573E+03,8.886537E+03,5.277622E-01,1.508124E+04,3.730654E-01,0.000000E+00,0.000000E+00,4.820504E-02,5.055833E+02,6.935533E-02,6.724065E+02,7.347233E+02,1.145158E-01,2.465906E+03,4.820504E-02,0.000000E+00,0.000000E+00,4.820516E-02,5.055845E+02,6.101881E-02,5.793426E+02,6.317115E+02,9.204136E-02,2.214962E+03,4.820516E-02,0.000000E+00,0.000000E+00,3.353389E-02,3.517096E+02,2.449917E-01,2.663271E+03,3.063163E+03,1.355080E-01,2.338962E+03,3.353389E-02,0.000000E+00,0.000000E+00,1.047938E-02,1.099096E+02,2.063243E-01,2.280776E+03,2.761741E+03,2.239061E-01,2.758113E+03,1.047938E-02,0.000000E+00,0.000000E+00,3.772573E-02,3.956744E+02,5.970874E-01,6.585268E+03,7.677811E+03,5.855417E-01,7.466907E+03,3.772573E-02,0.000000E+00,0.000000E+00,0.000000E+00,0.000000E+00,1.484245E-02,1.657117E+02,1.733092E+02,9.707799E-03,1.083885E+02,0.000000E+00,0.000000E+00,0.000000E+00,1.467111E-02,1.538733E+02,6.089080E-02,6.487709E+02,7.094484E+02,7.967886E-02,1.250991E+03,1.467111E-02,0.000000E+00,0.000000E+00,2.724636E-02,2.857648E+02,1.505914E-01,1.622365E+03,2.155453E+03,9.522171E-02,1.734266E+03,2.724636E-02,0.000000E+00,0.000000E+00
09:00:00,5.165079E-02,5.173162E+02,3.921720E-01,4.293356E+03,4.644228E+03,4.367329E-01,6.148447E+03,5.165079E-02,0.000000E+00,0.000000E+00,3.730654E-01,3.736492E+03,5.916303E-01,5.987141E+03,9.314504E+03,5.223712E-01,1.502104E+04,3.730654E-01,0.000000E+00,0.000000E+00,4.820504E-02,4.828047E+02,7.246601E-02,7.299131E+02,7.951266E+02,1.122837E-01,2.440983E+03,4.820504E-02,0.000000E+00,0.000000E+00,4.820516E-02,4.828059E+02,6.206857E-02,6.138407E+02,6.677989E+02,8.981845E-02,2.190143E+03,4.820516E-02,0.000000E+00,0.000000E+00,3.353389E-02,3.358636E+02,2.507167E-01,2.743017E+03,3.145475E+03,1.331185E-01,2.312283E+03,3.353389E-02,0.000000E+00,0.000000E+00,1.047938E-02,1.049577E+02,2.078320E-01,2.302548E+03,2.784856E+03,2.192306E-01,2.705910E+03,1.047938E-02,0.000000E+00,0.000000E+00,3.772573E-02,3.778477E+02,6.157673E-01,6.811626E+03,7.905396E+03,5.727551E-01,7.324143E+03,3.772573E-02,0.000000E+00,0.000000E+00,0.000000E+00,0.000000E+00,1.474317E-02,1.646032E+02,1.721962E+02,9.337499E-03,1.042541E+02,0.000000E+00,0.000000E+00,0.000000E+00,1.467111E-02,1.469407E+02,6.236114E-02,6.721173E+02,7.336996E+02,7.805213E-02,1.232828E+03,1.467111E-02,0.000000E+00,0.000000E+00,2.724636E-02,2.728900E+02,1.588377E-01,1.727208E+03,2.264576E+03,9.325481E-02,1.712304E+03,2.724636E-02,0.000000E+00,0.000000E+00
09:15:00,5.165079E-02,4.954785E+02,3.998653E-01,4.401085E+03,4.753586E+03,4.333399E-01,6.110563E+03,5.165079E-02,0.000000E+00,0.000000E+00,3.730654E-01,3.578762E+03,6.044118E-01,6.287211E+03,9.732623E+03,5.177185E-01,1.496910E+04,3.730654E-01,0.000000E+00,0.000000E+00,4.820504E-02,4.624239E+02,7.536449E-02,7.826530E+02,8.503456E+02,1.103245E-01,2.419107E+03,4.820504E-02,0.000000E+00,0.000000E+00,4.820516E-02,4.624251E+02,6.306900E-02,6.453904E+02,7.007996E+02,8.786370E-02,2.168317E+03,4.820516E-02,0.000000E+00,0.000000E+00,3.353389E-02,3.216857E+02,2.555777E-01,2.811454E+03,3.216168E+03,1.310421E-01,2.289099E+03,3.353389E-02,0.000000E+00,0.000000E+00,1.047938E-02,1.005271E+02,2.096931E-01,2.327747E+03,2.811304E+03,2.151363E-01,2.660195E+03,1.047938E-02,0.000000E+00,0.000000E+00,3.772573E-02,3.618975E+02,6.330882E-01,7.020939E+03,8.115373E+03,5.615026E-01,7.198506E+03,3.772573E-02,0.000000E+00,0.000000E+00,0.000000E+00,0.000000E+00,1.469068E-02,1.640170E+02,1.716135E+02,9.004223E-03,1.005330E+02,0.000000E+00,0.000000E+00,0.000000E+00,1.467111E-02,1.407379E+02,6.401441E-02,6.967765E+02,7.592319E+02,7.664425E-02,1.217109E+03,1.467111E-02,0.000000E+00,0.000000E+00,2.724636E-02,2.613704E+02,1.663023E-01,1.821993E+03,2.363095E+03,9.155093E-02,1.693280E+03,2.724636E-02,0.000000E+00,0.000000E+00
09:30:00,5.165079E-02,4.736409E+02,4.063020E-01,4.494787E+03,4.848653E+03,4.303584E-01,6.077274E+03,5.165079E-02,0.000000E+00,0.000000E+00,3.730654E-01,3.421032E+03,6.177365E-01,6.593344E+03,1.015543E+04,5.136732E-01,1.492393E+04,3.730654E-01,0.000000E+00,0.000000E+00,4.820504E-02,4.420431E+02,7.802103E-02,8.326921E+02,9.025480E+02,1.085991E-01,2.399843E+03,4.820504E-02,0.000000E+00,0.000000E+00,4.820516E-02,4.420442E+02,6.400399E-02,6.762095E+02,7.329689E+02,8.613863E-02,2.149056E+03,4.820516E-02,0.000000E+00,0.000000E+00,3.353389E-02,3.075078E+02,2.595016E-01,2.869434E+03,3.275916E+03,1.292324E-01,2.268892E+03,3.353389E-02,0.000000E+00,0.000000E+00,1.047938E-02,9.609651E+01,2.118179E-01,2.355890E+03,2.840682E+03,2.115362E-01,2.620000E+03,1.047938E-02,0.000000E+00,0.000000E+00,3.772573E-02,3.459472E+02,6.487815E-01,7.212086E+03,8.306733E+03,5.515671E-01,7.087575E+03,3.772573E-02,0.000000E+00,0.000000E+00,0.000000E+00,0.000000E+00,1.467685E-02,1.638626E+02,1.714689E+02,8.703876E-03,9.717960E+01,0.000000E+00,0.000000E+00,0.000000E+00,1.467111E-02,1.345350E+02,6.580912E-02,7.230147E+02,7.863389E+02,7.542128E-02,1.203454E+03,1.467111E-02,0.000000E+00,0.000000E+00,2.724636E-02,2.498508E+02,1.724603E-01,1.902222E+03,2.447290E+03,9.006891E-02,1.676733E+03,2.724636E-02,0.000000E+00,0.000000E+00
09:45:00,5.165079E-02,4.518032E+02,4.117993E-01,4.578001E+03,4.933183E+03,4.277282E-01,6.047907E+03,5.165079E-02,0.000000E+00,0.000000E+00,3.730654E-01,3.263302E+03,6.311227E-01,6.900176E+03,1.057308E+04,5.101243E-01,1.488430E+04,3.730654E-01,0.000000E+00,0.000000E+00,4.820504E-02,4.216623E+02,8.041600E-02,8.798112E+02,9.515565E+02,1.070728E-01,2.382802E+03,4.820504E-02,0.000000E+00,0.000000E+00,4.820516E-02,4.216633E+02,6.486138E-02,7.061624E+02,7.641639E+02,8.460907E-02,2.131978E+03,4.820516E-02,0.000000E+00,0.000000E+00,3.353389E-02,2.933298E+02,2.625492E-01,2.917634E+03,3.325546E+03,1.276465E-01,2.251185E+03,3.353389E-02,0.000000E+00,0.000000E+00,1.047938E-02,9.166589E+01,2.140924E-01,2.385705E+03,2.871626E+03,2.083527E-01,2.584455E+03,1.047938E-02,0.000000E+00,0.000000E+00,3.772573E-02,3.299970E+02,6.628425E-01,7.385012E+03,8.479785E+03,5.427439E-01,6.989062E+03,3.772573E-02,0.000000E+00,0.000000E+00,0.000000E+00,0.000000E+00,1.469453E-02,1.640600E+02,1.716803E+02,8.432599E-03,9.415078E+01,0.000000E+00,0.000000E+00,0.000000E+00,1.467111E-02,1.283321E+02,6.767198E-02,7.500139E+02,8.141677E+02,7.435475E-02,1.191546E+03,1.467111E-02,0.000000E+00,0.000000E+00,2.724636E-02,2.383312E+02,1.773434E-01,1.968245E+03,2.517061E+03,8.877365E-02,1.662271E+03,2.724636E-02,0.000000E+00,0.000000E+00
10:00:00,5.165079E-02,4.299656E+02,4.163478E-01,4.650622E+03,5.006974E+03,4.253989E-01,6.021900E+03,5.165079E-02,0.000000E+00,0.000000E+00,3.730654E-01,3.105572E+03,6.445131E-01,7.207067E+03,1.098573E+04,5.069915E-01,1.484932E+04,3.730654E-01,0.000000E+00,0.000000E+00,4.820504E-02,4.012815E+02,8.253947E-02,9.238992E+02,9.972950E+02,1.057195E-01,2.367691E+03,4.820504E-02,0.000000E+00,0.000000E+00,4.820516E-02,4.012825E+02,6.563241E-02,7.351511E+02,7.942857E+02,8.324935E-02,2.116797E+03,4.820516E-02,0.000000E+00,0.000000E+00,3.353389E-02,2.791519E+02,2.646403E-01,2.955159E+03,3.364124E+03,1.262553E-01,2.235651E+03,3.353389E-02,0.000000E+00,0.000000E+00,1.047938E-02,8.723527E+01,2.164617E-01,2.416580E+03,2.903530E+03,2.055312E-01,2.552952E+03,1.047938E-02,0.000000E+00,0.000000E+00,3.772573E-02,3.140468E+02,6.749847E-01,7.536521E+03,8.631117E+03,5.348975E-01,6.901456E+03,3.772573E-02,0.000000E+00,0.000000E+00,0.000000E+00,0.000000E+00,1.473743E-02,1.645388E+02,1.721759E+02,8.187320E-03,9.141221E+01,0.000000E+00,0.000000E+00,0.000000E+00,1.467111E-02,1.221293E+02,6.959038E-02,7.776335E+02,8.425934E+02,7.341845E-02,1.181092E+03,1.467111E-02,0.000000E+00,0.000000E+00,2.724636E-02,2.268116E+02,1.812186E-01,2.023027E+03,2.574806E+03,8.763652E-02,1.649574E+03,2.724636E-02,0.000000E+00,0.000000E+00
10:15:00,5.165079E-02,4.106971E+02,4.202828E-01,4.713824E+03,5.071322E+03,4.233278E-01,5.998775E+03,5.165079E-02,0.000000E+00,0.000000E+00,3.730654E-01,2.966399E+03,6.587116E-01,7.504413E+03,1.139429E+04,5.042134E-01,1.481831E+04,3.730654E-01,0.000000E+00,0.000000E+00,4.820504E-02,3.832984E+02,8.438932E-02,9.625349E+02,1.037323E+03,1.045174E-01,2.354270E+03,4.820504E-02,0.000000E+00,0.000000E+00,4.820516E-02,3.832994E+02,6.631676E-02,7.607744E+02,8.208932E+02,8.203840E-02,2.103276E+03,4.820516E-02,0.000000E+00,0.000000E+00,3.353389E-02,2.666420E+02,2.657465E-01,2.980023E+03,3.389643E+03,1.250330E-01,2.222004E+03,3.353389E-02,0.000000E+00,0.000000E+00,1.047938E-02,8.332590E+01,2.188796E-01,2.447477E+03,2.935346E+03,2.030258E-01,2.524978E+03,1.047938E-02,0.000000E+00,0.000000E+00,3.772573E-02,2.999731E+02,6.851664E-01,7.664268E+03,8.758482E+03,5.279090E-01,6.823428E+03,3.772573E-02,0.000000E+00,0.000000E+00,0.000000E+00,0.000000E+00,1.479993E-02,1.652366E+02,1.728920E+02,7.965388E-03,8.893432E+01,0.000000E+00,0.000000E+00,0.000000E+00,1.467111E-02,1.166562E+02,7.171708E-02,8.068488E+02,8.727366E+02,7.259702E-02,1.171920E+03,1.467111E-02,0.000000E+00,0.000000E+00,2.724636E-02,2.166472E+02,1.843159E-01,2.067775E+03,2.621691E+03,8.663704E-02,1.638415E+03,2.724636E-02,0.000000E+00,0.000000E+00
10:30:00,5.165079E-02,3.914285E+02,4.239238E-01,4.773744E+03,5.132467E+03,4.214786E-01,5.978128E+03,5.165079E-02,0.000000E+00,0.000000E+00,3.730654E-01,2.827225E+03,6.749767E-01,7.824779E+03,1.184164E+04,5.017400E-01,1.479069E+04,3.730654E-01,0.000000E+00,0.000000E+00,4.820504E-02,3.653153E+02,8.597748E-02,9.982489E+02,1.074250E+03,1.034480E-01,2.342329E+03,4.820504E-02,0.000000E+00,0.000000E+00,4.820516E-02,3.653162E+02,6.693410E-02,7.856496E+02,8.466818E+02,8.095793E-02,2.091212E+03,4.820516E-02,0.000000E+00,0.000000E+00,3.353389E-02,2.541320E+02,2.658863E-01,2.994102E+03,3.404069E+03,1.239574E-01,2.209994E+03,3.353389E-02,0.000000E+00,0.000000E+00,1.047938E-02,7.941653E+01,2.213228E-01,2.478656E+03,2.967410E+03,2.007968E-01,2.500091E+03,1.047938E-02,0.000000E+00,0.000000E+00,3.772573E-02,2.858993E+02,6.934958E-01,7.771338E+03,8.865169E+03,5.216740E-01,6.753813E+03,3.772573E-02,0.000000E+00,0.000000E+00,0.000000E+00,0.000000E+00,1.487702E-02,1.660973E+02,1.737716E+02,7.764426E-03,8.669056E+01,0.000000E+00,0.000000E+00,0.000000E+00,1.467111E-02,1.111830E+02,7.428925E-02,8.410372E+02,9.080948E+02,7.187524E-02,1.163861E+03,1.467111E-02,0.000000E+00,0.000000E+00,2.724636E-02,2.064828E+02,1.866991E-01,2.104548E+03,2.659985E+03,8.575685E-02,1.628587E+03,2.724636E-02,0.000000E+00,0.000000E+00
10:45:00,5.165079E-02,3.721600E+02,4.275115E-01,4.833067E+03,5.193066E+03,4.198205E-01,5.959615E+03,5.165079E-02,0.000000E+00,0.000000E+00,3.730654E-01,2.688052E+03,6.946172E-01,8.182727E+03,1.234680E+04,4.995307E-01,1.476602E+04,3.730654E-01,0.000000E+00,0.000000E+00,4.820504E-02,3.473323E+02,8.732882E-02,1.031319E+03,1.108388E+03,1.024949E-01,2.331687E+03,4.820504E-02,0.000000E+00,0.000000E+00,4.820516E-02,3.473331E+02,6.751955E-02,8.101688E+02,8.720872E+02,7.999216E-02,2.080429E+03,4.820516E-02,0.000000E+00,0.000000E+00,3.353389E-02,2.416221E+02,2.651116E-01,2.997974E+03,3.407967E+03,1.230091E-01,2.199407E+03,3.353389E-02,0.000000E+00,0.000000E+00,1.047938E-02,7.550716E+01,2.237885E-01,2.510088E+03,2.999727E+03,1.988104E-01,2.477912E+03,1.047938E-02,0.000000E+00,0.000000E+00,3.772573E-02,2.718256E+02,7.001511E-01,7.859720E+03,8.953171E+03,5.161020E-01,6.691600E+03,3.772573E-02,0.000000E+00,0.000000E+00,0.000000E+00,0.000000E+00,1.496422E-02,1.670708E+02,1.747642E+02,7.582316E-03,8.465728E+01,0.000000E+00,0.000000E+00,0.000000E+00,1.467111E-02,1.057099E+02,7.755479E-02,8.829661E+02,9.514422E+02,7.123989E-02,1.156767E+03,1.467111E-02,0.000000E+00,0.000000E+00,2.724636E-02,1.963185E+02,1.883856E-01,2.133545E+03,2.690067E+03,8.498017E-02,1.619915E+03,2.724636E-02,0.000000E+00,0.000000E+00
11:00:00,5.165079E-02,3.528915E+02,4.311433E-01,4.892882E+03,5.254171E+03,4.183271E-01,5.942941E+03,5.165079E-02,0.000000E+00,0.000000E+00,3.730654E-01,2.548878E+03,7.188137E-01,8.591400E+03,1.292500E+04,4.975516E-01,1.474393E+04,3.730654E-01,0.000000E+00,0.000000E+00,4.820504E-02,3.293492E+02,8.847578E-02,1.062107E+03,1.140128E+03,1.016441E-01,2.322187E+03,4.820504E-02,0.000000E+00,0.000000E+00,4.820516E-02,3.293500E+02,6.811354E-02,8.347834E+02,8.976039E+02,7.912748E-02,2.070775E+03,4.820516E-02,0.000000E+00,0.000000E+00,3.353389E-02,2.291121E+02,2.634886E-01,2.992378E+03,3.402036E+03,1.221718E-01,2.190057E+03,3.353389E-02,0.000000E+00,0.000000E+00,1.047938E-02,7.159779E+01,2.262854E-01,2.541868E+03,3.032391E+03,1.970372E-01,2.458114E+03,1.047938E-02,0.000000E+00,0.000000E+00,3.772573E-02,2.577519E+02,7.052999E-01,7.931283E+03,9.024266E+03,5.111146E-01,6.635915E+03,3.772573E-02,0.000000E+00,0.000000E+00,0.000000E+00,0.000000E+00,1.505752E-02,1.681125E+02,1.758246E+02,7.417167E-03,8.281337E+01,0.000000E+00,0.000000E+00,0.000000E+00,1.467111E-02,1.002368E+02,8.174390E-02,9.352052E+02,1.005342E+03,7.067961E-02,1.150512E+03,1.467111E-02,0.000000E+00,0.000000E+00,2.724636E-02,1.861541E+02,1.893908E-01,2.154938E+03,2.712166E+03,8.429356E-02,1.612249E+03,2.724636E-02,0.000000E+00,0.000000E+00
11:15:00,5.165079E-02,3.400458E+02,4.345308E-01,4.943546E+03,5.305791E+03,4.169767E-01,5.927864E+03,5.165079E-02,0.000000E+00,0.000000E+00,3.730654E-01,2.456096E+03,7.475889E-01,9.004654E+03,1.352021E+04,4.957809E-01,1.472415E+04,3.730654E-01,0.000000E+00,0.000000E+00,4.820504E-02,3.173605E+02,8.944154E-02,1.084878E+03,1.163626E+03,1.008861E-01,2.313724E+03,4.820504E-02,0.000000E+00,0.000000E+00,4.820516E-02,3.173613E+02,6.874471E-02,8.538185E+02,9.174600E+02,7.835481E-02,2.062148E+03,4.820516E-02,0.000000E+00,0.000000E+00,3.353389E-02,2.207722E+02,2.610605E-01,2.973626E+03,3.382461E+03,1.214329E-01,2.181807E+03,3.353389E-02,0.000000E+00,0.000000E+00,1.047938E-02,6.899154E+01,2.287980E-01,2.572520E+03,3.063830E+03,1.954571E-01,2.440472E+03,1.047938E-02,0.000000E+00,0.000000E+00,3.772573E-02,2.483694E+02,7.089197E-01,7.981085E+03,9.073173E+03,5.066577E-01,6.586153E+03,3.772573E-02,0.000000E+00,0.000000E+00,0.000000E+00,0.000000E+00,1.515324E-02,1.691811E+02,1.769109E+02,7.267693E-03,8.114449E+01,0.000000E+00,0.000000E+00,0.000000E+00,1.467111E-02,9.658807E+01,8.687865E-02,9.961763E+02,1.068058E+03,7.018570E-02,1.144997E+03,1.467111E-02,0.000000E+00,0.000000E+00,2.724636E-02,1.793779E+02,1.897234E-01,2.165439E+03,2.722858E+03,8.368727E-02,1.605480E+03,2.724636E-02,0.000000E+00,0.000000E+00
11:30:00,5.165079E-02,3.272001E+02,4.373909E-01,4.988323E+03,5.351309E+03,4.157501E-01,5.914168E+03,5.165079E-02,0.000000E+00,0.000000E+00,3.730654E-01,2.363314E+03,7.803813E-01,9.462641E+03,1.416431E+04,4.941935E-01,1.470643E+04,3.730654E-01,0.000000E+00,0.000000E+00,4.820504E-02,3.053718E+02,9.024074E-02,1.105790E+03,1.185172E+03,1.002099E-01,2.306174E+03,4.820504E-02,0.000000E+00,0.000000E+00,4.820516E-02,3.053725E+02,6.942138E-02,8.733617E+02,9.378671E+02,7.766338E-02,2.054428E+03,4.820516E-02,0.000000E+00,0.000000E+00,3.353389E-02,2.124322E+02,2.578611E-01,2.946265E+03,3.353965E+03,1.207799E-01,2.174516E+03,3.353389E-02,0.000000E+00,0.000000E+00,1.047938E-02,6.638529E+01,2.313066E-01,2.603127E+03,3.095188E+03,1.940472E-01,2.424730E+03,1.047938E-02,0.000000E+00,0.000000E+00,3.772573E-02,2.389869E+02,7.109341E-01,8.012965E+03,9.103812E+03,5.026695E-01,6.541624E+03,3.772573E-02,0.000000E+00,0.000000E+00,0.000000E+00,0.000000E+00,1.524793E-02,1.702384E+02,1.779845E+02,7.132341E-03,7.963327E+01,0.000000E+00,0.000000E+00,0.000000E+00,1.467111E-02,9.293933E+01,9.288488E-02,1.066876E+03,1.140544E+03,6.974962E-02,1.140128E+03,1.467111E-02,0.000000E+00,0.000000E+00,2.724636E-02,1.726017E+02,1.894085E-01,2.168715E+03,2.725958E+03,8.315109E-02,1.599493E+03,2.724636E-02,0.000000E+00,0.000000E+00
11:45:00,5.165079E-02,3.143544E+02,4.394457E-01,5.024109E+03,5.387577E+03,4.146304E-01,5.901666E+03,5.165079E-02,0.000000E+00,0.000000E+00,3.730654E-01,2.270532E+03,8.163867E-01,9.956422E+03,1.484065E+04,4.927665E-01,1.469050E+04,3.730654E-01,0.000000E+00,0.000000E+00,4.820504E-02,2.933830E+02,9.087557E-02,1.124866E+03,1.204789E+03,9.960509E-02,2.299421E+03,4.820504E-02,0.000000E+00,0.000000E+00,4.820516E-02,2.933838E+02,7.013345E-02,8.933000E+02,9.586945E+02,7.704318E-02,2.047503E+03,4.820516E-02,0.000000E+00,0.000000E+00,3.353389E-02,2.040922E+02,2.539115E-01,2.910532E+03,3.316784E+03,1.202014E-01,2.168057E+03,3.353389E-02,0.000000E+00,0.000000E+00,1.047938E-02,6.377904E+01,2.337773E-01,2.633312E+03,3.126086E+03,1.927865E-01,2.410653E+03,1.047938E-02,0.000000E+00,0.000000E+00,3.772573E-02,2.296044E+02,7.112526E-01,8.025913E+03,9.115133E+03,4.990926E-01,6.501687E+03,3.772573E-02,0.000000E+00,0.000000E+00,0.000000E+00,0.000000E+00,1.533859E-02,1.712505E+02,1.790114E+02,7.009632E-03,7.826321E+01,0.000000E+00,0.000000E+00,0.000000E+00,1.467111E-02,8.929059E+01,9.965025E-02,1.146052E+03,1.221507E+03,6.936372E-02,1.135820E+03,1.467111E-02,0.000000E+00,0.000000E+00,2.724636E-02,1.658254E+02,1.884806E-01,2.165151E+03,2.721861E+03,8.267580E-02,1.594186E+03,2.724636E-02,0.000000E+00,0.000000E+00
12:00:00,5.165079E-02,3.015088E+02,4.404767E-01,5.048466E+03,5.412089E+03,4.136033E-01,5.890199E+03,5.165079E-02,0.000000E+00,0.000000E+00,3.730654E-01,2.177749E+03,8.546849E-01,1.047577E+04,1.553319E+04,4.914809E-01,1.467614E+04,3.730654E-01,0.000000E+00,0.000000E+00,4.820504E-02,2.813943E+02,9.134154E-02,1.142057E+03,1.222423E+03,9.906325E-02,2.293371E+03,4.820504E-02,0.000000E+00,0.000000E+00,4.820516E-02,2.813950E+02,7.086185E-02,9.134206E+02,9.797065E+02,7.648592E-02,2.041281E+03,4.820516E-02,0.000000E+00,0.000000E+00,3.353389E-02,1.957523E+02,2.492448E-01,2.866794E+03,3.271257E+03,1.196878E-01,2.162323E+03,3.353389E-02,0.000000E+00,0.000000E+00,1.047938E-02,6.117280E+01,2.361703E-01,2.662630E+03,3.156046E+03,1.916574E-01,2.398047E+03,1.047938E-02,0.000000E+00,0.000000E+00,3.772573E-02,2.202220E+02,7.098611E-01,8.019772E+03,9.106966E+03,4.958790E-01,6.465807E+03,3.772573E-02,0.000000E+00,0.000000E+00,0.000000E+00,0.000000E+00,1.542258E-02,1.721883E+02,1.799619E+02,6.898294E-03,7.702011E+01,0.000000E+00,0.000000E+00,0.000000E+00,1.467111E-02,8.564184E+01,1.070400E-01,1.232197E+03,1.309426E+03,6.902155E-02,1.131999E+03,1.467111E-02,0.000000E+00,0.000000E+00,2.724636E-02,1.590492E+02,1.869897E-01,2.155304E+03,2.711108E+03,8.225368E-02,1.589473E+03,2.724636E-02,0.000000E+00,0.000000E+00
12:15:00,5.165079E-02,2.912322E+02,4.404387E-01,5.058321E+03,5.421744E+03,4.126560E-01,5.879622E+03,5.165079E-02,0.000000E+00,0.000000E+00,3.730654E-01,2.103523E+03,8.944332E-01,1.099276E+04,1.621069E+04,4.903144E-01,1.466312E+04,3.730654E-01,0.000000E+00,0.000000E+00,4.820504E-02,2.718034E+02,9.164020E-02,1.154983E+03,1.235646E+03,9.857439E-02,2.287913E+03,4.820504E-02,0.000000E+00,0.000000E+00,4.820516E-02,2.718040E+02,7.158970E-02,9.311373E+02,9.982503E+02,7.598172E-02,2.035652E+03,4.820516E-02,0.000000E+00,0.000000E+00,3.353389E-02,1.890803E+02,2.439443E-01,2.814315E+03,3.216631E+03,1.192292E-01,2.157202E+03,3.353389E-02,0.000000E+00,0.000000E+00,1.047938E-02,5.908780E+01,2.384680E-01,2.690362E+03,3.184341E+03,1.906397E-01,2.386684E+03,1.047938E-02,0.000000E+00,0.000000E+00,3.772573E-02,2.127160E+02,7.068881E-01,7.994101E+03,9.078920E+03,4.929736E-01,6.433368E+03,3.772573E-02,0.000000E+00,0.000000E+00,0.000000E+00,0.000000E+00,1.549778E-02,1.730279E+02,1.808122E+02,6.796797E-03,7.588689E+01,0.000000E+00,0.000000E+00,0.000000E+00,1.467111E-02,8.272285E+01,1.149228E-01,1.323119E+03,1.402099E+03,6.871651E-02,1.128593E+03,1.467111E-02,0.000000E+00,0.000000E+00,2.724636E-02,1.536282E+02,1.850209E-01,2.138768E+03,2.693313E+03,8.187636E-02,1.585260E+03,2.724636E-02,0.000000E+00,0.000000E+00
12:30:00,5.165079E-02,2.809557E+02,4.393432E-01,5.056369E+03,5.419351E+03,4.117781E-01,5.869820E+03,5.165079E-02,0.000000E+00,0.000000E+00,3.730654E-01,2.029298E+03,9.347521E-01,1.151616E+04,1.688102E+04,4.892542E-01,1.465128E+04,3.730654E-01,0.000000E+00,0.000000E+00,4.820504E-02,2.622124E+02,9.176944E-02,1.166017E+03,1.246879E+03,9.813274E-02,2.282982E+03,4.820504E-02,0.000000E+00,0.000000E+00,4.820516E-02,2.622131E+02,7.229914E-02,9.486486E+02,1.016556E+03,7.552494E-02,2.030552E+03,4.820516E-02,0.000000E+00,0.000000E+00,3.353389E-02,1.824083E+02,2.381225E-01,2.756017E+03,3.155924E+03,1.188189E-01,2.152620E+03,3.353389E-02,0.000000E+00,0.000000E+00,1.047938E-02,5.700280E+01,2.406442E-01,2.716739E+03,3.211225E+03,1.897213E-01,2.376430E+03,1.047938E-02,0.000000E+00,0.000000E+00,3.772573E-02,2.052100E+02,7.025484E-01,7.953171E+03,9.035480E+03,4.903432E-01,6.403999E+03,3.772573E-02,0.000000E+00,0.000000E+00,0.000000E+00,0.000000E+00,1.556254E-02,1.737509E+02,1.815434E+02,6.704185E-03,7.485286E+01,0.000000E+00,0.000000E+00,0.000000E+00,1.467111E-02,7.980386E+01,1.231460E-01,1.417841E+03,1.498570E+03,6.844395E-02,1.125550E+03,1.467111E-02,0.000000E+00,0.000000E+00,2.724636E-02,1.482072E+02,1.826780E-01,2.118059E+03,2.671123E+03,8.153849E-02,1.581488E+03,2.724636E-02,0.000000E+00,0.000000E+00
12:45:00,5.165079E-02,2.706791E+02,4.373486E-01,5.044381E+03,5.406771E+03,4.109611E-01,5.860697E+03,5.165079E-02,0.000000E+00,0.000000E+00,3.730654E-01,1.955072E+03,9.747943E-01,1.203653E+04,1.753419E+04,4.882908E-01,1.464052E+04,3.730654E-01,0.000000E+00,0.000000E+00,4.820504E-02,2.526214E+02,9.172923E-02,1.175159E+03,1.256123E+03,9.773389E-02,2.278529E+03,4.820504E-02,0.000000E+00,0.000000E+00,4.820516E-02,2.526221E+02,7.297411E-02,9.657749E+02,1.034432E+03,7.511124E-02,2.025933E+03,4.820516E-02,0.000000E+00,0.000000E+00,3.353389E-02,1.757364E+02,2.319479E-01,2.693781E+03,3.091083E+03,1.184513E-01,2.148516E+03,3.353389E-02,0.000000E+00,0.000000E+00,1.047938E-02,5.491781E+01,2.426762E-01,2.741507E+03,3.236450E+03,1.888927E-01,2.367178E+03,1.047938E-02,0.000000E+00,0.000000E+00,3.772573E-02,1.977040E+02,6.972020E-01,7.901003E+03,8.980897E+03,4.879620E-01,6.377412E+03,3.772573E-02,0.000000E+00,0.000000E+00,0.000000E+00,0.000000E+00,1.561546E-02,1.743418E+02,1.821402E+02,6.619686E-03,7.390943E+01,0.000000E+00,0.000000E+00,0.000000E+00,1.467111E-02,7.688486E+01,1.315484E-01,1.514565E+03,1.597033E+03,6.820014E-02,1.122828E+03,1.467111E-02,0.000000E+00,0.000000E+00,2.724636E-02,1.427862E+02,1.800993E-01,2.094717E+03,2.646187E+03,8.123587E-02,1.578109E+03,2.724636E-02,0.000000E+00,0.000000E+00
13:00:00,5.165079E-02,2.604026E+02,4.347990E-01,5.026197E+03,5.387983E+03,4.101972E-01,5.852168E+03,5.165079E-02,0.000000E+00,0.000000E+00,3.730654E-01,1.880846E+03,1.013791E+00,1.254529E+04,1.816172E+04,4.874153E-01,1.463075E+04,3.730654E-01,0.000000E+00,0.000000E+00,4.820504E-02,2.430304E+02,9.152092E-02,1.182425E+03,1.263392E+03,9.737353E-02,2.274505E+03,4.820504E-02,0.000000E+00,0.000000E+00,4.820516E-02,2.430311E+02,7.360079E-02,9.823622E+02,1.051714E+03,7.473639E-02,2.021747E+03,4.820516E-02,0.000000E+00,0.000000E+00,3.353389E-02,1.690644E+02,2.256471E-01,2.630135E+03,3.024727E+03,1.181215E-01,2.144834E+03,3.353389E-02,0.000000E+00,0.000000E+00,1.047938E-02,5.283281E+01,2.445453E-01,2.764456E+03,3.259793E+03,1.881447E-01,2.358827E+03,1.047938E-02,0.000000E+00,0.000000E+00,3.772573E-02,1.901980E+02,6.913619E-01,7.843323E+03,8.921165E+03,4.858052E-01,6.353331E+03,3.772573E-02,0.000000E+00,0.000000E+00,0.000000E+00,0.000000E+00,1.565543E-02,1.747881E+02,1.825899E+02,6.542562E-03,7.304833E+01,0.000000E+00,0.000000E+00,0.000000E+00,1.467111E-02,7.396587E+01,1.399672E-01,1.611474E+03,1.695657E+03,6.798170E-02,1.120389E+03,1.467111E-02,0.000000E+00,0.000000E+00,2.724636E-02,1.373652E+02,1.774588E-01,2.070683E+03,2.620568E+03,8.096462E-02,1.575080E+03,2.724636E-02,0.000000E+00,0.000000E+00
13:15:00,5.165079E-02,2.539797E+02,4.322281E-01,5.003920E+03,5.365202E+03,4.094801E-01,5.844161E+03,5.165079E-02,0.000000E+00,0.000000E+00,3.730654E-01,1.834455E+03,1.051014E+00,1.300651E+04,1.872698E+04,4.866194E-01,1.462186E+04,3.730654E-01,0.000000E+00,0.000000E+00,4.820504E-02,2.370361E+02,9.114459E-02,1.184218E+03,1.265015E+03,9.704774E-02,2.270867E+03,4.820504E-02,0.000000E+00,0.000000E+00,4.820516E-02,2.370367E+02,7.416595E-02,9.946661E+02,1.064575E+03,7.439653E-02,2.017953E+03,4.820516E-02,0.000000E+00,0.000000E+00,3.353389E-02,1.648944E+02,2.195025E-01,2.565730E+03,2.957584E+03,1.178253E-01,2.141526E+03,3.353389E-02,0.000000E+00,0.000000E+00,1.047938E-02,5.152968E+01,2.462274E-01,2.784536E+03,3.280159E+03,1.874692E-01,2.351284E+03,1.047938E-02,0.000000E+00,0.000000E+00,3.772573E-02,1.855068E+02,6.856795E-01,7.784586E+03,8.860986E+03,4.838500E-01,6.331501E+03,3.772573E-02,0.000000E+00,0.000000E+00,0.000000E+00,0.000000E+00,1.568157E-02,1.750799E+02,1.828824E+02,6.472135E-03,7.226201E+01,0.000000E+00,0.000000E+00,0.000000E+00,1.467111E-02,7.214150E+01,1.482352E-01,1.705604E+03,1.791431E+03,6.778565E-02,1.118200E+03,1.467111E-02,0.000000E+00,0.000000E+00,2.724636E-02,1.339771E+02,1.749649E-01,2.046250E+03,2.594669E+03,8.072124E-02,1.572363E+03,2.724636E-02,0.000000E+00,0.000000E+00
13:30:00,5.165079E-02,2.475569E+02,4.302690E-01,4.988473E+03,5.349651E+03,4.088040E-01,5.836613E+03,5.165079E-02,0.000000E+00,0.000000E+00,3.730654E-01,1.788064E+03,1.085849E+00,1.344115E+04,1.925279E+04,4.858956E-01,1.461378E+04,3.730654E-01,0.000000E+00,0.000000E+00,4.820504E-02,2.310417E+02,9.060520E-02,1.184191E+03,1.264720E+03,9.675297E-02,2.267576E+03,4.820504E-02,0.000000E+00,0.000000E+00,4.820516E-02,2.310423E+02,7.465861E-02,1.006161E+03,1.076557E+03,7.408816E-02,2.014510E+03,4.820516E-02,0.000000E+00,0.000000E+00,3.353389E-02,1.607244E+02,2.138395E-01,2.506698E+03,2.896052E+03,1.175585E-01,2.138548E+03,3.353389E-02,0.000000E+00,0.000000E+00,1.047938E-02,5.022656E+01,2.477732E-01,2.803096E+03,3.299080E+03,1.868586E-01,2.344467E+03,1.047938E-02,0.000000E+00,0.000000E+00,3.772573E-02,1.808155E+02,6.809878E-01,7.736907E+03,8.813055E+03,4.820762E-01,6.311696E+03,3.772573E-02,0.000000E+00,0.000000E+00,0.000000E+00,0.000000E+00,1.569327E-02,1.752105E+02,1.830111E+02,6.407790E-03,7.154359E+01,0.000000E+00,0.000000E+00,0.000000E+00,1.467111E-02,7.031713E+01,1.561928E-01,1.796269E+03,1.883674E+03,6.760937E-02,1.116232E+03,1.467111E-02,0.000000E+00,0.000000E+00,2.724636E-02,1.305890E+02,1.728481E-01,2.026020E+03,2.573357E+03,8.050267E-02,1.569923E+03,2.724636E-02,0.000000E+00,0.000000E+00
13:45:00,5.165079E-02,2.411341E+02,4.285615E-01,4.975833E+03,5.336631E+03,4.081642E-01,5.829469E+03,5.165079E-02,0.000000E+00,0.000000E+00,3.730654E-01,1.741672E+03,1.117809E+00,1.384379E+04,1.973477E+04,4.852370E-01,1.460643E+04,3.730654E-01,0.000000E+00,0.000000E+00,4.820504E-02,2.250474E+02,8.992095E-02,1.182546E+03,1.262723E+03,9.648606E-02,2.264596E+03,4.820504E-02,0.000000E+00,0.000000E+00,4.820516E-02,2.250479E+02,7.506972E-02,1.016745E+03,1.087554E+03,7.380817E-02,2.011384E+03,4.820516E-02,0.000000E+00,0.000000E+00,3.353389E-02,1.565545E+02,2.088101E-01,2.454736E+03,2.841645E+03,1.173180E-01,2.135862E+03,3.353389E-02,0.000000E+00,0.000000E+00,1.047938E-02,4.892344E+01,2.494558E-01,2.823181E+03,3.320035E+03,1.863065E-01,2.338302E+03,1.047938E-02,0.000000E+00,0.000000E+00,3.772573E-02,1.761243E+02,6.778372E-01,7.706427E+03,8.783330E+03,4.804655E-01,6.293713E+03,3.772573E-02,0.000000E+00,0.000000E+00,0.000000E+00,0.000000E+00,1.569030E-02,1.751774E+02,1.829734E+02,6.348970E-03,7.088686E+01,0.000000E+00,0.000000E+00,0.000000E+00,1.467111E-02,6.849275E+01,1.633122E-01,1.877577E+03,1.966276E+03,6.745058E-02,1.114459E+03,1.467111E-02,0.000000E+00,0.000000E+00,2.724636E-02,1.272009E+02,1.711912E-01,2.010919E+03,2.557189E+03,8.030617E-02,1.567729E+03,2.724636E-02,0.000000E+00,0.000000E+00
14:00:00,5.165079E-02,2.347112E+02,4.269041E-01,4.963753E+03,5.324086E+03,4.075564E-01,5.822683E+03,5.165079E-02,0.000000E+00,0.000000E+00,3.730654E-01,1.695281E+03,1.146544E+00,1.421051E+04,2.016965E+04,4.846374E-01,1.459973E+04,3.730654E-01,0.000000E+00,0.000000E+00,4.820504E-02,2.190530E+02,8.912711E-02,1.179679E+03,1.259441E+03,9.624420E-02,2.261895E+03,4.820504E-02,0.000000E+00,0.000000E+00,4.820516E-02,2.190536E+02,7.539179E-02,1.026335E+03,1.097479E+03,7.355375E-02,2.008543E+03,4.820516E-02,0.000000E+00,0.000000E+00,3.353389E-02,1.523845E+02,2.044511E-01,2.410253E+03,2.794868E+03,1.171006E-01,2.133435E+03,3.353389E-02,0.000000E+00,0.000000E+00,1.047938E-02,4.762031E+01,2.516200E-01,2.848641E+03,3.346884E+03,1.858068E-01,2.332723E+03,1.047938E-02,0.000000E+00,0.000000E+00,3.772573E-02,1.714330E+02,6.764505E-01,7.695633E+03,8.773973E+03,4.790017E-01,6.277368E+03,3.772573E-02,0.000000E+00,0.000000E+00,0.000000E+00,0.000000E+00,1.567280E-02,1.749820E+02,1.827710E+02,6.295169E-03,7.028616E+01,0.000000E+00,0.000000E+00,0.000000E+00,1.467111E-02,6.666838E+01,1.690731E-01,1.943719E+03,2.033445E+03,6.730725E-02,1.112859E+03,1.467111E-02,0.000000E+00,0.000000E+00,2.724636E-02,1.238127E+02,1.699763E-01,2.000747E+03,2.546026E+03,8.012935E-02,1.565754E+03,2.724636E-02,0.000000E+00,0.000000E+00
14:15:00,5.165079E-02,2.347112E+02,4.248839E-01,4.941198E+03,5.300844E+03,4.069795E-01,5.816242E+03,5.165079E-02,0.000000E+00,0.000000E+00,3.730654E-01,1.695281E+03,1.171725E+00,1.449126E+04,2.050595E+04,4.840978E-01,1.459371E+04,3.730654E-01,0.000000E+00,0.000000E+00,4.820504E-02,2.190530E+02,8.826278E-02,1.170029E+03,1.249218E+03,9.602742E-02,2.259475E+03,4.820504E-02,0.000000E+00,0.000000E+00,4.820516E-02,2.190536E+02,7.561615E-02,1.028840E+03,1.100114E+03,7.332512E-02,2.005990E+03,4.820516E-02,0.000000E+00,0.000000E+00,3.353389E-02,1.523845E+02,2.006762E-01,2.368118E+03,2.750618E+03,1.169057E-01,2.131259E+03,3.353389E-02,0.000000E+00,0.000000E+00,1.047938E-02,4.762031E+01,2.546038E-01,2.881945E+03,3.381896E+03,1.853591E-01,2.327725E+03,1.047938E-02,0.000000E+00,0.000000E+00,3.772573E-02,1.714330E+02,6.766798E-01,7.698187E+03,8.778204E+03,4.776846E-01,6.262663E+03,3.772573E-02,0.000000E+00,0.000000E+00,0.000000E+00,0.000000E+00,1.564111E-02,1.746282E+02,1.824078E+02,6.246414E-03,6.974180E+01,0.000000E+00,0.000000E+00,0.000000E+00,1.467111E-02,6.666838E+01,1.730517E-01,1.988140E+03,2.078608E+03,6.717877E-02,1.111424E+03,1.467111E-02,0.000000E+00,0.000000E+00,2.724636E-02,1.238127E+02,1.690926E-01,1.990881E+03,2.535330E+03,7.997174E-02,1.563995E+03,2.724636E-02,0.000000E+00,0.000000E+00
14:30:00,5.165079E-02,2.347112E+02,4.219265E-01,4.908182E+03,5.266729E+03,4.064302E-01,5.810109E+03,5.165079E-02,0.000000E+00,0.000000E+00,3.730654E-01,1.695281E+03,1.193149E+00,1.473015E+04,2.079037E+04,4.836122E-01,1.458829E+04,3.730654E-01,0.000000E+00,0.000000E+00,4.820504E-02,2.190530E+02,8.736773E-02,1.160037E+03,1.238635E+03,9.583305E-02,2.257305E+03,4.820504E-02,0.000000E+00,0.000000E+00,4.820516E-02,2.190536E+02,7.573680E-02,1.030187E+03,1.101506E+03,7.311962E-02,2.003696E+03,4.820516E-02,0.000000E+00,0.000000E+00,3.353389E-02,1.523845E+02,1.973054E-01,2.330494E+03,2.711096E+03,1.167307E-01,2.129305E+03,3.353389E-02,0.000000E+00,0.000000E+00,1.047938E-02,4.762031E+01,2.586611E-01,2.927230E+03,3.429229E+03,1.849582E-01,2.323249E+03,1.047938E-02,0.000000E+00,0.000000E+00,3.772573E-02,1.714330E+02,6.780288E-01,7.713237E+03,8.794914E+03,4.764991E-01,6.249427E+03,3.772573E-02,0.000000E+00,0.000000E+00,0.000000E+00,0.000000E+00,1.559568E-02,1.741210E+02,1.818887E+02,6.202248E-03,6.924869E+01,0.000000E+00,0.000000E+00,0.000000E+00,1.467111E-02,6.666838E+01,1.749239E-01,2.009045E+03,2.099895E+03,6.706346E-02,1.110137E+03,1.467111E-02,0.000000E+00,0.000000E+00,2.724636E-02,1.238127E+02,1.683638E-01,1.982744E+03,2.526528E+03,7.983124E-02,1.562426E+03,2.724636E-02,0.000000E+00,0.000000E+00
14:45:00,5.165079E-02,2.347112E+02,4.183639E-01,4.868411E+03,5.225743E+03,4.059049E-01,5.804243E+03,5.165079E-02,0.000000E+00,0.000000E+00,3.730654E-01,1.695281E+03,1.210629E+00,1.492509E+04,2.102130E+04,4.831738E-01,1.458339E+04,3.730654E-01,0.000000E+00,0.000000E+00,4.820504E-02,2.190530E+02,8.646495E-02,1.149958E+03,1.227963E+03,9.565811E-02,2.255352E+03,4.820504E-02,0.000000E+00,0.000000E+00,4.820516E-02,2.190536E+02,7.574912E-02,1.030324E+03,1.101601E+03,7.293424E-02,2.001626E+03,4.820516E-02,0.000000E+00,0.000000E+00,3.353389E-02,1.523845E+02,1.942490E-01,2.296379E+03,2.675261E+03,1.165728E-01,2.127542E+03,3.353389E-02,0.000000E+00,0.000000E+00,1.047938E-02,4.762031E+01,2.637814E-01,2.984376E+03,3.488563E+03,1.845979E-01,2.319225E+03,1.047938E-02,0.000000E+00,0.000000E+00,3.772573E-02,1.714330E+02,6.800557E-01,7.735855E+03,8.818999E+03,4.754282E-01,6.237469E+03,3.772573E-02,0.000000E+00,0.000000E+00,0.000000E+00,0.000000E+00,1.553703E-02,1.734662E+02,1.812198E+02,6.162147E-03,6.880096E+01,0.000000E+00,0.000000E+00,0.000000E+00,1.467111E-02,6.666838E+01,1.748111E-01,2.007790E+03,2.098638E+03,6.695959E-02,1.108977E+03,1.467111E-02,0.000000E+00,0.000000E+00,2.724636E-02,1.238127E+02,1.677003E-01,1.975337E+03,2.518564E+03,7.970557E-02,1.561023E+03,2.724636E-02,0.000000E+00,0.000000E+00
15:00:00,5.165079E-02,2.347112E+02,4.142021E-01,4.821951E+03,5.177900E+03,4.054008E-01,5.798615E+03,5.165079E-02,0.000000E+00,0.000000E+00,3.730654E-01,1.695281E+03,1.223955E+00,1.507375E+04,2.119598E+04,4.827770E-01,1.457896E+04,3.730654E-01,0.000000E+00,0.000000E+00,4.820504E-02,2.190530E+02,8.555595E-02,1.139810E+03,1.217211E+03,9.550030E-02,2.253589E+03,4.820504E-02,0.000000E+00,0.000000E+00,4.820516E-02,2.190536E+02,7.564994E-02,1.029217E+03,1.100361E+03,7.276666E-02,1.999755E+03,4.820516E-02,0.000000E+00,0.000000E+00,3.353389E-02,1.523845E+02,1.914382E-01,2.265006E+03,2.642268E+03,1.164300E-01,2.125948E+03,3.353389E-02,0.000000E+00,0.000000E+00,1.047938E-02,4.762031E+01,2.698309E-01,3.051895E+03,3.558233E+03,1.842734E-01,2.315602E+03,1.047938E-02,0.000000E+00,0.000000E+00,3.772573E-02,1.714330E+02,6.823732E-01,7.761720E+03,8.845981E+03,4.744586E-01,6.226644E+03,3.772573E-02,0.000000E+00,0.000000E+00,0.000000E+00,0.000000E+00,1.546568E-02,1.726697E+02,1.804071E+02,6.125689E-03,6.839390E+01,0.000000E+00,0.000000E+00,0.000000E+00,1.467111E-02,6.666838E+01,1.729034E-01,1.986497E+03,2.076962E+03,6.686575E-02,1.107929E+03,1.467111E-02,0.000000E+00,0.000000E+00,2.724636E-02,1.238127E+02,1.670463E-01,1.968038E+03,2.510708E+03,7.959292E-02,1.559765E+03,2.724636E-02,0.000000E+00,0.000000E+00
15:15:00,5.165079E-02,2.424186E+02,4.093518E-01,4.760097E+03,5.114211E+03,4.049132E-01,5.793171E+03,5.165079E-02,0.000000E+00,0.000000E+00,3.730654E-01,1.750951E+03,1.232889E+00,1.511779E+04,2.125401E+04,4.824111E-01,1.457488E+04,3.730654E-01,0.000000E+00,0.000000E+00,4.820504E-02,2.262463E+02,8.462588E-02,1.122234E+03,1.198859E+03,9.535515E-02,2.251969E+03,4.820504E-02,0.000000E+00,0.000000E+00,4.820516E-02,2.262468E+02,7.543556E-02,1.019631E+03,1.090404E+03,7.261224E-02,1.998031E+03,4.820516E-02,0.000000E+00,0.000000E+00,3.353389E-02,1.573885E+02,1.887989E-01,2.230544E+03,2.606085E+03,1.162986E-01,2.124481E+03,3.353389E-02,0.000000E+00,0.000000E+00,1.047938E-02,4.918406E+01,2.766051E-01,3.125938E+03,3.634223E+03,1.839758E-01,2.312280E+03,1.047938E-02,0.000000E+00,0.000000E+00,3.772573E-02,1.770625E+02,6.845855E-01,7.780782E+03,8.865472E+03,4.735648E-01,6.216665E+03,3.772573E-02,0.000000E+00,0.000000E+00,0.000000E+00,0.000000E+00,1.538207E-02,1.717361E+02,1.794552E+02,6.092025E-03,6.801805E+01,0.000000E+00,0.000000E+00,0.000000E+00,1.467111E-02,6.885763E+01,1.693538E-01,1.944682E+03,2.034354E+03,6.677961E-02,1.106967E+03,1.467111E-02,0.000000E+00,0.000000E+00,2.724636E-02,1.278785E+02,1.663508E-01,1.956212E+03,2.498118E+03,7.949013E-02,1.558617E+03,2.724636E-02,0.000000E+00,0.000000E+00
15:30:00,5.165079E-02,2.501260E+02,4.038175E-01,4.690606E+03,5.042674E+03,4.044406E-01,5.787894E+03,5.165079E-02,0.000000E+00,0.000000E+00,3.730654E-01,1.806620E+03,1.237245E+00,1.511082E+04,2.125149E+04,4.820728E-01,1.457110E+04,3.730654E-01,0.000000E+00,0.000000E+00,4.820504E-02,2.334395E+02,8.365555E-02,1.104207E+03,1.180015E+03,9.522147E-02,2.250476E+03,4.820504E-02,0.000000E+00,0.000000E+00,4.820516E-02,2.334401E+02,7.510335E-02,1.008729E+03,1.079035E+03,7.246975E-02,1.996440E+03,4.820516E-02,0.000000E+00,0.000000E+00,3.353389E-02,1.623924E+02,1.862660E-01,2.197270E+03,2.571138E+03,1.161773E-01,2.123126E+03,3.353389E-02,0.000000E+00,0.000000E+00,1.047938E-02,5.074781E+01,2.838761E-01,3.205528E+03,3.715617E+03,1.837025E-01,2.309228E+03,1.047938E-02,0.000000E+00,0.000000E+00,3.772573E-02,1.826920E+02,6.863493E-01,7.794840E+03,8.879450E+03,4.727396E-01,6.207451E+03,3.772573E-02,0.000000E+00,0.000000E+00,0.000000E+00,0.000000E+00,1.528649E-02,1.706690E+02,1.783675E+02,6.060877E-03,6.767027E+01,0.000000E+00,0.000000E+00,0.000000E+00,1.467111E-02,7.104687E+01,1.643099E-01,1.886185E+03,1.974740E+03,6.670027E-02,1.106081E+03,1.467111E-02,0.000000E+00,0.000000E+00,2.724636E-02,1.319442E+02,1.655716E-01,1.943453E+03,2.484534E+03,7.939610E-02,1.557567E+03,2.724636E-02,0.000000E+00,0.000000E+00
15:45:00,5.165079E-02,2.578334E+02,3.975827E-01,4.613296E+03,4.963104E+03,4.039820E-01,5.782774E+03,5.165079E-02,0.000000E+00,0.000000E+00,3.730654E-01,1.862289E+03,1.236873E+00,1.505116E+04,2.118655E+04,4.817613E-01,1.456762E+04,3.730654E-01,0.000000E+00,0.000000E+00,4.820504E-02,2.406327E+02,8.262463E-02,1.085505E+03,1.160438E+03,9.509882E-02,2.249107E+03,4.820504E-02,0.000000E+00,0.000000E+00,4.820516E-02,2.406333E+02,7.465098E-02,9.964855E+02,1.066225E+03,7.233875E-02,1.994977E+03,4.820516E-02,0.000000E+00,0.000000E+00,3.353389E-02,1.673964E+02,1.837814E-01,2.164535E+03,2.536748E+03,1.160654E-01,2.121876E+03,3.353389E-02,0.000000E+00,0.000000E+00,1.047938E-02,5.231156E+01,2.914061E-01,3.288011E+03,3.799758E+03,1.834522E-01,2.306434E+03,1.047938E-02,0.000000E+00,0.000000E+00,3.772573E-02,1.883215E+02,6.873399E-01,7.800269E+03,8.884272E+03,4.719801E-01,6.198972E+03,3.772573E-02,0.000000E+00,0.000000E+00,0.000000E+00,0.000000E+00,1.517917E-02,1.694709E+02,1.771467E+02,6.032108E-03,6.734907E+01,0.000000E+00,0.000000E+00,0.000000E+00,1.467111E-02,7.323612E+01,1.579317E-01,1.812792E+03,1.899923E+03,6.662723E-02,1.105266E+03,1.467111E-02,0.000000E+00,0.000000E+00,2.724636E-02,1.360100E+02,1.646730E-01,1.929362E+03,2.469537E+03,7.931035E-02,1.556610E+03,2.724636E-02,0.000000E+00,0.000000E+00
16:00:00,5.165079E-02,2.655409E+02,3.909113E-01,4.531111E+03,4.878636E+03,4.035365E-01,5.777800E+03,5.165079E-02,0.000000E+00,0.000000E+00,3.730654E-01,1.917959E+03,1.232200E+00,1.494357E+04,2.106649E+04,4.814751E-01,1.456442E+04,3.730654E-01,0.000000E+00,0.000000E+00,4.820504E-02,2.478259E+02,8.151328E-02,1.065905E+03,1.139887E+03,9.498648E-02,2.247853E+03,4.820504E-02,0.000000E+00,0.000000E+00,4.820516E-02,2.478266E+02,7.407588E-02,9.828719E+02,1.051943E+03,7.221849E-02,1.993634E+03,4.820516E-02,0.000000E+00,0.000000E+00,3.353389E-02,1.724004E+02,1.812568E-01,2.131355E+03,2.501770E+03,1.159622E-01,2.120724E+03,3.353389E-02,0.000000E+00,0.000000E+00,1.047938E-02,5.387531E+01,2.990423E-01,3.371682E+03,3.885046E+03,1.832234E-01,2.303879E+03,1.047938E-02,0.000000E+00,0.000000E+00,3.772573E-02,1.939510E+02,6.873300E-01,7.794531E+03,8.877400E+03,4.712820E-01,6.191177E+03,3.772573E-02,0.000000E+00,0.000000E+00,0.000000E+00,0.000000E+00,1.506029E-02,1.681436E+02,1.757946E+02,6.005545E-03,6.705248E+01,0.000000E+00,0.000000E+00,0.000000E+00,1.467111E-02,7.542537E+01,1.505772E-01,1.728498E+03,1.814011E+03,6.655994E-02,1.104515E+03,1.467111E-02,0.000000E+00,0.000000E+00,2.724636E-02,1.400757E+02,1.636011E-01,1.913339E+03,2.452363E+03,7.923221E-02,1.555738E+03,2.724636E-02,0.000000E+00,0.000000E+00
16:15:00,5.165079E-02,2.758174E+02,3.842432E-01,4.446393E+03,4.791716E+03,4.031031E-01,5.772961E+03,5.165079E-02,0.000000E+00,0.000000E+00,3.730654E-01,1.992185E+03,1.223048E+00,1.476750E+04,2.086392E+04,4.812125E-01,1.456149E+04,3.730654E-01,0.000000E+00,0.000000E+00,4.820504E-02,2.574169E+02,8.031185E-02,1.042901E+03,1.115798E+03,9.488366E-02,2.246704E+03,4.820504E-02,0.000000E+00,0.000000E+00,4.820516E-02,2.574176E+02,7.338057E-02,9.655185E+02,1.033768E+03,7.210815E-02,1.992402E+03,4.820516E-02,0.000000E+00,0.000000E+00,3.353389E-02,1.790724E+02,1.786889E-01,2.096024E+03,2.464591E+03,1.158668E-01,2.119660E+03,3.353389E-02,0.000000E+00,0.000000E+00,1.047938E-02,5.596030E+01,3.065607E-01,3.453518E+03,3.968212E+03,1.830143E-01,2.301544E+03,1.047938E-02,0.000000E+00,0.000000E+00,3.772573E-02,2.014570E+02,6.861286E-01,7.773618E+03,8.854661E+03,4.706405E-01,6.184014E+03,3.772573E-02,0.000000E+00,0.000000E+00,0.000000E+00,0.000000E+00,1.493013E-02,1.666904E+02,1.743147E+02,5.981014E-03,6.677859E+01,0.000000E+00,0.000000E+00,0.000000E+00,1.467111E-02,7.834436E+01,1.427313E-01,1.637988E+03,1.721741E+03,6.649789E-02,1.103822E+03,1.467111E-02,0.000000E+00,0.000000E+00,2.724636E-02,1.454967E+02,1.623617E-01,1.894093E+03,2.431854E+03,7.916104E-02,1.554943E+03,2.724636E-02,0.000000E+00,0.000000E+00
16:30:00,5.165079E-02,2.860939E+02,3.776960E-01,4.363026E+03,4.706123E+03,4.026809E-01,5.768246E+03,5.165079E-02,0.000000E+00,0.000000E+00,3.730654E-01,2.066410E+03,1.209336E+00,1.454061E+04,2.059867E+04,4.809717E-01,1.455880E+04,3.730654E-01,0.000000E+00,0.000000E+00,4.820504E-02,2.670079E+02,7.900984E-02,1.018774E+03,1.090490E+03,9.478958E-02,2.245654E+03,4.820504E-02,0.000000E+00,0.000000E+00,4.820516E-02,2.670085E+02,7.256713E-02,9.468464E+02,1.014168E+03,7.200695E-02,1.991272E+03,4.820516E-02,0.000000E+00,0.000000E+00,3.353389E-02,1.857443E+02,1.760557E-01,2.059965E+03,2.426637E+03,1.157787E-01,2.118676E+03,3.353389E-02,0.000000E+00,0.000000E+00,1.047938E-02,5.804530E+01,3.137545E-01,3.531733E+03,4.047538E+03,1.828233E-01,2.299412E+03,1.047938E-02,0.000000E+00,0.000000E+00,3.772573E-02,2.089630E+02,6.835416E-01,7.737238E+03,8.815820E+03,4.700509E-01,6.177431E+03,3.772573E-02,0.000000E+00,0.000000E+00,0.000000E+00,0.000000E+00,1.478921E-02,1.651171E+02,1.727125E+02,5.958353E-03,6.652558E+01,0.000000E+00,0.000000E+00,0.000000E+00,1.467111E-02,8.126335E+01,1.348123E-01,1.546661E+03,1.628545E+03,6.644059E-02,1.103182E+03,1.467111E-02,0.000000E+00,0.000000E+00,2.724636E-02,1.509177E+02,1.609491E-01,1.872915E+03,2.409289E+03,7.909622E-02,1.554219E+03,2.724636E-02,0.000000E+00,0.000000E+00
16:45:00,5.165079E-02,2.963705E+02,3.710621E-01,4.278690E+03,4.619314E+03,4.022691E-01,5.763648E+03,5.165079E-02,0.000000E+00,0.000000E+00,3.730654E-01,2.140636E+03,1.191101E+00,1.426330E+04,2.027337E+04,4.807510E-01,1.455634E+04,3.730654E-01,0.000000E+00,0.000000E+00,4.820504E-02,2.765988E+02,7.760270E-02,9.934737E+02,1.063905E+03,9.470349E-02,2.244693E+03,4.820504E-02,0.000000E+00,0.000000E+00,4.820516E-02,2.765995E+02,7.163961E-02,9.269005E+02,9.931873E+02,7.191414E-02,1.990236E+03,4.820516E-02,0.000000E+00,0.000000E+00,3.353389E-02,1.924163E+02,1.733419E-01,2.023006E+03,2.387657E+03,1.156971E-01,2.117765E+03,3.353389E-02,0.000000E+00,0.000000E+00,1.047938E-02,6.013030E+01,3.204342E-01,3.604211E+03,4.121007E+03,1.826488E-01,2.297463E+03,1.047938E-02,0.000000E+00,0.000000E+00,3.772573E-02,2.164690E+02,6.792051E-01,7.681331E+03,8.756513E+03,4.695089E-01,6.171380E+03,3.772573E-02,0.000000E+00,0.000000E+00,0.000000E+00,0.000000E+00,1.463798E-02,1.634286E+02,1.709933E+02,5.937410E-03,6.629175E+01,0.000000E+00,0.000000E+00,0.000000E+00,1.467111E-02,8.418235E+01,1.272006E-01,1.458765E+03,1.538774E+03,6.638759E-02,1.102590E+03,1.467111E-02,0.000000E+00,0.000000E+00,2.724636E-02,1.563387E+02,1.593586E-01,1.849753E+03,2.384515E+03,7.903718E-02,1.553560E+03,2.724636E-02,0.000000E+00,0.000000E+00
17:00:00,5.165079E-02,3.066470E+02,3.637408E-01,4.186678E+03,4.524318E+03,4.018669E-01,5.759158E+03,5.165079E-02,0.000000E+00,0.000000E+00,3.730654E-01,2.214862E+03,1.167912E+00,1.393080E+04,1.987884E+04,4.805489E-01,1.455408E+04,3.730654E-01,0.000000E+00,0.000000E+00,4.820504E-02,2.861898E+02,7.609039E-02,9.669992E+02,1.036035E+03,9.462472E-02,2.243813E+03,4.820504E-02,0.000000E+00,0.000000E+00,4.820516E-02,2.861905E+02,7.060327E-02,9.057399E+02,9.708844E+02,7.182902E-02,1.989286E+03,4.820516E-02,0.000000E+00,0.000000E+00,3.353389E-02,1.990883E+02,1.705757E-01,1.985464E+03,2.348016E+03,1.156215E-01,2.116920E+03,3.353389E-02,0.000000E+00,0.000000E+00,1.047938E-02,6.221530E+01,3.263402E-01,3.668056E+03,4.185603E+03,1.824894E-01,2.295684E+03,1.047938E-02,0.000000E+00,0.000000E+00,3.772573E-02,2.239749E+02,6.724964E-01,7.598944E+03,8.669255E+03,4.690106E-01,6.165817E+03,3.772573E-02,0.000000E+00,0.000000E+00,0.000000E+00,0.000000E+00,1.447686E-02,1.616298E+02,1.691619E+02,5.918046E-03,6.607555E+01,0.000000E+00,0.000000E+00,0.000000E+00,1.467111E-02,8.710134E+01,1.200489E-01,1.376002E+03,1.454192E+03,6.633850E-02,1.102042E+03,1.467111E-02,0.000000E+00,0.000000E+00,2.724636E-02,1.617597E+02,1.576119E-01,1.824847E+03,2.357827E+03,7.898339E-02,1.552959E+03,2.724636E-02,0.000000E+00,0.000000E+00
17:15:00,5.165079E-02,3.194927E+02,3.559390E-01,4.086735E+03,4.421426E+03,4.014738E-01,5.754769E+03,5.165079E-02,0.000000E+00,0.000000E+00,3.730654E-01,2.307644E+03,1.140216E+00,1.352950E+04,1.940084E+04,4.803639E-01,1.455202E+04,3.730654E-01,0.000000E+00,0.000000E+00,4.820504E-02,2.981785E+02,7.447765E-02,9.370058E+02,1.004483E+03,9.455262E-02,2.243008E+03,4.820504E-02,0.000000E+00,0.000000E+00,4.820516E-02,2.981793E+02,6.946498E-02,8.810433E+02,9.448886E+02,7.175094E-02,1.988414E+03,4.820516E-02,0.000000E+00,0.000000E+00,3.353389E-02,2.074282E+02,1.677394E-01,1.945470E+03,2.305763E+03,1.155512E-01,2.116136E+03,3.353389E-02,0.000000E+00,0.000000E+00,1.047938E-02,6.482154E+01,3.313345E-01,3.721203E+03,4.239262E+03,1.823438E-01,2.294058E+03,1.047938E-02,0.000000E+00,0.000000E+00,3.772573E-02,2.333574E+02,6.635529E-01,7.489735E+03,8.554660E+03,4.685523E-01,6.160699E+03,3.772573E-02,0.000000E+00,0.000000E+00,0.000000E+00,0.000000E+00,1.430627E-02,1.597251E+02,1.672229E+02,5.900132E-03,6.587553E+01,0.000000E+00,0.000000E+00,0.000000E+00,1.467111E-02,9.075008E+01,1.133710E-01,1.297801E+03,1.374215E+03,6.629297E-02,1.101534E+03,1.467111E-02,0.000000E+00,0.000000E+00,2.724636E-02,1.685359E+02,1.556963E-01,1.796702E+03,2.327652E+03,7.893436E-02,1.552412E+03,2.724636E-02,0.000000E+00,0.000000E+00
17:30:00,5.165079E-02,3.323384E+02,3.471460E-01,3.975726E+03,4.306747E+03,4.010893E-01,5.750475E+03,5.165079E-02,0.000000E+00,0.000000E+00,3.730654E-01,2.400427E+03,1.108380E+00,1.308208E+04,1.886182E+04,4.801944E-01,1.455013E+04,3.730654E-01,0.000000E+00,0.000000E+00,4.820504E-02,3.101672E+02,7.276966E-02,9.059489E+02,9.717499E+02,9.448663E-02,2.242271E+03,4.820504E-02,0.000000E+00,0.000000E+00,4.820516E-02,3.101680E+02,6.823096E-02,8.552780E+02,9.177139E+02,7.167932E-02,1.987614E+03,4.820516E-02,0.000000E+00,0.000000E+00,3.353389E-02,2.157682E+02,1.648259E-01,1.904615E+03,2.262539E+03,1.154859E-01,2.115406E+03,3.353389E-02,0.000000E+00,0.000000E+00,1.047938E-02,6.742779E+01,3.352652E-01,3.762479E+03,4.280807E+03,1.822107E-01,2.292572E+03,1.047938E-02,0.000000E+00,0.000000E+00,3.772573E-02,2.427399E+02,6.519539E-01,7.350884E+03,8.408998E+03,4.681305E-01,6.155989E+03,3.772573E-02,0.000000E+00,0.000000E+00,0.000000E+00,0.000000E+00,1.412657E-02,1.577189E+02,1.651804E+02,5.883549E-03,6.569038E+01,0.000000E+00,0.000000E+00,0.000000E+00,1.467111E-02,9.439883E+01,1.071817E-01,1.225053E+03,1.299768E+03,6.625067E-02,1.101062E+03,1.467111E-02,0.000000E+00,0.000000E+00,2.724636E-02,1.753121E+02,1.536072E-01,1.766621E+03,2.295344E+03,7.888968E-02,1.551913E+03,2.724636E-02,0.000000E+00,0.000000E+00
17:45:00,5.165079E-02,3.451841E+02,3.375892E-01,3.856191E+03,4.183118E+03,4.007127E-01,5.746271E+03,5.165079E-02,0.000000E+00,0.000000E+00,3.730654E-01,2.493209E+03,1.072829E+00,1.259323E+04,1.826562E+04,4.800393E-01,1.454839E+04,3.730654E-01,0.000000E+00,0.000000E+00,4.820504E-02,3.221560E+02,7.096901E-02,8.738577E+02,9.378576E+02,9.442621E-02,2.241597E+03,4.820504E-02,0.000000E+00,0.000000E+00,4.820516E-02,3.221568E+02,6.690533E-02,8.284898E+02,8.894028E+02,7.161360E-02,1.986881E+03,4.820516E-02,0.000000E+00,0.000000E+00,3.353389E-02,2.241082E+02,1.618014E-01,1.862521E+03,2.217886E+03,1.154250E-01,2.114727E+03,3.353389E-02,0.000000E+00,0.000000E+00,1.047938E-02,7.003404E+01,3.380456E-01,3.790917E+03,4.309324E+03,1.820891E-01,2.291215E+03,1.047938E-02,0.000000E+00,0.000000E+00,3.772573E-02,2.521224E+02,6.377281E-01,7.182711E+03,8.232710E+03,4.677421E-01,6.151653E+03,3.772573E-02,0.000000E+00,0.000000E+00,0.000000E+00,0.000000E+00,1.393811E-02,1.556148E+02,1.630384E+02,5.868189E-03,6.551889E+01,0.000000E+00,0.000000E+00,0.000000E+00,1.467111E-02,9.804757E+01,1.014458E-01,1.157368E+03,1.230443E+03,6.621132E-02,1.100622E+03,1.467111E-02,0.000000E+00,0.000000E+00,2.724636E-02,1.820884E+02,1.513290E-01,1.734430E+03,2.260656E+03,7.884892E-02,1.551458E+03,2.724636E-02,0.000000E+00,0.000000E+00
18:00:00,5.165079E-02,3.580298E+02,3.282868E-01,3.739496E+03,4.062959E+03,4.003437E-01,5.742151E+03,5.165079E-02,0.000000E+00,0.000000E+00,3.730654E-01,2.585991E+03,1.034032E+00,1.206821E+04,1.761603E+04,4.798973E-01,1.454681E+04,3.730654E-01,0.000000E+00,0.000000E+00,4.820504E-02,3.341447E+02,6.907707E-02,8.407472E+02,9.028098E+02,9.437089E-02,2.240979E+03,4.820504E-02,0.000000E+00,0.000000E+00,4.820516E-02,3.341455E+02,6.549152E-02,8.007173E+02,8.599872E+02,7.155329E-02,1.986207E+03,4.820516E-02,0.000000E+00,0.000000E+00,3.353389E-02,2.324481E+02,1.586736E-01,1.819275E+03,2.171974E+03,1.153683E-01,2.114093E+03,3.353389E-02,0.000000E+00,0.000000E+00,1.047938E-02,7.264028E+01,3.395100E-01,3.804665E+03,4.322737E+03,1.819780E-01,2.289973E+03,1.047938E-02,0.000000E+00,0.000000E+00,3.772573E-02,2.615049E+02,6.217444E-01,6.994916E+03,8.036938E+03,4.673844E-01,6.147660E+03,3.772573E-02,0.000000E+00,0.000000E+00,0.000000E+00,0.000000E+00,1.374132E-02,1.534176E+02,1.608017E+02,5.853954E-03,6.535995E+01,0.000000E+00,0.000000E+00,0.000000E+00,1.467111E-02,1.016963E+02,9.615956E-02,1.094702E+03,1.166224E+03,6.617466E-02,1.100213E+03,1.467111E-02,0.000000E+00,0.000000E+00,2.724636E-02,1.888646E+02,1.488731E-01,1.700258E+03,2.223803E+03,7.881175E-02,1.551043E+03,2.724636E-02,0.000000E+00,0.000000E+00
18:15:00,5.165079E-02,3.772983E+02,3.188849E-01,3.615266E+03,3.934883E+03,3.999820E-01,5.738112E+03,5.165079E-02,0.000000E+00,0.000000E+00,3.730654E-01,2.725165E+03,9.924817E-01,1.146610E+04,1.686941E+04,4.797674E-01,1.454536E+04,3.730654E-01,0.000000E+00,0.000000E+00,4.820504E-02,3.521277E+02,6.708903E-02,8.005695E+02,8.604180E+02,9.432021E-02,2.240413E+03,4.820504E-02,0.000000E+00,0.000000E+00,4.820516E-02,3.521286E+02,6.398954E-02,7.659660E+02,8.233402E+02,7.149794E-02,1.985589E+03,4.820516E-02,0.000000E+00,0.000000E+00,3.353389E-02,2.449581E+02,1.554300E-01,1.770567E+03,2.120317E+03,1.153153E-01,2.113501E+03,3.353389E-02,0.000000E+00,0.000000E+00,1.047938E-02,7.654965E+01,3.394755E-01,3.800380E+03,4.317605E+03,1.818764E-01,2.288839E+03,1.047938E-02,0.000000E+00,0.000000E+00,3.772573E-02,2.755786E+02,6.040078E-01,6.782859E+03,7.815918E+03,4.670548E-01,6.143980E+03,3.772573E-02,0.000000E+00,0.000000E+00,0.000000E+00,0.000000E+00,1.353664E-02,1.511325E+02,1.584754E+02,5.840752E-03,6.521255E+01,0.000000E+00,0.000000E+00,0.000000E+00,1.467111E-02,1.071694E+02,9.127208E-02,1.034665E+03,1.104650E+03,6.614046E-02,1.099831E+03,1.467111E-02,0.000000E+00,0.000000E+00,2.724636E-02,1.990290E+02,1.462410E-01,1.660731E+03,2.181242E+03,7.877784E-02,1.550664E+03,2.724636E-02,0.000000E+00,0.000000E+00
18:30:00,5.165079E-02,3.965668E+02,3.099609E-01,3.496371E+03,3.812257E+03,3.996271E-01,5.734149E+03,5.165079E-02,0.000000E+00,0.000000E+00,3.730654E-01,2.864338E+03,9.488683E-01,1.084099E+04,1.608158E+04,4.796484E-01,1.454403E+04,3.730654E-01,0.000000E+00,0.000000E+00,4.820504E-02,3.701108E+02,6.500663E-02,7.593384E+02,8.168053E+02,9.427378E-02,2.239895E+03,4.820504E-02,0.000000E+00,0.000000E+00,4.820516E-02,3.701117E+02,6.240244E-02,7.302645E+02,7.856038E+02,7.144714E-02,1.985022E+03,4.820516E-02,0.000000E+00,0.000000E+00,3.353389E-02,2.574680E+02,1.520706E-01,1.720566E+03,2.067172E+03,1.152657E-01,2.112947E+03,3.353389E-02,0.000000E+00,0.000000E+00,1.047938E-02,8.045902E+01,3.377720E-01,3.777466E+03,4.293430E+03,1.817834E-01,2.287801E+03,1.047938E-02,0.000000E+00,0.000000E+00,3.772573E-02,2.896523E+02,5.850532E-01,6.557205E+03,7.580564E+03,4.667510E-01,6.140587E+03,3.772573E-02,0.000000E+00,0.000000E+00,0.000000E+00,0.000000E+00,1.332456E-02,1.487647E+02,1.560648E+02,5.828501E-03,6.507576E+01,0.000000E+00,0.000000E+00,0.000000E+00,1.467111E-02,1.126425E+02,8.672101E-02,9.783824E+02,1.046865E+03,6.610852E-02,1.099474E+03,1.467111E-02,0.000000E+00,0.000000E+00,2.724636E-02,2.091933E+02,1.434408E-01,1.619329E+03,2.136526E+03,7.874688E-02,1.550319E+03,2.724636E-02,0.000000E+00,0.000000E+00
18:45:00,5.165079E-02,4.158353E+02,3.016634E-01,3.384471E+03,3.696928E+03,3.992787E-01,5.730260E+03,5.165079E-02,0.000000E+00,0.000000E+00,3.730654E-01,3.003512E+03,9.039569E-01,1.020140E+04,1.526074E+04,4.795396E-01,1.454281E+04,3.730654E-01,0.000000E+00,0.000000E+00,4.820504E-02,3.880939E+02,6.283506E-02,7.171116E+02,7.720168E+02,9.423125E-02,2.239420E+03,4.820504E-02,0.000000E+00,0.000000E+00,4.820516E-02,3.880949E+02,6.073588E-02,6.936757E+02,7.468341E+02,7.140050E-02,1.984501E+03,4.820516E-02,0.000000E+00,0.000000E+00,3.353389E-02,2.699779E+02,1.486274E-01,1.669630E+03,2.012948E+03,1.152193E-01,2.112429E+03,3.353389E-02,0.000000E+00,0.000000E+00,1.047938E-02,8.436840E+01,3.341329E-01,3.732947E+03,4.247055E+03,1.816984E-01,2.286852E+03,1.047938E-02,0.000000E+00,0.000000E+00,3.772573E-02,3.037261E+02,5.651427E-01,6.320880E+03,7.333934E+03,4.664707E-01,6.137458E+03,3.772573E-02,0.000000E+00,0.000000E+00,0.000000E+00,0.000000E+00,1.310582E-02,1.463225E+02,1.535786E+02,5.817124E-03,6.494874E+01,0.000000E+00,0.000000E+00,0.000000E+00,1.467111E-02,1.181157E+02,8.247350E-02,9.254893E+02,9.925132E+02,6.607864E-02,1.099141E+03,1.467111E-02,0.000000E+00,0.000000E+00,2.724636E-02,2.193577E+02,1.405000E-01,1.576359E+03,2.090015E+03,7.871862E-02,1.550003E+03,2.724636E-02,0.000000E+00,0.000000E+00
19:00:00,5.165079E-02,4.351038E+02,2.934435E-01,3.273447E+03,3.583963E+03,3.989367E-01,5.726441E+03,5.165079E-02,0.000000E+00,0.000000E+00,3.730654E-01,3.142685E+03,8.582955E-01,9.553856E+03,1.448132E+04,4.794400E-01,1.454170E+04,3.730654E-01,0.000000E+00,0.000000E+00,4.820504E-02,4.060769E+02,6.058040E-02,6.739578E+02,7.262231E+02,9.419226E-02,2.238985E+03,4.820504E-02,0.000000E+00,0.000000E+00,4.820516E-02,4.060780E+02,5.899516E-02,6.562596E+02,7.071694E+02,7.135767E-02,1.984023E+03,4.820516E-02,0.000000E+00,0.000000E+00,3.353389E-02,2.824879E+02,1.450785E-01,1.617536E+03,1.959445E+03,1.151757E-01,2.111943E+03,3.353389E-02,0.000000E+00,0.000000E+00,1.047938E-02,8.827777E+01,3.283194E-01,3.664191E+03,4.178659E+03,1.816207E-01,2.285984E+03,1.047938E-02,0.000000E+00,0.000000E+00,3.772573E-02,3.177998E+02,5.438417E-01,6.069076E+03,7.079303E+03,4.662121E-01,6.134570E+03,3.772573E-02,0.000000E+00,0.000000E+00,0.000000E+00,0.000000E+00,1.288121E-02,1.438150E+02,1.510496E+02,5.806552E-03,6.483071E+01,0.000000E+00,0.000000E+00,0.000000E+00,1.467111E-02,1.235888E+02,7.844915E-02,8.750901E+02,9.412639E+02,6.605066E-02,1.098828E+03,1.467111E-02,0.000000E+00,0.000000E+00,2.724636E-02,2.295221E+02,1.373991E-01,1.531638E+03,2.044691E+03,7.869281E-02,1.549715E+03,2.724636E-02,0.000000E+00,0.000000E+00
19:15:00,5.165079E-02,4.492341E+02,2.853918E-01,3.169453E+03,3.476216E+03,3.986006E-01,5.722689E+03,5.165079E-02,0.000000E+00,0.000000E+00,3.730654E-01,3.244746E+03,8.136138E-01,8.954682E+03,1.366636E+04,4.793488E-01,1.454068E+04,3.730654E-01,0.000000E+00,0.000000E+00,4.820504E-02,4.192645E+02,5.828062E-02,6.350960E+02,6.845029E+02,9.415653E-02,2.238586E+03,4.820504E-02,0.000000E+00,0.000000E+00,4.820516E-02,4.192656E+02,5.720774E-02,6.231178E+02,6.716331E+02,7.131834E-02,1.983584E+03,4.820516E-02,0.000000E+00,0.000000E+00,3.353389E-02,2.916618E+02,1.415020E-01,1.568493E+03,1.906904E+03,1.151349E-01,2.111487E+03,3.353389E-02,0.000000E+00,0.000000E+00,1.047938E-02,9.114464E+01,3.201611E-01,3.570341E+03,4.082828E+03,1.815495E-01,2.285190E+03,1.047938E-02,0.000000E+00,0.000000E+00,3.772573E-02,3.281205E+02,5.210885E-01,5.804855E+03,6.801712E+03,4.659733E-01,6.131905E+03,3.772573E-02,0.000000E+00,0.000000E+00,0.000000E+00,0.000000E+00,1.265268E-02,1.412638E+02,1.484507E+02,5.796722E-03,6.472095E+01,0.000000E+00,0.000000E+00,0.000000E+00,1.467111E-02,1.276024E+02,7.464383E-02,8.285981E+02,8.933213E+02,6.602443E-02,1.098535E+03,1.467111E-02,0.000000E+00,0.000000E+00,2.724636E-02,2.369759E+02,1.342170E-01,1.488763E+03,1.998069E+03,7.866924E-02,1.549452E+03,2.724636E-02,0.000000E+00,0.000000E+00
19:30:00,5.165079E-02,4.633643E+02,2.774280E-01,3.066438E+03,3.369908E+03,3.982704E-01,5.719002E+03,5.165079E-02,0.000000E+00,0.000000E+00,3.730654E-01,3.346806E+03,7.707670E-01,8.375804E+03,1.287033E+04,4.792655E-01,1.453975E+04,3.730654E-01,0.000000E+00,0.000000E+00,4.820504E-02,4.324521E+02,5.595941E-02,5.959945E+02,6.424147E+02,9.412377E-02,2.238220E+03,4.820504E-02,0.000000E+00,0.000000E+00,4.820516E-02,4.324532E+02,5.539447E-02,5.896871E+02,6.357120E+02,7.128223E-02,1.983181E+03,4.820516E-02,0.000000E+00,0.000000E+00,3.353389E-02,3.008358E+02,1.379102E-01,1.519278E+03,1.854420E+03,1.150965E-01,2.111058E+03,3.353389E-02,0.000000E+00,0.000000E+00,1.047938E-02,9.401151E+01,3.092729E-01,3.446017E+03,3.956089E+03,1.814844E-01,2.284463E+03,1.047938E-02,0.000000E+00,0.000000E+00,3.772573E-02,3.384413E+02,4.964900E-01,5.520027E+03,6.504428E+03,4.657529E-01,6.129443E+03,3.772573E-02,0.000000E+00,0.000000E+00,0.000000E+00,0.000000E+00,1.242257E-02,1.386951E+02,1.458425E+02,5.787575E-03,6.461883E+01,0.000000E+00,0.000000E+00,0.000000E+00,1.467111E-02,1.316160E+02,7.102922E-02,7.842348E+02,8.476666E+02,6.599981E-02,1.098261E+03,1.467111E-02,0.000000E+00,0.000000E+00,2.724636E-02,2.444298E+02,1.309784E-01,1.445257E+03,1.951032E+03,7.864770E-02,1.549211E+03,2.724636E-02,0.000000E+00,0.000000E+00
19:45:00,5.165079E-02,4.774946E+02,2.695874E-01,2.964798E+03,3.264757E+03,3.979459E-01,5.715378E+03,5.165079E-02,0.000000E+00,0.000000E+00,3.730654E-01,3.448867E+03,7.306336E-01,7.827011E+03,1.208702E+04,4.791892E-01,1.453890E+04,3.730654E-01,0.000000E+00,0.000000E+00,4.820504E-02,4.456397E+02,5.364313E-02,5.569477E+02,6.002144E+02,9.409374E-02,2.237885E+03,4.820504E-02,0.000000E+00,0.000000E+00,4.820516E-02,4.456408E+02,5.357780E-02,5.562180E+02,5.996332E+02,7.124906E-02,1.982810E+03,4.820516E-02,0.000000E+00,0.000000E+00,3.353389E-02,3.100098E+02,1.343382E-01,1.470281E+03,1.801725E+03,1.150603E-01,2.110654E+03,3.353389E-02,0.000000E+00,0.000000E+00,1.047938E-02,9.687838E+01,2.954371E-01,3.288782E+03,3.794994E+03,1.814249E-01,2.283798E+03,1.047938E-02,0.000000E+00,0.000000E+00,3.772573E-02,3.487620E+02,4.699314E-01,5.213307E+03,6.181861E+03,4.655492E-01,6.127168E+03,3.772573E-02,0.000000E+00,0.000000E+00,0.000000E+00,0.000000E+00,1.219344E-02,1.361372E+02,1.432430E+02,5.779058E-03,6.452374E+01,0.000000E+00,0.000000E+00,0.000000E+00,1.467111E-02,1.356296E+02,6.760761E-02,7.420257E+02,8.041009E+02,6.597668E-02,1.098002E+03,1.467111E-02,0.000000E+00,0.000000E+00,2.724636E-02,2.518836E+02,1.277216E-01,1.401542E+03,1.903078E+03,7.862801E-02,1.548991E+03,2.724636E-02,0.000000E+00,0.000000E+00
20:00:00,5.165079E-02,4.916248E+02,2.618203E-01,2.863966E+03,3.160227E+03,3.976267E-01,5.711815E+03,5.165079E-02,0.000000E+00,0.000000E+00,3.730654E-01,3.550927E+03,6.939748E-01,7.316541E+03,1.134021E+04,4.791194E-01,1.453812E+04,3.730654E-01,0.000000E+00,0.000000E+00,4.820504E-02,4.588273E+02,5.136129E-02,5.182848E+02,5.582598E+02,9.406620E-02,2.237577E+03,4.820504E-02,0.000000E+00,0.000000E+00,4.820516E-02,4.588284E+02,5.178288E-02,5.229914E+02,5.637049E+02,7.121859E-02,1.982470E+03,4.820516E-02,0.000000E+00,0.000000E+00,3.353389E-02,3.191837E+02,1.308246E-01,1.421914E+03,1.749526E+03,1.150263E-01,2.110275E+03,3.353389E-02,0.000000E+00,0.000000E+00,1.047938E-02,9.974525E+01,2.791781E-01,3.104461E+03,3.606049E+03,1.813703E-01,2.283189E+03,1.047938E-02,0.000000E+00,0.000000E+00,3.772573E-02,3.590827E+02,4.420911E-01,4.892234E+03,5.842762E+03,4.653609E-01,6.125066E+03,3.772573E-02,0.000000E+00,0.000000E+00,0.000000E+00,0.000000E+00,1.196799E-02,1.336203E+02,1.406845E+02,5.771123E-03,6.443514E+01,0.000000E+00,0.000000E+00,0.000000E+00,1.467111E-02,1.396432E+02,6.436990E-02,7.018672E+02,7.625669E+02,6.595492E-02,1.097759E+03,1.467111E-02,0.000000E+00,0.000000E+00,2.724636E-02,2.593375E+02,1.245050E-01,1.358239E+03,1.855383E+03,7.861002E-02,1.548791E+03,2.724636E-02,0.000000E+00,0.000000E+00
20:15:00,5.165079E-02,5.031860E+02,2.543513E-01,2.769018E+03,3.061747E+03,3.973128E-01,5.708310E+03,5.165079E-02,0.000000E+00,0.000000E+00,3.730654E-01,3.634431E+03,6.607752E-01,6.862846E+03,1.065317E+04,4.790555E-01,1.453741E+04,3.730654E-01,0.000000E+00,0.000000E+00,4.820504E-02,4.696171E+02,4.913444E-02,4.826334E+02,5.192455E+02,9.404095E-02,2.237295E+03,4.820504E-02,0.000000E+00,0.000000E+00,4.820516E-02,4.696183E+02,5.002781E-02,4.926071E+02,5.305951E+02,7.119060E-02,1.982158E+03,4.820516E-02,0.000000E+00,0.000000E+00,3.353389E-02,3.266897E+02,1.274167E-01,1.376371E+03,1.700182E+03,1.149942E-01,2.109917E+03,3.353389E-02,0.000000E+00,0.000000E+00,1.047938E-02,1.020909E+02,2.622018E-01,2.912616E+03,3.409266E+03,1.813204E-01,2.282632E+03,1.047938E-02,0.000000E+00,0.000000E+00,3.772573E-02,3.675270E+02,4.149512E-01,4.580814E+03,5.513639E+03,4.651868E-01,6.123122E+03,3.772573E-02,0.000000E+00,0.000000E+00,0.000000E+00,0.000000E+00,1.174873E-02,1.311723E+02,1.381960E+02,5.763724E-03,6.435253E+01,0.000000E+00,0.000000E+00,0.000000E+00,1.467111E-02,1.429271E+02,6.136593E-02,6.650458E+02,7.244317E+02,6.593445E-02,1.097531E+03,1.467111E-02,0.000000E+00,0.000000E+00,2.724636E-02,2.654361E+02,1.213717E-01,1.317180E+03,1.809940E+03,7.859357E-02,1.548607E+03,2.724636E-02,0.000000E+00,0.000000E+00
20:30:00,5.165079E-02,5.147471E+02,2.473444E-01,2.679230E+03,2.968558E+03,3.970041E-01,5.704863E+03,5.165079E-02,0.000000E+00,0.000000E+00,3.730654E-01,3.717935E+03,6.313024E-01,6.450695E+03,1.001569E+04,4.789971E-01,1.453676E+04,3.730654E-01,0.000000E+00,0.000000E+00,4.820504E-02,4.804070E+02,4.820504E-02,4.614672E+02,4.964887E+02,9.401779E-02,2.237037E+03,4.820504E-02,0.000000E+00,0.000000E+00,4.820516E-02,4.804082E+02,4.833997E-02,4.629735E+02,4.982040E+02,7.116489E-02,1.981871E+03,4.820516E-02,0.000000E+00,0.000000E+00,3.353389E-02,3.341957E+02,1.241915E-01,1.332867E+03,1.652904E+03,1.149640E-01,2.109579E+03,3.353389E-02,0.000000E+00,0.000000E+00,1.047938E-02,1.044365E+02,2.459817E-01,2.729207E+03,3.219422E+03,1.812747E-01,2.282122E+03,1.047938E-02,0.000000E+00,0.000000E+00,3.772573E-02,3.759712E+02,3.901861E-01,4.295901E+03,5.212036E+03,4.650257E-01,6.121324E+03,3.772573E-02,0.000000E+00,0.000000E+00,0.000000E+00,0.000000E+00,1.153859E-02,1.288260E+02,1.358115E+02,5.756821E-03,6.427545E+01,0.000000E+00,0.000000E+00,0.000000E+00,1.467111E-02,1.462110E+02,5.863729E-02,6.312984E+02,6.894300E+02,6.591515E-02,1.097315E+03,1.467111E-02,0.000000E+00,0.000000E+00,2.724636E-02,2.715347E+02,1.184011E-01,1.277932E+03,1.766285E+03,7.857853E-02,1.548439E+03,2.724636E-02,0.000000E+00,0.000000E+00
20:45:00,5.165079E-02,5.263082E+02,2.408166E-01,2.594791E+03,2.880816E+03,3.967003E-01,5.701471E+03,5.165079E-02,0.000000E+00,0.000000E+00,3.730654E-01,3.801439E+03,6.054554E-01,6.078973E+03,9.430012E+03,4.789437E-01,1.453616E+04,3.730654E-01,0.000000E+00,0.000000E+00,4.820504E-02,4.911968E+02,4.820504E-02,4.506774E+02,4.854825E+02,9.399655E-02,2.236799E+03,4.820504E-02,0.000000E+00,0.000000E+00,4.820516E-02,4.911980E+02,4.820516E-02,4.506785E+02,4.854838E+02,7.114127E-02,1.981607E+03,4.820516E-02,0.000000E+00,0.000000E+00,3.353389E-02,3.417016E+02,1.211946E-01,1.291910E+03,1.608244E+03,1.149354E-01,2.109260E+03,3.353389E-02,0.000000E+00,0.000000E+00,1.047938E-02,1.067821E+02,2.317038E-01,2.567477E+03,3.051057E+03,1.812329E-01,2.281655E+03,1.047938E-02,0.000000E+00,0.000000E+00,3.772573E-02,3.844154E+02,3.688658E-01,4.049444E+03,4.951439E+03,4.648767E-01,6.119660E+03,3.772573E-02,0.000000E+00,0.000000E+00,0.000000E+00,0.000000E+00,1.133967E-02,1.266051E+02,1.335549E+02,5.750376E-03,6.420349E+01,0.000000E+00,0.000000E+00,0.000000E+00,1.467111E-02,1.494948E+02,5.619349E-02,6.007310E+02,6.576792E+02,6.589696E-02,1.097112E+03,1.467111E-02,0.000000E+00,0.000000E+00,2.724636E-02,2.776333E+02,1.156488E-01,1.241120E+03,1.725110E+03,7.856477E-02,1.548285E+03,2.724636E-02,0.000000E+00,0.000000E+00
21:00:00,5.165079E-02,5.378693E+02,2.348922E-01,2.517087E+03,2.800156E+03,3.964014E-01,5.698133E+03,5.165079E-02,0.000000E+00,0.000000E+00,3.730654E-01,3.884943E+03,5.832211E-01,5.747535E+03,8.902200E+03,4.788949E-01,1.453562E+04,3.730654E-01,0.000000E+00,0.000000E+00,4.820504E-02,5.019866E+02,4.820504E-02,4.398875E+02,4.744764E+02,9.397706E-02,2.236582E+03,4.820504E-02,0.000000E+00,0.000000E+00,4.820516E-02,5.019879E+02,4.820516E-02,4.398886E+02,4.744776E+02,7.111957E-02,1.981365E+03,4.820516E-02,0.000000E+00,0.000000E+00,3.353389E-02,3.492076E+02,1.184718E-01,1.254014E+03,1.566899E+03,1.149085E-01,2.108959E+03,3.353389E-02,0.000000E+00,0.000000E+00,1.047938E-02,1.091277E+02,2.198350E-01,2.432638E+03,2.911214E+03,1.811946E-01,2.281227E+03,1.047938E-02,0.000000E+00,0.000000E+00,3.772573E-02,3.928597E+02,3.512007E-01,3.843791E+03,4.735648E+03,4.647387E-01,6.118119E+03,3.772573E-02,0.000000E+00,0.000000E+00,0.000000E+00,0.000000E+00,1.115305E-02,1.245216E+02,1.314386E+02,5.744354E-03,6.413626E+01,0.000000E+00,0.000000E+00,0.000000E+00,1.467111E-02,1.527787E+02,5.405147E-02,5.735328E+02,6.294201E+02,6.587979E-02,1.096921E+03,1.467111E-02,0.000000E+00,0.000000E+00,2.724636E-02,2.837320E+02,1.131571E-01,1.207216E+03,1.687137E+03,7.855219E-02,1.548145E+03,2.724636E-02,0.000000E+00,0.000000E+00
21:15:00,5.165079E-02,5.494304E+02,2.293274E-01,2.443399E+03,2.722955E+03,3.961072E-01,5.694849E+03,5.165079E-02,0.000000E+00,0.000000E+00,3.730654E-01,3.968447E+03,5.644943E-01,5.455213E+03,8.425095E+03,4.788503E-01,1.453512E+04,3.730654E-01,0.000000E+00,0.000000E+00,4.820504E-02,5.127765E+02,4.820504E-02,4.290977E+02,4.634703E+02,9.395919E-02,2.236382E+03,4.820504E-02,0.000000E+00,0.000000E+00,4.820516E-02,5.127778E+02,4.820516E-02,4.290988E+02,4.634715E+02,7.109964E-02,1.981142E+03,4.820516E-02,0.000000E+00,0.000000E+00,3.353389E-02,3.567135E+02,1.160085E-01,1.219013E+03,1.527984E+03,1.148829E-01,2.108674E+03,3.353389E-02,0.000000E+00,0.000000E+00,1.047938E-02,1.114734E+02,2.096366E-01,2.316446E+03,2.788268E+03,1.811596E-01,2.280835E+03,1.047938E-02,0.000000E+00,0.000000E+00,3.772573E-02,4.013039E+02,3.359718E-01,3.665335E+03,4.544589E+03,4.646109E-01,6.116692E+03,3.772573E-02,0.000000E+00,0.000000E+00,0.000000E+00,0.000000E+00,1.097872E-02,1.225753E+02,1.294519E+02,5.738725E-03,6.407341E+01,0.000000E+00,0.000000E+00,0.000000E+00,1.467111E-02,1.560626E+02,5.214298E-02,5.489419E+02,6.036778E+02,6.586358E-02,1.096740E+03,1.467111E-02,0.000000E+00,0.000000E+00,2.724636E-02,2.898306E+02,1.109314E-01,1.176281E+03,1.651411E+03,7.854068E-02,1.548016E+03,2.724636E-02,0.000000E+00,0.000000E+00
21:30:00,5.165079E-02,5.609915E+02,2.240364E-01,2.372750E+03,2.648366E+03,3.958176E-01,5.691615E+03,5.165079E-02,0.000000E+00,0.000000E+00,3.730654E-01,4.051951E+03,5.478692E-01,5.185993E+03,7.973079E+03,4.788095E-01,1.453466E+04,3.730654E-01,0.000000E+00,0.000000E+00,4.820504E-02,5.235663E+02,4.820504E-02,4.183079E+02,4.524642E+02,9.394280E-02,2.236199E+03,4.820504E-02,0.000000E+00,0.000000E+00,4.820516E-02,5.235677E+02,4.820516E-02,4.183089E+02,4.524654E+02,7.108133E-02,1.980938E+03,4.820516E-02,0.000000E+00,0.000000E+00,3.353389E-02,3.642195E+02,1.137373E-01,1.186125E+03,1.490877E+03,1.148588E-01,2.108404E+03,3.353389E-02,0.000000E+00,0.000000E+00,1.047938E-02,1.138190E+02,2.007165E-01,2.214482E+03,2.678700E+03,1.811274E-01,2.280477E+03,1.047938E-02,0.000000E+00,0.000000E+00,3.772573E-02,4.097481E+02,3.223820E-01,3.505125E+03,4.369345E+03,4.644925E-01,6.115370E+03,3.772573E-02,0.000000E+00,0.000000E+00,0.000000E+00,0.000000E+00,1.081486E-02,1.207455E+02,1.275767E+02,5.733458E-03,6.401461E+01,0.000000E+00,0.000000E+00,0.000000E+00,1.467111E-02,1.593464E+02,5.042334E-02,5.264561E+02,5.800000E+02,6.584826E-02,1.096569E+03,1.467111E-02,0.000000E+00,0.000000E+00,2.724636E-02,2.959292E+02,1.088874E-01,1.147315E+03,1.617075E+03,7.853015E-02,1.547899E+03,2.724636E-02,0.000000E+00,0.000000E+00
21:45:00,5.165079E-02,5.725526E+02,2.190183E-01,2.305146E+03,2.578056E+03,3.955325E-01,5.688432E+03,5.165079E-02,0.000000E+00,0.000000E+00,3.730654E-01,4.135456E+03,5.334255E-01,4.941101E+03,7.581180E+03,4.787722E-01,1.453425E+04,3.730654E-01,0.000000E+00,0.000000E+00,4.820504E-02,5.343562E+02,4.820504E-02,4.075180E+02,4.414575E+02,9.392776E-02,2.236031E+03,4.820504E-02,0.000000E+00,0.000000E+00,4.820516E-02,5.343575E+02,4.820516E-02,4.075190E+02,4.414586E+02,7.106450E-02,1.980750E+03,4.820516E-02,0.000000E+00,0.000000E+00,3.353389E-02,3.717255E+02,1.116469E-01,1.155249E+03,1.457225E+03,1.148359E-01,2.108149E+03,3.353389E-02,0.000000E+00,0.000000E+00,1.047938E-02,1.161646E+02,1.928914E-01,2.124740E+03,2.586214E+03,1.810980E-01,2.280149E+03,1.047938E-02,0.000000E+00,0.000000E+00,3.772573E-02,4.181924E+02,3.101224E-01,3.359767E+03,4.217599E+03,4.643827E-01,6.114145E+03,3.772573E-02,0.000000E+00,0.000000E+00,0.000000E+00,0.000000E+00,1.066025E-02,1.190189E+02,1.258252E+02,5.728528E-03,6.395956E+01,0.000000E+00,0.000000E+00,0.000000E+00,1.467111E-02,1.626303E+02,4.886285E-02,5.057471E+02,5.584544E+02,6.583377E-02,1.096407E+03,1.467111E-02,0.000000E+00,0.000000E+00,2.724636E-02,3.020278E+02,1.070198E-01,1.120311E+03,1.586975E+03,7.852051E-02,1.547791E+03,2.724636E-02,0.000000E+00,0.000000E+00
22:00:00,5.165079E-02,5.841137E+02,2.142407E-01,2.240229E+03,2.510474E+03,3.952519E-01,5.685299E+03,5.165079E-02,0.000000E+00,0.000000E+00,3.730654E-01,4.218960E+03,5.206147E-01,4.714460E+03,7.217709E+03,4.787381E-01,1.453387E+04,3.730654E-01,0.000000E+00,0.000000E+00,4.820504E-02,5.451460E+02,4.820504E-02,3.967282E+02,4.304516E+02,9.391396E-02,2.235877E+03,4.820504E-02,0.000000E+00,0.000000E+00,4.820516E-02,5.451474E+02,4.820516E-02,3.967292E+02,4.304527E+02,7.104905E-02,1.980577E+03,4.820516E-02,0.000000E+00,0.000000E+00,3.353389E-02,3.792314E+02,1.097060E-01,1.126043E+03,1.425366E+03,1.148143E-01,2.107907E+03,3.353389E-02,0.000000E+00,0.000000E+00,1.047938E-02,1.185102E+02,1.859852E-01,2.045257E+03,2.504299E+03,1.810711E-01,2.279848E+03,1.047938E-02,0.000000E+00,0.000000E+00,3.772573E-02,4.266366E+02,2.989300E-01,3.226324E+03,4.077899E+03,4.642810E-01,6.113009E+03,3.772573E-02,0.000000E+00,0.000000E+00,0.000000E+00,0.000000E+00,1.051383E-02,1.173838E+02,1.241667E+02,5.723910E-03,6.390800E+01,0.000000E+00,0.000000E+00,0.000000E+00,1.467111E-02,1.659142E+02,4.743518E-02,4.865211E+02,5.384287E+02,6.582005E-02,1.096254E+03,1.467111E-02,0.000000E+00,0.000000E+00,2.724636E-02,3.081264E+02,1.053006E-01,1.094962E+03,1.558737E+03,7.851170E-02,1.547693E+03,2.724636E-02,0.000000E+00,0.000000E+00
22:15:00,5.165079E-02,5.931057E+02,2.096994E-01,2.180519E+03,2.448215E+03,3.949755E-01,5.682213E+03,5.165079E-02,0.000000E+00,0.000000E+00,3.730654E-01,4.283907E+03,5.087166E-01,4.516596E+03,6.885218E+03,4.787070E-01,1.453352E+04,3.730654E-01,0.000000E+00,0.000000E+00,4.820504E-02,5.535381E+02,4.820504E-02,3.883361E+02,4.218914E+02,9.390131E-02,2.235736E+03,4.820504E-02,0.000000E+00,0.000000E+00,4.820516E-02,5.535395E+02,4.820516E-02,3.883371E+02,4.218925E+02,7.103485E-02,1.980419E+03,4.820516E-02,0.000000E+00,0.000000E+00,3.353389E-02,3.850694E+02,1.078825E-01,1.099816E+03,1.396583E+03,1.147937E-01,2.107678E+03,3.353389E-02,0.000000E+00,0.000000E+00,1.047938E-02,1.203346E+02,1.798402E-01,1.974792E+03,2.431637E+03,1.810465E-01,2.279573E+03,1.047938E-02,0.000000E+00,0.000000E+00,3.772573E-02,4.332043E+02,2.886186E-01,3.104596E+03,3.949980E+03,4.641867E-01,6.111956E+03,3.772573E-02,0.000000E+00,0.000000E+00,0.000000E+00,0.000000E+00,1.037470E-02,1.158301E+02,1.225906E+02,5.719581E-03,6.385966E+01,0.000000E+00,0.000000E+00,0.000000E+00,1.467111E-02,1.684683E+02,4.612631E-02,4.693512E+02,5.205120E+02,6.580707E-02,1.096109E+03,1.467111E-02,0.000000E+00,0.000000E+00,2.724636E-02,3.128698E+02,1.036845E-01,1.072119E+03,1.533047E+03,7.850363E-02,1.547603E+03,2.724636E-02,0.000000E+00,0.000000E+00
22:30:00,5.165079E-02,6.020977E+02,2.054009E-01,2.123538E+03,2.388764E+03,3.947034E-01,5.679175E+03,5.165079E-02,0.000000E+00,0.000000E+00,3.730654E-01,4.348855E+03,4.984524E-01,4.337226E+03,6.586111E+03,4.786786E-01,1.453320E+04,3.730654E-01,0.000000E+00,0.000000E+00,4.820504E-02,5.619302E+02,4.820504E-02,3.799440E+02,4.133314E+02,9.388970E-02,2.235607E+03,4.820504E-02,0.000000E+00,0.000000E+00,4.820516E-02,5.619316E+02,4.820516E-02,3.799449E+02,4.133324E+02,7.102181E-02,1.980273E+03,4.820516E-02,0.000000E+00,0.000000E+00,3.353389E-02,3.909074E+02,1.061985E-01,1.075176E+03,1.369542E+03,1.147743E-01,2.107460E+03,3.353389E-02,0.000000E+00,0.000000E+00,1.047938E-02,1.221590E+02,1.743770E-01,1.911977E+03,2.366881E+03,1.810239E-01,2.279321E+03,1.047938E-02,0.000000E+00,0.000000E+00,3.772573E-02,4.397721E+02,2.791725E-01,2.992575E+03,3.832090E+03,4.640991E-01,6.110978E+03,3.772573E-02,0.000000E+00,0.000000E+00,0.000000E+00,0.000000E+00,1.024281E-02,1.143576E+02,1.210970E+02,5.715520E-03,6.381433E+01,0.000000E+00,0.000000E+00,0.000000E+00,1.467111E-02,1.710224E+02,4.492728E-02,4.534106E+02,5.038627E+02,6.579478E-02,1.095971E+03,1.467111E-02,0.000000E+00,0.000000E+00,2.724636E-02,3.176131E+02,1.022114E-01,1.050927E+03,1.509266E+03,7.849624E-02,1.547520E+03,2.724636E-02,0.000000E+00,0.000000E+00
22:45:00,5.165079E-02,6.110897E+02,2.013082E-01,2.068854E+03,2.331653E+03,3.944355E-01,5.676183E+03,5.165079E-02,0.000000E+00,0.000000E+00,3.730654E-01,4.413802E+03,4.891220E-01,4.168304E+03,6.303338E+03,4.786527E-01,1.453291E+04,3.730654E-01,0.000000E+00,0.000000E+00,4.820504E-02,5.703223E+02,4.820504E-02,3.715519E+02,4.047713E+02,9.387906E-02,2.235488E+03,4.820504E-02,0.000000E+00,0.000000E+00,4.820516E-02,5.703238E+02,4.820516E-02,3.715528E+02,4.047723E+02,7.100984E-02,1.980139E+03,4.820516E-02,0.000000E+00,0.000000E+00,3.353389E-02,3.967454E+02,1.046241E-01,1.051766E+03,1.343807E+03,1.147558E-01,2.107254E+03,3.353389E-02,0.000000E+00,0.000000E+00,1.047938E-02,1.239833E+02,1.694787E-01,1.855471E+03,2.308602E+03,1.810033E-01,2.279090E+03,1.047938E-02,0.000000E+00,0.000000E+00,3.772573E-02,4.463398E+02,2.704406E-01,2.888529E+03,3.722299E+03,4.640178E-01,6.110071E+03,3.772573E-02,0.000000E+00,0.000000E+00,0.000000E+00,0.000000E+00,1.011762E-02,1.129599E+02,1.196795E+02,5.711710E-03,6.377178E+01,0.000000E+00,0.000000E+00,0.000000E+00,1.467111E-02,1.735765E+02,4.382384E-02,4.385374E+02,4.883116E+02,6.578312E-02,1.095841E+03,1.467111E-02,0.000000E+00,0.000000E+00,2.724636E-02,3.223565E+02,1.008446E-01,1.030930E+03,1.486770E+03,7.848949E-02,1.547445E+03,2.724636E-02,0.000000E+00,0.000000E+00
23:00:00,5.165079E-02,6.200817E+02,1.974102E-01,2.016345E+03,2.276768E+03,3.941716E-01,5.673237E+03,5.165079E-02,0.000000E+00,0.000000E+00,3.730654E-01,4.478750E+03,4.807388E-01,4.009947E+03,6.038894E+03,4.786291E-01,1.453265E+04,3.730654E-01,0.000000E+00,0.000000E+00,4.820504E-02,5.787144E+02,4.820504E-02,3.631598E+02,3.962113E+02,9.386929E-02,2.235379E+03,4.820504E-02,0.000000E+00,0.000000E+00,4.820516E-02,5.787159E+02,4.820516E-02,3.631607E+02,3.962123E+02,7.099884E-02,1.980017E+03,4.820516E-02,0.000000E+00,0.000000E+00,3.353389E-02,4.025833E+02,1.031559E-01,1.029542E+03,1.319362E+03,1.147383E-01,2.107058E+03,3.353389E-02,0.000000E+00,0.000000E+00,1.047938E-02,1.258077E+02,1.650713E-01,1.804446E+03,2.255968E+03,1.809843E-01,2.278879E+03,1.047938E-02,0.000000E+00,0.000000E+00,3.772573E-02,4.529076E+02,2.623730E-01,2.791900E+03,3.620153E+03,4.639424E-01,6.109229E+03,3.772573E-02,0.000000E+00,0.000000E+00,0.000000E+00,0.000000E+00,9.998880E-03,1.116342E+02,1.183351E+02,5.708131E-03,6.373183E+01,0.000000E+00,0.000000E+00,0.000000E+00,1.467111E-02,1.761307E+02,4.280752E-02,4.246369E+02,4.737654E+02,6.577207E-02,1.095718E+03,1.467111E-02,0.000000E+00,0.000000E+00,2.724636E-02,3.270999E+02,9.958145E-02,1.012092E+03,1.465573E+03,7.848330E-02,1.547376E+03,2.724636E-02,0.000000E+00,0.000000E+00
23:15:00,5.165079E-02,6.290736E+02,1.936615E-01,1.965504E+03,2.223561E+03,3.939117E-01,5.670335E+03,5.165079E-02,0.000000E+00,0.000000E+00,3.730654E-01,4.543698E+03,4.731016E-01,3.859905E+03,5.788711E+03,4.786075E-01,1.453241E+04,3.730654E-01,0.000000E+00,0.000000E+00,4.820504E-02,5.871065E+02,4.820504E-02,3.547677E+02,3.876513E+02,9.386034E-02,2.235279E+03,4.820504E-02,0.000000E+00,0.000000E+00,4.820516E-02,5.871080E+02,4.820516E-02,3.547686E+02,3.876523E+02,7.098874E-02,1.979904E+03,4.820516E-02,0.000000E+00,0.000000E+00,3.353389E-02,4.084213E+02,1.017737E-01,1.008277E+03,1.295943E+03,1.147216E-01,2.106872E+03,3.353389E-02,0.000000E+00,0.000000E+00,1.047938E-02,1.276321E+02,1.610738E-01,1.757998E+03,2.208025E+03,1.809670E-01,2.278686E+03,1.047938E-02,0.000000E+00,0.000000E+00,3.772573E-02,4.594753E+02,2.548656E-01,2.701525E+03,3.524371E+03,4.638723E-01,6.108446E+03,3.772573E-02,0.000000E+00,0.000000E+00,0.000000E+00,0.000000E+00,9.886201E-03,1.103761E+02,1.170594E+02,5.704768E-03,6.369428E+01,0.000000E+00,0.000000E+00,0.000000E+00,1.467111E-02,1.786848E+02,4.186103E-02,4.115161E+02,4.600192E+02,6.576158E-02,1.095601E+03,1.467111E-02,0.000000E+00,0.000000E+00,2.724636E-02,3.318432E+02,9.840474E-02,9.942190E+02,1.445440E+03,7.847764E-02,1.547312E+03,2.724636E-02,0.000000E+00,0.000000E+00
23:30:00,5.165079E-02,6.380656E+02,1.900479E-01,1.916170E+03,2.171870E+03,3.936557E-01,5.667477E+03,5.165079E-02,0.000000E+00,0.000000E+00,3.730654E-01,4.608645E+03,4.660849E-01,3.716782E+03,5.550485E+03,4.785878E-01,1.453219E+04,3.730654E-01,0.000000E+00,0.000000E+00,4.820504E-02,5.954986E+02,4.820504E-02,3.463756E+02,3.790914E+02,9.385212E-02,2.235187E+03,4.820504E-02,0.000000E+00,0.000000E+00,4.820516E-02,5.955001E+02,4.820516E-02,3.463765E+02,3.790924E+02,7.097946E-02,1.979800E+03,4.820516E-02,0.000000E+00,0.000000E+00,3.353389E-02,4.142593E+02,1.004677E-01,9.878630E+02,1.273438E+03,1.147058E-01,2.106695E+03,3.353389E-02,0.000000E+00,0.000000E+00,1.047938E-02,1.294565E+02,1.574269E-01,1.715463E+03,2.164091E+03,1.809512E-01,2.278509E+03,1.047938E-02,0.000000E+00,0.000000E+00,3.772573E-02,4.660430E+02,2.478535E-01,2.616679E+03,3.434211E+03,4.638073E-01,6.107720E+03,3.772573E-02,0.000000E+00,0.000000E+00,0.000000E+00,0.000000E+00,9.779149E-03,1.091809E+02,1.158476E+02,5.701607E-03,6.365898E+01,0.000000E+00,0.000000E+00,0.000000E+00,1.467111E-02,1.812389E+02,4.097545E-02,3.990752E+02,4.469709E+02,6.575163E-02,1.095490E+03,1.467111E-02,0.000000E+00,0.000000E+00,2.724636E-02,3.365866E+02,9.730418E-02,9.771958E+02,1.426250E+03,7.847246E-02,1.547255E+03,2.724636E-02,0.000000E+00,0.000000E+00
23:45:00,5.165079E-02,6.470576E+02,1.865558E-01,1.868192E+03,2.121540E+03,3.934036E-01,5.664662E+03,5.165079E-02,0.000000E+00,0.000000E+00,3.730654E-01,4.673593E+03,4.595919E-01,3.579495E+03,5.322431E+03,4.785699E-01,1.453199E+04,3.730654E-01,0.000000E+00,0.000000E+00,4.820504E-02,6.038907E+02,4.820504E-02,3.379835E+02,3.705315E+02,9.384459E-02,2.235103E+03,4.820504E-02,0.000000E+00,0.000000E+00,4.820516E-02,6.038922E+02,4.820516E-02,3.379843E+02,3.705324E+02,7.097095E-02,1.979705E+03,4.820516E-02,0.000000E+00,0.000000E+00,3.353389E-02,4.200973E+02,9.922889E-02,9.681985E+02,1.251738E+03,1.146907E-01,2.106527E+03,3.353389E-02,0.000000E+00,0.000000E+00,1.047938E-02,1.312808E+02,1.540808E-01,1.676286E+03,2.123593E+03,1.809367E-01,2.278347E+03,1.047938E-02,0.000000E+00,0.000000E+00,3.772573E-02,4.726108E+02,2.412808E-01,2.536738E+03,3.349031E+03,4.637468E-01,6.107044E+03,3.772573E-02,0.000000E+00,0.000000E+00,0.000000E+00,0.000000E+00,9.677303E-03,1.080438E+02,1.146948E+02,5.698632E-03,6.362577E+01,0.000000E+00,0.000000E+00,0.000000E+00,1.467111E-02,1.837930E+02,4.014311E-02,3.872288E+02,4.345324E+02,6.574218E-02,1.095384E+03,1.467111E-02,0.000000E+00,0.000000E+00,2.724636E-02,3.413300E+02,9.627069E-02,9.609210E+02,1.407892E+03,7.846772E-02,1.547202E+03,2.724636E-02,0.000000E+00,0.000000E+00
24:00:00,5.165079E-02,6.560496E+02,1.831724E-01,1.821429E+03,2.072426E+03,3.931552E-01,5.661889E+03,5.165079E-02,0.000000E+00,0.000000E+00,3.730654E-01,4.738540E+03,4.535439E-01,3.447169E+03,5.103064E+03,4.785536E-01,1.453180E+04,3.730654E-01,0.000000E+00,0.000000E+00,4.820504E-02,6.122828E+02,4.820504E-02,3.295914E+02,3.619709E+02,9.383769E-02,2.235026E+03,4.820504E-02,0.000000E+00,0.000000E+00,4.820516E-02,6.122844E+02,4.820516E-02,3.295922E+02,3.619718E+02,7.096314E-02,1.979618E+03,4.820516E-02,0.000000E+00,0.000000E+00,3.353389E-02,4.259352E+02,9.804916E-02,9.491938E+02,1.230745E+03,1.146764E-01,2.106368E+03,3.353389E-02,0.000000E+00,0.000000E+00,1.047938E-02,1.331052E+02,1.509939E-01,1.640003E+03,2.086051E+03,1.809234E-01,2.278199E+03,1.047938E-02,0.000000E+00,0.000000E+00,3.772573E-02,4.791785E+02,2.351000E-01,2.461172E+03,3.268286E+03,4.636905E-01,6.106416E+03,3.772573E-02,0.000000E+00,0.000000E+00,0.000000E+00,0.000000E+00,9.580283E-03,1.069606E+02,1.135967E+02,5.695832E-03,6.359451E+01,0.000000E+00,0.000000E+00,0.000000E+00,1.467111E-02,1.863471E+02,3.935754E-02,3.759044E+02,4.226290E+02,6.573321E-02,1.095284E+03,1.467111E-02,0.000000E+00,0.000000E+00,2.724636E-02,3.460733E+02,9.529633E-02,9.453060E+02,1.390267E+03,7.846338E-02,1.547153E+03,2.724636E-02,0.000000E+00,0.000000E+00
Coinc Peak   ,5.908202E-01,4.404767E-01,8.055421E+03,5.048466E+03,9.186046E-01,1.237245E+00,1.955163E+04,1.511082E+04,2.074045E-01,9.176944E-02,3.527900E+03,1.166017E+03,1.782740E-01,7.574912E-02,3.222841E+03,1.030324E+03,2.330421E-01,2.658863E-01,3.459287E+03,2.994102E+03,4.124088E-01,3.395100E-01,4.925666E+03,3.804665E+03,1.086751E+00,7.112526E-01,1.342694E+04,8.025913E+03,1.708904E-02,2.371415E-02,1.953480E+02,2.670866E+02,1.441560E-01,1.749239E-01,1.991159E+03,2.009045E+03,1.777494E-01,1.897234E-01,2.679282E+03,2.165439E+03
NonCoinc Peak,5.908202E-01,4.404767E-01,8.055421E+03,5.048466E+03,9.186046E-01,1.237245E+00,1.955163E+04,1.511082E+04,2.074045E-01,9.176944E-02,3.527900E+03,1.166017E+03,1.782740E-01,7.574912E-02,3.222841E+03,1.030324E+03,2.330421E-01,2.658863E-01,3.459287E+03,2.994102E+03,4.124088E-01,3.395100E-01,4.925666E+03,3.804665E+03,1.086751E+00,7.112526E-01,1.342694E+04,8.025913E+03,1.708904E-02,2.371415E-02,1.953480E+02,2.670866E+02,1.441560E-01,1.749239E-01,1.991159E+03,2.009045E+03,1.777494E-01,1.897234E-01,2.679282E+03,2.165439E+03
