Time,THERMAL ZONE: L01-102_OFCECOMLPTHP:SEATTLE-KING COUNTY INTL AP-B ANN HTG 99.6% CONDNS DB:Des Heat Load [W],THERMAL ZONE: L01-102_OFCECOMLPTHP:SEATTLE-KING COUNTY INTL AP-B ANN CLG 1% CONDNS DB=>MWB:Des Sens Cool Load [W],THERMAL ZONE: L01-102_OFCECOMLPTHP:SEATTLE-KING COUNTY INTL AP-B ANN HTG 99.6% CONDNS DB:Des Heat Mass Flow [kg/s],THERMAL ZONE: L01-102_OFCECOMLPTHP:SEATTLE-KING COUNTY INTL AP-B ANN CLG 1% CONDNS DB=>MWB:Des Cool Mass Flow [kg/s],THERMAL ZONE: L01-102_OFCECOMLPTHP::Des Latent Heat Load [W],THERMAL ZONE: L01-102_OFCECOMLPTHP::Des Latent Cool Load [W],THERMAL ZONE: L01-102_OFCECOMLPTHP::Des Latent Heat Mass Flow [kg/s],THERMAL ZONE: L01-102_OFCECOMLPTHP::Des Latent Cool Mass Flow [kg/s],THERMAL ZONE: L01-102_OFCECOMLPTHP::Des Heat Load No DOAS [W],THERMAL ZONE: L01-102_OFCECOMLPTHP::Des Sens Cool Load No DOAS [W],THERMAL ZONE: L01-102_OFCECOMLPTHP::Des Latent Heat Load No DOAS [W],THERMAL ZONE: L01-102_OFCECOMLPTHP::Des Latent Cool Load No DOAS [W],THERMAL ZONE: L01-102_OFCECOMLPTHP:SEATTLE-KING COUNTY INTL AP-B ANN HTG 99.6% CONDNS DB:Heating Zone Temperature [C],THERMAL ZONE: L01-102_OFCECOMLPTHP:SEATTLE-KING COUNTY INTL AP-B ANN HTG 99.6% CONDNS DB:Heating Zone Relative Humidity [%],THERMAL ZONE: L01-102_OFCECOMLPTHP:SEATTLE-KING COUNTY INTL AP-B ANN CLG 1% CONDNS DB=>MWB:Cooling Zone Temperature [C],THERMAL ZONE: L01-102_OFCECOMLPTHP:SEATTLE-KING COUNTY INTL AP-B ANN CLG 1% CONDNS DB=>MWB:Cooling Zone Relative Humidity [%],THERMAL ZONE: L02-201_CORRCOMLPTHP:SEATTLE-KING COUNTY INTL AP-B ANN HTG 99.6% CONDNS DB:Des Heat Load [W],THERMAL ZONE: L02-201_CORRCOMLPTHP:SEATTLE-KING COUNTY INTL AP-B ANN CLG 1% CONDNS DB=>MWB:Des Sens Cool Load [W],THERMAL ZONE: L02-201_CORRCOMLPTHP:SEATTLE-KING COUNTY INTL AP-B ANN HTG 99.6% CONDNS DB:Des Heat Mass Flow [kg/s],THERMAL ZONE: L02-201_CORRCOMLPTHP:SEATTLE-KING COUNTY INTL AP-B ANN CLG 1% CONDNS DB=>MWB:Des Cool Mass Flow [kg/s],THERMAL ZONE: L02-201_CORRCOMLPTHP::Des Latent Heat Load [W],THERMAL ZONE: L02-201_CORRCOMLPTHP::Des Latent Cool Load [W],THERMAL ZONE: L02-201_CORRCOMLPTHP::Des Latent Heat Mass Flow [kg/s],THERMAL ZONE: L02-201_CORRCOMLPTHP::Des Latent Cool Mass Flow [kg/s],THERMAL ZONE: L02-201_CORRCOMLPTHP::Des Heat Load No DOAS [W],THERMAL ZONE: L02-201_CORRCOMLPTHP::Des Sens Cool Load No DOAS [W],THERMAL ZONE: L02-201_CORRCOMLPTHP::Des Latent Heat Load No DOAS [W],THERMAL ZONE: L02-201_CORRCOMLPTHP::Des Latent Cool Load No DOAS [W],THERMAL ZONE: L02-201_CORRCOMLPTHP:SEATTLE-KING COUNTY INTL AP-B ANN HTG 99.6% CONDNS DB:Heating Zone Temperature [C],THERMAL ZONE: L02-201_CORRCOMLPTHP:SEATTLE-KING COUNTY INTL AP-B ANN HTG 99.6% CONDNS DB:Heating Zone Relative Humidity [%],THERMAL ZONE: L02-201_CORRCOMLPTHP:SEATTLE-KING COUNTY INTL AP-B ANN CLG 1% CONDNS DB=>MWB:Cooling Zone Temperature [C],THERMAL ZONE: L02-201_CORRCOMLPTHP:SEATTLE-KING COUNTY INTL AP-B ANN CLG 1% CONDNS DB=>MWB:Cooling Zone Relative Humidity [%],THERMAL ZONE: L02-202_OFCECOMLPTHP:SEATTLE-KING COUNTY INTL AP-B ANN HTG 99.6% CONDNS DB:Des Heat Load [W],THERMAL ZONE: L02-202_OFCECOMLPTHP:SEATTLE-KING COUNTY INTL AP-B ANN CLG 1% CONDNS DB=>MWB:Des Sens Cool Load [W],THERMAL ZONE: L02-202_OFCECOMLPTHP:SEATTLE-KING COUNTY INTL AP-B ANN HTG 99.6% CONDNS DB:Des Heat Mass Flow [kg/s],THERMAL ZONE: L02-202_OFCECOMLPTHP:SEATTLE-KING COUNTY INTL AP-B ANN CLG 1% CONDNS DB=>MWB:Des Cool Mass Flow [kg/s],THERMAL ZONE: L02-202_OFCECOMLPTHP::Des Latent Heat Load [W],THERMAL ZONE: L02-202_OFCECOMLPTHP::Des Latent Cool Load [W],THERMAL ZONE: L02-202_OFCECOMLPTHP::Des Latent Heat Mass Flow [kg/s],THERMAL ZONE: L02-202_OFCECOMLPTHP::Des Latent Cool Mass Flow [kg/s],THERMAL ZONE: L02-202_OFCECOMLPTHP::Des Heat Load No DOAS [W],THERMAL ZONE: L02-202_OFCECOMLPTHP::Des Sens Cool Load No DOAS [W],THERMAL ZONE: L02-202_OFCECOMLPTHP::Des Latent Heat Load No DOAS [W],THERMAL ZONE: L02-202_OFCECOMLPTHP::Des Latent Cool Load No DOAS [W],THERMAL ZONE: L02-202_OFCECOMLPTHP:SEATTLE-KING COUNTY INTL AP-B ANN HTG 99.6% CONDNS DB:Heating Zone Temperature [C],THERMAL ZONE: L02-202_OFCECOMLPTHP:SEATTLE-KING COUNTY INTL AP-B ANN HTG 99.6% CONDNS DB:Heating Zone Relative Humidity [%],THERMAL ZONE: L02-202_OFCECOMLPTHP:SEATTLE-KING COUNTY INTL AP-B ANN CLG 1% CONDNS DB=>MWB:Cooling Zone Temperature [C],THERMAL ZONE: L02-202_OFCECOMLPTHP:SEATTLE-KING COUNTY INTL AP-B ANN CLG 1% CONDNS DB=>MWB:Cooling Zone Relative Humidity [%],THERMAL ZONE: L02-203_BRKRCOMLPTHP:SEATTLE-KING COUNTY INTL AP-B ANN HTG 99.6% CONDNS DB:Des Heat Load [W],THERMAL ZONE: L02-203_BRKRCOMLPTHP:SEATTLE-KING COUNTY INTL AP-B ANN CLG 1% CONDNS DB=>MWB:Des Sens Cool Load [W],THERMAL ZONE: L02-203_BRKRCOMLPTHP:SEATTLE-KING COUNTY INTL AP-B ANN HTG 99.6% CONDNS DB:Des Heat Mass Flow [kg/s],THERMAL ZONE: L02-203_BRKRCOMLPTHP:SEATTLE-KING COUNTY INTL AP-B ANN CLG 1% CONDNS DB=>MWB:Des Cool Mass Flow [kg/s],THERMAL ZONE: L02-203_BRKRCOMLPTHP::Des Latent Heat Load [W],THERMAL ZONE: L02-203_BRKRCOMLPTHP::Des Latent Cool Load [W],THERMAL ZONE: L02-203_BRKRCOMLPTHP::Des Latent Heat Mass Flow [kg/s],THERMAL ZONE: L02-203_BRKRCOMLPTHP::Des Latent Cool Mass Flow [kg/s],THERMAL ZONE: L02-203_BRKRCOMLPTHP::Des Heat Load No DOAS [W],THERMAL ZONE: L02-203_BRKRCOMLPTHP::Des Sens Cool Load No DOAS [W],THERMAL ZONE: L02-203_BRKRCOMLPTHP::Des Latent Heat Load No DOAS [W],THERMAL ZONE: L02-203_BRKRCOMLPTHP::Des Latent Cool Load No DOAS [W],THERMAL ZONE: L02-203_BRKRCOMLPTHP:SEATTLE-KING COUNTY INTL AP-B ANN HTG 99.6% CONDNS DB:Heating Zone Temperature [C],THERMAL ZONE: L02-203_BRKRCOMLPTHP:SEATTLE-KING COUNTY INTL AP-B ANN HTG 99.6% CONDNS DB:Heating Zone Relative Humidity [%],THERMAL ZONE: L02-203_BRKRCOMLPTHP:SEATTLE-KING COUNTY INTL AP-B ANN CLG 1% CONDNS DB=>MWB:Cooling Zone Temperature [C],THERMAL ZONE: L02-203_BRKRCOMLPTHP:SEATTLE-KING COUNTY INTL AP-B ANN CLG 1% CONDNS DB=>MWB:Cooling Zone Relative Humidity [%],THERMAL ZONE: L02-204_FITNCOMLPTHP:SEATTLE-KING COUNTY INTL AP-B ANN HTG 99.6% CONDNS DB:Des Heat Load [W],THERMAL ZONE: L02-204_FITNCOMLPTHP:SEATTLE-KING COUNTY INTL AP-B ANN CLG 1% CONDNS DB=>MWB:Des Sens Cool Load [W],THERMAL ZONE: L02-204_FITNCOMLPTHP:SEATTLE-KING COUNTY INTL AP-B ANN HTG 99.6% CONDNS DB:Des Heat Mass Flow [kg/s],THERMAL ZONE: L02-204_FITNCOMLPTHP:SEATTLE-KING COUNTY INTL AP-B ANN CLG 1% CONDNS DB=>MWB:Des Cool Mass Flow [kg/s],THERMAL ZONE: L02-204_FITNCOMLPTHP::Des Latent Heat Load [W],THERMAL ZONE: L02-204_FITNCOMLPTHP::Des Latent Cool Load [W],THERMAL ZONE: L02-204_FITNCOMLPTHP::Des Latent Heat Mass Flow [kg/s],THERMAL ZONE: L02-204_FITNCOMLPTHP::Des Latent Cool Mass Flow [kg/s],THERMAL ZONE: L02-204_FITNCOMLPTHP::Des Heat Load No DOAS [W],THERMAL ZONE: L02-204_FITNCOMLPTHP::Des Sens Cool Load No DOAS [W],THERMAL ZONE: L02-204_FITNCOMLPTHP::Des Latent Heat Load No DOAS [W],THERMAL ZONE: L02-204_FITNCOMLPTHP::Des Latent Cool Load No DOAS [W],THERMAL ZONE: L02-204_FITNCOMLPTHP:SEATTLE-KING COUNTY INTL AP-B ANN HTG 99.6% CONDNS DB:Heating Zone Temperature [C],THERMAL ZONE: L02-204_FITNCOMLPTHP:SEATTLE-KING COUNTY INTL AP-B ANN HTG 99.6% CONDNS DB:Heating Zone Relative Humidity [%],THERMAL ZONE: L02-204_FITNCOMLPTHP:SEATTLE-KING COUNTY INTL AP-B ANN CLG 1% CONDNS DB=>MWB:Cooling Zone Temperature [C],THERMAL ZONE: L02-204_FITNCOMLPTHP:SEATTLE-KING COUNTY INTL AP-B ANN CLG 1% CONDNS DB=>MWB:Cooling Zone Relative Humidity [%],THERMAL ZONE: L02-206_MPRPCOMLPTHP:SEATTLE-KING COUNTY INTL AP-B ANN HTG 99.6% CONDNS DB:Des Heat Load [W],THERMAL ZONE: L02-206_MPRPCOMLPTHP:SEATTLE-KING COUNTY INTL AP-B ANN CLG 1% CONDNS DB=>MWB:Des Sens Cool Load [W],THERMAL ZONE: L02-206_MPRPCOMLPTHP:SEATTLE-KING COUNTY INTL AP-B ANN HTG 99.6% CONDNS DB:Des Heat Mass Flow [kg/s],THERMAL ZONE: L02-206_MPRPCOMLPTHP:SEATTLE-KING COUNTY INTL AP-B ANN CLG 1% CONDNS DB=>MWB:Des Cool Mass Flow [kg/s],THERMAL ZONE: L02-206_MPRPCOMLPTHP::Des Latent Heat Load [W],THERMAL ZONE: L02-206_MPRPCOMLPTHP::Des Latent Cool Load [W],THERMAL ZONE: L02-206_MPRPCOMLPTHP::Des Latent Heat Mass Flow [kg/s],THERMAL ZONE: L02-206_MPRPCOMLPTHP::Des Latent Cool Mass Flow [kg/s],THERMAL ZONE: L02-206_MPRPCOMLPTHP::Des Heat Load No DOAS [W],THERMAL ZONE: L02-206_MPRPCOMLPTHP::Des Sens Cool Load No DOAS [W],THERMAL ZONE: L02-206_MPRPCOMLPTHP::Des Latent Heat Load No DOAS [W],THERMAL ZONE: L02-206_MPRPCOMLPTHP::Des Latent Cool Load No DOAS [W],THERMAL ZONE: L02-206_MPRPCOMLPTHP:SEATTLE-KING COUNTY INTL AP-B ANN HTG 99.6% CONDNS DB:Heating Zone Temperature [C],THERMAL ZONE: L02-206_MPRPCOMLPTHP:SEATTLE-KING COUNTY INTL AP-B ANN HTG 99.6% CONDNS DB:Heating Zone Relative Humidity [%],THERMAL ZONE: L02-206_MPRPCOMLPTHP:SEATTLE-KING COUNTY INTL AP-B ANN CLG 1% CONDNS DB=>MWB:Cooling Zone Temperature [C],THERMAL ZONE: L02-206_MPRPCOMLPTHP:SEATTLE-KING COUNTY INTL AP-B ANN CLG 1% CONDNS DB=>MWB:Cooling Zone Relative Humidity [%],THERMAL ZONE: L02-209_ASTOCOMLPTHP:SEATTLE-KING COUNTY INTL AP-B ANN HTG 99.6% CONDNS DB:Des Heat Load [W],THERMAL ZONE: L02-209_ASTOCOMLPTHP:SEATTLE-KING COUNTY INTL AP-B ANN CLG 1% CONDNS DB=>MWB:Des Sens Cool Load [W],THERMAL ZONE: L02-209_ASTOCOMLPTHP:SEATTLE-KING COUNTY INTL AP-B ANN HTG 99.6% CONDNS DB:Des Heat Mass Flow [kg/s],THERMAL ZONE: L02-209_ASTOCOMLPTHP:SEATTLE-KING COUNTY INTL AP-B ANN CLG 1% CONDNS DB=>MWB:Des Cool Mass Flow [kg/s],THERMAL ZONE: L02-209_ASTOCOMLPTHP::Des Latent Heat Load [W],THERMAL ZONE: L02-209_ASTOCOMLPTHP::Des Latent Cool Load [W],THERMAL ZONE: L02-209_ASTOCOMLPTHP::Des Latent Heat Mass Flow [kg/s],THERMAL ZONE: L02-209_ASTOCOMLPTHP::Des Latent Cool Mass Flow [kg/s],THERMAL ZONE: L02-209_ASTOCOMLPTHP::Des Heat Load No DOAS [W],THERMAL ZONE: L02-209_ASTOCOMLPTHP::Des Sens Cool Load No DOAS [W],THERMAL ZONE: L02-209_ASTOCOMLPTHP::Des Latent Heat Load No DOAS [W],THERMAL ZONE: L02-209_ASTOCOMLPTHP::Des Latent Cool Load No DOAS [W],THERMAL ZONE: L02-209_ASTOCOMLPTHP:SEATTLE-KING COUNTY INTL AP-B ANN HTG 99.6% CONDNS DB:Heating Zone Temperature [C],THERMAL ZONE: L02-209_ASTOCOMLPTHP:SEATTLE-KING COUNTY INTL AP-B ANN HTG 99.6% CONDNS DB:Heating Zone Relative Humidity [%],THERMAL ZONE: L02-209_ASTOCOMLPTHP:SEATTLE-KING COUNTY INTL AP-B ANN CLG 1% CONDNS DB=>MWB:Cooling Zone Temperature [C],THERMAL ZONE: L02-209_ASTOCOMLPTHP:SEATTLE-KING COUNTY INTL AP-B ANN CLG 1% CONDNS DB=>MWB:Cooling Zone Relative Humidity [%],THERMAL ZONE: L02-214_ASTOCOMLPTHP:SEATTLE-KING COUNTY INTL AP-B ANN HTG 99.6% CONDNS DB:Des Heat Load [W],THERMAL ZONE: L02-214_ASTOCOMLPTHP:SEATTLE-KING COUNTY INTL AP-B ANN CLG 1% CONDNS DB=>MWB:Des Sens Cool Load [W],THERMAL ZONE: L02-214_ASTOCOMLPTHP:SEATTLE-KING COUNTY INTL AP-B ANN HTG 99.6% CONDNS DB:Des Heat Mass Flow [kg/s],THERMAL ZONE: L02-214_ASTOCOMLPTHP:SEATTLE-KING COUNTY INTL AP-B ANN CLG 1% CONDNS DB=>MWB:Des Cool Mass Flow [kg/s],THERMAL ZONE: L02-214_ASTOCOMLPTHP::Des Latent Heat Load [W],THERMAL ZONE: L02-214_ASTOCOMLPTHP::Des Latent Cool Load [W],THERMAL ZONE: L02-214_ASTOCOMLPTHP::Des Latent Heat Mass Flow [kg/s],THERMAL ZONE: L02-214_ASTOCOMLPTHP::Des Latent Cool Mass Flow [kg/s],THERMAL ZONE: L02-214_ASTOCOMLPTHP::Des Heat Load No DOAS [W],THERMAL ZONE: L02-214_ASTOCOMLPTHP::Des Sens Cool Load No DOAS [W],THERMAL ZONE: L02-214_ASTOCOMLPTHP::Des Latent Heat Load No DOAS [W],THERMAL ZONE: L02-214_ASTOCOMLPTHP::Des Latent Cool Load No DOAS [W],THERMAL ZONE: L02-214_ASTOCOMLPTHP:SEATTLE-KING COUNTY INTL AP-B ANN HTG 99.6% CONDNS DB:Heating Zone Temperature [C],THERMAL ZONE: L02-214_ASTOCOMLPTHP:SEATTLE-KING COUNTY INTL AP-B ANN HTG 99.6% CONDNS DB:Heating Zone Relative Humidity [%],THERMAL ZONE: L02-214_ASTOCOMLPTHP:SEATTLE-KING COUNTY INTL AP-B ANN CLG 1% CONDNS DB=>MWB:Cooling Zone Temperature [C],THERMAL ZONE: L02-214_ASTOCOMLPTHP:SEATTLE-KING COUNTY INTL AP-B ANN CLG 1% CONDNS DB=>MWB:Cooling Zone Relative Humidity [%],THERMAL ZONE: L02-216_MPRPCOMLPTHP:SEATTLE-KING COUNTY INTL AP-B ANN HTG 99.6% CONDNS DB:Des Heat Load [W],THERMAL ZONE: L02-216_MPRPCOMLPTHP:SEATTLE-KING COUNTY INTL AP-B ANN CLG 1% CONDNS DB=>MWB:Des Sens Cool Load [W],THERMAL ZONE: L02-216_MPRPCOMLPTHP:SEATTLE-KING COUNTY INTL AP-B ANN HTG 99.6% CONDNS DB:Des Heat Mass Flow [kg/s],THERMAL ZONE: L02-216_MPRPCOMLPTHP:SEATTLE-KING COUNTY INTL AP-B ANN CLG 1% CONDNS DB=>MWB:Des Cool Mass Flow [kg/s],THERMAL ZONE: L02-216_MPRPCOMLPTHP::Des Latent Heat Load [W],THERMAL ZONE: L02-216_MPRPCOMLPTHP::Des Latent Cool Load [W],THERMAL ZONE: L02-216_MPRPCOMLPTHP::Des Latent Heat Mass Flow [kg/s],THERMAL ZONE: L02-216_MPRPCOMLPTHP::Des Latent Cool Mass Flow [kg/s],THERMAL ZONE: L02-216_MPRPCOMLPTHP::Des Heat Load No DOAS [W],THERMAL ZONE: L02-216_MPRPCOMLPTHP::Des Sens Cool Load No DOAS [W],THERMAL ZONE: L02-216_MPRPCOMLPTHP::Des Latent Heat Load No DOAS [W],THERMAL ZONE: L02-216_MPRPCOMLPTHP::Des Latent Cool Load No DOAS [W],THERMAL ZONE: L02-216_MPRPCOMLPTHP:SEATTLE-KING COUNTY INTL AP-B ANN HTG 99.6% CONDNS DB:Heating Zone Temperature [C],THERMAL ZONE: L02-216_MPRPCOMLPTHP:SEATTLE-KING COUNTY INTL AP-B ANN HTG 99.6% CONDNS DB:Heating Zone Relative Humidity [%],THERMAL ZONE: L02-216_MPRPCOMLPTHP:SEATTLE-KING COUNTY INTL AP-B ANN CLG 1% CONDNS DB=>MWB:Cooling Zone Temperature [C],THERMAL ZONE: L02-216_MPRPCOMLPTHP:SEATTLE-KING COUNTY INTL AP-B ANN CLG 1% CONDNS DB=>MWB:Cooling Zone Relative Humidity [%],THERMAL ZONE: L02-218_MECHCOMLPTHP:SEATTLE-KING COUNTY INTL AP-B ANN HTG 99.6% CONDNS DB:Des Heat Load [W],THERMAL ZONE: L02-218_MECHCOMLPTHP:SEATTLE-KING COUNTY INTL AP-B ANN CLG 1% CONDNS DB=>MWB:Des Sens Cool Load [W],THERMAL ZONE: L02-218_MECHCOMLPTHP:SEATTLE-KING COUNTY INTL AP-B ANN HTG 99.6% CONDNS DB:Des Heat Mass Flow [kg/s],THERMAL ZONE: L02-218_MECHCOMLPTHP:SEATTLE-KING COUNTY INTL AP-B ANN CLG 1% CONDNS DB=>MWB:Des Cool Mass Flow [kg/s],THERMAL ZONE: L02-218_MECHCOMLPTHP::Des Latent Heat Load [W],THERMAL ZONE: L02-218_MECHCOMLPTHP::Des Latent Cool Load [W],THERMAL ZONE: L02-218_MECHCOMLPTHP::Des Latent Heat Mass Flow [kg/s],THERMAL ZONE: L02-218_MECHCOMLPTHP::Des Latent Cool Mass Flow [kg/s],THERMAL ZONE: L02-218_MECHCOMLPTHP::Des Heat Load No DOAS [W],THERMAL ZONE: L02-218_MECHCOMLPTHP::Des Sens Cool Load No DOAS [W],THERMAL ZONE: L02-218_MECHCOMLPTHP::Des Latent Heat Load No DOAS [W],THERMAL ZONE: L02-218_MECHCOMLPTHP::Des Latent Cool Load No DOAS [W],THERMAL ZONE: L02-218_MECHCOMLPTHP:SEATTLE-KING COUNTY INTL AP-B ANN HTG 99.6% CONDNS DB:Heating Zone Temperature [C],THERMAL ZONE: L02-218_MECHCOMLPTHP:SEATTLE-KING COUNTY INTL AP-B ANN HTG 99.6% CONDNS DB:Heating Zone Relative Humidity [%],THERMAL ZONE: L02-218_MECHCOMLPTHP:SEATTLE-KING COUNTY INTL AP-B ANN CLG 1% CONDNS DB=>MWB:Cooling Zone Temperature [C],THERMAL ZONE: L02-218_MECHCOMLPTHP:SEATTLE-KING COUNTY INTL AP-B ANN CLG 1% CONDNS DB=>MWB:Cooling Zone Relative Humidity [%]
00:15:00,3.344132E+03,1.616996E+03,2.951539E-01,1.425865E-01,0.000000E+00,0.000000E+00,0.000000E+00,0.000000E+00,0.000000E+00,0.000000E+00,0.000000E+00,0.000000E+00,1.890345E+01,5.813908E+01,2.499530E+01,4.622854E+01,3.940054E+03,2.029201E+03,3.477502E-01,1.789347E-01,0.000000E+00,0.000000E+00,0.000000E+00,0.000000E+00,0.000000E+00,0.000000E+00,0.000000E+00,0.000000E+00,1.973449E+01,5.529097E+01,2.465157E+01,5.221935E+01,5.585237E+02,3.231689E+02,4.929544E-02,2.849699E-02,0.000000E+00,0.000000E+00,0.000000E+00,0.000000E+00,0.000000E+00,0.000000E+00,0.000000E+00,0.000000E+00,1.931627E+01,5.659245E+01,2.508859E+01,4.589642E+01,6.667268E+02,8.137189E+02,5.884547E-02,7.175363E-02,0.000000E+00,0.000000E+00,0.000000E+00,0.000000E+00,0.000000E+00,0.000000E+00,0.000000E+00,0.000000E+00,1.936239E+01,5.617353E+01,2.621397E+01,5.476574E+01,4.066685E+03,3.699448E+03,3.589267E-01,3.262169E-01,0.000000E+00,0.000000E+00,0.000000E+00,0.000000E+00,0.000000E+00,0.000000E+00,0.000000E+00,0.000000E+00,1.933566E+01,5.645349E+01,2.565403E+01,8.248298E+01,1.537342E+03,1.189406E+03,1.356862E-01,1.048817E-01,0.000000E+00,0.000000E+00,0.000000E+00,0.000000E+00,0.000000E+00,0.000000E+00,0.000000E+00,0.000000E+00,1.942543E+01,5.592704E+01,2.534890E+01,4.953204E+01,6.029873E+02,2.797264E+02,5.321981E-02,2.466624E-02,0.000000E+00,0.000000E+00,0.000000E+00,0.000000E+00,0.000000E+00,0.000000E+00,0.000000E+00,0.000000E+00,1.984186E+01,5.473975E+01,2.453037E+01,4.850549E+01,7.973701E+02,2.587821E+02,7.037608E-02,2.281937E-02,0.000000E+00,0.000000E+00,0.000000E+00,0.000000E+00,0.000000E+00,0.000000E+00,0.000000E+00,0.000000E+00,1.946421E+01,5.565306E+01,2.447750E+01,4.860286E+01,9.744446E+02,8.985584E+02,8.600472E-02,7.923476E-02,0.000000E+00,0.000000E+00,0.000000E+00,0.000000E+00,0.000000E+00,0.000000E+00,0.000000E+00,0.000000E+00,1.904252E+01,5.690165E+01,2.599953E+01,4.912610E+01,4.838944E+01,8.531753E+01,4.270864E-03,7.523289E-03,0.000000E+00,0.000000E+00,0.000000E+00,0.000000E+00,0.000000E+00,0.000000E+00,0.000000E+00,0.000000E+00,2.048076E+01,5.327787E+01,2.501015E+01,4.412971E+01
00:30:00,2.257694E+03,1.066403E+03,1.992647E-01,9.403531E-02,0.000000E+00,0.000000E+00,0.000000E+00,0.000000E+00,0.000000E+00,0.000000E+00,0.000000E+00,0.000000E+00,1.632235E+01,6.803132E+01,2.590287E+01,4.431434E+01,2.626553E+03,1.333716E+03,2.318202E-01,1.176069E-01,0.000000E+00,0.000000E+00,0.000000E+00,0.000000E+00,0.000000E+00,0.000000E+00,0.000000E+00,0.000000E+00,1.812237E+01,6.093945E+01,2.532123E+01,5.116556E+01,3.723248E+02,2.135314E+02,3.286148E-02,1.882918E-02,0.000000E+00,0.000000E+00,0.000000E+00,0.000000E+00,0.000000E+00,0.000000E+00,0.000000E+00,0.000000E+00,1.746221E+01,6.319248E+01,2.598696E+01,4.404571E+01,4.444732E+02,5.394764E+02,3.922931E-02,4.757096E-02,0.000000E+00,0.000000E+00,0.000000E+00,0.000000E+00,0.000000E+00,0.000000E+00,0.000000E+00,0.000000E+00,1.761963E+01,6.214370E+01,2.792208E+01,5.381870E+01,2.711081E+03,2.454577E+03,2.392807E-01,2.164443E-01,0.000000E+00,0.000000E+00,0.000000E+00,0.000000E+00,0.000000E+00,0.000000E+00,0.000000E+00,0.000000E+00,1.705774E+01,6.476298E+01,2.732300E+01,8.315665E+01,1.024860E+03,7.874639E+02,9.045441E-02,6.943847E-02,0.000000E+00,0.000000E+00,0.000000E+00,0.000000E+00,0.000000E+00,0.000000E+00,0.000000E+00,0.000000E+00,1.775697E+01,6.157838E+01,2.647378E+01,4.785491E+01,4.019710E+02,1.841119E+02,3.547806E-02,1.623496E-02,0.000000E+00,0.000000E+00,0.000000E+00,0.000000E+00,0.000000E+00,0.000000E+00,0.000000E+00,0.000000E+00,1.843082E+01,5.950778E+01,2.507686E+01,4.739381E+01,5.315619E+02,1.690710E+02,4.691579E-02,1.490866E-02,0.000000E+00,0.000000E+00,0.000000E+00,0.000000E+00,0.000000E+00,0.000000E+00,0.000000E+00,0.000000E+00,1.770661E+01,6.158277E+01,2.496137E+01,4.764609E+01,6.495909E+02,5.931594E+02,5.733306E-02,5.230472E-02,0.000000E+00,0.000000E+00,0.000000E+00,0.000000E+00,0.000000E+00,0.000000E+00,0.000000E+00,0.000000E+00,1.703611E+01,6.369067E+01,2.752845E+01,4.721621E+01,3.225210E+01,5.651831E+01,2.846578E-03,4.983777E-03,0.000000E+00,0.000000E+00,0.000000E+00,0.000000E+00,0.000000E+00,0.000000E+00,0.000000E+00,0.000000E+00,1.993228E+01,5.511610E+01,2.574931E+01,4.246139E+01
00:45:00,1.284463E+03,5.275945E+02,1.133670E-01,4.652322E-02,0.000000E+00,0.000000E+00,0.000000E+00,0.000000E+00,0.000000E+00,0.000000E+00,0.000000E+00,0.000000E+00,1.566940E+01,7.073210E+01,2.645585E+01,4.335117E+01,1.313205E+03,6.577301E+02,1.159038E-01,5.799856E-02,0.000000E+00,0.000000E+00,0.000000E+00,0.000000E+00,0.000000E+00,0.000000E+00,0.000000E+00,0.000000E+00,1.754365E+01,6.308002E+01,2.573355E+01,5.082835E+01,1.861507E+02,1.058367E+02,1.642970E-02,9.332670E-03,0.000000E+00,0.000000E+00,0.000000E+00,0.000000E+00,0.000000E+00,0.000000E+00,0.000000E+00,0.000000E+00,1.684781E+01,6.547820E+01,2.645994E+01,4.331433E+01,2.222312E+02,2.683001E+02,1.961418E-02,2.365867E-02,0.000000E+00,0.000000E+00,0.000000E+00,0.000000E+00,0.000000E+00,0.000000E+00,0.000000E+00,0.000000E+00,1.702419E+01,6.423004E+01,2.882898E+01,5.481646E+01,1.398528E+03,1.221573E+03,1.234344E-01,1.077181E-01,0.000000E+00,0.000000E+00,0.000000E+00,0.000000E+00,0.000000E+00,0.000000E+00,0.000000E+00,0.000000E+00,1.617252E+01,6.829072E+01,2.841052E+01,8.536960E+01,5.124137E+02,3.910828E+02,4.522576E-02,3.448563E-02,0.000000E+00,0.000000E+00,0.000000E+00,0.000000E+00,0.000000E+00,0.000000E+00,0.000000E+00,0.000000E+00,1.718919E+01,6.353168E+01,2.708044E+01,4.753189E+01,2.009758E+02,9.091484E+01,1.773818E-02,8.016859E-03,0.000000E+00,0.000000E+00,0.000000E+00,0.000000E+00,0.000000E+00,0.000000E+00,0.000000E+00,0.000000E+00,1.793283E+01,6.124391E+01,2.541628E+01,4.685232E+01,2.657724E+02,8.289290E+01,2.345714E-02,7.309486E-03,0.000000E+00,0.000000E+00,0.000000E+00,0.000000E+00,0.000000E+00,0.000000E+00,0.000000E+00,0.000000E+00,1.709136E+01,6.370679E+01,2.525192E+01,4.721723E+01,3.247767E+02,2.938056E+02,2.866487E-02,2.590774E-02,0.000000E+00,0.000000E+00,0.000000E+00,0.000000E+00,0.000000E+00,0.000000E+00,0.000000E+00,0.000000E+00,1.637727E+01,6.591177E+01,2.831716E+01,4.712886E+01,1.612243E+01,2.808478E+01,1.422970E-03,2.476512E-03,0.000000E+00,0.000000E+00,0.000000E+00,0.000000E+00,0.000000E+00,0.000000E+00,0.000000E+00,0.000000E+00,1.976613E+01,5.568694E+01,2.608605E+01,4.183340E+01
01:00:00,3.880058E+02,0.000000E+00,3.424549E-02,0.000000E+00,0.000000E+00,0.000000E+00,0.000000E+00,0.000000E+00,0.000000E+00,0.000000E+00,0.000000E+00,0.000000E+00,1.555659E+01,7.112051E+01,2.682146E+01,4.286812E+01,0.000000E+00,0.000000E+00,0.000000E+00,0.000000E+00,0.000000E+00,0.000000E+00,0.000000E+00,0.000000E+00,0.000000E+00,0.000000E+00,0.000000E+00,0.000000E+00,1.719113E+01,6.439563E+01,2.600928E+01,5.087094E+01,0.000000E+00,0.000000E+00,0.000000E+00,0.000000E+00,0.000000E+00,0.000000E+00,0.000000E+00,0.000000E+00,0.000000E+00,0.000000E+00,0.000000E+00,0.000000E+00,1.649851E+01,6.675647E+01,2.675188E+01,4.303775E+01,0.000000E+00,2.764761E+01,0.000000E+00,2.437963E-03,0.000000E+00,0.000000E+00,0.000000E+00,0.000000E+00,0.000000E+00,0.000000E+00,0.000000E+00,0.000000E+00,1.666310E+01,6.546105E+01,2.931680E+01,5.656438E+01,3.459526E+02,1.947720E+02,3.053387E-02,1.717497E-02,0.000000E+00,0.000000E+00,0.000000E+00,0.000000E+00,0.000000E+00,0.000000E+00,0.000000E+00,0.000000E+00,1.571787E+01,7.013720E+01,2.913031E+01,8.832474E+01,0.000000E+00,0.000000E+00,0.000000E+00,0.000000E+00,0.000000E+00,0.000000E+00,0.000000E+00,0.000000E+00,0.000000E+00,0.000000E+00,0.000000E+00,0.000000E+00,1.684509E+01,6.467739E+01,2.746143E+01,4.776927E+01,0.000000E+00,0.000000E+00,0.000000E+00,0.000000E+00,0.000000E+00,0.000000E+00,0.000000E+00,0.000000E+00,0.000000E+00,0.000000E+00,0.000000E+00,0.000000E+00,1.762699E+01,6.230163E+01,2.564655E+01,4.660720E+01,0.000000E+00,0.000000E+00,0.000000E+00,0.000000E+00,0.000000E+00,0.000000E+00,0.000000E+00,0.000000E+00,0.000000E+00,0.000000E+00,0.000000E+00,0.000000E+00,1.670924E+01,6.499498E+01,2.544351E+01,4.705532E+01,2.670420E+00,0.000000E+00,2.356919E-04,0.000000E+00,0.000000E+00,0.000000E+00,0.000000E+00,0.000000E+00,0.000000E+00,0.000000E+00,0.000000E+00,0.000000E+00,1.598883E+01,6.713284E+01,2.880166E+01,4.773032E+01,0.000000E+00,0.000000E+00,0.000000E+00,0.000000E+00,0.000000E+00,0.000000E+00,0.000000E+00,0.000000E+00,0.000000E+00,0.000000E+00,0.000000E+00,0.000000E+00,1.967694E+01,5.599614E+01,2.627802E+01,4.156567E+01
01:15:00,6.222994E+02,0.000000E+00,5.492430E-02,0.000000E+00,0.000000E+00,0.000000E+00,0.000000E+00,0.000000E+00,0.000000E+00,0.000000E+00,0.000000E+00,0.000000E+00,1.555545E+01,7.095652E+01,2.708268E+01,4.267847E+01,0.000000E+00,0.000000E+00,0.000000E+00,0.000000E+00,0.000000E+00,0.000000E+00,0.000000E+00,0.000000E+00,0.000000E+00,0.000000E+00,0.000000E+00,0.000000E+00,1.671479E+01,6.617644E+01,2.621507E+01,5.117231E+01,0.000000E+00,0.000000E+00,0.000000E+00,0.000000E+00,0.000000E+00,0.000000E+00,0.000000E+00,0.000000E+00,0.000000E+00,0.000000E+00,0.000000E+00,0.000000E+00,1.603694E+01,6.839995E+01,2.696247E+01,4.299533E+01,0.000000E+00,8.876516E+01,0.000000E+00,7.827301E-03,0.000000E+00,0.000000E+00,0.000000E+00,0.000000E+00,0.000000E+00,0.000000E+00,0.000000E+00,0.000000E+00,1.616517E+01,6.709860E+01,2.943906E+01,5.851180E+01,7.495111E+02,5.890777E+02,6.615204E-02,5.194480E-02,0.000000E+00,0.000000E+00,0.000000E+00,0.000000E+00,0.000000E+00,0.000000E+00,0.000000E+00,0.000000E+00,1.555709E+01,7.069828E+01,2.939503E+01,9.133627E+01,0.000000E+00,0.000000E+00,0.000000E+00,0.000000E+00,0.000000E+00,0.000000E+00,0.000000E+00,0.000000E+00,0.000000E+00,0.000000E+00,0.000000E+00,0.000000E+00,1.637250E+01,6.618510E+01,2.774390E+01,4.833409E+01,0.000000E+00,0.000000E+00,0.000000E+00,0.000000E+00,0.000000E+00,0.000000E+00,0.000000E+00,0.000000E+00,0.000000E+00,0.000000E+00,0.000000E+00,0.000000E+00,1.720624E+01,6.373554E+01,2.582002E+01,4.654456E+01,0.000000E+00,0.000000E+00,0.000000E+00,0.000000E+00,0.000000E+00,0.000000E+00,0.000000E+00,0.000000E+00,0.000000E+00,0.000000E+00,0.000000E+00,0.000000E+00,1.617635E+01,6.673475E+01,2.558194E+01,4.706344E+01,4.518679E+01,3.201172E+00,3.988197E-03,2.822789E-04,0.000000E+00,0.000000E+00,0.000000E+00,0.000000E+00,0.000000E+00,0.000000E+00,0.000000E+00,0.000000E+00,1.562012E+01,6.805051E+01,2.915466E+01,4.874000E+01,0.000000E+00,0.000000E+00,0.000000E+00,0.000000E+00,0.000000E+00,0.000000E+00,0.000000E+00,0.000000E+00,0.000000E+00,0.000000E+00,0.000000E+00,0.000000E+00,1.956015E+01,5.640392E+01,2.641891E+01,4.143943E+01
01:30:00,8.525614E+02,0.000000E+00,7.524728E-02,0.000000E+00,0.000000E+00,0.000000E+00,0.000000E+00,0.000000E+00,0.000000E+00,0.000000E+00,0.000000E+00,0.000000E+00,1.555541E+01,7.079666E+01,2.730326E+01,4.273646E+01,0.000000E+00,0.000000E+00,0.000000E+00,0.000000E+00,0.000000E+00,0.000000E+00,0.000000E+00,0.000000E+00,0.000000E+00,0.000000E+00,0.000000E+00,0.000000E+00,1.629394E+01,6.773012E+01,2.640166E+01,5.181797E+01,1.334357E+01,0.000000E+00,1.177707E-03,0.000000E+00,0.000000E+00,0.000000E+00,0.000000E+00,0.000000E+00,0.000000E+00,0.000000E+00,0.000000E+00,0.000000E+00,1.566329E+01,6.963069E+01,2.715355E+01,4.315442E+01,1.229032E+01,1.626522E+02,1.084746E-03,1.434265E-02,0.000000E+00,0.000000E+00,0.000000E+00,0.000000E+00,0.000000E+00,0.000000E+00,0.000000E+00,0.000000E+00,1.571398E+01,6.847568E+01,2.944021E+01,6.038264E+01,1.261247E+03,1.025338E+03,1.113180E-01,9.041416E-02,0.000000E+00,0.000000E+00,0.000000E+00,0.000000E+00,0.000000E+00,0.000000E+00,0.000000E+00,0.000000E+00,1.555539E+01,7.061461E+01,2.943379E+01,9.434745E+01,0.000000E+00,0.000000E+00,0.000000E+00,0.000000E+00,0.000000E+00,0.000000E+00,0.000000E+00,0.000000E+00,0.000000E+00,0.000000E+00,0.000000E+00,0.000000E+00,1.594812E+01,6.742418E+01,2.800340E+01,4.936069E+01,0.000000E+00,0.000000E+00,0.000000E+00,0.000000E+00,0.000000E+00,0.000000E+00,0.000000E+00,0.000000E+00,0.000000E+00,0.000000E+00,0.000000E+00,0.000000E+00,1.682763E+01,6.497915E+01,2.597856E+01,4.665497E+01,1.815604E+01,0.000000E+00,1.602457E-03,0.000000E+00,0.000000E+00,0.000000E+00,0.000000E+00,0.000000E+00,0.000000E+00,0.000000E+00,0.000000E+00,0.000000E+00,1.570611E+01,6.815014E+01,2.570228E+01,4.724423E+01,1.106960E+02,3.544107E+01,9.770060E-03,3.125189E-03,0.000000E+00,0.000000E+00,0.000000E+00,0.000000E+00,0.000000E+00,0.000000E+00,0.000000E+00,0.000000E+00,1.555607E+01,6.779159E+01,2.944376E+01,5.040080E+01,0.000000E+00,0.000000E+00,0.000000E+00,0.000000E+00,0.000000E+00,0.000000E+00,0.000000E+00,0.000000E+00,0.000000E+00,0.000000E+00,0.000000E+00,0.000000E+00,1.945200E+01,5.678448E+01,2.654919E+01,4.141165E+01
01:45:00,9.881977E+02,0.000000E+00,8.721857E-02,0.000000E+00,0.000000E+00,0.000000E+00,0.000000E+00,0.000000E+00,0.000000E+00,0.000000E+00,0.000000E+00,0.000000E+00,1.555538E+01,7.069030E+01,2.739727E+01,4.303454E+01,0.000000E+00,0.000000E+00,0.000000E+00,0.000000E+00,0.000000E+00,0.000000E+00,0.000000E+00,0.000000E+00,0.000000E+00,0.000000E+00,0.000000E+00,0.000000E+00,1.596172E+01,6.893506E+01,2.650500E+01,5.256824E+01,3.968187E+01,0.000000E+00,3.502332E-03,0.000000E+00,0.000000E+00,0.000000E+00,0.000000E+00,0.000000E+00,0.000000E+00,0.000000E+00,0.000000E+00,0.000000E+00,1.555579E+01,6.979213E+01,2.727714E+01,4.340261E+01,3.979488E+01,2.537738E+02,3.512306E-03,2.237774E-02,0.000000E+00,0.000000E+00,0.000000E+00,0.000000E+00,0.000000E+00,0.000000E+00,0.000000E+00,0.000000E+00,1.555649E+01,6.871043E+01,2.943577E+01,6.085074E+01,1.806279E+03,1.534275E+03,1.594227E-01,1.352921E-01,0.000000E+00,0.000000E+00,0.000000E+00,0.000000E+00,0.000000E+00,0.000000E+00,0.000000E+00,0.000000E+00,1.555533E+01,7.061152E+01,2.942367E+01,9.542881E+01,3.944298E+01,0.000000E+00,3.481248E-03,0.000000E+00,0.000000E+00,0.000000E+00,0.000000E+00,0.000000E+00,0.000000E+00,0.000000E+00,0.000000E+00,0.000000E+00,1.564159E+01,6.820117E+01,2.817552E+01,5.039133E+01,0.000000E+00,0.000000E+00,0.000000E+00,0.000000E+00,0.000000E+00,0.000000E+00,0.000000E+00,0.000000E+00,0.000000E+00,0.000000E+00,0.000000E+00,0.000000E+00,1.652383E+01,6.593765E+01,2.606716E+01,4.689178E+01,5.349022E+01,0.000000E+00,4.721060E-03,0.000000E+00,0.000000E+00,0.000000E+00,0.000000E+00,0.000000E+00,0.000000E+00,0.000000E+00,0.000000E+00,0.000000E+00,1.555559E+01,6.833026E+01,2.576169E+01,4.752845E+01,1.960036E+02,8.161624E+01,1.729932E-02,7.196909E-03,0.000000E+00,0.000000E+00,0.000000E+00,0.000000E+00,0.000000E+00,0.000000E+00,0.000000E+00,0.000000E+00,1.555517E+01,6.759821E+01,2.944250E+01,5.179741E+01,0.000000E+00,0.000000E+00,0.000000E+00,0.000000E+00,0.000000E+00,0.000000E+00,0.000000E+00,0.000000E+00,0.000000E+00,0.000000E+00,0.000000E+00,0.000000E+00,1.935202E+01,5.713889E+01,2.665063E+01,4.142262E+01
02:00:00,1.067772E+03,0.000000E+00,9.424182E-02,0.000000E+00,0.000000E+00,0.000000E+00,0.000000E+00,0.000000E+00,0.000000E+00,0.000000E+00,0.000000E+00,0.000000E+00,1.555537E+01,7.062837E+01,2.749421E+01,4.362297E+01,5.603801E+01,0.000000E+00,4.945929E-03,0.000000E+00,0.000000E+00,0.000000E+00,0.000000E+00,0.000000E+00,0.000000E+00,0.000000E+00,0.000000E+00,0.000000E+00,1.570230E+01,6.987127E+01,2.662963E+01,5.385060E+01,7.683260E+01,0.000000E+00,6.781265E-03,0.000000E+00,0.000000E+00,0.000000E+00,0.000000E+00,0.000000E+00,0.000000E+00,0.000000E+00,0.000000E+00,0.000000E+00,1.555543E+01,6.962694E+01,2.743415E+01,4.387609E+01,8.119529E+01,3.284692E+02,7.166316E-03,2.896438E-02,0.000000E+00,0.000000E+00,0.000000E+00,0.000000E+00,0.000000E+00,0.000000E+00,0.000000E+00,0.000000E+00,1.555540E+01,6.846649E+01,2.943321E+01,6.085311E+01,2.154570E+03,1.894823E+03,1.901629E-01,1.670852E-01,0.000000E+00,0.000000E+00,0.000000E+00,0.000000E+00,0.000000E+00,0.000000E+00,0.000000E+00,0.000000E+00,1.555531E+01,7.065412E+01,2.941898E+01,9.609724E+01,1.193613E+02,0.000000E+00,1.053486E-02,0.000000E+00,0.000000E+00,0.000000E+00,0.000000E+00,0.000000E+00,0.000000E+00,0.000000E+00,0.000000E+00,0.000000E+00,1.555546E+01,6.819784E+01,2.839279E+01,5.210841E+01,0.000000E+00,0.000000E+00,0.000000E+00,0.000000E+00,0.000000E+00,0.000000E+00,0.000000E+00,0.000000E+00,0.000000E+00,0.000000E+00,0.000000E+00,0.000000E+00,1.628531E+01,6.667592E+01,2.617465E+01,4.734676E+01,1.049076E+02,0.000000E+00,9.259174E-03,0.000000E+00,0.000000E+00,0.000000E+00,0.000000E+00,0.000000E+00,0.000000E+00,0.000000E+00,0.000000E+00,0.000000E+00,1.555538E+01,6.806489E+01,2.582924E+01,4.803914E+01,2.938582E+02,1.419005E+02,2.593599E-02,1.251277E-02,0.000000E+00,0.000000E+00,0.000000E+00,0.000000E+00,0.000000E+00,0.000000E+00,0.000000E+00,0.000000E+00,1.555510E+01,6.763291E+01,2.944138E+01,5.342349E+01,0.000000E+00,0.000000E+00,0.000000E+00,0.000000E+00,0.000000E+00,0.000000E+00,0.000000E+00,0.000000E+00,0.000000E+00,0.000000E+00,0.000000E+00,0.000000E+00,1.926766E+01,5.743986E+01,2.678520E+01,4.150161E+01
02:15:00,1.149448E+03,0.000000E+00,1.014506E-01,0.000000E+00,0.000000E+00,0.000000E+00,0.000000E+00,0.000000E+00,0.000000E+00,0.000000E+00,0.000000E+00,0.000000E+00,1.555523E+01,7.060351E+01,2.754907E+01,4.433242E+01,2.686364E+02,0.000000E+00,2.370991E-02,0.000000E+00,0.000000E+00,0.000000E+00,0.000000E+00,0.000000E+00,0.000000E+00,0.000000E+00,0.000000E+00,0.000000E+00,1.555653E+01,7.036465E+01,2.672692E+01,5.525057E+01,1.244025E+02,0.000000E+00,1.097979E-02,0.000000E+00,0.000000E+00,0.000000E+00,0.000000E+00,0.000000E+00,0.000000E+00,0.000000E+00,0.000000E+00,0.000000E+00,1.555528E+01,6.958386E+01,2.757036E+01,4.441209E+01,1.372193E+02,3.788261E+02,1.211101E-02,3.340483E-02,0.000000E+00,0.000000E+00,0.000000E+00,0.000000E+00,0.000000E+00,0.000000E+00,0.000000E+00,0.000000E+00,1.555519E+01,6.839407E+01,2.943153E+01,5.996460E+01,2.454110E+03,2.086472E+03,2.166004E-01,1.839849E-01,0.000000E+00,0.000000E+00,0.000000E+00,0.000000E+00,0.000000E+00,0.000000E+00,0.000000E+00,0.000000E+00,1.555514E+01,7.072184E+01,2.941588E+01,9.549758E+01,2.205077E+02,0.000000E+00,1.946206E-02,0.000000E+00,0.000000E+00,0.000000E+00,0.000000E+00,0.000000E+00,0.000000E+00,0.000000E+00,0.000000E+00,0.000000E+00,1.555525E+01,6.803198E+01,2.858054E+01,5.390650E+01,0.000000E+00,0.000000E+00,0.000000E+00,0.000000E+00,0.000000E+00,0.000000E+00,0.000000E+00,0.000000E+00,0.000000E+00,0.000000E+00,0.000000E+00,0.000000E+00,1.607862E+01,6.732775E+01,2.625914E+01,4.788006E+01,1.744935E+02,0.000000E+00,1.540084E-02,0.000000E+00,0.000000E+00,0.000000E+00,0.000000E+00,0.000000E+00,0.000000E+00,0.000000E+00,0.000000E+00,0.000000E+00,1.555518E+01,6.797296E+01,2.587692E+01,4.861323E+01,3.631867E+02,2.111048E+02,3.205495E-02,1.861519E-02,0.000000E+00,0.000000E+00,0.000000E+00,0.000000E+00,0.000000E+00,0.000000E+00,0.000000E+00,0.000000E+00,1.555473E+01,6.780087E+01,2.944004E+01,5.420017E+01,0.000000E+00,0.000000E+00,0.000000E+00,0.000000E+00,0.000000E+00,0.000000E+00,0.000000E+00,0.000000E+00,0.000000E+00,0.000000E+00,0.000000E+00,0.000000E+00,1.918746E+01,5.772767E+01,2.691112E+01,4.161449E+01
02:30:00,1.223646E+03,0.000000E+00,1.079993E-01,0.000000E+00,0.000000E+00,0.000000E+00,0.000000E+00,0.000000E+00,0.000000E+00,0.000000E+00,0.000000E+00,0.000000E+00,1.555521E+01,7.059314E+01,2.758572E+01,4.507319E+01,5.018680E+02,0.000000E+00,4.429500E-02,0.000000E+00,0.000000E+00,0.000000E+00,0.000000E+00,0.000000E+00,0.000000E+00,0.000000E+00,0.000000E+00,0.000000E+00,1.555545E+01,7.023523E+01,2.681158E+01,5.666287E+01,1.651695E+02,0.000000E+00,1.457790E-02,0.000000E+00,0.000000E+00,0.000000E+00,0.000000E+00,0.000000E+00,0.000000E+00,0.000000E+00,0.000000E+00,0.000000E+00,1.555518E+01,6.961964E+01,2.769598E+01,4.495246E+01,1.893465E+02,4.240182E+02,1.671177E-02,3.738987E-02,0.000000E+00,0.000000E+00,0.000000E+00,0.000000E+00,0.000000E+00,0.000000E+00,0.000000E+00,0.000000E+00,1.555504E+01,6.843810E+01,2.943056E+01,5.857090E+01,2.688268E+03,2.260181E+03,2.372672E-01,1.993025E-01,0.000000E+00,0.000000E+00,0.000000E+00,0.000000E+00,0.000000E+00,0.000000E+00,0.000000E+00,0.000000E+00,1.555512E+01,7.082436E+01,2.941419E+01,9.410057E+01,3.495650E+02,0.000000E+00,3.085270E-02,0.000000E+00,0.000000E+00,0.000000E+00,0.000000E+00,0.000000E+00,0.000000E+00,0.000000E+00,0.000000E+00,0.000000E+00,1.555515E+01,6.796576E+01,2.875313E+01,5.565923E+01,5.818667E-01,0.000000E+00,5.135570E-05,0.000000E+00,0.000000E+00,0.000000E+00,0.000000E+00,0.000000E+00,0.000000E+00,0.000000E+00,0.000000E+00,0.000000E+00,1.580949E+01,6.818157E+01,2.633308E+01,4.842959E+01,2.372616E+02,0.000000E+00,2.094076E-02,0.000000E+00,0.000000E+00,0.000000E+00,0.000000E+00,0.000000E+00,0.000000E+00,0.000000E+00,0.000000E+00,0.000000E+00,1.555503E+01,6.799171E+01,2.591559E+01,4.919407E+01,4.195277E+02,2.604711E+02,3.702762E-02,2.296831E-02,0.000000E+00,0.000000E+00,0.000000E+00,0.000000E+00,0.000000E+00,0.000000E+00,0.000000E+00,0.000000E+00,1.555461E+01,6.808806E+01,2.943888E+01,5.419225E+01,0.000000E+00,0.000000E+00,0.000000E+00,0.000000E+00,0.000000E+00,0.000000E+00,0.000000E+00,0.000000E+00,0.000000E+00,0.000000E+00,0.000000E+00,0.000000E+00,1.907970E+01,5.811689E+01,2.703277E+01,4.173553E+01
02:45:00,1.296144E+03,0.000000E+00,1.143980E-01,0.000000E+00,0.000000E+00,0.000000E+00,0.000000E+00,0.000000E+00,0.000000E+00,0.000000E+00,0.000000E+00,0.000000E+00,1.555519E+01,7.060636E+01,2.761702E+01,4.580641E+01,8.131031E+02,0.000000E+00,7.176468E-02,0.000000E+00,0.000000E+00,0.000000E+00,0.000000E+00,0.000000E+00,0.000000E+00,0.000000E+00,0.000000E+00,0.000000E+00,1.555540E+01,7.016699E+01,2.689244E+01,5.804691E+01,1.989214E+02,0.000000E+00,1.755685E-02,0.000000E+00,0.000000E+00,0.000000E+00,0.000000E+00,0.000000E+00,0.000000E+00,0.000000E+00,0.000000E+00,0.000000E+00,1.555511E+01,6.973102E+01,2.781729E+01,4.547486E+01,2.343968E+02,4.583939E+02,2.068792E-02,4.042111E-02,0.000000E+00,0.000000E+00,0.000000E+00,0.000000E+00,0.000000E+00,0.000000E+00,0.000000E+00,0.000000E+00,1.555494E+01,6.859862E+01,2.943014E+01,5.702429E+01,2.881968E+03,2.380150E+03,2.543632E-01,2.098813E-01,0.000000E+00,0.000000E+00,0.000000E+00,0.000000E+00,0.000000E+00,0.000000E+00,0.000000E+00,0.000000E+00,1.555512E+01,7.093073E+01,2.941334E+01,9.235254E+01,4.600177E+02,0.000000E+00,4.060128E-02,0.000000E+00,0.000000E+00,0.000000E+00,0.000000E+00,0.000000E+00,0.000000E+00,0.000000E+00,0.000000E+00,0.000000E+00,1.555501E+01,6.806215E+01,2.891969E+01,5.732470E+01,2.993921E+01,0.000000E+00,2.642443E-03,0.000000E+00,0.000000E+00,0.000000E+00,0.000000E+00,0.000000E+00,0.000000E+00,0.000000E+00,0.000000E+00,0.000000E+00,1.555566E+01,6.898460E+01,2.640427E+01,4.896775E+01,2.912737E+02,0.000000E+00,2.570789E-02,0.000000E+00,0.000000E+00,0.000000E+00,0.000000E+00,0.000000E+00,0.000000E+00,0.000000E+00,0.000000E+00,0.000000E+00,1.555493E+01,6.813659E+01,2.595127E+01,4.975938E+01,4.670960E+02,3.035852E+02,4.122601E-02,2.677011E-02,0.000000E+00,0.000000E+00,0.000000E+00,0.000000E+00,0.000000E+00,0.000000E+00,0.000000E+00,0.000000E+00,1.555458E+01,6.840476E+01,2.943809E+01,5.364286E+01,0.000000E+00,0.000000E+00,0.000000E+00,0.000000E+00,0.000000E+00,0.000000E+00,0.000000E+00,0.000000E+00,0.000000E+00,0.000000E+00,0.000000E+00,0.000000E+00,1.897130E+01,5.851144E+01,2.715410E+01,4.185175E+01
03:00:00,1.363537E+03,0.000000E+00,1.203462E-01,0.000000E+00,0.000000E+00,0.000000E+00,0.000000E+00,0.000000E+00,0.000000E+00,0.000000E+00,0.000000E+00,0.000000E+00,1.555518E+01,7.063690E+01,2.764548E+01,4.652752E+01,1.118444E+03,0.000000E+00,9.871412E-02,0.000000E+00,0.000000E+00,0.000000E+00,0.000000E+00,0.000000E+00,0.000000E+00,0.000000E+00,0.000000E+00,0.000000E+00,1.555534E+01,7.016177E+01,2.697122E+01,5.940066E+01,2.284431E+02,0.000000E+00,2.016245E-02,0.000000E+00,0.000000E+00,0.000000E+00,0.000000E+00,0.000000E+00,0.000000E+00,0.000000E+00,0.000000E+00,0.000000E+00,1.555507E+01,6.988443E+01,2.793489E+01,4.598010E+01,2.747200E+02,4.870153E+02,2.424685E-02,4.294494E-02,0.000000E+00,0.000000E+00,0.000000E+00,0.000000E+00,0.000000E+00,0.000000E+00,0.000000E+00,0.000000E+00,1.555491E+01,6.882615E+01,2.943007E+01,5.554863E+01,3.042802E+03,2.469204E+03,2.685584E-01,2.177341E-01,0.000000E+00,0.000000E+00,0.000000E+00,0.000000E+00,0.000000E+00,0.000000E+00,0.000000E+00,0.000000E+00,1.555512E+01,7.103134E+01,2.941305E+01,9.055064E+01,5.479761E+02,0.000000E+00,4.836451E-02,0.000000E+00,0.000000E+00,0.000000E+00,0.000000E+00,0.000000E+00,0.000000E+00,0.000000E+00,0.000000E+00,0.000000E+00,1.555494E+01,6.826888E+01,2.908133E+01,5.890839E+01,5.944035E+01,0.000000E+00,5.246220E-03,0.000000E+00,0.000000E+00,0.000000E+00,0.000000E+00,0.000000E+00,0.000000E+00,0.000000E+00,0.000000E+00,0.000000E+00,1.555538E+01,6.880656E+01,2.647432E+01,4.949149E+01,3.386136E+02,0.000000E+00,2.988612E-02,0.000000E+00,0.000000E+00,0.000000E+00,0.000000E+00,0.000000E+00,0.000000E+00,0.000000E+00,0.000000E+00,0.000000E+00,1.555486E+01,6.835092E+01,2.598514E+01,5.030772E+01,5.095700E+02,3.390579E+02,4.497478E-02,2.989809E-02,0.000000E+00,0.000000E+00,0.000000E+00,0.000000E+00,0.000000E+00,0.000000E+00,0.000000E+00,0.000000E+00,1.555460E+01,6.872451E+01,2.943760E+01,5.279570E+01,0.000000E+00,0.000000E+00,0.000000E+00,0.000000E+00,0.000000E+00,0.000000E+00,0.000000E+00,0.000000E+00,0.000000E+00,0.000000E+00,0.000000E+00,0.000000E+00,1.886289E+01,5.890900E+01,2.727525E+01,4.196347E+01
03:15:00,1.425803E+03,0.000000E+00,1.258417E-01,0.000000E+00,0.000000E+00,0.000000E+00,0.000000E+00,0.000000E+00,0.000000E+00,0.000000E+00,0.000000E+00,0.000000E+00,1.555517E+01,7.067913E+01,2.767001E+01,4.724235E+01,1.309431E+03,0.000000E+00,1.155707E-01,0.000000E+00,0.000000E+00,0.000000E+00,0.000000E+00,0.000000E+00,0.000000E+00,0.000000E+00,0.000000E+00,0.000000E+00,1.555530E+01,7.020535E+01,2.704706E+01,6.073231E+01,2.540269E+02,0.000000E+00,2.242048E-02,0.000000E+00,0.000000E+00,0.000000E+00,0.000000E+00,0.000000E+00,0.000000E+00,0.000000E+00,0.000000E+00,0.000000E+00,1.555507E+01,7.006198E+01,2.804791E+01,4.647373E+01,3.089550E+02,5.111798E+02,2.726845E-02,4.507577E-02,0.000000E+00,0.000000E+00,0.000000E+00,0.000000E+00,0.000000E+00,0.000000E+00,0.000000E+00,0.000000E+00,1.555490E+01,6.909437E+01,2.943018E+01,5.424730E+01,3.177667E+03,2.540176E+03,2.804617E-01,2.239924E-01,0.000000E+00,0.000000E+00,0.000000E+00,0.000000E+00,0.000000E+00,0.000000E+00,0.000000E+00,0.000000E+00,1.555514E+01,7.112146E+01,2.941306E+01,8.884925E+01,6.312143E+02,0.000000E+00,5.571114E-02,0.000000E+00,0.000000E+00,0.000000E+00,0.000000E+00,0.000000E+00,0.000000E+00,0.000000E+00,0.000000E+00,0.000000E+00,1.555488E+01,6.853719E+01,2.923713E+01,6.042425E+01,1.018810E+02,0.000000E+00,8.992046E-03,0.000000E+00,0.000000E+00,0.000000E+00,0.000000E+00,0.000000E+00,0.000000E+00,0.000000E+00,0.000000E+00,0.000000E+00,1.555536E+01,6.871677E+01,2.654253E+01,5.000514E+01,3.766825E+02,0.000000E+00,3.324609E-02,0.000000E+00,0.000000E+00,0.000000E+00,0.000000E+00,0.000000E+00,0.000000E+00,0.000000E+00,0.000000E+00,0.000000E+00,1.555485E+01,6.860291E+01,2.601674E+01,5.084297E+01,5.500770E+02,3.679566E+02,4.854993E-02,3.244636E-02,0.000000E+00,0.000000E+00,0.000000E+00,0.000000E+00,0.000000E+00,0.000000E+00,0.000000E+00,0.000000E+00,1.555463E+01,6.903137E+01,2.943734E+01,5.183036E+01,0.000000E+00,0.000000E+00,0.000000E+00,0.000000E+00,0.000000E+00,0.000000E+00,0.000000E+00,0.000000E+00,0.000000E+00,0.000000E+00,0.000000E+00,0.000000E+00,1.875333E+01,5.931387E+01,2.739529E+01,4.207397E+01
03:30:00,1.483149E+03,0.000000E+00,1.309031E-01,0.000000E+00,0.000000E+00,0.000000E+00,0.000000E+00,0.000000E+00,0.000000E+00,0.000000E+00,0.000000E+00,0.000000E+00,1.555516E+01,7.072830E+01,2.769006E+01,4.795427E+01,1.519861E+03,0.000000E+00,1.341433E-01,0.000000E+00,0.000000E+00,0.000000E+00,0.000000E+00,0.000000E+00,0.000000E+00,0.000000E+00,0.000000E+00,0.000000E+00,1.555527E+01,7.028216E+01,2.711952E+01,6.204676E+01,2.791713E+02,0.000000E+00,2.463973E-02,0.000000E+00,0.000000E+00,0.000000E+00,0.000000E+00,0.000000E+00,0.000000E+00,0.000000E+00,0.000000E+00,0.000000E+00,1.555507E+01,7.025176E+01,2.815622E+01,4.695818E+01,3.426875E+02,5.317912E+02,3.024569E-02,4.689328E-02,0.000000E+00,0.000000E+00,0.000000E+00,0.000000E+00,0.000000E+00,0.000000E+00,0.000000E+00,0.000000E+00,1.555490E+01,6.938117E+01,2.943037E+01,5.314696E+01,3.292105E+03,2.597547E+03,2.905620E-01,2.290514E-01,0.000000E+00,0.000000E+00,0.000000E+00,0.000000E+00,0.000000E+00,0.000000E+00,0.000000E+00,0.000000E+00,1.555515E+01,7.119951E+01,2.941323E+01,8.731460E+01,7.041620E+02,2.212281E+01,6.214951E-02,1.950786E-03,0.000000E+00,0.000000E+00,0.000000E+00,0.000000E+00,0.000000E+00,0.000000E+00,0.000000E+00,0.000000E+00,1.555488E+01,6.883138E+01,2.938718E+01,6.187948E+01,1.520119E+02,0.000000E+00,1.341660E-02,0.000000E+00,0.000000E+00,0.000000E+00,0.000000E+00,0.000000E+00,0.000000E+00,0.000000E+00,0.000000E+00,0.000000E+00,1.555527E+01,6.872013E+01,2.660852E+01,5.051129E+01,4.117825E+02,0.000000E+00,3.634402E-02,0.000000E+00,0.000000E+00,0.000000E+00,0.000000E+00,0.000000E+00,0.000000E+00,0.000000E+00,0.000000E+00,0.000000E+00,1.555485E+01,6.887246E+01,2.604596E+01,5.136718E+01,5.891800E+02,3.923870E+02,5.200117E-02,3.460063E-02,0.000000E+00,0.000000E+00,0.000000E+00,0.000000E+00,0.000000E+00,0.000000E+00,0.000000E+00,0.000000E+00,1.555467E+01,6.931351E+01,2.943723E+01,5.085838E+01,0.000000E+00,0.000000E+00,0.000000E+00,0.000000E+00,0.000000E+00,0.000000E+00,0.000000E+00,0.000000E+00,0.000000E+00,0.000000E+00,0.000000E+00,0.000000E+00,1.864223E+01,5.972767E+01,2.751397E+01,4.218447E+01
03:45:00,1.535830E+03,0.000000E+00,1.355528E-01,0.000000E+00,0.000000E+00,0.000000E+00,0.000000E+00,0.000000E+00,0.000000E+00,0.000000E+00,0.000000E+00,0.000000E+00,1.555516E+01,7.078072E+01,2.770614E+01,4.866298E+01,1.696197E+03,0.000000E+00,1.497068E-01,0.000000E+00,0.000000E+00,0.000000E+00,0.000000E+00,0.000000E+00,0.000000E+00,0.000000E+00,0.000000E+00,0.000000E+00,1.555525E+01,7.038066E+01,2.718903E+01,6.334423E+01,3.040171E+02,0.000000E+00,2.683263E-02,0.000000E+00,0.000000E+00,0.000000E+00,0.000000E+00,0.000000E+00,0.000000E+00,0.000000E+00,0.000000E+00,0.000000E+00,1.555508E+01,7.044265E+01,2.826024E+01,4.743354E+01,3.755160E+02,5.494759E+02,3.314313E-02,4.845272E-02,0.000000E+00,0.000000E+00,0.000000E+00,0.000000E+00,0.000000E+00,0.000000E+00,0.000000E+00,0.000000E+00,1.555491E+01,6.966640E+01,2.943056E+01,5.223555E+01,3.390145E+03,2.644615E+03,2.992150E-01,2.332018E-01,0.000000E+00,0.000000E+00,0.000000E+00,0.000000E+00,0.000000E+00,0.000000E+00,0.000000E+00,0.000000E+00,1.555516E+01,7.126574E+01,2.941348E+01,8.596521E+01,7.727946E+02,6.249934E+01,6.820704E-02,5.511184E-03,0.000000E+00,0.000000E+00,0.000000E+00,0.000000E+00,0.000000E+00,0.000000E+00,0.000000E+00,0.000000E+00,1.555489E+01,6.913277E+01,2.944280E+01,6.313490E+01,1.799719E+02,0.000000E+00,1.588437E-02,0.000000E+00,0.000000E+00,0.000000E+00,0.000000E+00,0.000000E+00,0.000000E+00,0.000000E+00,0.000000E+00,0.000000E+00,1.555521E+01,6.879974E+01,2.667251E+01,5.100991E+01,4.462378E+02,0.000000E+00,3.938506E-02,0.000000E+00,0.000000E+00,0.000000E+00,0.000000E+00,0.000000E+00,0.000000E+00,0.000000E+00,0.000000E+00,0.000000E+00,1.555486E+01,6.914405E+01,2.607312E+01,5.188034E+01,6.251389E+02,4.132231E+02,5.517491E-02,3.643796E-02,0.000000E+00,0.000000E+00,0.000000E+00,0.000000E+00,0.000000E+00,0.000000E+00,0.000000E+00,0.000000E+00,1.555470E+01,6.956353E+01,2.943724E+01,4.994270E+01,0.000000E+00,0.000000E+00,0.000000E+00,0.000000E+00,0.000000E+00,0.000000E+00,0.000000E+00,0.000000E+00,0.000000E+00,0.000000E+00,0.000000E+00,0.000000E+00,1.852994E+01,6.014914E+01,2.763139E+01,4.229489E+01
04:00:00,1.584228E+03,0.000000E+00,1.398244E-01,0.000000E+00,0.000000E+00,0.000000E+00,0.000000E+00,0.000000E+00,0.000000E+00,0.000000E+00,0.000000E+00,0.000000E+00,1.555516E+01,7.083366E+01,2.771902E+01,4.936700E+01,1.864026E+03,0.000000E+00,1.645194E-01,0.000000E+00,0.000000E+00,0.000000E+00,0.000000E+00,0.000000E+00,0.000000E+00,0.000000E+00,0.000000E+00,0.000000E+00,1.555525E+01,7.049490E+01,2.725607E+01,6.462397E+01,3.275265E+02,0.000000E+00,2.890757E-02,0.000000E+00,0.000000E+00,0.000000E+00,0.000000E+00,0.000000E+00,0.000000E+00,0.000000E+00,0.000000E+00,0.000000E+00,1.555510E+01,7.062499E+01,2.836033E+01,4.789970E+01,4.057639E+02,5.647359E+02,3.581282E-02,4.979834E-02,0.000000E+00,0.000000E+00,0.000000E+00,0.000000E+00,0.000000E+00,0.000000E+00,0.000000E+00,0.000000E+00,1.555494E+01,6.993417E+01,2.943072E+01,5.148803E+01,3.474843E+03,2.683386E+03,3.066905E-01,2.366207E-01,0.000000E+00,0.000000E+00,0.000000E+00,0.000000E+00,0.000000E+00,0.000000E+00,0.000000E+00,0.000000E+00,1.555517E+01,7.132124E+01,2.941375E+01,8.479770E+01,8.388622E+02,1.172363E+02,7.403819E-02,1.033788E-02,0.000000E+00,0.000000E+00,0.000000E+00,0.000000E+00,0.000000E+00,0.000000E+00,0.000000E+00,0.000000E+00,1.555491E+01,6.942735E+01,2.944213E+01,6.384979E+01,2.151002E+02,0.000000E+00,1.898479E-02,0.000000E+00,0.000000E+00,0.000000E+00,0.000000E+00,0.000000E+00,0.000000E+00,0.000000E+00,0.000000E+00,0.000000E+00,1.555516E+01,6.893178E+01,2.673490E+01,5.150027E+01,4.784741E+02,0.000000E+00,4.223024E-02,0.000000E+00,0.000000E+00,0.000000E+00,0.000000E+00,0.000000E+00,0.000000E+00,0.000000E+00,0.000000E+00,0.000000E+00,1.555488E+01,6.940531E+01,2.609855E+01,5.238205E+01,6.581727E+02,4.311131E+02,5.809049E-02,3.801550E-02,0.000000E+00,0.000000E+00,0.000000E+00,0.000000E+00,0.000000E+00,0.000000E+00,0.000000E+00,0.000000E+00,1.555474E+01,6.977874E+01,2.943730E+01,4.911417E+01,0.000000E+00,0.000000E+00,0.000000E+00,0.000000E+00,0.000000E+00,0.000000E+00,0.000000E+00,0.000000E+00,0.000000E+00,0.000000E+00,0.000000E+00,0.000000E+00,1.841699E+01,6.057653E+01,2.774758E+01,4.240524E+01
04:15:00,1.628826E+03,0.000000E+00,1.437606E-01,0.000000E+00,0.000000E+00,0.000000E+00,0.000000E+00,0.000000E+00,0.000000E+00,0.000000E+00,0.000000E+00,0.000000E+00,1.555517E+01,7.088527E+01,2.772920E+01,5.006539E+01,2.028893E+03,0.000000E+00,1.790706E-01,0.000000E+00,0.000000E+00,0.000000E+00,0.000000E+00,0.000000E+00,0.000000E+00,0.000000E+00,0.000000E+00,0.000000E+00,1.555525E+01,7.061931E+01,2.732078E+01,6.588626E+01,3.493699E+02,0.000000E+00,3.083548E-02,0.000000E+00,0.000000E+00,0.000000E+00,0.000000E+00,0.000000E+00,0.000000E+00,0.000000E+00,0.000000E+00,0.000000E+00,1.555511E+01,7.079187E+01,2.845662E+01,4.835701E+01,4.334505E+02,5.780012E+02,3.825645E-02,5.096807E-02,0.000000E+00,0.000000E+00,0.000000E+00,0.000000E+00,0.000000E+00,0.000000E+00,0.000000E+00,0.000000E+00,1.555496E+01,7.017440E+01,2.943085E+01,5.087694E+01,3.548773E+03,2.715868E+03,3.132156E-01,2.394849E-01,0.000000E+00,0.000000E+00,0.000000E+00,0.000000E+00,0.000000E+00,0.000000E+00,0.000000E+00,0.000000E+00,1.555518E+01,7.136744E+01,2.941402E+01,8.379929E+01,9.027137E+02,1.869189E+02,7.967374E-02,1.648249E-02,0.000000E+00,0.000000E+00,0.000000E+00,0.000000E+00,0.000000E+00,0.000000E+00,0.000000E+00,0.000000E+00,1.555493E+01,6.970377E+01,2.944120E+01,6.387142E+01,2.445356E+02,0.000000E+00,2.158277E-02,0.000000E+00,0.000000E+00,0.000000E+00,0.000000E+00,0.000000E+00,0.000000E+00,0.000000E+00,0.000000E+00,0.000000E+00,1.555514E+01,6.910174E+01,2.679587E+01,5.198210E+01,5.084365E+02,0.000000E+00,4.487474E-02,0.000000E+00,0.000000E+00,0.000000E+00,0.000000E+00,0.000000E+00,0.000000E+00,0.000000E+00,0.000000E+00,0.000000E+00,1.555490E+01,6.964737E+01,2.612244E+01,5.287228E+01,6.884114E+02,4.465568E+02,6.075936E-02,3.937732E-02,0.000000E+00,0.000000E+00,0.000000E+00,0.000000E+00,0.000000E+00,0.000000E+00,0.000000E+00,0.000000E+00,1.555477E+01,6.996014E+01,2.943740E+01,4.838455E+01,0.000000E+00,0.000000E+00,0.000000E+00,0.000000E+00,0.000000E+00,0.000000E+00,0.000000E+00,0.000000E+00,0.000000E+00,0.000000E+00,0.000000E+00,0.000000E+00,1.830370E+01,6.100860E+01,2.786245E+01,4.251577E+01
04:30:00,1.670056E+03,0.000000E+00,1.473995E-01,0.000000E+00,0.000000E+00,0.000000E+00,0.000000E+00,0.000000E+00,0.000000E+00,0.000000E+00,0.000000E+00,0.000000E+00,1.555517E+01,7.093442E+01,2.773768E+01,5.075575E+01,2.190374E+03,0.000000E+00,1.933229E-01,0.000000E+00,0.000000E+00,0.000000E+00,0.000000E+00,0.000000E+00,0.000000E+00,0.000000E+00,0.000000E+00,0.000000E+00,1.555525E+01,7.074803E+01,2.738366E+01,6.713001E+01,3.695128E+02,0.000000E+00,3.261329E-02,0.000000E+00,0.000000E+00,0.000000E+00,0.000000E+00,0.000000E+00,0.000000E+00,0.000000E+00,0.000000E+00,0.000000E+00,1.555513E+01,7.093947E+01,2.854997E+01,4.880379E+01,4.586474E+02,5.895700E+02,4.048033E-02,5.198821E-02,0.000000E+00,0.000000E+00,0.000000E+00,0.000000E+00,0.000000E+00,0.000000E+00,0.000000E+00,0.000000E+00,1.555499E+01,7.038259E+01,2.943094E+01,5.037654E+01,3.613796E+03,2.743287E+03,3.189545E-01,2.419027E-01,0.000000E+00,0.000000E+00,0.000000E+00,0.000000E+00,0.000000E+00,0.000000E+00,0.000000E+00,0.000000E+00,1.555519E+01,7.140582E+01,2.941425E+01,8.295026E+01,9.621338E+02,2.460034E+02,8.491817E-02,2.169255E-02,0.000000E+00,0.000000E+00,0.000000E+00,0.000000E+00,0.000000E+00,0.000000E+00,0.000000E+00,0.000000E+00,1.555496E+01,6.995411E+01,2.944027E+01,6.329393E+01,2.725502E+02,0.000000E+00,2.405535E-02,0.000000E+00,0.000000E+00,0.000000E+00,0.000000E+00,0.000000E+00,0.000000E+00,0.000000E+00,0.000000E+00,0.000000E+00,1.555513E+01,6.929921E+01,2.685558E+01,5.245520E+01,5.361111E+02,0.000000E+00,4.731730E-02,0.000000E+00,0.000000E+00,0.000000E+00,0.000000E+00,0.000000E+00,0.000000E+00,0.000000E+00,0.000000E+00,0.000000E+00,1.555492E+01,6.986502E+01,2.614511E+01,5.335054E+01,7.160124E+02,4.599757E+02,6.319543E-02,4.056060E-02,0.000000E+00,0.000000E+00,0.000000E+00,0.000000E+00,0.000000E+00,0.000000E+00,0.000000E+00,0.000000E+00,1.555480E+01,7.011110E+01,2.943750E+01,4.775321E+01,0.000000E+00,0.000000E+00,0.000000E+00,0.000000E+00,0.000000E+00,0.000000E+00,0.000000E+00,0.000000E+00,0.000000E+00,0.000000E+00,0.000000E+00,0.000000E+00,1.819031E+01,6.144451E+01,2.797596E+01,4.262662E+01
04:45:00,1.708294E+03,0.000000E+00,1.507745E-01,0.000000E+00,0.000000E+00,0.000000E+00,0.000000E+00,0.000000E+00,0.000000E+00,0.000000E+00,0.000000E+00,0.000000E+00,1.555518E+01,7.098044E+01,2.774466E+01,5.143788E+01,2.342048E+03,0.000000E+00,2.067098E-01,0.000000E+00,0.000000E+00,0.000000E+00,0.000000E+00,0.000000E+00,0.000000E+00,0.000000E+00,0.000000E+00,0.000000E+00,1.555525E+01,7.087565E+01,2.744475E+01,6.835580E+01,3.879840E+02,0.000000E+00,3.424356E-02,0.000000E+00,0.000000E+00,0.000000E+00,0.000000E+00,0.000000E+00,0.000000E+00,0.000000E+00,0.000000E+00,0.000000E+00,1.555515E+01,7.106667E+01,2.864049E+01,4.924038E+01,4.814834E+02,6.003029E+02,4.249584E-02,5.293463E-02,0.000000E+00,0.000000E+00,0.000000E+00,0.000000E+00,0.000000E+00,0.000000E+00,0.000000E+00,0.000000E+00,1.555502E+01,7.055847E+01,2.943100E+01,4.996500E+01,3.671391E+03,2.826189E+03,3.240379E-01,2.492130E-01,0.000000E+00,0.000000E+00,0.000000E+00,0.000000E+00,0.000000E+00,0.000000E+00,0.000000E+00,0.000000E+00,1.555520E+01,7.143778E+01,2.941445E+01,8.223048E+01,1.017160E+03,3.026243E+02,8.977482E-02,2.668538E-02,0.000000E+00,0.000000E+00,0.000000E+00,0.000000E+00,0.000000E+00,0.000000E+00,0.000000E+00,0.000000E+00,1.555498E+01,7.017432E+01,2.943962E+01,6.228397E+01,3.003822E+02,0.000000E+00,2.651181E-02,0.000000E+00,0.000000E+00,0.000000E+00,0.000000E+00,0.000000E+00,0.000000E+00,0.000000E+00,0.000000E+00,0.000000E+00,1.555513E+01,6.951352E+01,2.691410E+01,5.291969E+01,5.615782E+02,0.000000E+00,4.956504E-02,0.000000E+00,0.000000E+00,0.000000E+00,0.000000E+00,0.000000E+00,0.000000E+00,0.000000E+00,0.000000E+00,0.000000E+00,1.555495E+01,7.005618E+01,2.616671E+01,5.381688E+01,7.411480E+02,4.726103E+02,6.541391E-02,4.167471E-02,0.000000E+00,0.000000E+00,0.000000E+00,0.000000E+00,0.000000E+00,0.000000E+00,0.000000E+00,0.000000E+00,1.555482E+01,7.023591E+01,2.943761E+01,4.721341E+01,0.000000E+00,0.000000E+00,0.000000E+00,0.000000E+00,0.000000E+00,0.000000E+00,0.000000E+00,0.000000E+00,0.000000E+00,0.000000E+00,0.000000E+00,0.000000E+00,1.807704E+01,6.188347E+01,2.808812E+01,4.273782E+01
05:00:00,1.743824E+03,0.000000E+00,1.539104E-01,0.000000E+00,0.000000E+00,0.000000E+00,0.000000E+00,0.000000E+00,0.000000E+00,0.000000E+00,0.000000E+00,0.000000E+00,1.555518E+01,7.102301E+01,2.778776E+01,5.199791E+01,2.483649E+03,0.000000E+00,2.192075E-01,0.000000E+00,0.000000E+00,0.000000E+00,0.000000E+00,0.000000E+00,0.000000E+00,0.000000E+00,0.000000E+00,0.000000E+00,1.555526E+01,7.099786E+01,2.752945E+01,6.946111E+01,4.048536E+02,0.000000E+00,3.573248E-02,0.000000E+00,0.000000E+00,0.000000E+00,0.000000E+00,0.000000E+00,0.000000E+00,0.000000E+00,0.000000E+00,0.000000E+00,1.555517E+01,7.117425E+01,2.880944E+01,4.943421E+01,5.021205E+02,6.109663E+02,4.431728E-02,5.387493E-02,0.000000E+00,0.000000E+00,0.000000E+00,0.000000E+00,0.000000E+00,0.000000E+00,0.000000E+00,0.000000E+00,1.555505E+01,7.070445E+01,2.943098E+01,4.961192E+01,3.722769E+03,3.002893E+03,3.285725E-01,2.647947E-01,0.000000E+00,0.000000E+00,0.000000E+00,0.000000E+00,0.000000E+00,0.000000E+00,0.000000E+00,0.000000E+00,1.555520E+01,7.146447E+01,2.941231E+01,8.105439E+01,1.067897E+03,3.653032E+02,9.425286E-02,3.221239E-02,0.000000E+00,0.000000E+00,0.000000E+00,0.000000E+00,0.000000E+00,0.000000E+00,0.000000E+00,0.000000E+00,1.555501E+01,7.036363E+01,2.943884E+01,6.089486E+01,3.268813E+02,0.000000E+00,2.885063E-02,0.000000E+00,0.000000E+00,0.000000E+00,0.000000E+00,0.000000E+00,0.000000E+00,0.000000E+00,0.000000E+00,0.000000E+00,1.555513E+01,6.973412E+01,2.697259E+01,5.337224E+01,5.849457E+02,0.000000E+00,5.162746E-02,0.000000E+00,0.000000E+00,0.000000E+00,0.000000E+00,0.000000E+00,0.000000E+00,0.000000E+00,0.000000E+00,0.000000E+00,1.555497E+01,7.022115E+01,2.618847E+01,5.426789E+01,7.639726E+02,4.852306E+02,6.742841E-02,4.278757E-02,0.000000E+00,0.000000E+00,0.000000E+00,0.000000E+00,0.000000E+00,0.000000E+00,0.000000E+00,0.000000E+00,1.555484E+01,7.033898E+01,2.943765E+01,4.674089E+01,0.000000E+00,0.000000E+00,0.000000E+00,0.000000E+00,0.000000E+00,0.000000E+00,0.000000E+00,0.000000E+00,0.000000E+00,0.000000E+00,0.000000E+00,0.000000E+00,1.796410E+01,6.232466E+01,2.819973E+01,4.284742E+01
05:15:00,3.822869E+03,1.362505E+03,3.374074E-01,1.201455E-01,0.000000E+00,0.000000E+00,0.000000E+00,0.000000E+00,0.000000E+00,0.000000E+00,0.000000E+00,0.000000E+00,2.050372E+01,5.267033E+01,2.409443E+01,5.649015E+01,6.670888E+03,2.539254E+03,5.887742E-01,2.239111E-01,0.000000E+00,0.000000E+00,0.000000E+00,0.000000E+00,0.000000E+00,0.000000E+00,0.000000E+00,0.000000E+00,2.050018E+01,5.274311E+01,2.408319E+01,6.861393E+01,8.788016E+02,4.287973E+02,7.756325E-02,3.781129E-02,0.000000E+00,0.000000E+00,0.000000E+00,0.000000E+00,0.000000E+00,0.000000E+00,0.000000E+00,0.000000E+00,2.048770E+01,5.282547E+01,2.437543E+01,5.296889E+01,1.089510E+03,1.084549E+03,9.616039E-02,9.563543E-02,0.000000E+00,0.000000E+00,0.000000E+00,0.000000E+00,0.000000E+00,0.000000E+00,0.000000E+00,0.000000E+00,2.048717E+01,5.269261E+01,2.445897E+01,5.498590E+01,7.121626E+03,5.985153E+03,6.285565E-01,5.277700E-01,0.000000E+00,0.000000E+00,0.000000E+00,0.000000E+00,0.000000E+00,0.000000E+00,0.000000E+00,0.000000E+00,2.049025E+01,5.284748E+01,2.441162E+01,7.429165E+01,2.456806E+03,1.646335E+03,2.168383E-01,1.451736E-01,0.000000E+00,0.000000E+00,0.000000E+00,0.000000E+00,0.000000E+00,0.000000E+00,0.000000E+00,0.000000E+00,2.048796E+01,5.260771E+01,2.443688E+01,5.810426E+01,1.018879E+03,3.320165E+02,8.992653E-02,2.927717E-02,0.000000E+00,0.000000E+00,0.000000E+00,0.000000E+00,0.000000E+00,0.000000E+00,0.000000E+00,0.000000E+00,2.050296E+01,5.239988E+01,2.399434E+01,5.732255E+01,1.317095E+03,2.353025E+02,1.162471E-01,2.074895E-02,0.000000E+00,0.000000E+00,0.000000E+00,0.000000E+00,0.000000E+00,0.000000E+00,0.000000E+00,0.000000E+00,2.048887E+01,5.253179E+01,2.389790E+01,5.786563E+01,1.491784E+03,1.121456E+03,1.316653E-01,9.888989E-02,0.000000E+00,0.000000E+00,0.000000E+00,0.000000E+00,0.000000E+00,0.000000E+00,0.000000E+00,0.000000E+00,2.048538E+01,5.254007E+01,2.445880E+01,5.220501E+01,5.378556E+01,9.742051E+01,4.747127E-03,8.590528E-03,0.000000E+00,0.000000E+00,0.000000E+00,0.000000E+00,0.000000E+00,0.000000E+00,0.000000E+00,0.000000E+00,2.091574E+01,5.186899E+01,2.429145E+01,4.900587E+01
05:30:00,4.281682E+03,1.888070E+03,3.779023E-01,1.664897E-01,0.000000E+00,0.000000E+00,0.000000E+00,0.000000E+00,0.000000E+00,0.000000E+00,0.000000E+00,0.000000E+00,2.111106E+01,5.084065E+01,2.383663E+01,5.535145E+01,7.867499E+03,3.607834E+03,6.943874E-01,3.181384E-01,0.000000E+00,0.000000E+00,0.000000E+00,0.000000E+00,0.000000E+00,0.000000E+00,0.000000E+00,0.000000E+00,2.111107E+01,5.093898E+01,2.383836E+01,6.535682E+01,1.075122E+03,6.529846E+02,9.489050E-02,5.758010E-02,0.000000E+00,0.000000E+00,0.000000E+00,0.000000E+00,0.000000E+00,0.000000E+00,0.000000E+00,0.000000E+00,2.111106E+01,5.094906E+01,2.393509E+01,5.144640E+01,1.338868E+03,1.374362E+03,1.181689E-01,1.211911E-01,0.000000E+00,0.000000E+00,0.000000E+00,0.000000E+00,0.000000E+00,0.000000E+00,0.000000E+00,0.000000E+00,2.111104E+01,5.085711E+01,2.396892E+01,5.453749E+01,7.619743E+03,7.585438E+03,6.725205E-01,6.688830E-01,0.000000E+00,0.000000E+00,0.000000E+00,0.000000E+00,0.000000E+00,0.000000E+00,0.000000E+00,0.000000E+00,2.111107E+01,5.092841E+01,2.393738E+01,7.022849E+01,3.052270E+03,2.366495E+03,2.693941E-01,2.086772E-01,0.000000E+00,0.000000E+00,0.000000E+00,0.000000E+00,0.000000E+00,0.000000E+00,0.000000E+00,0.000000E+00,2.111104E+01,5.081573E+01,2.395374E+01,5.477109E+01,1.249272E+03,4.663675E+02,1.102611E-01,4.112422E-02,0.000000E+00,0.000000E+00,0.000000E+00,0.000000E+00,0.000000E+00,0.000000E+00,0.000000E+00,0.000000E+00,2.111105E+01,5.075168E+01,2.381907E+01,5.631810E+01,1.567469E+03,3.205832E+02,1.383452E-01,2.826899E-02,0.000000E+00,0.000000E+00,0.000000E+00,0.000000E+00,0.000000E+00,0.000000E+00,0.000000E+00,0.000000E+00,2.111103E+01,5.074501E+01,2.380362E+01,5.716557E+01,1.799057E+03,1.451441E+03,1.587852E-01,1.279879E-01,0.000000E+00,0.000000E+00,0.000000E+00,0.000000E+00,0.000000E+00,0.000000E+00,0.000000E+00,0.000000E+00,2.111101E+01,5.070485E+01,2.396795E+01,5.176187E+01,8.918347E+01,1.642698E+02,7.871355E-03,1.448529E-02,0.000000E+00,0.000000E+00,0.000000E+00,0.000000E+00,0.000000E+00,0.000000E+00,0.000000E+00,0.000000E+00,2.111111E+01,5.124987E+01,2.392270E+01,4.865925E+01
05:45:00,5.637261E+03,2.528975E+03,4.975460E-01,2.230047E-01,0.000000E+00,0.000000E+00,0.000000E+00,0.000000E+00,0.000000E+00,0.000000E+00,0.000000E+00,0.000000E+00,2.111091E+01,5.108671E+01,2.388614E+01,5.263310E+01,1.044525E+04,4.835011E+03,9.219003E-01,4.263507E-01,0.000000E+00,0.000000E+00,0.000000E+00,0.000000E+00,0.000000E+00,0.000000E+00,0.000000E+00,0.000000E+00,2.111096E+01,5.119570E+01,2.388359E+01,5.954748E+01,1.393837E+03,8.865723E+02,1.230204E-01,7.817783E-02,0.000000E+00,0.000000E+00,0.000000E+00,0.000000E+00,0.000000E+00,0.000000E+00,0.000000E+00,0.000000E+00,2.111091E+01,5.114754E+01,2.388940E+01,4.863983E+01,1.726403E+03,1.651305E+03,1.523728E-01,1.456119E-01,0.000000E+00,0.000000E+00,0.000000E+00,0.000000E+00,0.000000E+00,0.000000E+00,0.000000E+00,0.000000E+00,2.111085E+01,5.111488E+01,2.389023E+01,5.345822E+01,9.303494E+03,9.291263E+03,8.211287E-01,8.193024E-01,0.000000E+00,0.000000E+00,0.000000E+00,0.000000E+00,0.000000E+00,0.000000E+00,0.000000E+00,0.000000E+00,2.111095E+01,5.108096E+01,2.387740E+01,6.568322E+01,3.980363E+03,3.078045E+03,3.513078E-01,2.714216E-01,0.000000E+00,0.000000E+00,0.000000E+00,0.000000E+00,0.000000E+00,0.000000E+00,0.000000E+00,0.000000E+00,2.111083E+01,5.112750E+01,2.388943E+01,5.039812E+01,1.694999E+03,6.169576E+02,1.496011E-01,5.440324E-02,0.000000E+00,0.000000E+00,0.000000E+00,0.000000E+00,0.000000E+00,0.000000E+00,0.000000E+00,0.000000E+00,2.111087E+01,5.122228E+01,2.388632E+01,5.377358E+01,2.019900E+03,4.215478E+02,1.782769E-01,3.717203E-02,0.000000E+00,0.000000E+00,0.000000E+00,0.000000E+00,0.000000E+00,0.000000E+00,0.000000E+00,0.000000E+00,2.111081E+01,5.108341E+01,2.388726E+01,5.526825E+01,2.279220E+03,1.774750E+03,2.011645E-01,1.564972E-01,0.000000E+00,0.000000E+00,0.000000E+00,0.000000E+00,0.000000E+00,0.000000E+00,0.000000E+00,0.000000E+00,2.111072E+01,5.099613E+01,2.389154E+01,5.068882E+01,1.469848E+02,2.288523E+02,1.297291E-02,2.018017E-02,0.000000E+00,0.000000E+00,0.000000E+00,0.000000E+00,0.000000E+00,0.000000E+00,0.000000E+00,0.000000E+00,2.111111E+01,5.124987E+01,2.389007E+01,4.712613E+01
06:00:00,6.700194E+03,3.162392E+03,5.913608E-01,2.788594E-01,0.000000E+00,0.000000E+00,0.000000E+00,0.000000E+00,0.000000E+00,0.000000E+00,0.000000E+00,0.000000E+00,2.111093E+01,5.108779E+01,2.388710E+01,5.115235E+01,1.231312E+04,6.041391E+03,1.086759E+00,5.327291E-01,0.000000E+00,0.000000E+00,0.000000E+00,0.000000E+00,0.000000E+00,0.000000E+00,0.000000E+00,0.000000E+00,2.111104E+01,5.120888E+01,2.388535E+01,5.624890E+01,1.633288E+03,1.104764E+03,1.441544E-01,9.741795E-02,0.000000E+00,0.000000E+00,0.000000E+00,0.000000E+00,0.000000E+00,0.000000E+00,0.000000E+00,0.000000E+00,2.111097E+01,5.112563E+01,2.388783E+01,4.791968E+01,2.013925E+03,1.898456E+03,1.777496E-01,1.674056E-01,0.000000E+00,0.000000E+00,0.000000E+00,0.000000E+00,0.000000E+00,0.000000E+00,0.000000E+00,0.000000E+00,2.111093E+01,5.107980E+01,2.388308E+01,5.395020E+01,1.040819E+04,1.088885E+04,9.186294E-01,9.601772E-01,0.000000E+00,0.000000E+00,0.000000E+00,0.000000E+00,0.000000E+00,0.000000E+00,0.000000E+00,0.000000E+00,2.111094E+01,5.105430E+01,2.387358E+01,6.556474E+01,4.672627E+03,3.732064E+03,4.124072E-01,3.290930E-01,0.000000E+00,0.000000E+00,0.000000E+00,0.000000E+00,0.000000E+00,0.000000E+00,0.000000E+00,0.000000E+00,2.111094E+01,5.109679E+01,2.388652E+01,4.978853E+01,2.019880E+03,7.591553E+02,1.782751E-01,6.694222E-02,0.000000E+00,0.000000E+00,0.000000E+00,0.000000E+00,0.000000E+00,0.000000E+00,0.000000E+00,0.000000E+00,2.111104E+01,5.125929E+01,2.388731E+01,5.221778E+01,2.349931E+03,5.189954E+02,2.074055E-01,4.576495E-02,0.000000E+00,0.000000E+00,0.000000E+00,0.000000E+00,0.000000E+00,0.000000E+00,0.000000E+00,0.000000E+00,2.111090E+01,5.105597E+01,2.388748E+01,5.397798E+01,2.640442E+03,2.063992E+03,2.330461E-01,1.820026E-01,0.000000E+00,0.000000E+00,0.000000E+00,0.000000E+00,0.000000E+00,0.000000E+00,0.000000E+00,0.000000E+00,2.111078E+01,5.093430E+01,2.388580E+01,5.102313E+01,1.936222E+02,2.880569E+02,1.708915E-02,2.540082E-02,0.000000E+00,0.000000E+00,0.000000E+00,0.000000E+00,0.000000E+00,0.000000E+00,0.000000E+00,0.000000E+00,2.111111E+01,5.124987E+01,2.388859E+01,4.666293E+01
06:15:00,5.649696E+03,2.426045E+03,4.986436E-01,2.139283E-01,0.000000E+00,0.000000E+00,0.000000E+00,0.000000E+00,0.000000E+00,0.000000E+00,0.000000E+00,0.000000E+00,2.111095E+01,5.100151E+01,2.388746E+01,5.025813E+01,9.887329E+03,4.702549E+03,8.726581E-01,4.146702E-01,0.000000E+00,0.000000E+00,0.000000E+00,0.000000E+00,0.000000E+00,0.000000E+00,0.000000E+00,0.000000E+00,2.111107E+01,5.111948E+01,2.388612E+01,5.431473E+01,1.382497E+03,8.803539E+02,1.220195E-01,7.762949E-02,0.000000E+00,0.000000E+00,0.000000E+00,0.000000E+00,0.000000E+00,0.000000E+00,0.000000E+00,0.000000E+00,2.111099E+01,5.103553E+01,2.388791E+01,4.771533E+01,1.692256E+03,1.663129E+03,1.493590E-01,1.466545E-01,0.000000E+00,0.000000E+00,0.000000E+00,0.000000E+00,0.000000E+00,0.000000E+00,0.000000E+00,0.000000E+00,2.111095E+01,5.095626E+01,2.388217E+01,5.447386E+01,7.984633E+03,9.699188E+03,7.047257E-01,8.552732E-01,0.000000E+00,0.000000E+00,0.000000E+00,0.000000E+00,0.000000E+00,0.000000E+00,0.000000E+00,0.000000E+00,2.111094E+01,5.096785E+01,2.387310E+01,6.563180E+01,3.929240E+03,3.138152E+03,3.467957E-01,2.767218E-01,0.000000E+00,0.000000E+00,0.000000E+00,0.000000E+00,0.000000E+00,0.000000E+00,0.000000E+00,0.000000E+00,2.111096E+01,5.095626E+01,2.388639E+01,4.973080E+01,1.634929E+03,5.626318E+02,1.442993E-01,4.961280E-02,0.000000E+00,0.000000E+00,0.000000E+00,0.000000E+00,0.000000E+00,0.000000E+00,0.000000E+00,0.000000E+00,2.111110E+01,5.110694E+01,2.388764E+01,5.127602E+01,1.925243E+03,3.777584E+02,1.699224E-01,3.331069E-02,0.000000E+00,0.000000E+00,0.000000E+00,0.000000E+00,0.000000E+00,0.000000E+00,0.000000E+00,0.000000E+00,2.111093E+01,5.090292E+01,2.388768E+01,5.309490E+01,2.247781E+03,1.706104E+03,1.983897E-01,1.504440E-01,0.000000E+00,0.000000E+00,0.000000E+00,0.000000E+00,0.000000E+00,0.000000E+00,0.000000E+00,0.000000E+00,2.111078E+01,5.078261E+01,2.388519E+01,5.137216E+01,1.831352E+02,2.457422E+02,1.616356E-02,2.166952E-02,0.000000E+00,0.000000E+00,0.000000E+00,0.000000E+00,0.000000E+00,0.000000E+00,0.000000E+00,0.000000E+00,2.111111E+01,5.124987E+01,2.388856E+01,4.656366E+01
06:30:00,6.167909E+03,2.522158E+03,5.443812E-01,2.224036E-01,0.000000E+00,0.000000E+00,0.000000E+00,0.000000E+00,0.000000E+00,0.000000E+00,0.000000E+00,0.000000E+00,2.111090E+01,5.094019E+01,2.388767E+01,4.967573E+01,1.026849E+04,4.840835E+03,9.062997E-01,4.268642E-01,0.000000E+00,0.000000E+00,0.000000E+00,0.000000E+00,0.000000E+00,0.000000E+00,0.000000E+00,0.000000E+00,2.111103E+01,5.105029E+01,2.388653E+01,5.305478E+01,1.384293E+03,8.490798E+02,1.221780E-01,7.487175E-02,0.000000E+00,0.000000E+00,0.000000E+00,0.000000E+00,0.000000E+00,0.000000E+00,0.000000E+00,0.000000E+00,2.111093E+01,5.097765E+01,2.388802E+01,4.762382E+01,1.677135E+03,1.597796E+03,1.480244E-01,1.408935E-01,0.000000E+00,0.000000E+00,0.000000E+00,0.000000E+00,0.000000E+00,0.000000E+00,0.000000E+00,0.000000E+00,2.111087E+01,5.087703E+01,2.388202E+01,5.483511E+01,8.342240E+03,9.917883E+03,7.362882E-01,8.745577E-01,0.000000E+00,0.000000E+00,0.000000E+00,0.000000E+00,0.000000E+00,0.000000E+00,0.000000E+00,0.000000E+00,2.111090E+01,5.089963E+01,2.387316E+01,6.540681E+01,3.907148E+03,3.091252E+03,3.448459E-01,2.725862E-01,0.000000E+00,0.000000E+00,0.000000E+00,0.000000E+00,0.000000E+00,0.000000E+00,0.000000E+00,0.000000E+00,2.111088E+01,5.086615E+01,2.388650E+01,4.964712E+01,1.678561E+03,5.592554E+02,1.481502E-01,4.931507E-02,0.000000E+00,0.000000E+00,0.000000E+00,0.000000E+00,0.000000E+00,0.000000E+00,0.000000E+00,0.000000E+00,2.111103E+01,5.099035E+01,2.388782E+01,5.066158E+01,1.949015E+03,3.846742E+02,1.720205E-01,3.392052E-02,0.000000E+00,0.000000E+00,0.000000E+00,0.000000E+00,0.000000E+00,0.000000E+00,0.000000E+00,0.000000E+00,2.111085E+01,5.079652E+01,2.388781E+01,5.245551E+01,2.239544E+03,1.636995E+03,1.976627E-01,1.443500E-01,0.000000E+00,0.000000E+00,0.000000E+00,0.000000E+00,0.000000E+00,0.000000E+00,0.000000E+00,0.000000E+00,2.111069E+01,5.068972E+01,2.388514E+01,5.161614E+01,1.881310E+02,2.307118E+02,1.660449E-02,2.034414E-02,0.000000E+00,0.000000E+00,0.000000E+00,0.000000E+00,0.000000E+00,0.000000E+00,0.000000E+00,0.000000E+00,2.111111E+01,5.124987E+01,2.388860E+01,4.652933E+01
06:45:00,5.746234E+03,2.501819E+03,5.071641E-01,2.206101E-01,0.000000E+00,0.000000E+00,0.000000E+00,0.000000E+00,0.000000E+00,0.000000E+00,0.000000E+00,0.000000E+00,2.111085E+01,5.091756E+01,2.388780E+01,4.930876E+01,9.118681E+03,4.835023E+03,8.048171E-01,4.263517E-01,0.000000E+00,0.000000E+00,0.000000E+00,0.000000E+00,0.000000E+00,0.000000E+00,0.000000E+00,0.000000E+00,2.111098E+01,5.101991E+01,2.388680E+01,5.223589E+01,1.243362E+03,8.017255E+02,1.097394E-01,7.069605E-02,0.000000E+00,0.000000E+00,0.000000E+00,0.000000E+00,0.000000E+00,0.000000E+00,0.000000E+00,0.000000E+00,2.111089E+01,5.095498E+01,2.388808E+01,4.762598E+01,1.498663E+03,1.534950E+03,1.322724E-01,1.353517E-01,0.000000E+00,0.000000E+00,0.000000E+00,0.000000E+00,0.000000E+00,0.000000E+00,0.000000E+00,0.000000E+00,2.111082E+01,5.084507E+01,2.388195E+01,5.512782E+01,7.426265E+03,9.996861E+03,6.554440E-01,8.815220E-01,0.000000E+00,0.000000E+00,0.000000E+00,0.000000E+00,0.000000E+00,0.000000E+00,0.000000E+00,0.000000E+00,2.111086E+01,5.086125E+01,2.387323E+01,6.517255E+01,3.494513E+03,3.043199E+03,3.084266E-01,2.683489E-01,0.000000E+00,0.000000E+00,0.000000E+00,0.000000E+00,0.000000E+00,0.000000E+00,0.000000E+00,0.000000E+00,2.111082E+01,5.083220E+01,2.388655E+01,4.962046E+01,1.479937E+03,5.367481E+02,1.306196E-01,4.733038E-02,0.000000E+00,0.000000E+00,0.000000E+00,0.000000E+00,0.000000E+00,0.000000E+00,0.000000E+00,0.000000E+00,2.111095E+01,5.094306E+01,2.388794E+01,5.025582E+01,1.744096E+03,3.752118E+02,1.539343E-01,3.308613E-02,0.000000E+00,0.000000E+00,0.000000E+00,0.000000E+00,0.000000E+00,0.000000E+00,0.000000E+00,0.000000E+00,2.111078E+01,5.075109E+01,2.388790E+01,5.197884E+01,2.029438E+03,1.560605E+03,1.791187E-01,1.376139E-01,0.000000E+00,0.000000E+00,0.000000E+00,0.000000E+00,0.000000E+00,0.000000E+00,0.000000E+00,0.000000E+00,2.111062E+01,5.065257E+01,2.388510E+01,5.183811E+01,1.682300E+02,2.152740E+02,1.484803E-02,1.898283E-02,0.000000E+00,0.000000E+00,0.000000E+00,0.000000E+00,0.000000E+00,0.000000E+00,0.000000E+00,0.000000E+00,2.111111E+01,5.124987E+01,2.388862E+01,4.653268E+01
07:00:00,5.580466E+03,2.490154E+03,4.925333E-01,2.195815E-01,0.000000E+00,0.000000E+00,0.000000E+00,0.000000E+00,0.000000E+00,0.000000E+00,0.000000E+00,0.000000E+00,2.111083E+01,5.091306E+01,2.388788E+01,4.907596E+01,8.552705E+03,4.869867E+03,7.548639E-01,4.294243E-01,0.000000E+00,0.000000E+00,0.000000E+00,0.000000E+00,0.000000E+00,0.000000E+00,0.000000E+00,0.000000E+00,2.111096E+01,5.100956E+01,2.388696E+01,5.169159E+01,1.164803E+03,7.662893E+02,1.028058E-01,6.757129E-02,0.000000E+00,0.000000E+00,0.000000E+00,0.000000E+00,0.000000E+00,0.000000E+00,0.000000E+00,0.000000E+00,2.111088E+01,5.094492E+01,2.388808E+01,4.766113E+01,1.399519E+03,1.493963E+03,1.235219E-01,1.317375E-01,0.000000E+00,0.000000E+00,0.000000E+00,0.000000E+00,0.000000E+00,0.000000E+00,0.000000E+00,0.000000E+00,2.111080E+01,5.082999E+01,2.388186E+01,5.535197E+01,7.022119E+03,1.010389E+04,6.197740E-01,8.909598E-01,0.000000E+00,0.000000E+00,0.000000E+00,0.000000E+00,0.000000E+00,0.000000E+00,0.000000E+00,0.000000E+00,2.111084E+01,5.084016E+01,2.387326E+01,6.495766E+01,3.269784E+03,3.043632E+03,2.885919E-01,2.683871E-01,0.000000E+00,0.000000E+00,0.000000E+00,0.000000E+00,0.000000E+00,0.000000E+00,0.000000E+00,0.000000E+00,2.111080E+01,5.081890E+01,2.388654E+01,4.959923E+01,1.379525E+03,5.210388E+02,1.217572E-01,4.594514E-02,0.000000E+00,0.000000E+00,0.000000E+00,0.000000E+00,0.000000E+00,0.000000E+00,0.000000E+00,0.000000E+00,2.111092E+01,5.093072E+01,2.388801E+01,4.998346E+01,1.639508E+03,3.695488E+02,1.447034E-01,3.258676E-02,0.000000E+00,0.000000E+00,0.000000E+00,0.000000E+00,0.000000E+00,0.000000E+00,0.000000E+00,0.000000E+00,2.111075E+01,5.073231E+01,2.388796E+01,5.161273E+01,1.914351E+03,1.507541E+03,1.689611E-01,1.329347E-01,0.000000E+00,0.000000E+00,0.000000E+00,0.000000E+00,0.000000E+00,0.000000E+00,0.000000E+00,0.000000E+00,2.111059E+01,5.063338E+01,2.388505E+01,5.202534E+01,1.573155E+02,2.030245E+02,1.388470E-02,1.790267E-02,0.000000E+00,0.000000E+00,0.000000E+00,0.000000E+00,0.000000E+00,0.000000E+00,0.000000E+00,0.000000E+00,2.111111E+01,5.124987E+01,2.388862E+01,4.655223E+01
07:15:00,5.450401E+03,2.489034E+03,4.810537E-01,2.194827E-01,0.000000E+00,0.000000E+00,0.000000E+00,0.000000E+00,0.000000E+00,0.000000E+00,0.000000E+00,0.000000E+00,2.111082E+01,5.091069E+01,2.388792E+01,4.892412E+01,8.116494E+03,4.936248E+03,7.163638E-01,4.352778E-01,0.000000E+00,0.000000E+00,0.000000E+00,0.000000E+00,0.000000E+00,0.000000E+00,0.000000E+00,0.000000E+00,2.111096E+01,5.100299E+01,2.388706E+01,5.131476E+01,1.103647E+03,7.433813E+02,9.740813E-02,6.555127E-02,0.000000E+00,0.000000E+00,0.000000E+00,0.000000E+00,0.000000E+00,0.000000E+00,0.000000E+00,0.000000E+00,2.111088E+01,5.093418E+01,2.388807E+01,4.769547E+01,1.323474E+03,1.467044E+03,1.168102E-01,1.293638E-01,0.000000E+00,0.000000E+00,0.000000E+00,0.000000E+00,0.000000E+00,0.000000E+00,0.000000E+00,0.000000E+00,2.111079E+01,5.081421E+01,2.388179E+01,5.551005E+01,6.740255E+03,1.020144E+04,5.948966E-01,8.995618E-01,0.000000E+00,0.000000E+00,0.000000E+00,0.000000E+00,0.000000E+00,0.000000E+00,0.000000E+00,0.000000E+00,2.111083E+01,5.082511E+01,2.387331E+01,6.478080E+01,3.097930E+03,3.075115E+03,2.734241E-01,2.711632E-01,0.000000E+00,0.000000E+00,0.000000E+00,0.000000E+00,0.000000E+00,0.000000E+00,0.000000E+00,0.000000E+00,2.111079E+01,5.080491E+01,2.388653E+01,4.955835E+01,1.302326E+03,5.116854E+02,1.149436E-01,4.512035E-02,0.000000E+00,0.000000E+00,0.000000E+00,0.000000E+00,0.000000E+00,0.000000E+00,0.000000E+00,0.000000E+00,2.111092E+01,5.092412E+01,2.388806E+01,4.979560E+01,1.560165E+03,3.686891E+02,1.377005E-01,3.251096E-02,0.000000E+00,0.000000E+00,0.000000E+00,0.000000E+00,0.000000E+00,0.000000E+00,0.000000E+00,0.000000E+00,2.111074E+01,5.071623E+01,2.388800E+01,5.132110E+01,1.825869E+03,1.470681E+03,1.611517E-01,1.296845E-01,0.000000E+00,0.000000E+00,0.000000E+00,0.000000E+00,0.000000E+00,0.000000E+00,0.000000E+00,0.000000E+00,2.111059E+01,5.061242E+01,2.388500E+01,5.216910E+01,1.478185E+02,1.930830E+02,1.304650E-02,1.702604E-02,0.000000E+00,0.000000E+00,0.000000E+00,0.000000E+00,0.000000E+00,0.000000E+00,0.000000E+00,0.000000E+00,2.111111E+01,5.124987E+01,2.388862E+01,4.657601E+01
07:30:00,5.341979E+03,2.491275E+03,4.714844E-01,2.196803E-01,0.000000E+00,0.000000E+00,0.000000E+00,0.000000E+00,0.000000E+00,0.000000E+00,0.000000E+00,0.000000E+00,2.111083E+01,5.090575E+01,2.388795E+01,4.882268E+01,7.760122E+03,5.020440E+03,6.849103E-01,4.427018E-01,0.000000E+00,0.000000E+00,0.000000E+00,0.000000E+00,0.000000E+00,0.000000E+00,0.000000E+00,0.000000E+00,2.111096E+01,5.099451E+01,2.388712E+01,5.104074E+01,1.053959E+03,7.322737E+02,9.302271E-02,6.457180E-02,0.000000E+00,0.000000E+00,0.000000E+00,0.000000E+00,0.000000E+00,0.000000E+00,0.000000E+00,0.000000E+00,2.111088E+01,5.092077E+01,2.388806E+01,4.771917E+01,1.262372E+03,1.450252E+03,1.114172E-01,1.278830E-01,0.000000E+00,0.000000E+00,0.000000E+00,0.000000E+00,0.000000E+00,0.000000E+00,0.000000E+00,0.000000E+00,2.111079E+01,5.079513E+01,2.388174E+01,5.561232E+01,6.530285E+03,1.027182E+04,5.763646E-01,9.057679E-01,0.000000E+00,0.000000E+00,0.000000E+00,0.000000E+00,0.000000E+00,0.000000E+00,0.000000E+00,0.000000E+00,2.111082E+01,5.081160E+01,2.387336E+01,6.465416E+01,2.959618E+03,3.128279E+03,2.612166E-01,2.758512E-01,0.000000E+00,0.000000E+00,0.000000E+00,0.000000E+00,0.000000E+00,0.000000E+00,0.000000E+00,0.000000E+00,2.111079E+01,5.078664E+01,2.388652E+01,4.949771E+01,1.239548E+03,5.075021E+02,1.094028E-01,4.475147E-02,0.000000E+00,0.000000E+00,0.000000E+00,0.000000E+00,0.000000E+00,0.000000E+00,0.000000E+00,0.000000E+00,2.111092E+01,5.091330E+01,2.388809E+01,4.966008E+01,1.496172E+03,3.719725E+02,1.320525E-01,3.280049E-02,0.000000E+00,0.000000E+00,0.000000E+00,0.000000E+00,0.000000E+00,0.000000E+00,0.000000E+00,0.000000E+00,2.111074E+01,5.069671E+01,2.388803E+01,5.107743E+01,1.754322E+03,1.446426E+03,1.548369E-01,1.275457E-01,0.000000E+00,0.000000E+00,0.000000E+00,0.000000E+00,0.000000E+00,0.000000E+00,0.000000E+00,0.000000E+00,2.111058E+01,5.058800E+01,2.388495E+01,5.226994E+01,1.395200E+02,1.849709E+02,1.231407E-02,1.631071E-02,0.000000E+00,0.000000E+00,0.000000E+00,0.000000E+00,0.000000E+00,0.000000E+00,0.000000E+00,0.000000E+00,2.111111E+01,5.124987E+01,2.388862E+01,4.659994E+01
07:45:00,5.250625E+03,2.492876E+03,4.634214E-01,2.198215E-01,0.000000E+00,0.000000E+00,0.000000E+00,0.000000E+00,0.000000E+00,0.000000E+00,0.000000E+00,0.000000E+00,2.111083E+01,5.089930E+01,2.388796E+01,4.876150E+01,7.461763E+03,5.116289E+03,6.585770E-01,4.511537E-01,0.000000E+00,0.000000E+00,0.000000E+00,0.000000E+00,0.000000E+00,0.000000E+00,0.000000E+00,0.000000E+00,2.111096E+01,5.098442E+01,2.388714E+01,5.085400E+01,1.012836E+03,7.296309E+02,8.939319E-02,6.433876E-02,0.000000E+00,0.000000E+00,0.000000E+00,0.000000E+00,0.000000E+00,0.000000E+00,0.000000E+00,0.000000E+00,2.111087E+01,5.090677E+01,2.388806E+01,4.773087E+01,1.212177E+03,1.441458E+03,1.069871E-01,1.271076E-01,0.000000E+00,0.000000E+00,0.000000E+00,0.000000E+00,0.000000E+00,0.000000E+00,0.000000E+00,0.000000E+00,2.111079E+01,5.077548E+01,2.388173E+01,5.566804E+01,6.368598E+03,1.031113E+04,5.620941E-01,9.092342E-01,0.000000E+00,0.000000E+00,0.000000E+00,0.000000E+00,0.000000E+00,0.000000E+00,0.000000E+00,0.000000E+00,2.111082E+01,5.079910E+01,2.387338E+01,6.458643E+01,2.845480E+03,3.196888E+03,2.511428E-01,2.819012E-01,0.000000E+00,0.000000E+00,0.000000E+00,0.000000E+00,0.000000E+00,0.000000E+00,0.000000E+00,0.000000E+00,2.111079E+01,5.076716E+01,2.388651E+01,4.943614E+01,1.187193E+03,5.077901E+02,1.047819E-01,4.477686E-02,0.000000E+00,0.000000E+00,0.000000E+00,0.000000E+00,0.000000E+00,0.000000E+00,0.000000E+00,0.000000E+00,2.111092E+01,5.089903E+01,2.388810E+01,4.956641E+01,1.443075E+03,3.790710E+02,1.273661E-01,3.342643E-02,0.000000E+00,0.000000E+00,0.000000E+00,0.000000E+00,0.000000E+00,0.000000E+00,0.000000E+00,0.000000E+00,2.111074E+01,5.067573E+01,2.388803E+01,5.088844E+01,1.695109E+03,1.432816E+03,1.496107E-01,1.263455E-01,0.000000E+00,0.000000E+00,0.000000E+00,0.000000E+00,0.000000E+00,0.000000E+00,0.000000E+00,0.000000E+00,2.111058E+01,5.056377E+01,2.388493E+01,5.232972E+01,1.321925E+02,1.783577E+02,1.166734E-02,1.572756E-02,0.000000E+00,0.000000E+00,0.000000E+00,0.000000E+00,0.000000E+00,0.000000E+00,0.000000E+00,0.000000E+00,2.111111E+01,5.124987E+01,2.388862E+01,4.661961E+01
08:00:00,5.172769E+03,2.494312E+03,4.565498E-01,2.199481E-01,0.000000E+00,0.000000E+00,0.000000E+00,0.000000E+00,0.000000E+00,0.000000E+00,0.000000E+00,0.000000E+00,2.111082E+01,5.089306E+01,2.388750E+01,4.873055E+01,7.207851E+03,5.221319E+03,6.361667E-01,4.604152E-01,0.000000E+00,0.000000E+00,0.000000E+00,0.000000E+00,0.000000E+00,0.000000E+00,0.000000E+00,0.000000E+00,2.111096E+01,5.097421E+01,2.388629E+01,5.072911E+01,9.783431E+02,7.331576E+02,8.634880E-02,6.464974E-02,0.000000E+00,0.000000E+00,0.000000E+00,0.000000E+00,0.000000E+00,0.000000E+00,0.000000E+00,0.000000E+00,2.111087E+01,5.089382E+01,2.388769E+01,4.773223E+01,1.170281E+03,1.438172E+03,1.032893E-01,1.268178E-01,0.000000E+00,0.000000E+00,0.000000E+00,0.000000E+00,0.000000E+00,0.000000E+00,0.000000E+00,0.000000E+00,2.111079E+01,5.075740E+01,2.387904E+01,5.569472E+01,6.240649E+03,1.030699E+04,5.508012E-01,9.088694E-01,0.000000E+00,0.000000E+00,0.000000E+00,0.000000E+00,0.000000E+00,0.000000E+00,0.000000E+00,0.000000E+00,2.111081E+01,5.078808E+01,2.386692E+01,6.459035E+01,2.749578E+03,3.276017E+03,2.426784E-01,2.888788E-01,0.000000E+00,0.000000E+00,0.000000E+00,0.000000E+00,0.000000E+00,0.000000E+00,0.000000E+00,0.000000E+00,2.111079E+01,5.074905E+01,2.388562E+01,4.937537E+01,1.142778E+03,5.118909E+02,1.008619E-01,4.513847E-02,0.000000E+00,0.000000E+00,0.000000E+00,0.000000E+00,0.000000E+00,0.000000E+00,0.000000E+00,0.000000E+00,2.111092E+01,5.088416E+01,2.388768E+01,4.950134E+01,1.398170E+03,3.895929E+02,1.234028E-01,3.435425E-02,0.000000E+00,0.000000E+00,0.000000E+00,0.000000E+00,0.000000E+00,0.000000E+00,0.000000E+00,0.000000E+00,2.111073E+01,5.065582E+01,2.388755E+01,5.074085E+01,1.645311E+03,1.427612E+03,1.452155E-01,1.258867E-01,0.000000E+00,0.000000E+00,0.000000E+00,0.000000E+00,0.000000E+00,0.000000E+00,0.000000E+00,0.000000E+00,2.111057E+01,5.054205E+01,2.388331E+01,5.236031E+01,1.256800E+02,1.729910E+02,1.109254E-02,1.525432E-02,0.000000E+00,0.000000E+00,0.000000E+00,0.000000E+00,0.000000E+00,0.000000E+00,0.000000E+00,0.000000E+00,2.111111E+01,5.124987E+01,2.388853E+01,4.663588E+01
08:15:00,5.105917E+03,2.489124E+03,4.506495E-01,2.194906E-01,0.000000E+00,0.000000E+00,0.000000E+00,0.000000E+00,0.000000E+00,0.000000E+00,0.000000E+00,0.000000E+00,2.111082E+01,5.088773E+01,2.388746E+01,4.870097E+01,6.989303E+03,5.332833E+03,6.168776E-01,4.702485E-01,0.000000E+00,0.000000E+00,0.000000E+00,0.000000E+00,0.000000E+00,0.000000E+00,0.000000E+00,0.000000E+00,2.111096E+01,5.096475E+01,2.388621E+01,5.058423E+01,9.491206E+02,7.413985E+02,8.376962E-02,6.537643E-02,0.000000E+00,0.000000E+00,0.000000E+00,0.000000E+00,0.000000E+00,0.000000E+00,0.000000E+00,0.000000E+00,2.111087E+01,5.088236E+01,2.388762E+01,4.772321E+01,1.134895E+03,1.439230E+03,1.001661E-01,1.269111E-01,0.000000E+00,0.000000E+00,0.000000E+00,0.000000E+00,0.000000E+00,0.000000E+00,0.000000E+00,0.000000E+00,2.111078E+01,5.074142E+01,2.387841E+01,5.569923E+01,6.137126E+03,1.025994E+04,5.416643E-01,9.047204E-01,0.000000E+00,0.000000E+00,0.000000E+00,0.000000E+00,0.000000E+00,0.000000E+00,0.000000E+00,0.000000E+00,2.111081E+01,5.077874E+01,2.386543E+01,6.464995E+01,2.667916E+03,3.361129E+03,2.354709E-01,2.963839E-01,0.000000E+00,0.000000E+00,0.000000E+00,0.000000E+00,0.000000E+00,0.000000E+00,0.000000E+00,0.000000E+00,2.111078E+01,5.073301E+01,2.388542E+01,4.929099E+01,1.104645E+03,5.192915E+02,9.749622E-02,4.579106E-02,0.000000E+00,0.000000E+00,0.000000E+00,0.000000E+00,0.000000E+00,0.000000E+00,0.000000E+00,0.000000E+00,2.111092E+01,5.087029E+01,2.388765E+01,4.942137E+01,1.359694E+03,4.031513E+02,1.200069E-01,3.554983E-02,0.000000E+00,0.000000E+00,0.000000E+00,0.000000E+00,0.000000E+00,0.000000E+00,0.000000E+00,0.000000E+00,2.111073E+01,5.063795E+01,2.388751E+01,5.055214E+01,1.602956E+03,1.429445E+03,1.414773E-01,1.260483E-01,0.000000E+00,0.000000E+00,0.000000E+00,0.000000E+00,0.000000E+00,0.000000E+00,0.000000E+00,0.000000E+00,2.111057E+01,5.052305E+01,2.388296E+01,5.237069E+01,1.198664E+02,1.686750E+02,1.057944E-02,1.487374E-02,0.000000E+00,0.000000E+00,0.000000E+00,0.000000E+00,0.000000E+00,0.000000E+00,0.000000E+00,0.000000E+00,2.111111E+01,5.124987E+01,2.388851E+01,4.665493E+01
08:30:00,5.048182E+03,2.487547E+03,4.455538E-01,2.193516E-01,0.000000E+00,0.000000E+00,0.000000E+00,0.000000E+00,0.000000E+00,0.000000E+00,0.000000E+00,0.000000E+00,2.111082E+01,5.088326E+01,2.388748E+01,4.868448E+01,6.799640E+03,5.451879E+03,6.001379E-01,4.807460E-01,0.000000E+00,0.000000E+00,0.000000E+00,0.000000E+00,0.000000E+00,0.000000E+00,0.000000E+00,0.000000E+00,2.111095E+01,5.095617E+01,2.388622E+01,5.045590E+01,9.241727E+02,7.530722E+02,8.156771E-02,6.640581E-02,0.000000E+00,0.000000E+00,0.000000E+00,0.000000E+00,0.000000E+00,0.000000E+00,0.000000E+00,0.000000E+00,2.111086E+01,5.087217E+01,2.388760E+01,4.770409E+01,1.104736E+03,1.443540E+03,9.750431E-02,1.272912E-01,0.000000E+00,0.000000E+00,0.000000E+00,0.000000E+00,0.000000E+00,0.000000E+00,0.000000E+00,0.000000E+00,2.111078E+01,5.072722E+01,2.387824E+01,5.567966E+01,6.051621E+03,1.017083E+04,5.341176E-01,8.968622E-01,0.000000E+00,0.000000E+00,0.000000E+00,0.000000E+00,0.000000E+00,0.000000E+00,0.000000E+00,0.000000E+00,2.111081E+01,5.077090E+01,2.386517E+01,6.478991E+01,2.597673E+03,3.448772E+03,2.292712E-01,3.041122E-01,0.000000E+00,0.000000E+00,0.000000E+00,0.000000E+00,0.000000E+00,0.000000E+00,0.000000E+00,0.000000E+00,2.111078E+01,5.071872E+01,2.388539E+01,4.920637E+01,1.071616E+03,5.295213E+02,9.458110E-02,4.669313E-02,0.000000E+00,0.000000E+00,0.000000E+00,0.000000E+00,0.000000E+00,0.000000E+00,0.000000E+00,0.000000E+00,2.111091E+01,5.085773E+01,2.388765E+01,4.934490E+01,1.326422E+03,4.194209E+02,1.170703E-01,3.698448E-02,0.000000E+00,0.000000E+00,0.000000E+00,0.000000E+00,0.000000E+00,0.000000E+00,0.000000E+00,0.000000E+00,2.111072E+01,5.062198E+01,2.388752E+01,5.036865E+01,1.566639E+03,1.437328E+03,1.382720E-01,1.267434E-01,0.000000E+00,0.000000E+00,0.000000E+00,0.000000E+00,0.000000E+00,0.000000E+00,0.000000E+00,0.000000E+00,2.111056E+01,5.050620E+01,2.388285E+01,5.235248E+01,1.146605E+02,1.652493E+02,1.011997E-02,1.457167E-02,0.000000E+00,0.000000E+00,0.000000E+00,0.000000E+00,0.000000E+00,0.000000E+00,0.000000E+00,0.000000E+00,2.111111E+01,5.124987E+01,2.388851E+01,4.667137E+01
08:45:00,4.997844E+03,2.495621E+03,4.411110E-01,2.200636E-01,0.000000E+00,0.000000E+00,0.000000E+00,0.000000E+00,0.000000E+00,0.000000E+00,0.000000E+00,0.000000E+00,2.111082E+01,5.087938E+01,2.388749E+01,4.867343E+01,6.634321E+03,5.575417E+03,5.855468E-01,4.916395E-01,0.000000E+00,0.000000E+00,0.000000E+00,0.000000E+00,0.000000E+00,0.000000E+00,0.000000E+00,0.000000E+00,2.111095E+01,5.094836E+01,2.388624E+01,5.033801E+01,9.027563E+02,7.671129E+02,7.967749E-02,6.764392E-02,0.000000E+00,0.000000E+00,0.000000E+00,0.000000E+00,0.000000E+00,0.000000E+00,0.000000E+00,0.000000E+00,2.111086E+01,5.086297E+01,2.388759E+01,4.767803E+01,1.078872E+03,1.450157E+03,9.522153E-02,1.278747E-01,0.000000E+00,0.000000E+00,0.000000E+00,0.000000E+00,0.000000E+00,0.000000E+00,0.000000E+00,0.000000E+00,2.111077E+01,5.071440E+01,2.387819E+01,5.564229E+01,5.979881E+03,1.003899E+04,5.277858E-01,8.852372E-01,0.000000E+00,0.000000E+00,0.000000E+00,0.000000E+00,0.000000E+00,0.000000E+00,0.000000E+00,0.000000E+00,2.111081E+01,5.076423E+01,2.386520E+01,6.500400E+01,2.536866E+03,3.534448E+03,2.239045E-01,3.116672E-01,0.000000E+00,0.000000E+00,0.000000E+00,0.000000E+00,0.000000E+00,0.000000E+00,0.000000E+00,0.000000E+00,2.111077E+01,5.070575E+01,2.388540E+01,4.912506E+01,1.042848E+03,5.421290E+02,9.204203E-02,4.780486E-02,0.000000E+00,0.000000E+00,0.000000E+00,0.000000E+00,0.000000E+00,0.000000E+00,0.000000E+00,0.000000E+00,2.111091E+01,5.084628E+01,2.388765E+01,4.926780E+01,1.297486E+03,4.380482E+02,1.145165E-01,3.862704E-02,0.000000E+00,0.000000E+00,0.000000E+00,0.000000E+00,0.000000E+00,0.000000E+00,0.000000E+00,0.000000E+00,2.111072E+01,5.060751E+01,2.388752E+01,5.018691E+01,1.535364E+03,1.450469E+03,1.355116E-01,1.279022E-01,0.000000E+00,0.000000E+00,0.000000E+00,0.000000E+00,0.000000E+00,0.000000E+00,0.000000E+00,0.000000E+00,2.111056E+01,5.049100E+01,2.388281E+01,5.231019E+01,1.099912E+02,1.625812E+02,9.707854E-03,1.433639E-02,0.000000E+00,0.000000E+00,0.000000E+00,0.000000E+00,0.000000E+00,0.000000E+00,0.000000E+00,0.000000E+00,2.111111E+01,5.124987E+01,2.388850E+01,4.668521E+01
09:00:00,4.953928E+03,2.511173E+03,4.372349E-01,2.214349E-01,0.000000E+00,0.000000E+00,0.000000E+00,0.000000E+00,0.000000E+00,0.000000E+00,0.000000E+00,0.000000E+00,2.111082E+01,5.087594E+01,2.388748E+01,4.865905E+01,6.489446E+03,5.699869E+03,5.727601E-01,5.026138E-01,0.000000E+00,0.000000E+00,0.000000E+00,0.000000E+00,0.000000E+00,0.000000E+00,0.000000E+00,0.000000E+00,2.111095E+01,5.094118E+01,2.388627E+01,5.022897E+01,8.843251E+02,7.823807E+02,7.805076E-02,6.899023E-02,0.000000E+00,0.000000E+00,0.000000E+00,0.000000E+00,0.000000E+00,0.000000E+00,0.000000E+00,0.000000E+00,2.111086E+01,5.085460E+01,2.388759E+01,4.764751E+01,1.056587E+03,1.458960E+03,9.325460E-02,1.286509E-01,0.000000E+00,0.000000E+00,0.000000E+00,0.000000E+00,0.000000E+00,0.000000E+00,0.000000E+00,0.000000E+00,2.111077E+01,5.070274E+01,2.387816E+01,5.558952E+01,5.918800E+03,9.884397E+03,5.223948E-01,8.716049E-01,0.000000E+00,0.000000E+00,0.000000E+00,0.000000E+00,0.000000E+00,0.000000E+00,0.000000E+00,0.000000E+00,2.111080E+01,5.075848E+01,2.386527E+01,6.528231E+01,2.483892E+03,3.616802E+03,2.192289E-01,3.189292E-01,0.000000E+00,0.000000E+00,0.000000E+00,0.000000E+00,0.000000E+00,0.000000E+00,0.000000E+00,0.000000E+00,2.111077E+01,5.069385E+01,2.388543E+01,4.905112E+01,1.017662E+03,5.568793E+02,8.981911E-02,4.910555E-02,0.000000E+00,0.000000E+00,0.000000E+00,0.000000E+00,0.000000E+00,0.000000E+00,0.000000E+00,0.000000E+00,2.111091E+01,5.083571E+01,2.388765E+01,4.918802E+01,1.272196E+03,4.588856E+02,1.122843E-01,4.046448E-02,0.000000E+00,0.000000E+00,0.000000E+00,0.000000E+00,0.000000E+00,0.000000E+00,0.000000E+00,0.000000E+00,2.111072E+01,5.059427E+01,2.388752E+01,5.000559E+01,1.508291E+03,1.468409E+03,1.331221E-01,1.294841E-01,0.000000E+00,0.000000E+00,0.000000E+00,0.000000E+00,0.000000E+00,0.000000E+00,0.000000E+00,0.000000E+00,2.111055E+01,5.047723E+01,2.388278E+01,5.224618E+01,1.057957E+02,1.605666E+02,9.337552E-03,1.415874E-02,0.000000E+00,0.000000E+00,0.000000E+00,0.000000E+00,0.000000E+00,0.000000E+00,0.000000E+00,0.000000E+00,2.111111E+01,5.124987E+01,2.388850E+01,4.669654E+01
09:15:00,4.915483E+03,2.538740E+03,4.338418E-01,2.238658E-01,0.000000E+00,0.000000E+00,0.000000E+00,0.000000E+00,0.000000E+00,0.000000E+00,0.000000E+00,0.000000E+00,2.111082E+01,5.087284E+01,2.388747E+01,4.863824E+01,6.361953E+03,5.820576E+03,5.615075E-01,5.132576E-01,0.000000E+00,0.000000E+00,0.000000E+00,0.000000E+00,0.000000E+00,0.000000E+00,0.000000E+00,0.000000E+00,2.111095E+01,5.093454E+01,2.388629E+01,5.012830E+01,8.683735E+02,7.977355E+02,7.664286E-02,7.034421E-02,0.000000E+00,0.000000E+00,0.000000E+00,0.000000E+00,0.000000E+00,0.000000E+00,0.000000E+00,0.000000E+00,2.111086E+01,5.084701E+01,2.388759E+01,4.761545E+01,1.037281E+03,1.468975E+03,9.155068E-02,1.295340E-01,0.000000E+00,0.000000E+00,0.000000E+00,0.000000E+00,0.000000E+00,0.000000E+00,0.000000E+00,0.000000E+00,2.111077E+01,5.069215E+01,2.387816E+01,5.552630E+01,5.866084E+03,9.713242E+03,5.177421E-01,8.565124E-01,0.000000E+00,0.000000E+00,0.000000E+00,0.000000E+00,0.000000E+00,0.000000E+00,0.000000E+00,0.000000E+00,2.111080E+01,5.075345E+01,2.386530E+01,6.560655E+01,2.437502E+03,3.693473E+03,2.151346E-01,3.256900E-01,0.000000E+00,0.000000E+00,0.000000E+00,0.000000E+00,0.000000E+00,0.000000E+00,0.000000E+00,0.000000E+00,2.111077E+01,5.068291E+01,2.388545E+01,4.898519E+01,9.955143E+02,5.733296E+02,8.786434E-02,5.055613E-02,0.000000E+00,0.000000E+00,0.000000E+00,0.000000E+00,0.000000E+00,0.000000E+00,0.000000E+00,0.000000E+00,2.111091E+01,5.082589E+01,2.388765E+01,4.910483E+01,1.249997E+03,4.814818E+02,1.103251E-01,4.245701E-02,0.000000E+00,0.000000E+00,0.000000E+00,0.000000E+00,0.000000E+00,0.000000E+00,0.000000E+00,0.000000E+00,2.111072E+01,5.058212E+01,2.388753E+01,4.982475E+01,1.484765E+03,1.490006E+03,1.310458E-01,1.313886E-01,0.000000E+00,0.000000E+00,0.000000E+00,0.000000E+00,0.000000E+00,0.000000E+00,0.000000E+00,0.000000E+00,2.111055E+01,5.046476E+01,2.388276E+01,5.216508E+01,1.020196E+02,1.591115E+02,9.004274E-03,1.403043E-02,0.000000E+00,0.000000E+00,0.000000E+00,0.000000E+00,0.000000E+00,0.000000E+00,0.000000E+00,0.000000E+00,2.111111E+01,5.124987E+01,2.388849E+01,4.670547E+01
09:30:00,4.881703E+03,2.572835E+03,4.308604E-01,2.268723E-01,0.000000E+00,0.000000E+00,0.000000E+00,0.000000E+00,0.000000E+00,0.000000E+00,0.000000E+00,0.000000E+00,2.111082E+01,5.087006E+01,2.388746E+01,4.861193E+01,6.249382E+03,5.936662E+03,5.515720E-01,5.234941E-01,0.000000E+00,0.000000E+00,0.000000E+00,0.000000E+00,0.000000E+00,0.000000E+00,0.000000E+00,0.000000E+00,2.111095E+01,5.092839E+01,2.388631E+01,5.003599E+01,8.545170E+02,8.125910E+02,7.541988E-02,7.165417E-02,0.000000E+00,0.000000E+00,0.000000E+00,0.000000E+00,0.000000E+00,0.000000E+00,0.000000E+00,0.000000E+00,2.111085E+01,5.084014E+01,2.388760E+01,4.758456E+01,1.020489E+03,1.479795E+03,9.006863E-02,1.304881E-01,0.000000E+00,0.000000E+00,0.000000E+00,0.000000E+00,0.000000E+00,0.000000E+00,0.000000E+00,0.000000E+00,2.111077E+01,5.068254E+01,2.387816E+01,5.545859E+01,5.820251E+03,9.540873E+03,5.136968E-01,8.413129E-01,0.000000E+00,0.000000E+00,0.000000E+00,0.000000E+00,0.000000E+00,0.000000E+00,0.000000E+00,0.000000E+00,2.111080E+01,5.074900E+01,2.386528E+01,6.595521E+01,2.396714E+03,3.762839E+03,2.115346E-01,3.318067E-01,0.000000E+00,0.000000E+00,0.000000E+00,0.000000E+00,0.000000E+00,0.000000E+00,0.000000E+00,0.000000E+00,2.111077E+01,5.067287E+01,2.388548E+01,4.892713E+01,9.759690E+02,5.911688E+02,8.613926E-02,5.212919E-02,0.000000E+00,0.000000E+00,0.000000E+00,0.000000E+00,0.000000E+00,0.000000E+00,0.000000E+00,0.000000E+00,2.111091E+01,5.081676E+01,2.388765E+01,4.901854E+01,1.230449E+03,5.055518E+02,1.085997E-01,4.457949E-02,0.000000E+00,0.000000E+00,0.000000E+00,0.000000E+00,0.000000E+00,0.000000E+00,0.000000E+00,0.000000E+00,2.111071E+01,5.057098E+01,2.388753E+01,4.964565E+01,1.464260E+03,1.514649E+03,1.292360E-01,1.335616E-01,0.000000E+00,0.000000E+00,0.000000E+00,0.000000E+00,0.000000E+00,0.000000E+00,0.000000E+00,0.000000E+00,2.111055E+01,5.045350E+01,2.388276E+01,5.207266E+01,9.861659E+01,1.581347E+02,8.703925E-03,1.394429E-02,0.000000E+00,0.000000E+00,0.000000E+00,0.000000E+00,0.000000E+00,0.000000E+00,0.000000E+00,0.000000E+00,2.111111E+01,5.124987E+01,2.388849E+01,4.671218E+01
09:45:00,4.851905E+03,2.608455E+03,4.282304E-01,2.300132E-01,0.000000E+00,0.000000E+00,0.000000E+00,0.000000E+00,0.000000E+00,0.000000E+00,0.000000E+00,0.000000E+00,2.111082E+01,5.086756E+01,2.388746E+01,4.858203E+01,6.149413E+03,6.048517E+03,5.427487E-01,5.333574E-01,0.000000E+00,0.000000E+00,0.000000E+00,0.000000E+00,0.000000E+00,0.000000E+00,0.000000E+00,0.000000E+00,2.111095E+01,5.092270E+01,2.388633E+01,4.995159E+01,8.424330E+02,8.264784E+02,7.435334E-02,7.287876E-02,0.000000E+00,0.000000E+00,0.000000E+00,0.000000E+00,0.000000E+00,0.000000E+00,0.000000E+00,0.000000E+00,2.111085E+01,5.083391E+01,2.388761E+01,4.755623E+01,1.005814E+03,1.490757E+03,8.877335E-02,1.314548E-01,0.000000E+00,0.000000E+00,0.000000E+00,0.000000E+00,0.000000E+00,0.000000E+00,0.000000E+00,0.000000E+00,2.111076E+01,5.067383E+01,2.387818E+01,5.539013E+01,5.780041E+03,9.383802E+03,5.101479E-01,8.274625E-01,0.000000E+00,0.000000E+00,0.000000E+00,0.000000E+00,0.000000E+00,0.000000E+00,0.000000E+00,0.000000E+00,2.111080E+01,5.074506E+01,2.386519E+01,6.630040E+01,2.360644E+03,3.824854E+03,2.083510E-01,3.372751E-01,0.000000E+00,0.000000E+00,0.000000E+00,0.000000E+00,0.000000E+00,0.000000E+00,0.000000E+00,0.000000E+00,2.111077E+01,5.066367E+01,2.388550E+01,4.887700E+01,9.586387E+02,6.100631E+02,8.460969E-02,5.379529E-02,0.000000E+00,0.000000E+00,0.000000E+00,0.000000E+00,0.000000E+00,0.000000E+00,0.000000E+00,0.000000E+00,2.111091E+01,5.080828E+01,2.388765E+01,4.893010E+01,1.213156E+03,5.307550E+02,1.070734E-01,4.680191E-02,0.000000E+00,0.000000E+00,0.000000E+00,0.000000E+00,0.000000E+00,0.000000E+00,0.000000E+00,0.000000E+00,2.111071E+01,5.056076E+01,2.388754E+01,4.947011E+01,1.446292E+03,1.541333E+03,1.276501E-01,1.359145E-01,0.000000E+00,0.000000E+00,0.000000E+00,0.000000E+00,0.000000E+00,0.000000E+00,0.000000E+00,0.000000E+00,2.111054E+01,5.044335E+01,2.388277E+01,5.197335E+01,9.554298E+01,1.575643E+02,8.432647E-03,1.389400E-02,0.000000E+00,0.000000E+00,0.000000E+00,0.000000E+00,0.000000E+00,0.000000E+00,0.000000E+00,0.000000E+00,2.111111E+01,5.124987E+01,2.388848E+01,4.671686E+01
10:00:00,4.825517E+03,2.645468E+03,4.259013E-01,2.332771E-01,0.000000E+00,0.000000E+00,0.000000E+00,0.000000E+00,0.000000E+00,0.000000E+00,0.000000E+00,0.000000E+00,2.111081E+01,5.086533E+01,2.388746E+01,4.854994E+01,6.060512E+03,6.156500E+03,5.349023E-01,5.428794E-01,0.000000E+00,0.000000E+00,0.000000E+00,0.000000E+00,0.000000E+00,0.000000E+00,0.000000E+00,0.000000E+00,2.111095E+01,5.091745E+01,2.388634E+01,4.987415E+01,8.318246E+02,8.399492E+02,7.341704E-02,7.406662E-02,0.000000E+00,0.000000E+00,0.000000E+00,0.000000E+00,0.000000E+00,0.000000E+00,0.000000E+00,0.000000E+00,2.111085E+01,5.082829E+01,2.388761E+01,4.753039E+01,9.929294E+02,1.501625E+03,8.763619E-02,1.324131E-01,0.000000E+00,0.000000E+00,0.000000E+00,0.000000E+00,0.000000E+00,0.000000E+00,0.000000E+00,0.000000E+00,2.111076E+01,5.066595E+01,2.387820E+01,5.532280E+01,5.744546E+03,9.258691E+03,5.070151E-01,8.164302E-01,0.000000E+00,0.000000E+00,0.000000E+00,0.000000E+00,0.000000E+00,0.000000E+00,0.000000E+00,0.000000E+00,2.111080E+01,5.074155E+01,2.386503E+01,6.660683E+01,2.328675E+03,3.877835E+03,2.055295E-01,3.419470E-01,0.000000E+00,0.000000E+00,0.000000E+00,0.000000E+00,0.000000E+00,0.000000E+00,0.000000E+00,0.000000E+00,2.111076E+01,5.065524E+01,2.388553E+01,4.883502E+01,9.432328E+02,6.296951E+02,8.324996E-02,5.552643E-02,0.000000E+00,0.000000E+00,0.000000E+00,0.000000E+00,0.000000E+00,0.000000E+00,0.000000E+00,0.000000E+00,2.111090E+01,5.080043E+01,2.388765E+01,4.884077E+01,1.197822E+03,5.567417E+02,1.057201E-01,4.909341E-02,0.000000E+00,0.000000E+00,0.000000E+00,0.000000E+00,0.000000E+00,0.000000E+00,0.000000E+00,0.000000E+00,2.111071E+01,5.055143E+01,2.388755E+01,4.930020E+01,1.430529E+03,1.569577E+03,1.262589E-01,1.384051E-01,0.000000E+00,0.000000E+00,0.000000E+00,0.000000E+00,0.000000E+00,0.000000E+00,0.000000E+00,0.000000E+00,2.111054E+01,5.043421E+01,2.388278E+01,5.187017E+01,9.276391E+01,1.573378E+02,8.187366E-03,1.387403E-02,0.000000E+00,0.000000E+00,0.000000E+00,0.000000E+00,0.000000E+00,0.000000E+00,0.000000E+00,0.000000E+00,2.111111E+01,5.124987E+01,2.388848E+01,4.671971E+01
10:15:00,4.802054E+03,2.684492E+03,4.238305E-01,2.367182E-01,0.000000E+00,0.000000E+00,0.000000E+00,0.000000E+00,0.000000E+00,0.000000E+00,0.000000E+00,0.000000E+00,2.111081E+01,5.086333E+01,2.388746E+01,4.851639E+01,5.981331E+03,6.260846E+03,5.279138E-01,5.520806E-01,0.000000E+00,0.000000E+00,0.000000E+00,0.000000E+00,0.000000E+00,0.000000E+00,0.000000E+00,0.000000E+00,2.111095E+01,5.091261E+01,2.388636E+01,4.980239E+01,8.225175E+02,8.536456E+02,7.259560E-02,7.527436E-02,0.000000E+00,0.000000E+00,0.000000E+00,0.000000E+00,0.000000E+00,0.000000E+00,0.000000E+00,0.000000E+00,2.111085E+01,5.082321E+01,2.388762E+01,4.750561E+01,9.816049E+02,1.512238E+03,8.663670E-02,1.333489E-01,0.000000E+00,0.000000E+00,0.000000E+00,0.000000E+00,0.000000E+00,0.000000E+00,0.000000E+00,0.000000E+00,2.111076E+01,5.065882E+01,2.387822E+01,5.525758E+01,5.713069E+03,9.175626E+03,5.042369E-01,8.091056E-01,0.000000E+00,0.000000E+00,0.000000E+00,0.000000E+00,0.000000E+00,0.000000E+00,0.000000E+00,0.000000E+00,2.111080E+01,5.073841E+01,2.386479E+01,6.683195E+01,2.300289E+03,3.920747E+03,2.030240E-01,3.457309E-01,0.000000E+00,0.000000E+00,0.000000E+00,0.000000E+00,0.000000E+00,0.000000E+00,0.000000E+00,0.000000E+00,2.111076E+01,5.064754E+01,2.388555E+01,4.880137E+01,9.295125E+02,6.498447E+02,8.203900E-02,5.730323E-02,0.000000E+00,0.000000E+00,0.000000E+00,0.000000E+00,0.000000E+00,0.000000E+00,0.000000E+00,0.000000E+00,2.111090E+01,5.079316E+01,2.388766E+01,4.875189E+01,1.184203E+03,5.832500E+02,1.045180E-01,5.143091E-02,0.000000E+00,0.000000E+00,0.000000E+00,0.000000E+00,0.000000E+00,0.000000E+00,0.000000E+00,0.000000E+00,2.111071E+01,5.054290E+01,2.388757E+01,4.913781E+01,1.416681E+03,1.598974E+03,1.250366E-01,1.409973E-01,0.000000E+00,0.000000E+00,0.000000E+00,0.000000E+00,0.000000E+00,0.000000E+00,0.000000E+00,0.000000E+00,2.111054E+01,5.042599E+01,2.388280E+01,5.176533E+01,9.024939E+01,1.573997E+02,7.965433E-03,1.387948E-02,0.000000E+00,0.000000E+00,0.000000E+00,0.000000E+00,0.000000E+00,0.000000E+00,0.000000E+00,0.000000E+00,2.111111E+01,5.124987E+01,2.388848E+01,4.672097E+01
10:30:00,4.781106E+03,2.726758E+03,4.219816E-01,2.404452E-01,0.000000E+00,0.000000E+00,0.000000E+00,0.000000E+00,0.000000E+00,0.000000E+00,0.000000E+00,0.000000E+00,2.111081E+01,5.086153E+01,2.388746E+01,4.848143E+01,5.910687E+03,6.360869E+03,5.216787E-01,5.609006E-01,0.000000E+00,0.000000E+00,0.000000E+00,0.000000E+00,0.000000E+00,0.000000E+00,0.000000E+00,0.000000E+00,2.111094E+01,5.090815E+01,2.388637E+01,4.973579E+01,8.143396E+02,8.679403E+02,7.187381E-02,7.653487E-02,0.000000E+00,0.000000E+00,0.000000E+00,0.000000E+00,0.000000E+00,0.000000E+00,0.000000E+00,0.000000E+00,2.111085E+01,5.081863E+01,2.388762E+01,4.748064E+01,9.716319E+02,1.522613E+03,8.575648E-02,1.342638E-01,0.000000E+00,0.000000E+00,0.000000E+00,0.000000E+00,0.000000E+00,0.000000E+00,0.000000E+00,0.000000E+00,2.111076E+01,5.065237E+01,2.387824E+01,5.519552E+01,5.685046E+03,9.134368E+03,5.017636E-01,8.054674E-01,0.000000E+00,0.000000E+00,0.000000E+00,0.000000E+00,0.000000E+00,0.000000E+00,0.000000E+00,0.000000E+00,2.111080E+01,5.073559E+01,2.386453E+01,6.695636E+01,2.275034E+03,3.953054E+03,2.007951E-01,3.485798E-01,0.000000E+00,0.000000E+00,0.000000E+00,0.000000E+00,0.000000E+00,0.000000E+00,0.000000E+00,0.000000E+00,2.111076E+01,5.064049E+01,2.388557E+01,4.877621E+01,9.172705E+02,6.705335E+02,8.095852E-02,5.912756E-02,0.000000E+00,0.000000E+00,0.000000E+00,0.000000E+00,0.000000E+00,0.000000E+00,0.000000E+00,0.000000E+00,2.111090E+01,5.078645E+01,2.388767E+01,4.866464E+01,1.172086E+03,6.102600E+02,1.034486E-01,5.381265E-02,0.000000E+00,0.000000E+00,0.000000E+00,0.000000E+00,0.000000E+00,0.000000E+00,0.000000E+00,0.000000E+00,2.111071E+01,5.053511E+01,2.388758E+01,4.898447E+01,1.404494E+03,1.629396E+03,1.239610E-01,1.436799E-01,0.000000E+00,0.000000E+00,0.000000E+00,0.000000E+00,0.000000E+00,0.000000E+00,0.000000E+00,0.000000E+00,2.111054E+01,5.041860E+01,2.388283E+01,5.166087E+01,8.797245E+01,1.577006E+02,7.764471E-03,1.390602E-02,0.000000E+00,0.000000E+00,0.000000E+00,0.000000E+00,0.000000E+00,0.000000E+00,0.000000E+00,0.000000E+00,2.111111E+01,5.124987E+01,2.388848E+01,4.672084E+01
10:45:00,4.762322E+03,2.773429E+03,4.203238E-01,2.445606E-01,0.000000E+00,0.000000E+00,0.000000E+00,0.000000E+00,0.000000E+00,0.000000E+00,0.000000E+00,0.000000E+00,2.111081E+01,5.085990E+01,2.388746E+01,4.844437E+01,5.847555E+03,6.455368E+03,5.161067E-01,5.692335E-01,0.000000E+00,0.000000E+00,0.000000E+00,0.000000E+00,0.000000E+00,0.000000E+00,0.000000E+00,0.000000E+00,2.111094E+01,5.090406E+01,2.388639E+01,4.967448E+01,8.071409E+02,8.829701E+02,7.123846E-02,7.786019E-02,0.000000E+00,0.000000E+00,0.000000E+00,0.000000E+00,0.000000E+00,0.000000E+00,0.000000E+00,0.000000E+00,2.111085E+01,5.081451E+01,2.388762E+01,4.745523E+01,9.628319E+02,1.532923E+03,8.497978E-02,1.351730E-01,0.000000E+00,0.000000E+00,0.000000E+00,0.000000E+00,0.000000E+00,0.000000E+00,0.000000E+00,0.000000E+00,2.111076E+01,5.064656E+01,2.387826E+01,5.513568E+01,5.660014E+03,9.128155E+03,4.995543E-01,8.049195E-01,0.000000E+00,0.000000E+00,0.000000E+00,0.000000E+00,0.000000E+00,0.000000E+00,0.000000E+00,0.000000E+00,2.111080E+01,5.073305E+01,2.386433E+01,6.699539E+01,2.252528E+03,3.974587E+03,1.988087E-01,3.504786E-01,0.000000E+00,0.000000E+00,0.000000E+00,0.000000E+00,0.000000E+00,0.000000E+00,0.000000E+00,0.000000E+00,2.111076E+01,5.063406E+01,2.388560E+01,4.875924E+01,9.063281E+02,6.919915E+02,7.999274E-02,6.101972E-02,0.000000E+00,0.000000E+00,0.000000E+00,0.000000E+00,0.000000E+00,0.000000E+00,0.000000E+00,0.000000E+00,2.111090E+01,5.078026E+01,2.388767E+01,4.857939E+01,1.161287E+03,6.379676E+02,1.024954E-01,5.625590E-02,0.000000E+00,0.000000E+00,0.000000E+00,0.000000E+00,0.000000E+00,0.000000E+00,0.000000E+00,0.000000E+00,2.111070E+01,5.052801E+01,2.388760E+01,4.884053E+01,1.393750E+03,1.660979E+03,1.230127E-01,1.464649E-01,0.000000E+00,0.000000E+00,0.000000E+00,0.000000E+00,0.000000E+00,0.000000E+00,0.000000E+00,0.000000E+00,2.111053E+01,5.041196E+01,2.388285E+01,5.155691E+01,8.590910E+01,1.581963E+02,7.582359E-03,1.394973E-02,0.000000E+00,0.000000E+00,0.000000E+00,0.000000E+00,0.000000E+00,0.000000E+00,0.000000E+00,0.000000E+00,2.111111E+01,5.124987E+01,2.388848E+01,4.671956E+01
11:00:00,4.745405E+03,2.825300E+03,4.188306E-01,2.491346E-01,0.000000E+00,0.000000E+00,0.000000E+00,0.000000E+00,0.000000E+00,0.000000E+00,0.000000E+00,0.000000E+00,2.111081E+01,5.085842E+01,2.388745E+01,4.840446E+01,5.791046E+03,6.542538E+03,5.111192E-01,5.769202E-01,0.000000E+00,0.000000E+00,0.000000E+00,0.000000E+00,0.000000E+00,0.000000E+00,0.000000E+00,0.000000E+00,2.111094E+01,5.090029E+01,2.388640E+01,4.961879E+01,8.007929E+02,8.984416E+02,7.067818E-02,7.922447E-02,0.000000E+00,0.000000E+00,0.000000E+00,0.000000E+00,0.000000E+00,0.000000E+00,0.000000E+00,0.000000E+00,2.111085E+01,5.081080E+01,2.388763E+01,4.742969E+01,9.550523E+02,1.543403E+03,8.429315E-02,1.360971E-01,0.000000E+00,0.000000E+00,0.000000E+00,0.000000E+00,0.000000E+00,0.000000E+00,0.000000E+00,0.000000E+00,2.111076E+01,5.064131E+01,2.387827E+01,5.507581E+01,5.637591E+03,9.144144E+03,4.975752E-01,8.063294E-01,0.000000E+00,0.000000E+00,0.000000E+00,0.000000E+00,0.000000E+00,0.000000E+00,0.000000E+00,0.000000E+00,2.111080E+01,5.073076E+01,2.386420E+01,6.697694E+01,2.232437E+03,3.985413E+03,1.970355E-01,3.514332E-01,0.000000E+00,0.000000E+00,0.000000E+00,0.000000E+00,0.000000E+00,0.000000E+00,0.000000E+00,0.000000E+00,2.111076E+01,5.062819E+01,2.388561E+01,4.874992E+01,8.965310E+02,7.145421E+02,7.912805E-02,6.300823E-02,0.000000E+00,0.000000E+00,0.000000E+00,0.000000E+00,0.000000E+00,0.000000E+00,0.000000E+00,0.000000E+00,2.111090E+01,5.077456E+01,2.388768E+01,4.849576E+01,1.151647E+03,6.666713E+02,1.016447E-01,5.878699E-02,0.000000E+00,0.000000E+00,0.000000E+00,0.000000E+00,0.000000E+00,0.000000E+00,0.000000E+00,0.000000E+00,2.111070E+01,5.052154E+01,2.388762E+01,4.870530E+01,1.384263E+03,1.693998E+03,1.221754E-01,1.493766E-01,0.000000E+00,0.000000E+00,0.000000E+00,0.000000E+00,0.000000E+00,0.000000E+00,0.000000E+00,0.000000E+00,2.111053E+01,5.040600E+01,2.388287E+01,5.145227E+01,8.403794E+01,1.588472E+02,7.417209E-03,1.400712E-02,0.000000E+00,0.000000E+00,0.000000E+00,0.000000E+00,0.000000E+00,0.000000E+00,0.000000E+00,0.000000E+00,2.111111E+01,5.124987E+01,2.388848E+01,4.671733E+01
11:15:00,4.730109E+03,2.881052E+03,4.174806E-01,2.540508E-01,0.000000E+00,0.000000E+00,0.000000E+00,0.000000E+00,0.000000E+00,0.000000E+00,0.000000E+00,0.000000E+00,2.111081E+01,5.085708E+01,2.388745E+01,4.836146E+01,5.740550E+03,6.620282E+03,5.066623E-01,5.837756E-01,0.000000E+00,0.000000E+00,0.000000E+00,0.000000E+00,0.000000E+00,0.000000E+00,0.000000E+00,0.000000E+00,2.111094E+01,5.089684E+01,2.388642E+01,4.956890E+01,7.951967E+02,9.138016E+02,7.018426E-02,8.057890E-02,0.000000E+00,0.000000E+00,0.000000E+00,0.000000E+00,0.000000E+00,0.000000E+00,0.000000E+00,0.000000E+00,2.111085E+01,5.080746E+01,2.388763E+01,4.740447E+01,9.481828E+02,1.554122E+03,8.368685E-02,1.370423E-01,0.000000E+00,0.000000E+00,0.000000E+00,0.000000E+00,0.000000E+00,0.000000E+00,0.000000E+00,0.000000E+00,2.111076E+01,5.063658E+01,2.387828E+01,5.501409E+01,5.617528E+03,9.170838E+03,4.958044E-01,8.086833E-01,0.000000E+00,0.000000E+00,0.000000E+00,0.000000E+00,0.000000E+00,0.000000E+00,0.000000E+00,0.000000E+00,2.111080E+01,5.072869E+01,2.386412E+01,6.692397E+01,2.214534E+03,3.985437E+03,1.954553E-01,3.514354E-01,0.000000E+00,0.000000E+00,0.000000E+00,0.000000E+00,0.000000E+00,0.000000E+00,0.000000E+00,0.000000E+00,2.111076E+01,5.062284E+01,2.388563E+01,4.874781E+01,8.877766E+02,7.384054E+02,7.835538E-02,6.511250E-02,0.000000E+00,0.000000E+00,0.000000E+00,0.000000E+00,0.000000E+00,0.000000E+00,0.000000E+00,0.000000E+00,2.111090E+01,5.076931E+01,2.388768E+01,4.841316E+01,1.143059E+03,6.965391E+02,1.008867E-01,6.142073E-02,0.000000E+00,0.000000E+00,0.000000E+00,0.000000E+00,0.000000E+00,0.000000E+00,0.000000E+00,0.000000E+00,2.111070E+01,5.051564E+01,2.388763E+01,4.857766E+01,1.375891E+03,1.728506E+03,1.214365E-01,1.524194E-01,0.000000E+00,0.000000E+00,0.000000E+00,0.000000E+00,0.000000E+00,0.000000E+00,0.000000E+00,0.000000E+00,2.111053E+01,5.040065E+01,2.388289E+01,5.134586E+01,8.234438E+01,1.596158E+02,7.267735E-03,1.407490E-02,0.000000E+00,0.000000E+00,0.000000E+00,0.000000E+00,0.000000E+00,0.000000E+00,0.000000E+00,0.000000E+00,2.111111E+01,5.124987E+01,2.388848E+01,4.671436E+01
11:30:00,4.716213E+03,2.939198E+03,4.162542E-01,2.591781E-01,0.000000E+00,0.000000E+00,0.000000E+00,0.000000E+00,0.000000E+00,0.000000E+00,0.000000E+00,0.000000E+00,2.111081E+01,5.085586E+01,2.388745E+01,4.831678E+01,5.695362E+03,6.687427E+03,5.026741E-01,5.896964E-01,0.000000E+00,0.000000E+00,0.000000E+00,0.000000E+00,0.000000E+00,0.000000E+00,0.000000E+00,0.000000E+00,2.111094E+01,5.089369E+01,2.388643E+01,4.952552E+01,7.902558E+02,9.288008E+02,6.974817E-02,8.190154E-02,0.000000E+00,0.000000E+00,0.000000E+00,0.000000E+00,0.000000E+00,0.000000E+00,0.000000E+00,0.000000E+00,2.111085E+01,5.080447E+01,2.388764E+01,4.738047E+01,9.421076E+02,1.565065E+03,8.315065E-02,1.380072E-01,0.000000E+00,0.000000E+00,0.000000E+00,0.000000E+00,0.000000E+00,0.000000E+00,0.000000E+00,0.000000E+00,2.111075E+01,5.063233E+01,2.387830E+01,5.495181E+01,5.599543E+03,9.202779E+03,4.942170E-01,8.114998E-01,0.000000E+00,0.000000E+00,0.000000E+00,0.000000E+00,0.000000E+00,0.000000E+00,0.000000E+00,0.000000E+00,2.111080E+01,5.072682E+01,2.386409E+01,6.685609E+01,2.198560E+03,3.974688E+03,1.940454E-01,3.504875E-01,0.000000E+00,0.000000E+00,0.000000E+00,0.000000E+00,0.000000E+00,0.000000E+00,0.000000E+00,0.000000E+00,2.111076E+01,5.061798E+01,2.388564E+01,4.875319E+01,8.799424E+02,7.635799E+02,7.766394E-02,6.733237E-02,0.000000E+00,0.000000E+00,0.000000E+00,0.000000E+00,0.000000E+00,0.000000E+00,0.000000E+00,0.000000E+00,2.111090E+01,5.076449E+01,2.388769E+01,4.833147E+01,1.135397E+03,7.275531E+02,1.002104E-01,6.415554E-02,0.000000E+00,0.000000E+00,0.000000E+00,0.000000E+00,0.000000E+00,0.000000E+00,0.000000E+00,0.000000E+00,2.111070E+01,5.051029E+01,2.388764E+01,4.845710E+01,1.368492E+03,1.764462E+03,1.207835E-01,1.555901E-01,0.000000E+00,0.000000E+00,0.000000E+00,0.000000E+00,0.000000E+00,0.000000E+00,0.000000E+00,0.000000E+00,2.111053E+01,5.039586E+01,2.388291E+01,5.123897E+01,8.081081E+01,1.604671E+02,7.132382E-03,1.414997E-02,0.000000E+00,0.000000E+00,0.000000E+00,0.000000E+00,0.000000E+00,0.000000E+00,0.000000E+00,0.000000E+00,2.111111E+01,5.124987E+01,2.388847E+01,4.671083E+01
11:45:00,4.703529E+03,2.998290E+03,4.151347E-01,2.643888E-01,0.000000E+00,0.000000E+00,0.000000E+00,0.000000E+00,0.000000E+00,0.000000E+00,0.000000E+00,0.000000E+00,2.111081E+01,5.085474E+01,2.388745E+01,4.827184E+01,5.654835E+03,6.743027E+03,4.990971E-01,5.945992E-01,0.000000E+00,0.000000E+00,0.000000E+00,0.000000E+00,0.000000E+00,0.000000E+00,0.000000E+00,0.000000E+00,2.111094E+01,5.089080E+01,2.388645E+01,4.948905E+01,7.858835E+02,9.432160E+02,6.936227E-02,8.317267E-02,0.000000E+00,0.000000E+00,0.000000E+00,0.000000E+00,0.000000E+00,0.000000E+00,0.000000E+00,0.000000E+00,2.111085E+01,5.080179E+01,2.388764E+01,4.735811E+01,9.367223E+02,1.576078E+03,8.267535E-02,1.389783E-01,0.000000E+00,0.000000E+00,0.000000E+00,0.000000E+00,0.000000E+00,0.000000E+00,0.000000E+00,0.000000E+00,2.111075E+01,5.062851E+01,2.387831E+01,5.489009E+01,5.583375E+03,9.236000E+03,4.927900E-01,8.144293E-01,0.000000E+00,0.000000E+00,0.000000E+00,0.000000E+00,0.000000E+00,0.000000E+00,0.000000E+00,0.000000E+00,2.111080E+01,5.072513E+01,2.386409E+01,6.678426E+01,2.184275E+03,3.953224E+03,1.927847E-01,3.485948E-01,0.000000E+00,0.000000E+00,0.000000E+00,0.000000E+00,0.000000E+00,0.000000E+00,0.000000E+00,0.000000E+00,2.111075E+01,5.061357E+01,2.388566E+01,4.876618E+01,8.729155E+02,7.898276E+02,7.704374E-02,6.964689E-02,0.000000E+00,0.000000E+00,0.000000E+00,0.000000E+00,0.000000E+00,0.000000E+00,0.000000E+00,0.000000E+00,2.111090E+01,5.076008E+01,2.388769E+01,4.825100E+01,1.128545E+03,7.594548E+02,9.960565E-02,6.696863E-02,0.000000E+00,0.000000E+00,0.000000E+00,0.000000E+00,0.000000E+00,0.000000E+00,0.000000E+00,0.000000E+00,2.111070E+01,5.050544E+01,2.388766E+01,4.834347E+01,1.361938E+03,1.801590E+03,1.202050E-01,1.588640E-01,0.000000E+00,0.000000E+00,0.000000E+00,0.000000E+00,0.000000E+00,0.000000E+00,0.000000E+00,0.000000E+00,2.111053E+01,5.039158E+01,2.388294E+01,5.113274E+01,7.942050E+01,1.613691E+02,7.009673E-03,1.422951E-02,0.000000E+00,0.000000E+00,0.000000E+00,0.000000E+00,0.000000E+00,0.000000E+00,0.000000E+00,0.000000E+00,2.111111E+01,5.124987E+01,2.388847E+01,4.670693E+01
12:00:00,4.691896E+03,3.057094E+03,4.141079E-01,2.695742E-01,0.000000E+00,0.000000E+00,0.000000E+00,0.000000E+00,0.000000E+00,0.000000E+00,0.000000E+00,0.000000E+00,2.111081E+01,5.085371E+01,2.388746E+01,4.822749E+01,5.618425E+03,6.786484E+03,4.958836E-01,5.984313E-01,0.000000E+00,0.000000E+00,0.000000E+00,0.000000E+00,0.000000E+00,0.000000E+00,0.000000E+00,0.000000E+00,2.111094E+01,5.088817E+01,2.388646E+01,4.945945E+01,7.820066E+02,9.568451E+02,6.902010E-02,8.437448E-02,0.000000E+00,0.000000E+00,0.000000E+00,0.000000E+00,0.000000E+00,0.000000E+00,0.000000E+00,0.000000E+00,2.111084E+01,5.079938E+01,2.388765E+01,4.733744E+01,9.319395E+02,1.586944E+03,8.225321E-02,1.399366E-01,0.000000E+00,0.000000E+00,0.000000E+00,0.000000E+00,0.000000E+00,0.000000E+00,0.000000E+00,0.000000E+00,2.111075E+01,5.062508E+01,2.387833E+01,5.482950E+01,5.568809E+03,9.267364E+03,4.915045E-01,8.171950E-01,0.000000E+00,0.000000E+00,0.000000E+00,0.000000E+00,0.000000E+00,0.000000E+00,0.000000E+00,0.000000E+00,2.111079E+01,5.072361E+01,2.386410E+01,6.671399E+01,2.171482E+03,3.921333E+03,1.916556E-01,3.457826E-01,0.000000E+00,0.000000E+00,0.000000E+00,0.000000E+00,0.000000E+00,0.000000E+00,0.000000E+00,0.000000E+00,2.111075E+01,5.060956E+01,2.388567E+01,4.878670E+01,8.666015E+02,8.167734E+02,7.648647E-02,7.202297E-02,0.000000E+00,0.000000E+00,0.000000E+00,0.000000E+00,0.000000E+00,0.000000E+00,0.000000E+00,0.000000E+00,2.111090E+01,5.075604E+01,2.388770E+01,4.817248E+01,1.122406E+03,7.918453E+02,9.906381E-02,6.982482E-02,0.000000E+00,0.000000E+00,0.000000E+00,0.000000E+00,0.000000E+00,0.000000E+00,0.000000E+00,0.000000E+00,2.111070E+01,5.050104E+01,2.388767E+01,4.823695E+01,1.356120E+03,1.839479E+03,1.196915E-01,1.622050E-01,0.000000E+00,0.000000E+00,0.000000E+00,0.000000E+00,0.000000E+00,0.000000E+00,0.000000E+00,0.000000E+00,2.111053E+01,5.038774E+01,2.388297E+01,5.102800E+01,7.815901E+01,1.622937E+02,6.898334E-03,1.431104E-02,0.000000E+00,0.000000E+00,0.000000E+00,0.000000E+00,0.000000E+00,0.000000E+00,0.000000E+00,0.000000E+00,2.111111E+01,5.124987E+01,2.388848E+01,4.670283E+01
12:15:00,4.681165E+03,3.115578E+03,4.131608E-01,2.747313E-01,0.000000E+00,0.000000E+00,0.000000E+00,0.000000E+00,0.000000E+00,0.000000E+00,0.000000E+00,0.000000E+00,2.111081E+01,5.085275E+01,2.388746E+01,4.818417E+01,5.585506E+03,6.818391E+03,4.929781E-01,6.012448E-01,0.000000E+00,0.000000E+00,0.000000E+00,0.000000E+00,0.000000E+00,0.000000E+00,0.000000E+00,0.000000E+00,2.111094E+01,5.088575E+01,2.388647E+01,4.943636E+01,7.785503E+02,9.696733E+02,6.871505E-02,8.550567E-02,0.000000E+00,0.000000E+00,0.000000E+00,0.000000E+00,0.000000E+00,0.000000E+00,0.000000E+00,0.000000E+00,2.111084E+01,5.079721E+01,2.388765E+01,4.731838E+01,9.276643E+02,1.597558E+03,8.187588E-02,1.408725E-01,0.000000E+00,0.000000E+00,0.000000E+00,0.000000E+00,0.000000E+00,0.000000E+00,0.000000E+00,0.000000E+00,2.111075E+01,5.062198E+01,2.387835E+01,5.477057E+01,5.555592E+03,9.295372E+03,4.903379E-01,8.196647E-01,0.000000E+00,0.000000E+00,0.000000E+00,0.000000E+00,0.000000E+00,0.000000E+00,0.000000E+00,0.000000E+00,2.111079E+01,5.072222E+01,2.386412E+01,6.664863E+01,2.159952E+03,3.879977E+03,1.906379E-01,3.421359E-01,0.000000E+00,0.000000E+00,0.000000E+00,0.000000E+00,0.000000E+00,0.000000E+00,0.000000E+00,0.000000E+00,2.111075E+01,5.060591E+01,2.388568E+01,4.881443E+01,8.608889E+02,8.440300E+02,7.598226E-02,7.442646E-02,0.000000E+00,0.000000E+00,0.000000E+00,0.000000E+00,0.000000E+00,0.000000E+00,0.000000E+00,0.000000E+00,2.111090E+01,5.075233E+01,2.388771E+01,4.809674E+01,1.116867E+03,8.243492E+02,9.857494E-02,7.269101E-02,0.000000E+00,0.000000E+00,0.000000E+00,0.000000E+00,0.000000E+00,0.000000E+00,0.000000E+00,0.000000E+00,2.111070E+01,5.049703E+01,2.388769E+01,4.813781E+01,1.350924E+03,1.877855E+03,1.192329E-01,1.655890E-01,0.000000E+00,0.000000E+00,0.000000E+00,0.000000E+00,0.000000E+00,0.000000E+00,0.000000E+00,0.000000E+00,2.111053E+01,5.038429E+01,2.388299E+01,5.092556E+01,7.700904E+01,1.632169E+02,6.796837E-03,1.439244E-02,0.000000E+00,0.000000E+00,0.000000E+00,0.000000E+00,0.000000E+00,0.000000E+00,0.000000E+00,0.000000E+00,2.111111E+01,5.124987E+01,2.388848E+01,4.669864E+01
12:30:00,4.671220E+03,3.173454E+03,4.122831E-01,2.798348E-01,0.000000E+00,0.000000E+00,0.000000E+00,0.000000E+00,0.000000E+00,0.000000E+00,0.000000E+00,0.000000E+00,2.111081E+01,5.085187E+01,2.388747E+01,4.814244E+01,5.555703E+03,6.839692E+03,4.903477E-01,6.031232E-01,0.000000E+00,0.000000E+00,0.000000E+00,0.000000E+00,0.000000E+00,0.000000E+00,0.000000E+00,0.000000E+00,2.111094E+01,5.088354E+01,2.388649E+01,4.941947E+01,7.754622E+02,9.816027E+02,6.844249E-02,8.655760E-02,0.000000E+00,0.000000E+00,0.000000E+00,0.000000E+00,0.000000E+00,0.000000E+00,0.000000E+00,0.000000E+00,2.111084E+01,5.079526E+01,2.388766E+01,4.730105E+01,9.238361E+02,1.607747E+03,8.153800E-02,1.417709E-01,0.000000E+00,0.000000E+00,0.000000E+00,0.000000E+00,0.000000E+00,0.000000E+00,0.000000E+00,0.000000E+00,2.111075E+01,5.061918E+01,2.387837E+01,5.471465E+01,5.543579E+03,9.318441E+03,4.892777E-01,8.216990E-01,0.000000E+00,0.000000E+00,0.000000E+00,0.000000E+00,0.000000E+00,0.000000E+00,0.000000E+00,0.000000E+00,2.111079E+01,5.072096E+01,2.386415E+01,6.659299E+01,2.149547E+03,3.830475E+03,1.897195E-01,3.377708E-01,0.000000E+00,0.000000E+00,0.000000E+00,0.000000E+00,0.000000E+00,0.000000E+00,0.000000E+00,0.000000E+00,2.111075E+01,5.060258E+01,2.388569E+01,4.884905E+01,8.557135E+02,8.711782E+02,7.552548E-02,7.682039E-02,0.000000E+00,0.000000E+00,0.000000E+00,0.000000E+00,0.000000E+00,0.000000E+00,0.000000E+00,0.000000E+00,2.111090E+01,5.074892E+01,2.388772E+01,4.802470E+01,1.111863E+03,8.565322E+02,9.813329E-02,7.552890E-02,0.000000E+00,0.000000E+00,0.000000E+00,0.000000E+00,0.000000E+00,0.000000E+00,0.000000E+00,0.000000E+00,2.111070E+01,5.049337E+01,2.388770E+01,4.804646E+01,1.346274E+03,1.916299E+03,1.188225E-01,1.689790E-01,0.000000E+00,0.000000E+00,0.000000E+00,0.000000E+00,0.000000E+00,0.000000E+00,0.000000E+00,0.000000E+00,2.111053E+01,5.038118E+01,2.388302E+01,5.082680E+01,7.595973E+01,1.641189E+02,6.704224E-03,1.447198E-02,0.000000E+00,0.000000E+00,0.000000E+00,0.000000E+00,0.000000E+00,0.000000E+00,0.000000E+00,0.000000E+00,2.111111E+01,5.124987E+01,2.388848E+01,4.669450E+01
12:45:00,4.661965E+03,3.230353E+03,4.114662E-01,2.848521E-01,0.000000E+00,0.000000E+00,0.000000E+00,0.000000E+00,0.000000E+00,0.000000E+00,0.000000E+00,0.000000E+00,2.111081E+01,5.085105E+01,2.388747E+01,4.810259E+01,5.528723E+03,6.852043E+03,4.879665E-01,6.042123E-01,0.000000E+00,0.000000E+00,0.000000E+00,0.000000E+00,0.000000E+00,0.000000E+00,0.000000E+00,0.000000E+00,2.111094E+01,5.088151E+01,2.388650E+01,4.940816E+01,7.726997E+02,9.925497E+02,6.819867E-02,8.752290E-02,0.000000E+00,0.000000E+00,0.000000E+00,0.000000E+00,0.000000E+00,0.000000E+00,0.000000E+00,0.000000E+00,2.111084E+01,5.079350E+01,2.388767E+01,4.728551E+01,9.204073E+02,1.617356E+03,8.123537E-02,1.426182E-01,0.000000E+00,0.000000E+00,0.000000E+00,0.000000E+00,0.000000E+00,0.000000E+00,0.000000E+00,0.000000E+00,2.111075E+01,5.061665E+01,2.387839E+01,5.466254E+01,5.532664E+03,9.335377E+03,4.883143E-01,8.231923E-01,0.000000E+00,0.000000E+00,0.000000E+00,0.000000E+00,0.000000E+00,0.000000E+00,0.000000E+00,0.000000E+00,2.111079E+01,5.071981E+01,2.386419E+01,6.655026E+01,2.140158E+03,3.774775E+03,1.888909E-01,3.328592E-01,0.000000E+00,0.000000E+00,0.000000E+00,0.000000E+00,0.000000E+00,0.000000E+00,0.000000E+00,0.000000E+00,2.111075E+01,5.059954E+01,2.388569E+01,4.888973E+01,8.510261E+02,8.978165E+02,7.511178E-02,7.916935E-02,0.000000E+00,0.000000E+00,0.000000E+00,0.000000E+00,0.000000E+00,0.000000E+00,0.000000E+00,0.000000E+00,2.111090E+01,5.074579E+01,2.388773E+01,4.795715E+01,1.107344E+03,8.879871E+02,9.773444E-02,7.830259E-02,0.000000E+00,0.000000E+00,0.000000E+00,0.000000E+00,0.000000E+00,0.000000E+00,0.000000E+00,0.000000E+00,2.111070E+01,5.049003E+01,2.388772E+01,4.796311E+01,1.342109E+03,1.954410E+03,1.184549E-01,1.723396E-01,0.000000E+00,0.000000E+00,0.000000E+00,0.000000E+00,0.000000E+00,0.000000E+00,0.000000E+00,0.000000E+00,2.111053E+01,5.037837E+01,2.388306E+01,5.073261E+01,7.500234E+01,1.649818E+02,6.619725E-03,1.454808E-02,0.000000E+00,0.000000E+00,0.000000E+00,0.000000E+00,0.000000E+00,0.000000E+00,0.000000E+00,0.000000E+00,2.111111E+01,5.124987E+01,2.388848E+01,4.669049E+01
13:00:00,4.653312E+03,3.285921E+03,4.107025E-01,2.897521E-01,0.000000E+00,0.000000E+00,0.000000E+00,0.000000E+00,0.000000E+00,0.000000E+00,0.000000E+00,0.000000E+00,2.111081E+01,5.085028E+01,2.388748E+01,4.806469E+01,5.504285E+03,6.857948E+03,4.858096E-01,6.047329E-01,0.000000E+00,0.000000E+00,0.000000E+00,0.000000E+00,0.000000E+00,0.000000E+00,0.000000E+00,0.000000E+00,2.111094E+01,5.087966E+01,2.388650E+01,4.940136E+01,7.702247E+02,1.002437E+03,6.798023E-02,8.839474E-02,0.000000E+00,0.000000E+00,0.000000E+00,0.000000E+00,0.000000E+00,0.000000E+00,0.000000E+00,0.000000E+00,2.111084E+01,5.079191E+01,2.388767E+01,4.727168E+01,9.173338E+02,1.626247E+03,8.096411E-02,1.434022E-01,0.000000E+00,0.000000E+00,0.000000E+00,0.000000E+00,0.000000E+00,0.000000E+00,0.000000E+00,0.000000E+00,2.111075E+01,5.061437E+01,2.387841E+01,5.461461E+01,5.522745E+03,9.345236E+03,4.874388E-01,8.240617E-01,0.000000E+00,0.000000E+00,0.000000E+00,0.000000E+00,0.000000E+00,0.000000E+00,0.000000E+00,0.000000E+00,2.111079E+01,5.071876E+01,2.386423E+01,6.652198E+01,2.131683E+03,3.715497E+03,1.881429E-01,3.276321E-01,0.000000E+00,0.000000E+00,0.000000E+00,0.000000E+00,0.000000E+00,0.000000E+00,0.000000E+00,0.000000E+00,2.111075E+01,5.059677E+01,2.388569E+01,4.893504E+01,8.467790E+02,9.235711E+02,7.473693E-02,8.144038E-02,0.000000E+00,0.000000E+00,0.000000E+00,0.000000E+00,0.000000E+00,0.000000E+00,0.000000E+00,0.000000E+00,2.111089E+01,5.074292E+01,2.388774E+01,4.789466E+01,1.103261E+03,9.183401E+02,9.737408E-02,8.097911E-02,0.000000E+00,0.000000E+00,0.000000E+00,0.000000E+00,0.000000E+00,0.000000E+00,0.000000E+00,0.000000E+00,2.111070E+01,5.048699E+01,2.388773E+01,4.788778E+01,1.338373E+03,1.991800E+03,1.181252E-01,1.756367E-01,0.000000E+00,0.000000E+00,0.000000E+00,0.000000E+00,0.000000E+00,0.000000E+00,0.000000E+00,0.000000E+00,2.111053E+01,5.037583E+01,2.388309E+01,5.064346E+01,7.412851E+01,1.657892E+02,6.542601E-03,1.461927E-02,0.000000E+00,0.000000E+00,0.000000E+00,0.000000E+00,0.000000E+00,0.000000E+00,0.000000E+00,0.000000E+00,2.111111E+01,5.124987E+01,2.388848E+01,4.668669E+01
13:15:00,4.645188E+03,3.339478E+03,4.099855E-01,2.944748E-01,0.000000E+00,0.000000E+00,0.000000E+00,0.000000E+00,0.000000E+00,0.000000E+00,0.000000E+00,0.000000E+00,2.111081E+01,5.084955E+01,2.388748E+01,4.802874E+01,5.482133E+03,6.860527E+03,4.838545E-01,6.049604E-01,0.000000E+00,0.000000E+00,0.000000E+00,0.000000E+00,0.000000E+00,0.000000E+00,0.000000E+00,0.000000E+00,2.111094E+01,5.087796E+01,2.388651E+01,4.939762E+01,7.680034E+02,1.011123E+03,6.778417E-02,8.916074E-02,0.000000E+00,0.000000E+00,0.000000E+00,0.000000E+00,0.000000E+00,0.000000E+00,0.000000E+00,0.000000E+00,2.111084E+01,5.079048E+01,2.388768E+01,4.725945E+01,9.145762E+02,1.634245E+03,8.072072E-02,1.441075E-01,0.000000E+00,0.000000E+00,0.000000E+00,0.000000E+00,0.000000E+00,0.000000E+00,0.000000E+00,0.000000E+00,2.111075E+01,5.061230E+01,2.387843E+01,5.457106E+01,5.513727E+03,9.346899E+03,4.866429E-01,8.242084E-01,0.000000E+00,0.000000E+00,0.000000E+00,0.000000E+00,0.000000E+00,0.000000E+00,0.000000E+00,0.000000E+00,2.111079E+01,5.071780E+01,2.386426E+01,6.650889E+01,2.124029E+03,3.655928E+03,1.874674E-01,3.223793E-01,0.000000E+00,0.000000E+00,0.000000E+00,0.000000E+00,0.000000E+00,0.000000E+00,0.000000E+00,0.000000E+00,2.111075E+01,5.059424E+01,2.388569E+01,4.898283E+01,8.429283E+02,9.480600E+02,7.439706E-02,8.359981E-02,0.000000E+00,0.000000E+00,0.000000E+00,0.000000E+00,0.000000E+00,0.000000E+00,0.000000E+00,0.000000E+00,2.111089E+01,5.074028E+01,2.388775E+01,4.783756E+01,1.099569E+03,9.471937E+02,9.704828E-02,8.352342E-02,0.000000E+00,0.000000E+00,0.000000E+00,0.000000E+00,0.000000E+00,0.000000E+00,0.000000E+00,0.000000E+00,2.111070E+01,5.048421E+01,2.388775E+01,4.782025E+01,1.335016E+03,2.028005E+03,1.178289E-01,1.788292E-01,0.000000E+00,0.000000E+00,0.000000E+00,0.000000E+00,0.000000E+00,0.000000E+00,0.000000E+00,0.000000E+00,2.111052E+01,5.037354E+01,2.388312E+01,5.055963E+01,7.333056E+01,1.665250E+02,6.472174E-03,1.468416E-02,0.000000E+00,0.000000E+00,0.000000E+00,0.000000E+00,0.000000E+00,0.000000E+00,0.000000E+00,0.000000E+00,2.111111E+01,5.124987E+01,2.388848E+01,4.668317E+01
13:30:00,4.637530E+03,3.392459E+03,4.093095E-01,2.991466E-01,0.000000E+00,0.000000E+00,0.000000E+00,0.000000E+00,0.000000E+00,0.000000E+00,0.000000E+00,0.000000E+00,2.111081E+01,5.084887E+01,2.388749E+01,4.799523E+01,5.462036E+03,6.865441E+03,4.820806E-01,6.053937E-01,0.000000E+00,0.000000E+00,0.000000E+00,0.000000E+00,0.000000E+00,0.000000E+00,0.000000E+00,0.000000E+00,2.111094E+01,5.087640E+01,2.388651E+01,4.939551E+01,7.660062E+02,1.018529E+03,6.760790E-02,8.981380E-02,0.000000E+00,0.000000E+00,0.000000E+00,0.000000E+00,0.000000E+00,0.000000E+00,0.000000E+00,0.000000E+00,2.111084E+01,5.078918E+01,2.388768E+01,4.724910E+01,9.120997E+02,1.641590E+03,8.050214E-02,1.447552E-01,0.000000E+00,0.000000E+00,0.000000E+00,0.000000E+00,0.000000E+00,0.000000E+00,0.000000E+00,0.000000E+00,2.111075E+01,5.061044E+01,2.387846E+01,5.453331E+01,5.505526E+03,9.339766E+03,4.859191E-01,8.235794E-01,0.000000E+00,0.000000E+00,0.000000E+00,0.000000E+00,0.000000E+00,0.000000E+00,0.000000E+00,0.000000E+00,2.111079E+01,5.071692E+01,2.386431E+01,6.651477E+01,2.117112E+03,3.599741E+03,1.868568E-01,3.174247E-01,0.000000E+00,0.000000E+00,0.000000E+00,0.000000E+00,0.000000E+00,0.000000E+00,0.000000E+00,0.000000E+00,2.111075E+01,5.059194E+01,2.388568E+01,4.903042E+01,8.394344E+02,9.709777E+02,7.408869E-02,8.562069E-02,0.000000E+00,0.000000E+00,0.000000E+00,0.000000E+00,0.000000E+00,0.000000E+00,0.000000E+00,0.000000E+00,2.111089E+01,5.073786E+01,2.388776E+01,4.778613E+01,1.096230E+03,9.742744E+02,9.675350E-02,8.591139E-02,0.000000E+00,0.000000E+00,0.000000E+00,0.000000E+00,0.000000E+00,0.000000E+00,0.000000E+00,0.000000E+00,2.111069E+01,5.048169E+01,2.388776E+01,4.776039E+01,1.331994E+03,2.063325E+03,1.175622E-01,1.819438E-01,0.000000E+00,0.000000E+00,0.000000E+00,0.000000E+00,0.000000E+00,0.000000E+00,0.000000E+00,0.000000E+00,2.111052E+01,5.037147E+01,2.388315E+01,5.048222E+01,7.260153E+01,1.671750E+02,6.407829E-03,1.474147E-02,0.000000E+00,0.000000E+00,0.000000E+00,0.000000E+00,0.000000E+00,0.000000E+00,0.000000E+00,0.000000E+00,2.111111E+01,5.124987E+01,2.388848E+01,4.667999E+01
13:45:00,4.630282E+03,3.451394E+03,4.086698E-01,3.043435E-01,0.000000E+00,0.000000E+00,0.000000E+00,0.000000E+00,0.000000E+00,0.000000E+00,0.000000E+00,0.000000E+00,2.111081E+01,5.084822E+01,2.388749E+01,4.796332E+01,5.443786E+03,6.881268E+03,4.804699E-01,6.067893E-01,0.000000E+00,0.000000E+00,0.000000E+00,0.000000E+00,0.000000E+00,0.000000E+00,0.000000E+00,0.000000E+00,2.111094E+01,5.087497E+01,2.388651E+01,4.939229E+01,7.642070E+02,1.024586E+03,6.744910E-02,9.034788E-02,0.000000E+00,0.000000E+00,0.000000E+00,0.000000E+00,0.000000E+00,0.000000E+00,0.000000E+00,0.000000E+00,2.111084E+01,5.078801E+01,2.388769E+01,4.724067E+01,9.098732E+02,1.649519E+03,8.030564E-02,1.454543E-01,0.000000E+00,0.000000E+00,0.000000E+00,0.000000E+00,0.000000E+00,0.000000E+00,0.000000E+00,0.000000E+00,2.111075E+01,5.060875E+01,2.387847E+01,5.449889E+01,5.498064E+03,9.323757E+03,4.852605E-01,8.221677E-01,0.000000E+00,0.000000E+00,0.000000E+00,0.000000E+00,0.000000E+00,0.000000E+00,0.000000E+00,0.000000E+00,2.111079E+01,5.071612E+01,2.386435E+01,6.654120E+01,2.110856E+03,3.548556E+03,1.863046E-01,3.129112E-01,0.000000E+00,0.000000E+00,0.000000E+00,0.000000E+00,0.000000E+00,0.000000E+00,0.000000E+00,0.000000E+00,2.111075E+01,5.058985E+01,2.388566E+01,4.907454E+01,8.362620E+02,9.920838E+02,7.380869E-02,8.748183E-02,0.000000E+00,0.000000E+00,0.000000E+00,0.000000E+00,0.000000E+00,0.000000E+00,0.000000E+00,0.000000E+00,2.111089E+01,5.073563E+01,2.388778E+01,4.774044E+01,1.093206E+03,9.995553E+02,9.648660E-02,8.814066E-02,0.000000E+00,0.000000E+00,0.000000E+00,0.000000E+00,0.000000E+00,0.000000E+00,0.000000E+00,0.000000E+00,2.111069E+01,5.047938E+01,2.388778E+01,4.770782E+01,1.329269E+03,2.100170E+03,1.173216E-01,1.851927E-01,0.000000E+00,0.000000E+00,0.000000E+00,0.000000E+00,0.000000E+00,0.000000E+00,0.000000E+00,0.000000E+00,2.111052E+01,5.036960E+01,2.388318E+01,5.040923E+01,7.193508E+01,1.677272E+02,6.349008E-03,1.479016E-02,0.000000E+00,0.000000E+00,0.000000E+00,0.000000E+00,0.000000E+00,0.000000E+00,0.000000E+00,0.000000E+00,2.111111E+01,5.124987E+01,2.388848E+01,4.667721E+01
14:00:00,4.623397E+03,3.522442E+03,4.080621E-01,3.106085E-01,0.000000E+00,0.000000E+00,0.000000E+00,0.000000E+00,0.000000E+00,0.000000E+00,0.000000E+00,0.000000E+00,2.111081E+01,5.084761E+01,2.388749E+01,4.792898E+01,5.427200E+03,6.915732E+03,4.790060E-01,6.098284E-01,0.000000E+00,0.000000E+00,0.000000E+00,0.000000E+00,0.000000E+00,0.000000E+00,0.000000E+00,0.000000E+00,2.111094E+01,5.087366E+01,2.388650E+01,4.938347E+01,7.625831E+02,1.029231E+03,6.730577E-02,9.075744E-02,0.000000E+00,0.000000E+00,0.000000E+00,0.000000E+00,0.000000E+00,0.000000E+00,0.000000E+00,0.000000E+00,2.111084E+01,5.078694E+01,2.388769E+01,4.723406E+01,9.078697E+02,1.659243E+03,8.012881E-02,1.463119E-01,0.000000E+00,0.000000E+00,0.000000E+00,0.000000E+00,0.000000E+00,0.000000E+00,0.000000E+00,0.000000E+00,2.111075E+01,5.060722E+01,2.387847E+01,5.445669E+01,5.491271E+03,9.299535E+03,4.846609E-01,8.200318E-01,0.000000E+00,0.000000E+00,0.000000E+00,0.000000E+00,0.000000E+00,0.000000E+00,0.000000E+00,0.000000E+00,2.111079E+01,5.071540E+01,2.386439E+01,6.658675E+01,2.105194E+03,3.502869E+03,1.858049E-01,3.088825E-01,0.000000E+00,0.000000E+00,0.000000E+00,0.000000E+00,0.000000E+00,0.000000E+00,0.000000E+00,0.000000E+00,2.111075E+01,5.058794E+01,2.388565E+01,4.911453E+01,8.333794E+02,1.011148E+03,7.355427E-02,8.916288E-02,0.000000E+00,0.000000E+00,0.000000E+00,0.000000E+00,0.000000E+00,0.000000E+00,0.000000E+00,0.000000E+00,2.111089E+01,5.073360E+01,2.388779E+01,4.770032E+01,1.090465E+03,1.023253E+03,9.624473E-02,9.023034E-02,0.000000E+00,0.000000E+00,0.000000E+00,0.000000E+00,0.000000E+00,0.000000E+00,0.000000E+00,0.000000E+00,2.111069E+01,5.047728E+01,2.388779E+01,4.766167E+01,1.326806E+03,2.141372E+03,1.171043E-01,1.888259E-01,0.000000E+00,0.000000E+00,0.000000E+00,0.000000E+00,0.000000E+00,0.000000E+00,0.000000E+00,0.000000E+00,2.111052E+01,5.036790E+01,2.388318E+01,5.033143E+01,7.132551E+01,1.681719E+02,6.295207E-03,1.482937E-02,0.000000E+00,0.000000E+00,0.000000E+00,0.000000E+00,0.000000E+00,0.000000E+00,0.000000E+00,0.000000E+00,2.111111E+01,5.124987E+01,2.388848E+01,4.667488E+01
14:15:00,4.616862E+03,3.609753E+03,4.074854E-01,3.183076E-01,0.000000E+00,0.000000E+00,0.000000E+00,0.000000E+00,0.000000E+00,0.000000E+00,0.000000E+00,0.000000E+00,2.111081E+01,5.084703E+01,2.388748E+01,4.788830E+01,5.412277E+03,6.973916E+03,4.776889E-01,6.149590E-01,0.000000E+00,0.000000E+00,0.000000E+00,0.000000E+00,0.000000E+00,0.000000E+00,0.000000E+00,0.000000E+00,2.111094E+01,5.087246E+01,2.388648E+01,4.936504E+01,7.611272E+02,1.032314E+03,6.717728E-02,9.102929E-02,0.000000E+00,0.000000E+00,0.000000E+00,0.000000E+00,0.000000E+00,0.000000E+00,0.000000E+00,0.000000E+00,2.111084E+01,5.078598E+01,2.388769E+01,4.722911E+01,9.060839E+02,1.671638E+03,7.997119E-02,1.474048E-01,0.000000E+00,0.000000E+00,0.000000E+00,0.000000E+00,0.000000E+00,0.000000E+00,0.000000E+00,0.000000E+00,2.111075E+01,5.060584E+01,2.387845E+01,5.439800E+01,5.485156E+03,9.267475E+03,4.841212E-01,8.172048E-01,0.000000E+00,0.000000E+00,0.000000E+00,0.000000E+00,0.000000E+00,0.000000E+00,0.000000E+00,0.000000E+00,2.111079E+01,5.071473E+01,2.386441E+01,6.664759E+01,2.100122E+03,3.461844E+03,1.853573E-01,3.052650E-01,0.000000E+00,0.000000E+00,0.000000E+00,0.000000E+00,0.000000E+00,0.000000E+00,0.000000E+00,0.000000E+00,2.111075E+01,5.058620E+01,2.388563E+01,4.915128E+01,8.307889E+02,1.027966E+03,7.332564E-02,9.064594E-02,0.000000E+00,0.000000E+00,0.000000E+00,0.000000E+00,0.000000E+00,0.000000E+00,0.000000E+00,0.000000E+00,2.111089E+01,5.073173E+01,2.388780E+01,4.766557E+01,1.088009E+03,1.045733E+03,9.602795E-02,9.221263E-02,0.000000E+00,0.000000E+00,0.000000E+00,0.000000E+00,0.000000E+00,0.000000E+00,0.000000E+00,0.000000E+00,2.111069E+01,5.047537E+01,2.388780E+01,4.762068E+01,1.324598E+03,2.189590E+03,1.169093E-01,1.930778E-01,0.000000E+00,0.000000E+00,0.000000E+00,0.000000E+00,0.000000E+00,0.000000E+00,0.000000E+00,0.000000E+00,2.111052E+01,5.036636E+01,2.388318E+01,5.024070E+01,7.077310E+01,1.685023E+02,6.246452E-03,1.485851E-02,0.000000E+00,0.000000E+00,0.000000E+00,0.000000E+00,0.000000E+00,0.000000E+00,0.000000E+00,0.000000E+00,2.111111E+01,5.124987E+01,2.388848E+01,4.667303E+01
14:30:00,4.610639E+03,3.714860E+03,4.069362E-01,3.275759E-01,0.000000E+00,0.000000E+00,0.000000E+00,0.000000E+00,0.000000E+00,0.000000E+00,0.000000E+00,0.000000E+00,2.111081E+01,5.084647E+01,2.388747E+01,4.784071E+01,5.398846E+03,7.057058E+03,4.765035E-01,6.222904E-01,0.000000E+00,0.000000E+00,0.000000E+00,0.000000E+00,0.000000E+00,0.000000E+00,0.000000E+00,0.000000E+00,2.111094E+01,5.087138E+01,2.388647E+01,4.933573E+01,7.598208E+02,1.033702E+03,6.706197E-02,9.115168E-02,0.000000E+00,0.000000E+00,0.000000E+00,0.000000E+00,0.000000E+00,0.000000E+00,0.000000E+00,0.000000E+00,2.111084E+01,5.078511E+01,2.388770E+01,4.722624E+01,9.044920E+02,1.686990E+03,7.983069E-02,1.487585E-01,0.000000E+00,0.000000E+00,0.000000E+00,0.000000E+00,0.000000E+00,0.000000E+00,0.000000E+00,0.000000E+00,2.111075E+01,5.060460E+01,2.387843E+01,5.432390E+01,5.479655E+03,9.228519E+03,4.836357E-01,8.137696E-01,0.000000E+00,0.000000E+00,0.000000E+00,0.000000E+00,0.000000E+00,0.000000E+00,0.000000E+00,0.000000E+00,2.111079E+01,5.071413E+01,2.386443E+01,6.672510E+01,2.095580E+03,3.423724E+03,1.849564E-01,3.019035E-01,0.000000E+00,0.000000E+00,0.000000E+00,0.000000E+00,0.000000E+00,0.000000E+00,0.000000E+00,0.000000E+00,2.111075E+01,5.058464E+01,2.388562E+01,4.918613E+01,8.284605E+02,1.042353E+03,7.312013E-02,9.191459E-02,0.000000E+00,0.000000E+00,0.000000E+00,0.000000E+00,0.000000E+00,0.000000E+00,0.000000E+00,0.000000E+00,2.111089E+01,5.073003E+01,2.388781E+01,4.763607E+01,1.085807E+03,1.067379E+03,9.583358E-02,9.412136E-02,0.000000E+00,0.000000E+00,0.000000E+00,0.000000E+00,0.000000E+00,0.000000E+00,0.000000E+00,0.000000E+00,2.111069E+01,5.047364E+01,2.388781E+01,4.758377E+01,1.322615E+03,2.246654E+03,1.167343E-01,1.981097E-01,0.000000E+00,0.000000E+00,0.000000E+00,0.000000E+00,0.000000E+00,0.000000E+00,0.000000E+00,0.000000E+00,2.111052E+01,5.036497E+01,2.388317E+01,5.013609E+01,7.027270E+01,1.687140E+02,6.202286E-03,1.487718E-02,0.000000E+00,0.000000E+00,0.000000E+00,0.000000E+00,0.000000E+00,0.000000E+00,0.000000E+00,0.000000E+00,2.111111E+01,5.124987E+01,2.388848E+01,4.667166E+01
14:45:00,4.604688E+03,3.832992E+03,4.064109E-01,3.379928E-01,0.000000E+00,0.000000E+00,0.000000E+00,0.000000E+00,0.000000E+00,0.000000E+00,0.000000E+00,0.000000E+00,2.111081E+01,5.084594E+01,2.388747E+01,4.778771E+01,5.386712E+03,7.161418E+03,4.754325E-01,6.314929E-01,0.000000E+00,0.000000E+00,0.000000E+00,0.000000E+00,0.000000E+00,0.000000E+00,0.000000E+00,0.000000E+00,2.111094E+01,5.087039E+01,2.388645E+01,4.929622E+01,7.586440E+02,1.033356E+03,6.695810E-02,9.112119E-02,0.000000E+00,0.000000E+00,0.000000E+00,0.000000E+00,0.000000E+00,0.000000E+00,0.000000E+00,0.000000E+00,2.111084E+01,5.078433E+01,2.388770E+01,4.722564E+01,9.030681E+02,1.704327E+03,7.970502E-02,1.502874E-01,0.000000E+00,0.000000E+00,0.000000E+00,0.000000E+00,0.000000E+00,0.000000E+00,0.000000E+00,0.000000E+00,2.111075E+01,5.060350E+01,2.387843E+01,5.423985E+01,5.474687E+03,9.183224E+03,4.831973E-01,8.097755E-01,0.000000E+00,0.000000E+00,0.000000E+00,0.000000E+00,0.000000E+00,0.000000E+00,0.000000E+00,0.000000E+00,2.111079E+01,5.071359E+01,2.386445E+01,6.681873E+01,2.091497E+03,3.387854E+03,1.845960E-01,2.987406E-01,0.000000E+00,0.000000E+00,0.000000E+00,0.000000E+00,0.000000E+00,0.000000E+00,0.000000E+00,0.000000E+00,2.111075E+01,5.058323E+01,2.388561E+01,4.921968E+01,8.263601E+02,1.054129E+03,7.293475E-02,9.295300E-02,0.000000E+00,0.000000E+00,0.000000E+00,0.000000E+00,0.000000E+00,0.000000E+00,0.000000E+00,0.000000E+00,2.111089E+01,5.072850E+01,2.388782E+01,4.761167E+01,1.083825E+03,1.088342E+03,9.565864E-02,9.596984E-02,0.000000E+00,0.000000E+00,0.000000E+00,0.000000E+00,0.000000E+00,0.000000E+00,0.000000E+00,0.000000E+00,2.111069E+01,5.047209E+01,2.388781E+01,4.755003E+01,1.320826E+03,2.311958E+03,1.165765E-01,2.038682E-01,0.000000E+00,0.000000E+00,0.000000E+00,0.000000E+00,0.000000E+00,0.000000E+00,0.000000E+00,0.000000E+00,2.111052E+01,5.036373E+01,2.388317E+01,5.002062E+01,6.981835E+01,1.688060E+02,6.162185E-03,1.488529E-02,0.000000E+00,0.000000E+00,0.000000E+00,0.000000E+00,0.000000E+00,0.000000E+00,0.000000E+00,0.000000E+00,2.111111E+01,5.124987E+01,2.388848E+01,4.667080E+01
15:00:00,4.598978E+03,3.958784E+03,4.059069E-01,3.490851E-01,0.000000E+00,0.000000E+00,0.000000E+00,0.000000E+00,0.000000E+00,0.000000E+00,0.000000E+00,0.000000E+00,2.111081E+01,5.084542E+01,2.388747E+01,4.773170E+01,5.375726E+03,7.281807E+03,4.744629E-01,6.421088E-01,0.000000E+00,0.000000E+00,0.000000E+00,0.000000E+00,0.000000E+00,0.000000E+00,0.000000E+00,0.000000E+00,2.111094E+01,5.086949E+01,2.388644E+01,4.924837E+01,7.575807E+02,1.031233E+03,6.686426E-02,9.093402E-02,0.000000E+00,0.000000E+00,0.000000E+00,0.000000E+00,0.000000E+00,0.000000E+00,0.000000E+00,0.000000E+00,2.111084E+01,5.078362E+01,2.388771E+01,4.722718E+01,9.017918E+02,1.722472E+03,7.959237E-02,1.518874E-01,0.000000E+00,0.000000E+00,0.000000E+00,0.000000E+00,0.000000E+00,0.000000E+00,0.000000E+00,0.000000E+00,2.111075E+01,5.060251E+01,2.387845E+01,5.415200E+01,5.470192E+03,9.131468E+03,4.828005E-01,8.052117E-01,0.000000E+00,0.000000E+00,0.000000E+00,0.000000E+00,0.000000E+00,0.000000E+00,0.000000E+00,0.000000E+00,2.111079E+01,5.071310E+01,2.386446E+01,6.692677E+01,2.087820E+03,3.353594E+03,1.842715E-01,2.957195E-01,0.000000E+00,0.000000E+00,0.000000E+00,0.000000E+00,0.000000E+00,0.000000E+00,0.000000E+00,0.000000E+00,2.111075E+01,5.058196E+01,2.388560E+01,4.925219E+01,8.244614E+02,1.063179E+03,7.276717E-02,9.375099E-02,0.000000E+00,0.000000E+00,0.000000E+00,0.000000E+00,0.000000E+00,0.000000E+00,0.000000E+00,0.000000E+00,2.111089E+01,5.072710E+01,2.388783E+01,4.759221E+01,1.082037E+03,1.108514E+03,9.550082E-02,9.774861E-02,0.000000E+00,0.000000E+00,0.000000E+00,0.000000E+00,0.000000E+00,0.000000E+00,0.000000E+00,0.000000E+00,2.111069E+01,5.047068E+01,2.388782E+01,4.751895E+01,1.319209E+03,2.384119E+03,1.164337E-01,2.102313E-01,0.000000E+00,0.000000E+00,0.000000E+00,0.000000E+00,0.000000E+00,0.000000E+00,0.000000E+00,0.000000E+00,2.111052E+01,5.036260E+01,2.388318E+01,4.989873E+01,6.940527E+01,1.687810E+02,6.125726E-03,1.488309E-02,0.000000E+00,0.000000E+00,0.000000E+00,0.000000E+00,0.000000E+00,0.000000E+00,0.000000E+00,0.000000E+00,2.111111E+01,5.124987E+01,2.388848E+01,4.667045E+01
15:15:00,4.593454E+03,4.087500E+03,4.054194E-01,3.604352E-01,0.000000E+00,0.000000E+00,0.000000E+00,0.000000E+00,0.000000E+00,0.000000E+00,0.000000E+00,0.000000E+00,2.111081E+01,5.084493E+01,2.388747E+01,4.767521E+01,5.365599E+03,7.412307E+03,4.735691E-01,6.536163E-01,0.000000E+00,0.000000E+00,0.000000E+00,0.000000E+00,0.000000E+00,0.000000E+00,0.000000E+00,0.000000E+00,2.111094E+01,5.086867E+01,2.388644E+01,4.919461E+01,7.566047E+02,1.027209E+03,6.677812E-02,9.057918E-02,0.000000E+00,0.000000E+00,0.000000E+00,0.000000E+00,0.000000E+00,0.000000E+00,0.000000E+00,0.000000E+00,2.111084E+01,5.078298E+01,2.388771E+01,4.723063E+01,9.006270E+02,1.740268E+03,7.948956E-02,1.534566E-01,0.000000E+00,0.000000E+00,0.000000E+00,0.000000E+00,0.000000E+00,0.000000E+00,0.000000E+00,0.000000E+00,2.111075E+01,5.060161E+01,2.387847E+01,5.406571E+01,5.466045E+03,9.072336E+03,4.824345E-01,7.999974E-01,0.000000E+00,0.000000E+00,0.000000E+00,0.000000E+00,0.000000E+00,0.000000E+00,0.000000E+00,0.000000E+00,2.111079E+01,5.071265E+01,2.386447E+01,6.704811E+01,2.084449E+03,3.320032E+03,1.839740E-01,2.927600E-01,0.000000E+00,0.000000E+00,0.000000E+00,0.000000E+00,0.000000E+00,0.000000E+00,0.000000E+00,0.000000E+00,2.111075E+01,5.058080E+01,2.388559E+01,4.928403E+01,8.227118E+02,1.069400E+03,7.261275E-02,9.429960E-02,0.000000E+00,0.000000E+00,0.000000E+00,0.000000E+00,0.000000E+00,0.000000E+00,0.000000E+00,0.000000E+00,2.111089E+01,5.072582E+01,2.388784E+01,4.757744E+01,1.080392E+03,1.127551E+03,9.535567E-02,9.942734E-02,0.000000E+00,0.000000E+00,0.000000E+00,0.000000E+00,0.000000E+00,0.000000E+00,0.000000E+00,0.000000E+00,2.111069E+01,5.046940E+01,2.388783E+01,4.749037E+01,1.317720E+03,2.461331E+03,1.163023E-01,2.170398E-01,0.000000E+00,0.000000E+00,0.000000E+00,0.000000E+00,0.000000E+00,0.000000E+00,0.000000E+00,0.000000E+00,2.111052E+01,5.036156E+01,2.388320E+01,4.977474E+01,6.902386E+01,1.686427E+02,6.092063E-03,1.487089E-02,0.000000E+00,0.000000E+00,0.000000E+00,0.000000E+00,0.000000E+00,0.000000E+00,0.000000E+00,0.000000E+00,2.111111E+01,5.124987E+01,2.388849E+01,4.667059E+01
15:30:00,4.588100E+03,4.215466E+03,4.049468E-01,3.717193E-01,0.000000E+00,0.000000E+00,0.000000E+00,0.000000E+00,0.000000E+00,0.000000E+00,0.000000E+00,0.000000E+00,2.111081E+01,5.084445E+01,2.388748E+01,4.762098E+01,5.356249E+03,7.547207E+03,4.727439E-01,6.655117E-01,0.000000E+00,0.000000E+00,0.000000E+00,0.000000E+00,0.000000E+00,0.000000E+00,0.000000E+00,0.000000E+00,2.111094E+01,5.086792E+01,2.388644E+01,4.913827E+01,7.557057E+02,1.021305E+03,6.669878E-02,9.005850E-02,0.000000E+00,0.000000E+00,0.000000E+00,0.000000E+00,0.000000E+00,0.000000E+00,0.000000E+00,0.000000E+00,2.111084E+01,5.078238E+01,2.388771E+01,4.723649E+01,8.995617E+02,1.756708E+03,7.939554E-02,1.549063E-01,0.000000E+00,0.000000E+00,0.000000E+00,0.000000E+00,0.000000E+00,0.000000E+00,0.000000E+00,0.000000E+00,2.111075E+01,5.060079E+01,2.387851E+01,5.398724E+01,5.462213E+03,9.004996E+03,4.820962E-01,7.940594E-01,0.000000E+00,0.000000E+00,0.000000E+00,0.000000E+00,0.000000E+00,0.000000E+00,0.000000E+00,0.000000E+00,2.111079E+01,5.071224E+01,2.386449E+01,6.718963E+01,2.081352E+03,3.286275E+03,1.837006E-01,2.897833E-01,0.000000E+00,0.000000E+00,0.000000E+00,0.000000E+00,0.000000E+00,0.000000E+00,0.000000E+00,0.000000E+00,2.111075E+01,5.057974E+01,2.388559E+01,4.931646E+01,8.210974E+02,1.072714E+03,7.247026E-02,9.459177E-02,0.000000E+00,0.000000E+00,0.000000E+00,0.000000E+00,0.000000E+00,0.000000E+00,0.000000E+00,0.000000E+00,2.111089E+01,5.072464E+01,2.388785E+01,4.756728E+01,1.078877E+03,1.145018E+03,9.522199E-02,1.009675E-01,0.000000E+00,0.000000E+00,0.000000E+00,0.000000E+00,0.000000E+00,0.000000E+00,0.000000E+00,0.000000E+00,2.111069E+01,5.046822E+01,2.388783E+01,4.746456E+01,1.316345E+03,2.541690E+03,1.161809E-01,2.241259E-01,0.000000E+00,0.000000E+00,0.000000E+00,0.000000E+00,0.000000E+00,0.000000E+00,0.000000E+00,0.000000E+00,2.111052E+01,5.036061E+01,2.388324E+01,4.965357E+01,6.867095E+01,1.683946E+02,6.060915E-03,1.484902E-02,0.000000E+00,0.000000E+00,0.000000E+00,0.000000E+00,0.000000E+00,0.000000E+00,0.000000E+00,0.000000E+00,2.111111E+01,5.124987E+01,2.388849E+01,4.667119E+01
15:45:00,4.582905E+03,4.339865E+03,4.044883E-01,3.826887E-01,0.000000E+00,0.000000E+00,0.000000E+00,0.000000E+00,0.000000E+00,0.000000E+00,0.000000E+00,0.000000E+00,2.111081E+01,5.084399E+01,2.388749E+01,4.757053E+01,5.347645E+03,7.680917E+03,4.719845E-01,6.773023E-01,0.000000E+00,0.000000E+00,0.000000E+00,0.000000E+00,0.000000E+00,0.000000E+00,0.000000E+00,0.000000E+00,2.111094E+01,5.086722E+01,2.388644E+01,4.908220E+01,7.548781E+02,1.013469E+03,6.662573E-02,8.936761E-02,0.000000E+00,0.000000E+00,0.000000E+00,0.000000E+00,0.000000E+00,0.000000E+00,0.000000E+00,0.000000E+00,2.111084E+01,5.078184E+01,2.388772E+01,4.724495E+01,8.985900E+02,1.770931E+03,7.930978E-02,1.561605E-01,0.000000E+00,0.000000E+00,0.000000E+00,0.000000E+00,0.000000E+00,0.000000E+00,0.000000E+00,0.000000E+00,2.111075E+01,5.060003E+01,2.387856E+01,5.392029E+01,5.458683E+03,8.928626E+03,4.817848E-01,7.873251E-01,0.000000E+00,0.000000E+00,0.000000E+00,0.000000E+00,0.000000E+00,0.000000E+00,0.000000E+00,0.000000E+00,2.111079E+01,5.071186E+01,2.386452E+01,6.735502E+01,2.078516E+03,3.251483E+03,1.834503E-01,2.867153E-01,0.000000E+00,0.000000E+00,0.000000E+00,0.000000E+00,0.000000E+00,0.000000E+00,0.000000E+00,0.000000E+00,2.111075E+01,5.057876E+01,2.388559E+01,4.935046E+01,8.196131E+02,1.073056E+03,7.233925E-02,9.462194E-02,0.000000E+00,0.000000E+00,0.000000E+00,0.000000E+00,0.000000E+00,0.000000E+00,0.000000E+00,0.000000E+00,2.111089E+01,5.072356E+01,2.388785E+01,4.756167E+01,1.077488E+03,1.160446E+03,9.509934E-02,1.023280E-01,0.000000E+00,0.000000E+00,0.000000E+00,0.000000E+00,0.000000E+00,0.000000E+00,0.000000E+00,0.000000E+00,2.111069E+01,5.046713E+01,2.388784E+01,4.744185E+01,1.315077E+03,2.623205E+03,1.160690E-01,2.313139E-01,0.000000E+00,0.000000E+00,0.000000E+00,0.000000E+00,0.000000E+00,0.000000E+00,0.000000E+00,0.000000E+00,2.111052E+01,5.035973E+01,2.388328E+01,4.953827E+01,6.834499E+01,1.680393E+02,6.032146E-03,1.481768E-02,0.000000E+00,0.000000E+00,0.000000E+00,0.000000E+00,0.000000E+00,0.000000E+00,0.000000E+00,0.000000E+00,2.111111E+01,5.124987E+01,2.388849E+01,4.667226E+01
16:00:00,4.577858E+03,4.460948E+03,4.040429E-01,3.933659E-01,0.000000E+00,0.000000E+00,0.000000E+00,0.000000E+00,0.000000E+00,0.000000E+00,0.000000E+00,0.000000E+00,2.111081E+01,5.084353E+01,2.388750E+01,4.752438E+01,5.339735E+03,7.809540E+03,4.712863E-01,6.886443E-01,0.000000E+00,0.000000E+00,0.000000E+00,0.000000E+00,0.000000E+00,0.000000E+00,0.000000E+00,0.000000E+00,2.111094E+01,5.086658E+01,2.388645E+01,4.902862E+01,7.541158E+02,1.003227E+03,6.655845E-02,8.846446E-02,0.000000E+00,0.000000E+00,0.000000E+00,0.000000E+00,0.000000E+00,0.000000E+00,0.000000E+00,0.000000E+00,2.111084E+01,5.078133E+01,2.388772E+01,4.725589E+01,8.977047E+02,1.782342E+03,7.923164E-02,1.571667E-01,0.000000E+00,0.000000E+00,0.000000E+00,0.000000E+00,0.000000E+00,0.000000E+00,0.000000E+00,0.000000E+00,2.111075E+01,5.059935E+01,2.387861E+01,5.386677E+01,5.455441E+03,8.839380E+03,4.814986E-01,7.794554E-01,0.000000E+00,0.000000E+00,0.000000E+00,0.000000E+00,0.000000E+00,0.000000E+00,0.000000E+00,0.000000E+00,2.111079E+01,5.071151E+01,2.386454E+01,6.754472E+01,2.075923E+03,3.214449E+03,1.832215E-01,2.834497E-01,0.000000E+00,0.000000E+00,0.000000E+00,0.000000E+00,0.000000E+00,0.000000E+00,0.000000E+00,0.000000E+00,2.111075E+01,5.057786E+01,2.388558E+01,4.938666E+01,8.182504E+02,1.070395E+03,7.221898E-02,9.438733E-02,0.000000E+00,0.000000E+00,0.000000E+00,0.000000E+00,0.000000E+00,0.000000E+00,0.000000E+00,0.000000E+00,2.111089E+01,5.072255E+01,2.388786E+01,4.756055E+01,1.076215E+03,1.173408E+03,9.498700E-02,1.034710E-01,0.000000E+00,0.000000E+00,0.000000E+00,0.000000E+00,0.000000E+00,0.000000E+00,0.000000E+00,0.000000E+00,2.111069E+01,5.046613E+01,2.388785E+01,4.742252E+01,1.313907E+03,2.704742E+03,1.159658E-01,2.385038E-01,0.000000E+00,0.000000E+00,0.000000E+00,0.000000E+00,0.000000E+00,0.000000E+00,0.000000E+00,0.000000E+00,2.111052E+01,5.035891E+01,2.388333E+01,4.943076E+01,6.804402E+01,1.675785E+02,6.005582E-03,1.477705E-02,0.000000E+00,0.000000E+00,0.000000E+00,0.000000E+00,0.000000E+00,0.000000E+00,0.000000E+00,0.000000E+00,2.111111E+01,5.124987E+01,2.388849E+01,4.667379E+01
16:15:00,4.572948E+03,4.576532E+03,4.036095E-01,4.035580E-01,0.000000E+00,0.000000E+00,0.000000E+00,0.000000E+00,0.000000E+00,0.000000E+00,0.000000E+00,0.000000E+00,2.111081E+01,5.084309E+01,2.388751E+01,4.748167E+01,5.332466E+03,7.928717E+03,4.706447E-01,6.991533E-01,0.000000E+00,0.000000E+00,0.000000E+00,0.000000E+00,0.000000E+00,0.000000E+00,0.000000E+00,0.000000E+00,2.111094E+01,5.086599E+01,2.388647E+01,4.897858E+01,7.534127E+02,9.910272E+02,6.649639E-02,8.738865E-02,0.000000E+00,0.000000E+00,0.000000E+00,0.000000E+00,0.000000E+00,0.000000E+00,0.000000E+00,0.000000E+00,2.111084E+01,5.078087E+01,2.388772E+01,4.726994E+01,8.968983E+02,1.790499E+03,7.916047E-02,1.578860E-01,0.000000E+00,0.000000E+00,0.000000E+00,0.000000E+00,0.000000E+00,0.000000E+00,0.000000E+00,0.000000E+00,2.111075E+01,5.059872E+01,2.387865E+01,5.382706E+01,5.452465E+03,8.739527E+03,4.812359E-01,7.706503E-01,0.000000E+00,0.000000E+00,0.000000E+00,0.000000E+00,0.000000E+00,0.000000E+00,0.000000E+00,0.000000E+00,2.111079E+01,5.071119E+01,2.386458E+01,6.776856E+01,2.073554E+03,3.175114E+03,1.830124E-01,2.799811E-01,0.000000E+00,0.000000E+00,0.000000E+00,0.000000E+00,0.000000E+00,0.000000E+00,0.000000E+00,0.000000E+00,2.111075E+01,5.057703E+01,2.388558E+01,4.942624E+01,8.170002E+02,1.064817E+03,7.210865E-02,9.389545E-02,0.000000E+00,0.000000E+00,0.000000E+00,0.000000E+00,0.000000E+00,0.000000E+00,0.000000E+00,0.000000E+00,2.111089E+01,5.072163E+01,2.388787E+01,4.756383E+01,1.075050E+03,1.183698E+03,9.488418E-02,1.043784E-01,0.000000E+00,0.000000E+00,0.000000E+00,0.000000E+00,0.000000E+00,0.000000E+00,0.000000E+00,0.000000E+00,2.111069E+01,5.046521E+01,2.388785E+01,4.740673E+01,1.312827E+03,2.784312E+03,1.158705E-01,2.455202E-01,0.000000E+00,0.000000E+00,0.000000E+00,0.000000E+00,0.000000E+00,0.000000E+00,0.000000E+00,0.000000E+00,2.111052E+01,5.035816E+01,2.388337E+01,4.933041E+01,6.776608E+01,1.670151E+02,5.981052E-03,1.472737E-02,0.000000E+00,0.000000E+00,0.000000E+00,0.000000E+00,0.000000E+00,0.000000E+00,0.000000E+00,0.000000E+00,2.111111E+01,5.124987E+01,2.388849E+01,4.667577E+01
16:30:00,4.568164E+03,4.684812E+03,4.031873E-01,4.131061E-01,0.000000E+00,0.000000E+00,0.000000E+00,0.000000E+00,0.000000E+00,0.000000E+00,0.000000E+00,0.000000E+00,2.111081E+01,5.084266E+01,2.388752E+01,4.744306E+01,5.325786E+03,8.034135E+03,4.700552E-01,7.084490E-01,0.000000E+00,0.000000E+00,0.000000E+00,0.000000E+00,0.000000E+00,0.000000E+00,0.000000E+00,0.000000E+00,2.111094E+01,5.086544E+01,2.388648E+01,4.893378E+01,7.527634E+02,9.770321E+02,6.643909E-02,8.615456E-02,0.000000E+00,0.000000E+00,0.000000E+00,0.000000E+00,0.000000E+00,0.000000E+00,0.000000E+00,0.000000E+00,2.111084E+01,5.078044E+01,2.388773E+01,4.728699E+01,8.961638E+02,1.795001E+03,7.909564E-02,1.582830E-01,0.000000E+00,0.000000E+00,0.000000E+00,0.000000E+00,0.000000E+00,0.000000E+00,0.000000E+00,0.000000E+00,2.111075E+01,5.059815E+01,2.387870E+01,5.380323E+01,5.449737E+03,8.629734E+03,4.809951E-01,7.609688E-01,0.000000E+00,0.000000E+00,0.000000E+00,0.000000E+00,0.000000E+00,0.000000E+00,0.000000E+00,0.000000E+00,2.111079E+01,5.071089E+01,2.386460E+01,6.802537E+01,2.071390E+03,3.133190E+03,1.828214E-01,2.762843E-01,0.000000E+00,0.000000E+00,0.000000E+00,0.000000E+00,0.000000E+00,0.000000E+00,0.000000E+00,0.000000E+00,2.111075E+01,5.057628E+01,2.388558E+01,4.946962E+01,8.158536E+02,1.056389E+03,7.200745E-02,9.315222E-02,0.000000E+00,0.000000E+00,0.000000E+00,0.000000E+00,0.000000E+00,0.000000E+00,0.000000E+00,0.000000E+00,2.111089E+01,5.072079E+01,2.388787E+01,4.757142E+01,1.073984E+03,1.191083E+03,9.479009E-02,1.050295E-01,0.000000E+00,0.000000E+00,0.000000E+00,0.000000E+00,0.000000E+00,0.000000E+00,0.000000E+00,0.000000E+00,2.111069E+01,5.046437E+01,2.388786E+01,4.739456E+01,1.311829E+03,2.859943E+03,1.157824E-01,2.521894E-01,0.000000E+00,0.000000E+00,0.000000E+00,0.000000E+00,0.000000E+00,0.000000E+00,0.000000E+00,0.000000E+00,2.111052E+01,5.035746E+01,2.388342E+01,4.923980E+01,6.750933E+01,1.663518E+02,5.958390E-03,1.466888E-02,0.000000E+00,0.000000E+00,0.000000E+00,0.000000E+00,0.000000E+00,0.000000E+00,0.000000E+00,0.000000E+00,2.111111E+01,5.124987E+01,2.388849E+01,4.667820E+01
16:45:00,4.563499E+03,4.783811E+03,4.027755E-01,4.218359E-01,0.000000E+00,0.000000E+00,0.000000E+00,0.000000E+00,0.000000E+00,0.000000E+00,0.000000E+00,0.000000E+00,2.111081E+01,5.084224E+01,2.388754E+01,4.740915E+01,5.319645E+03,8.121740E+03,4.695132E-01,7.161740E-01,0.000000E+00,0.000000E+00,0.000000E+00,0.000000E+00,0.000000E+00,0.000000E+00,0.000000E+00,0.000000E+00,2.111094E+01,5.086494E+01,2.388650E+01,4.889573E+01,7.521629E+02,9.613684E+02,6.638609E-02,8.477334E-02,0.000000E+00,0.000000E+00,0.000000E+00,0.000000E+00,0.000000E+00,0.000000E+00,0.000000E+00,0.000000E+00,2.111084E+01,5.078004E+01,2.388773E+01,4.730659E+01,8.954949E+02,1.795573E+03,7.903660E-02,1.583334E-01,0.000000E+00,0.000000E+00,0.000000E+00,0.000000E+00,0.000000E+00,0.000000E+00,0.000000E+00,0.000000E+00,2.111075E+01,5.059763E+01,2.387874E+01,5.379682E+01,5.447237E+03,8.510464E+03,4.807745E-01,7.504516E-01,0.000000E+00,0.000000E+00,0.000000E+00,0.000000E+00,0.000000E+00,0.000000E+00,0.000000E+00,0.000000E+00,2.111079E+01,5.071062E+01,2.386460E+01,6.830960E+01,2.069413E+03,3.088450E+03,1.826469E-01,2.723391E-01,0.000000E+00,0.000000E+00,0.000000E+00,0.000000E+00,0.000000E+00,0.000000E+00,0.000000E+00,0.000000E+00,2.111075E+01,5.057559E+01,2.388558E+01,4.951687E+01,8.148021E+02,1.045172E+03,7.191463E-02,9.216313E-02,0.000000E+00,0.000000E+00,0.000000E+00,0.000000E+00,0.000000E+00,0.000000E+00,0.000000E+00,0.000000E+00,2.111089E+01,5.072000E+01,2.388788E+01,4.758329E+01,1.073009E+03,1.195338E+03,9.470400E-02,1.054047E-01,0.000000E+00,0.000000E+00,0.000000E+00,0.000000E+00,0.000000E+00,0.000000E+00,0.000000E+00,0.000000E+00,2.111069E+01,5.046360E+01,2.388787E+01,4.738605E+01,1.310905E+03,2.929690E+03,1.157008E-01,2.583397E-01,0.000000E+00,0.000000E+00,0.000000E+00,0.000000E+00,0.000000E+00,0.000000E+00,0.000000E+00,0.000000E+00,2.111052E+01,5.035681E+01,2.388347E+01,4.916106E+01,6.727205E+01,1.655897E+02,5.937448E-03,1.460168E-02,0.000000E+00,0.000000E+00,0.000000E+00,0.000000E+00,0.000000E+00,0.000000E+00,0.000000E+00,0.000000E+00,2.111111E+01,5.124987E+01,2.388849E+01,4.668106E+01
17:00:00,4.558943E+03,4.868880E+03,4.023734E-01,4.293372E-01,0.000000E+00,0.000000E+00,0.000000E+00,0.000000E+00,0.000000E+00,0.000000E+00,0.000000E+00,0.000000E+00,2.111081E+01,5.084183E+01,2.388755E+01,4.738022E+01,5.313999E+03,8.186284E+03,4.690149E-01,7.218655E-01,0.000000E+00,0.000000E+00,0.000000E+00,0.000000E+00,0.000000E+00,0.000000E+00,0.000000E+00,0.000000E+00,2.111094E+01,5.086447E+01,2.388651E+01,4.886561E+01,7.516068E+02,9.445992E+02,6.633700E-02,8.329463E-02,0.000000E+00,0.000000E+00,0.000000E+00,0.000000E+00,0.000000E+00,0.000000E+00,0.000000E+00,0.000000E+00,2.111084E+01,5.077967E+01,2.388773E+01,4.732848E+01,8.948853E+02,1.791940E+03,7.898280E-02,1.580131E-01,0.000000E+00,0.000000E+00,0.000000E+00,0.000000E+00,0.000000E+00,0.000000E+00,0.000000E+00,0.000000E+00,2.111075E+01,5.059715E+01,2.387878E+01,5.380836E+01,5.444947E+03,8.385271E+03,4.805724E-01,7.394121E-01,0.000000E+00,0.000000E+00,0.000000E+00,0.000000E+00,0.000000E+00,0.000000E+00,0.000000E+00,0.000000E+00,2.111079E+01,5.071037E+01,2.386460E+01,6.861839E+01,2.067607E+03,3.041203E+03,1.824876E-01,2.681728E-01,0.000000E+00,0.000000E+00,0.000000E+00,0.000000E+00,0.000000E+00,0.000000E+00,0.000000E+00,0.000000E+00,2.111075E+01,5.057496E+01,2.388558E+01,4.956821E+01,8.138376E+02,1.031214E+03,7.182951E-02,9.093228E-02,0.000000E+00,0.000000E+00,0.000000E+00,0.000000E+00,0.000000E+00,0.000000E+00,0.000000E+00,0.000000E+00,2.111089E+01,5.071928E+01,2.388789E+01,4.759953E+01,1.072116E+03,1.196229E+03,9.462523E-02,1.054834E-01,0.000000E+00,0.000000E+00,0.000000E+00,0.000000E+00,0.000000E+00,0.000000E+00,0.000000E+00,0.000000E+00,2.111069E+01,5.046289E+01,2.388788E+01,4.738134E+01,1.310048E+03,2.990750E+03,1.156251E-01,2.637240E-01,0.000000E+00,0.000000E+00,0.000000E+00,0.000000E+00,0.000000E+00,0.000000E+00,0.000000E+00,0.000000E+00,2.111052E+01,5.035621E+01,2.388353E+01,4.909510E+01,6.705265E+01,1.647273E+02,5.918084E-03,1.452563E-02,0.000000E+00,0.000000E+00,0.000000E+00,0.000000E+00,0.000000E+00,0.000000E+00,0.000000E+00,0.000000E+00,2.111111E+01,5.124987E+01,2.388849E+01,4.668438E+01
17:15:00,4.554489E+03,4.938891E+03,4.019804E-01,4.355108E-01,0.000000E+00,0.000000E+00,0.000000E+00,0.000000E+00,0.000000E+00,0.000000E+00,0.000000E+00,0.000000E+00,2.111081E+01,5.084143E+01,2.388756E+01,4.735637E+01,5.308806E+03,8.224630E+03,4.685565E-01,7.252469E-01,0.000000E+00,0.000000E+00,0.000000E+00,0.000000E+00,0.000000E+00,0.000000E+00,0.000000E+00,0.000000E+00,2.111094E+01,5.086404E+01,2.388653E+01,4.884429E+01,7.510909E+02,9.266329E+02,6.629147E-02,8.171037E-02,0.000000E+00,0.000000E+00,0.000000E+00,0.000000E+00,0.000000E+00,0.000000E+00,0.000000E+00,0.000000E+00,2.111084E+01,5.077933E+01,2.388773E+01,4.735261E+01,8.943299E+02,1.784075E+03,7.893378E-02,1.573195E-01,0.000000E+00,0.000000E+00,0.000000E+00,0.000000E+00,0.000000E+00,0.000000E+00,0.000000E+00,0.000000E+00,2.111075E+01,5.059671E+01,2.387882E+01,5.383791E+01,5.442850E+03,8.253240E+03,4.803873E-01,7.277696E-01,0.000000E+00,0.000000E+00,0.000000E+00,0.000000E+00,0.000000E+00,0.000000E+00,0.000000E+00,0.000000E+00,2.111079E+01,5.071014E+01,2.386459E+01,6.895194E+01,2.065958E+03,2.991141E+03,1.823419E-01,2.637584E-01,0.000000E+00,0.000000E+00,0.000000E+00,0.000000E+00,0.000000E+00,0.000000E+00,0.000000E+00,0.000000E+00,2.111075E+01,5.057438E+01,2.388558E+01,4.962401E+01,8.129530E+02,1.014536E+03,7.175143E-02,8.946167E-02,0.000000E+00,0.000000E+00,0.000000E+00,0.000000E+00,0.000000E+00,0.000000E+00,0.000000E+00,0.000000E+00,2.111089E+01,5.071862E+01,2.388789E+01,4.762026E+01,1.071299E+03,1.193475E+03,9.455313E-02,1.052404E-01,0.000000E+00,0.000000E+00,0.000000E+00,0.000000E+00,0.000000E+00,0.000000E+00,0.000000E+00,0.000000E+00,2.111069E+01,5.046225E+01,2.388788E+01,4.738060E+01,1.309252E+03,3.041534E+03,1.155549E-01,2.682021E-01,0.000000E+00,0.000000E+00,0.000000E+00,0.000000E+00,0.000000E+00,0.000000E+00,0.000000E+00,0.000000E+00,2.111052E+01,5.035566E+01,2.388358E+01,4.904223E+01,6.684968E+01,1.637618E+02,5.900169E-03,1.444050E-02,0.000000E+00,0.000000E+00,0.000000E+00,0.000000E+00,0.000000E+00,0.000000E+00,0.000000E+00,0.000000E+00,2.111111E+01,5.124987E+01,2.388849E+01,4.668817E+01
17:30:00,4.550133E+03,4.991234E+03,4.015958E-01,4.401264E-01,0.000000E+00,0.000000E+00,0.000000E+00,0.000000E+00,0.000000E+00,0.000000E+00,0.000000E+00,0.000000E+00,2.111081E+01,5.084104E+01,2.388758E+01,4.733795E+01,5.304027E+03,8.233463E+03,4.681347E-01,7.260257E-01,0.000000E+00,0.000000E+00,0.000000E+00,0.000000E+00,0.000000E+00,0.000000E+00,0.000000E+00,0.000000E+00,2.111094E+01,5.086365E+01,2.388655E+01,4.883273E+01,7.506116E+02,9.074717E+02,6.624917E-02,8.002074E-02,0.000000E+00,0.000000E+00,0.000000E+00,0.000000E+00,0.000000E+00,0.000000E+00,0.000000E+00,0.000000E+00,2.111084E+01,5.077901E+01,2.388773E+01,4.737937E+01,8.938235E+02,1.771988E+03,7.888909E-02,1.562536E-01,0.000000E+00,0.000000E+00,0.000000E+00,0.000000E+00,0.000000E+00,0.000000E+00,0.000000E+00,0.000000E+00,2.111075E+01,5.059632E+01,2.387885E+01,5.388620E+01,5.440930E+03,8.114199E+03,4.802179E-01,7.155090E-01,0.000000E+00,0.000000E+00,0.000000E+00,0.000000E+00,0.000000E+00,0.000000E+00,0.000000E+00,0.000000E+00,2.111079E+01,5.070993E+01,2.386458E+01,6.931408E+01,2.064450E+03,2.938139E+03,1.822089E-01,2.590847E-01,0.000000E+00,0.000000E+00,0.000000E+00,0.000000E+00,0.000000E+00,0.000000E+00,0.000000E+00,0.000000E+00,2.111075E+01,5.057385E+01,2.388558E+01,4.968498E+01,8.121414E+02,9.951928E+02,7.167980E-02,8.775597E-02,0.000000E+00,0.000000E+00,0.000000E+00,0.000000E+00,0.000000E+00,0.000000E+00,0.000000E+00,0.000000E+00,2.111089E+01,5.071801E+01,2.388790E+01,4.764572E+01,1.070551E+03,1.186837E+03,9.448714E-02,1.046551E-01,0.000000E+00,0.000000E+00,0.000000E+00,0.000000E+00,0.000000E+00,0.000000E+00,0.000000E+00,0.000000E+00,2.111069E+01,5.046165E+01,2.388789E+01,4.738412E+01,1.308511E+03,3.080350E+03,1.154895E-01,2.716249E-01,0.000000E+00,0.000000E+00,0.000000E+00,0.000000E+00,0.000000E+00,0.000000E+00,0.000000E+00,0.000000E+00,2.111052E+01,5.035514E+01,2.388363E+01,4.900303E+01,6.666179E+01,1.626900E+02,5.883586E-03,1.434598E-02,0.000000E+00,0.000000E+00,0.000000E+00,0.000000E+00,0.000000E+00,0.000000E+00,0.000000E+00,0.000000E+00,2.111111E+01,5.124987E+01,2.388849E+01,4.669245E+01
17:45:00,4.545866E+03,5.024590E+03,4.012193E-01,4.430677E-01,0.000000E+00,0.000000E+00,0.000000E+00,0.000000E+00,0.000000E+00,0.000000E+00,0.000000E+00,0.000000E+00,2.111081E+01,5.084066E+01,2.388759E+01,4.732524E+01,5.299627E+03,8.210645E+03,4.677464E-01,7.240137E-01,0.000000E+00,0.000000E+00,0.000000E+00,0.000000E+00,0.000000E+00,0.000000E+00,0.000000E+00,0.000000E+00,2.111094E+01,5.086328E+01,2.388657E+01,4.883180E+01,7.501658E+02,8.868011E+02,6.620982E-02,7.819801E-02,0.000000E+00,0.000000E+00,0.000000E+00,0.000000E+00,0.000000E+00,0.000000E+00,0.000000E+00,0.000000E+00,2.111084E+01,5.077871E+01,2.388773E+01,4.740899E+01,8.933618E+02,1.755744E+03,7.884833E-02,1.548213E-01,0.000000E+00,0.000000E+00,0.000000E+00,0.000000E+00,0.000000E+00,0.000000E+00,0.000000E+00,0.000000E+00,2.111075E+01,5.059595E+01,2.387888E+01,5.395363E+01,5.439173E+03,7.965765E+03,4.800627E-01,7.024202E-01,0.000000E+00,0.000000E+00,0.000000E+00,0.000000E+00,0.000000E+00,0.000000E+00,0.000000E+00,0.000000E+00,2.111079E+01,5.070974E+01,2.386458E+01,6.970747E+01,2.063072E+03,2.881808E+03,1.820873E-01,2.541175E-01,0.000000E+00,0.000000E+00,0.000000E+00,0.000000E+00,0.000000E+00,0.000000E+00,0.000000E+00,0.000000E+00,2.111075E+01,5.057336E+01,2.388558E+01,4.975166E+01,8.113968E+02,9.732796E+02,7.161408E-02,8.582367E-02,0.000000E+00,0.000000E+00,0.000000E+00,0.000000E+00,0.000000E+00,0.000000E+00,0.000000E+00,0.000000E+00,2.111089E+01,5.071745E+01,2.388790E+01,4.767618E+01,1.069867E+03,1.176163E+03,9.442672E-02,1.037139E-01,0.000000E+00,0.000000E+00,0.000000E+00,0.000000E+00,0.000000E+00,0.000000E+00,0.000000E+00,0.000000E+00,2.111069E+01,5.046110E+01,2.388790E+01,4.739218E+01,1.307822E+03,3.106300E+03,1.154287E-01,2.739131E-01,0.000000E+00,0.000000E+00,0.000000E+00,0.000000E+00,0.000000E+00,0.000000E+00,0.000000E+00,0.000000E+00,2.111052E+01,5.035466E+01,2.388367E+01,4.897789E+01,6.648776E+01,1.615085E+02,5.868226E-03,1.424179E-02,0.000000E+00,0.000000E+00,0.000000E+00,0.000000E+00,0.000000E+00,0.000000E+00,0.000000E+00,0.000000E+00,2.111111E+01,5.124987E+01,2.388849E+01,4.669726E+01
18:00:00,4.541686E+03,5.035937E+03,4.008504E-01,4.440683E-01,0.000000E+00,0.000000E+00,0.000000E+00,0.000000E+00,0.000000E+00,0.000000E+00,0.000000E+00,0.000000E+00,2.111081E+01,5.084028E+01,2.388760E+01,4.731809E+01,5.295574E+03,8.152910E+03,4.673887E-01,7.189226E-01,0.000000E+00,0.000000E+00,0.000000E+00,0.000000E+00,0.000000E+00,0.000000E+00,0.000000E+00,0.000000E+00,2.111094E+01,5.086295E+01,2.388659E+01,4.884200E+01,7.497504E+02,8.648372E+02,6.617316E-02,7.626124E-02,0.000000E+00,0.000000E+00,0.000000E+00,0.000000E+00,0.000000E+00,0.000000E+00,0.000000E+00,0.000000E+00,2.111084E+01,5.077844E+01,2.388773E+01,4.744232E+01,8.929406E+02,1.736599E+03,7.881116E-02,1.531331E-01,0.000000E+00,0.000000E+00,0.000000E+00,0.000000E+00,0.000000E+00,0.000000E+00,0.000000E+00,0.000000E+00,2.111075E+01,5.059562E+01,2.387890E+01,5.404036E+01,5.437564E+03,7.809375E+03,4.799207E-01,6.886297E-01,0.000000E+00,0.000000E+00,0.000000E+00,0.000000E+00,0.000000E+00,0.000000E+00,0.000000E+00,0.000000E+00,2.111079E+01,5.070956E+01,2.386459E+01,7.014297E+01,2.061813E+03,2.822326E+03,1.819761E-01,2.488723E-01,0.000000E+00,0.000000E+00,0.000000E+00,0.000000E+00,0.000000E+00,0.000000E+00,0.000000E+00,0.000000E+00,2.111075E+01,5.057292E+01,2.388558E+01,4.982508E+01,8.107135E+02,9.489280E+02,7.155378E-02,8.367635E-02,0.000000E+00,0.000000E+00,0.000000E+00,0.000000E+00,0.000000E+00,0.000000E+00,0.000000E+00,0.000000E+00,2.111089E+01,5.071694E+01,2.388791E+01,4.771191E+01,1.069240E+03,1.161387E+03,9.437139E-02,1.024109E-01,0.000000E+00,0.000000E+00,0.000000E+00,0.000000E+00,0.000000E+00,0.000000E+00,0.000000E+00,0.000000E+00,2.111069E+01,5.046060E+01,2.388790E+01,4.740503E+01,1.307179E+03,3.117741E+03,1.153719E-01,2.749220E-01,0.000000E+00,0.000000E+00,0.000000E+00,0.000000E+00,0.000000E+00,0.000000E+00,0.000000E+00,0.000000E+00,2.111052E+01,5.035421E+01,2.388372E+01,4.896602E+01,6.632647E+01,1.602142E+02,5.853991E-03,1.412767E-02,0.000000E+00,0.000000E+00,0.000000E+00,0.000000E+00,0.000000E+00,0.000000E+00,0.000000E+00,0.000000E+00,2.111111E+01,5.124987E+01,2.388849E+01,4.670262E+01
18:15:00,4.537588E+03,5.021974E+03,4.004886E-01,4.428370E-01,0.000000E+00,0.000000E+00,0.000000E+00,0.000000E+00,0.000000E+00,0.000000E+00,0.000000E+00,0.000000E+00,2.111081E+01,5.083991E+01,2.388762E+01,4.731696E+01,5.291839E+03,8.056345E+03,4.670591E-01,7.104075E-01,0.000000E+00,0.000000E+00,0.000000E+00,0.000000E+00,0.000000E+00,0.000000E+00,0.000000E+00,0.000000E+00,2.111094E+01,5.086264E+01,2.388661E+01,4.886440E+01,7.493629E+02,8.415602E+02,6.613896E-02,7.420867E-02,0.000000E+00,0.000000E+00,0.000000E+00,0.000000E+00,0.000000E+00,0.000000E+00,0.000000E+00,0.000000E+00,2.111084E+01,5.077818E+01,2.388773E+01,4.747928E+01,8.925563E+02,1.723906E+03,7.877724E-02,1.520138E-01,0.000000E+00,0.000000E+00,0.000000E+00,0.000000E+00,0.000000E+00,0.000000E+00,0.000000E+00,0.000000E+00,2.111075E+01,5.059532E+01,2.387889E+01,5.413757E+01,5.436092E+03,7.644975E+03,4.797908E-01,6.741329E-01,0.000000E+00,0.000000E+00,0.000000E+00,0.000000E+00,0.000000E+00,0.000000E+00,0.000000E+00,0.000000E+00,2.111079E+01,5.070940E+01,2.386457E+01,7.061840E+01,2.060661E+03,2.759627E+03,1.818745E-01,2.433435E-01,0.000000E+00,0.000000E+00,0.000000E+00,0.000000E+00,0.000000E+00,0.000000E+00,0.000000E+00,0.000000E+00,2.111075E+01,5.057251E+01,2.388557E+01,4.990541E+01,8.100864E+02,9.222435E+02,7.149843E-02,8.132331E-02,0.000000E+00,0.000000E+00,0.000000E+00,0.000000E+00,0.000000E+00,0.000000E+00,0.000000E+00,0.000000E+00,2.111089E+01,5.071646E+01,2.388791E+01,4.775319E+01,1.068666E+03,1.142380E+03,9.432072E-02,1.007349E-01,0.000000E+00,0.000000E+00,0.000000E+00,0.000000E+00,0.000000E+00,0.000000E+00,0.000000E+00,0.000000E+00,2.111069E+01,5.046014E+01,2.388791E+01,4.742290E+01,1.306578E+03,3.112939E+03,1.153189E-01,2.744985E-01,0.000000E+00,0.000000E+00,0.000000E+00,0.000000E+00,0.000000E+00,0.000000E+00,0.000000E+00,0.000000E+00,2.111052E+01,5.035379E+01,2.388376E+01,4.896886E+01,6.617690E+01,1.588037E+02,5.840789E-03,1.400329E-02,0.000000E+00,0.000000E+00,0.000000E+00,0.000000E+00,0.000000E+00,0.000000E+00,0.000000E+00,0.000000E+00,2.111111E+01,5.124987E+01,2.388849E+01,4.670858E+01
18:30:00,4.533567E+03,4.980508E+03,4.001337E-01,4.391806E-01,0.000000E+00,0.000000E+00,0.000000E+00,0.000000E+00,0.000000E+00,0.000000E+00,0.000000E+00,0.000000E+00,2.111081E+01,5.083954E+01,2.388763E+01,4.732300E+01,5.288396E+03,7.917542E+03,4.667552E-01,6.981679E-01,0.000000E+00,0.000000E+00,0.000000E+00,0.000000E+00,0.000000E+00,0.000000E+00,0.000000E+00,0.000000E+00,2.111094E+01,5.086235E+01,2.388664E+01,4.890116E+01,7.490010E+02,8.170592E+02,6.610701E-02,7.204818E-02,0.000000E+00,0.000000E+00,0.000000E+00,0.000000E+00,0.000000E+00,0.000000E+00,0.000000E+00,0.000000E+00,2.111084E+01,5.077794E+01,2.388773E+01,4.752014E+01,8.922055E+02,1.723164E+03,7.874628E-02,1.519484E-01,0.000000E+00,0.000000E+00,0.000000E+00,0.000000E+00,0.000000E+00,0.000000E+00,0.000000E+00,0.000000E+00,2.111075E+01,5.059504E+01,2.387873E+01,5.417317E+01,5.434744E+03,7.473052E+03,4.796719E-01,6.589728E-01,0.000000E+00,0.000000E+00,0.000000E+00,0.000000E+00,0.000000E+00,0.000000E+00,0.000000E+00,0.000000E+00,2.111079E+01,5.070925E+01,2.386456E+01,7.113441E+01,2.059608E+03,2.693808E+03,1.817815E-01,2.375397E-01,0.000000E+00,0.000000E+00,0.000000E+00,0.000000E+00,0.000000E+00,0.000000E+00,0.000000E+00,0.000000E+00,2.111075E+01,5.057214E+01,2.388557E+01,4.999331E+01,8.095107E+02,8.933741E+02,7.144762E-02,7.877761E-02,0.000000E+00,0.000000E+00,0.000000E+00,0.000000E+00,0.000000E+00,0.000000E+00,0.000000E+00,0.000000E+00,2.111089E+01,5.071603E+01,2.388792E+01,4.780047E+01,1.068140E+03,1.119061E+03,9.427429E-02,9.867862E-02,0.000000E+00,0.000000E+00,0.000000E+00,0.000000E+00,0.000000E+00,0.000000E+00,0.000000E+00,0.000000E+00,2.111069E+01,5.045972E+01,2.388792E+01,4.744627E+01,1.306016E+03,3.090362E+03,1.152693E-01,2.725077E-01,0.000000E+00,0.000000E+00,0.000000E+00,0.000000E+00,0.000000E+00,0.000000E+00,0.000000E+00,0.000000E+00,2.111052E+01,5.035339E+01,2.388380E+01,4.898926E+01,6.603809E+01,1.572729E+02,5.828538E-03,1.386831E-02,0.000000E+00,0.000000E+00,0.000000E+00,0.000000E+00,0.000000E+00,0.000000E+00,0.000000E+00,0.000000E+00,2.111111E+01,5.124987E+01,2.388849E+01,4.671516E+01
18:45:00,4.529620E+03,4.907631E+03,3.997854E-01,4.327543E-01,0.000000E+00,0.000000E+00,0.000000E+00,0.000000E+00,0.000000E+00,0.000000E+00,0.000000E+00,0.000000E+00,2.111081E+01,5.083918E+01,2.388764E+01,4.733707E+01,5.285221E+03,7.731389E+03,4.664749E-01,6.817529E-01,0.000000E+00,0.000000E+00,0.000000E+00,0.000000E+00,0.000000E+00,0.000000E+00,0.000000E+00,0.000000E+00,2.111094E+01,5.086209E+01,2.388666E+01,4.895464E+01,7.486624E+02,7.917904E+02,6.607713E-02,6.981998E-02,0.000000E+00,0.000000E+00,0.000000E+00,0.000000E+00,0.000000E+00,0.000000E+00,0.000000E+00,0.000000E+00,2.111084E+01,5.077772E+01,2.388773E+01,4.756506E+01,8.918853E+02,1.736488E+03,7.871802E-02,1.531233E-01,0.000000E+00,0.000000E+00,0.000000E+00,0.000000E+00,0.000000E+00,0.000000E+00,0.000000E+00,0.000000E+00,2.111075E+01,5.059479E+01,2.387854E+01,5.411226E+01,5.433511E+03,7.296701E+03,4.795630E-01,6.434221E-01,0.000000E+00,0.000000E+00,0.000000E+00,0.000000E+00,0.000000E+00,0.000000E+00,0.000000E+00,0.000000E+00,2.111079E+01,5.070912E+01,2.386453E+01,7.169146E+01,2.058645E+03,2.625395E+03,1.816965E-01,2.315070E-01,0.000000E+00,0.000000E+00,0.000000E+00,0.000000E+00,0.000000E+00,0.000000E+00,0.000000E+00,0.000000E+00,2.111075E+01,5.057180E+01,2.388557E+01,5.008926E+01,8.089823E+02,8.624970E+02,7.140098E-02,7.605488E-02,0.000000E+00,0.000000E+00,0.000000E+00,0.000000E+00,0.000000E+00,0.000000E+00,0.000000E+00,0.000000E+00,2.111089E+01,5.071563E+01,2.388793E+01,4.785425E+01,1.067658E+03,1.091336E+03,9.423175E-02,9.623389E-02,0.000000E+00,0.000000E+00,0.000000E+00,0.000000E+00,0.000000E+00,0.000000E+00,0.000000E+00,0.000000E+00,2.111069E+01,5.045934E+01,2.388793E+01,4.747574E+01,1.305490E+03,3.047534E+03,1.152229E-01,2.687312E-01,0.000000E+00,0.000000E+00,0.000000E+00,0.000000E+00,0.000000E+00,0.000000E+00,0.000000E+00,0.000000E+00,2.111052E+01,5.035302E+01,2.388384E+01,4.902944E+01,6.590919E+01,1.556196E+02,5.817161E-03,1.372252E-02,0.000000E+00,0.000000E+00,0.000000E+00,0.000000E+00,0.000000E+00,0.000000E+00,0.000000E+00,0.000000E+00,2.111111E+01,5.124987E+01,2.388849E+01,4.672242E+01
19:00:00,4.525745E+03,4.800965E+03,3.994434E-01,4.233485E-01,0.000000E+00,0.000000E+00,0.000000E+00,0.000000E+00,0.000000E+00,0.000000E+00,0.000000E+00,0.000000E+00,2.111081E+01,5.083883E+01,2.388766E+01,4.736006E+01,5.282291E+03,7.493406E+03,4.662163E-01,6.607676E-01,0.000000E+00,0.000000E+00,0.000000E+00,0.000000E+00,0.000000E+00,0.000000E+00,0.000000E+00,0.000000E+00,2.111094E+01,5.086185E+01,2.388669E+01,4.902775E+01,7.483454E+02,7.657306E+02,6.604915E-02,6.752203E-02,0.000000E+00,0.000000E+00,0.000000E+00,0.000000E+00,0.000000E+00,0.000000E+00,0.000000E+00,0.000000E+00,2.111084E+01,5.077751E+01,2.388773E+01,4.761413E+01,8.915929E+02,1.759950E+03,7.869221E-02,1.551922E-01,0.000000E+00,0.000000E+00,0.000000E+00,0.000000E+00,0.000000E+00,0.000000E+00,0.000000E+00,0.000000E+00,2.111075E+01,5.059456E+01,2.387844E+01,5.398346E+01,5.432382E+03,7.115494E+03,4.794634E-01,6.274433E-01,0.000000E+00,0.000000E+00,0.000000E+00,0.000000E+00,0.000000E+00,0.000000E+00,0.000000E+00,0.000000E+00,2.111079E+01,5.070899E+01,2.386450E+01,7.228968E+01,2.057764E+03,2.554492E+03,1.816188E-01,2.252548E-01,0.000000E+00,0.000000E+00,0.000000E+00,0.000000E+00,0.000000E+00,0.000000E+00,0.000000E+00,0.000000E+00,2.111075E+01,5.057149E+01,2.388557E+01,5.019361E+01,8.084970E+02,8.298339E+02,7.135815E-02,7.317465E-02,0.000000E+00,0.000000E+00,0.000000E+00,0.000000E+00,0.000000E+00,0.000000E+00,0.000000E+00,0.000000E+00,2.111089E+01,5.071526E+01,2.388793E+01,4.791501E+01,1.067216E+03,1.059093E+03,9.419276E-02,9.339070E-02,0.000000E+00,0.000000E+00,0.000000E+00,0.000000E+00,0.000000E+00,0.000000E+00,0.000000E+00,0.000000E+00,2.111069E+01,5.045898E+01,2.388794E+01,4.751200E+01,1.304997E+03,2.982558E+03,1.151794E-01,2.630016E-01,0.000000E+00,0.000000E+00,0.000000E+00,0.000000E+00,0.000000E+00,0.000000E+00,0.000000E+00,0.000000E+00,2.111052E+01,5.035268E+01,2.388389E+01,4.909238E+01,6.578941E+01,1.538439E+02,5.806589E-03,1.356593E-02,0.000000E+00,0.000000E+00,0.000000E+00,0.000000E+00,0.000000E+00,0.000000E+00,0.000000E+00,0.000000E+00,2.111111E+01,5.124987E+01,2.388849E+01,4.673042E+01
19:15:00,4.521938E+03,4.659758E+03,3.991074E-01,4.108968E-01,0.000000E+00,0.000000E+00,0.000000E+00,0.000000E+00,0.000000E+00,0.000000E+00,0.000000E+00,0.000000E+00,2.111081E+01,5.083849E+01,2.388768E+01,4.739336E+01,5.279586E+03,7.200666E+03,4.659775E-01,6.349538E-01,0.000000E+00,0.000000E+00,0.000000E+00,0.000000E+00,0.000000E+00,0.000000E+00,0.000000E+00,0.000000E+00,2.111094E+01,5.086162E+01,2.388672E+01,4.912451E+01,7.480482E+02,7.394605E+02,6.602292E-02,6.520553E-02,0.000000E+00,0.000000E+00,0.000000E+00,0.000000E+00,0.000000E+00,0.000000E+00,0.000000E+00,0.000000E+00,2.111084E+01,5.077731E+01,2.388773E+01,4.766738E+01,8.913258E+02,1.772028E+03,7.866863E-02,1.562572E-01,0.000000E+00,0.000000E+00,0.000000E+00,0.000000E+00,0.000000E+00,0.000000E+00,0.000000E+00,0.000000E+00,2.111075E+01,5.059435E+01,2.387848E+01,5.385965E+01,5.431350E+03,6.932729E+03,4.793723E-01,6.113271E-01,0.000000E+00,0.000000E+00,0.000000E+00,0.000000E+00,0.000000E+00,0.000000E+00,0.000000E+00,0.000000E+00,2.111079E+01,5.070888E+01,2.386445E+01,7.292874E+01,2.056958E+03,2.482089E+03,1.815476E-01,2.188703E-01,0.000000E+00,0.000000E+00,0.000000E+00,0.000000E+00,0.000000E+00,0.000000E+00,0.000000E+00,0.000000E+00,2.111075E+01,5.057121E+01,2.388556E+01,5.030656E+01,8.080514E+02,7.958271E+02,7.131882E-02,7.017593E-02,0.000000E+00,0.000000E+00,0.000000E+00,0.000000E+00,0.000000E+00,0.000000E+00,0.000000E+00,0.000000E+00,2.111089E+01,5.071492E+01,2.388794E+01,4.798319E+01,1.066811E+03,1.022511E+03,9.415703E-02,9.016488E-02,0.000000E+00,0.000000E+00,0.000000E+00,0.000000E+00,0.000000E+00,0.000000E+00,0.000000E+00,0.000000E+00,2.111069E+01,5.045866E+01,2.388794E+01,4.755589E+01,1.304534E+03,2.893826E+03,1.151385E-01,2.551772E-01,0.000000E+00,0.000000E+00,0.000000E+00,0.000000E+00,0.000000E+00,0.000000E+00,0.000000E+00,0.000000E+00,2.111052E+01,5.035236E+01,2.388393E+01,4.918282E+01,6.567803E+01,1.519536E+02,5.796759E-03,1.339925E-02,0.000000E+00,0.000000E+00,0.000000E+00,0.000000E+00,0.000000E+00,0.000000E+00,0.000000E+00,0.000000E+00,2.111111E+01,5.124987E+01,2.388849E+01,4.673916E+01
19:30:00,4.518197E+03,4.477117E+03,3.987772E-01,3.947916E-01,0.000000E+00,0.000000E+00,0.000000E+00,0.000000E+00,0.000000E+00,0.000000E+00,0.000000E+00,0.000000E+00,2.111081E+01,5.083814E+01,2.388770E+01,4.743865E+01,5.277088E+03,6.844873E+03,4.657571E-01,6.035800E-01,0.000000E+00,0.000000E+00,0.000000E+00,0.000000E+00,0.000000E+00,0.000000E+00,0.000000E+00,0.000000E+00,2.111094E+01,5.086142E+01,2.388676E+01,4.925000E+01,7.477692E+02,7.130994E+02,6.599830E-02,6.288101E-02,0.000000E+00,0.000000E+00,0.000000E+00,0.000000E+00,0.000000E+00,0.000000E+00,0.000000E+00,0.000000E+00,2.111084E+01,5.077712E+01,2.388772E+01,4.772427E+01,8.910817E+02,1.758652E+03,7.864709E-02,1.550777E-01,0.000000E+00,0.000000E+00,0.000000E+00,0.000000E+00,0.000000E+00,0.000000E+00,0.000000E+00,0.000000E+00,2.111075E+01,5.059416E+01,2.387877E+01,5.386132E+01,5.430405E+03,6.749031E+03,4.792889E-01,5.951287E-01,0.000000E+00,0.000000E+00,0.000000E+00,0.000000E+00,0.000000E+00,0.000000E+00,0.000000E+00,0.000000E+00,2.111079E+01,5.070878E+01,2.386437E+01,7.360186E+01,2.056221E+03,2.408708E+03,1.814825E-01,2.123996E-01,0.000000E+00,0.000000E+00,0.000000E+00,0.000000E+00,0.000000E+00,0.000000E+00,0.000000E+00,0.000000E+00,2.111075E+01,5.057094E+01,2.388555E+01,5.042748E+01,8.076422E+02,7.609370E+02,7.128270E-02,6.709932E-02,0.000000E+00,0.000000E+00,0.000000E+00,0.000000E+00,0.000000E+00,0.000000E+00,0.000000E+00,0.000000E+00,2.111089E+01,5.071461E+01,2.388794E+01,4.805898E+01,1.066440E+03,9.816585E+02,9.412427E-02,8.656252E-02,0.000000E+00,0.000000E+00,0.000000E+00,0.000000E+00,0.000000E+00,0.000000E+00,0.000000E+00,0.000000E+00,2.111069E+01,5.045836E+01,2.388795E+01,4.760825E+01,1.304099E+03,2.777775E+03,1.151001E-01,2.449438E-01,0.000000E+00,0.000000E+00,0.000000E+00,0.000000E+00,0.000000E+00,0.000000E+00,0.000000E+00,0.000000E+00,2.111052E+01,5.035205E+01,2.388398E+01,4.930718E+01,6.557440E+01,1.499635E+02,5.787613E-03,1.322376E-02,0.000000E+00,0.000000E+00,0.000000E+00,0.000000E+00,0.000000E+00,0.000000E+00,0.000000E+00,0.000000E+00,2.111111E+01,5.124987E+01,2.388849E+01,4.674866E+01
19:45:00,4.514520E+03,4.250616E+03,3.984526E-01,3.748187E-01,0.000000E+00,0.000000E+00,0.000000E+00,0.000000E+00,0.000000E+00,0.000000E+00,0.000000E+00,0.000000E+00,2.111081E+01,5.083781E+01,2.388791E+01,4.752266E+01,5.274779E+03,6.423133E+03,4.655533E-01,5.663911E-01,0.000000E+00,0.000000E+00,0.000000E+00,0.000000E+00,0.000000E+00,0.000000E+00,0.000000E+00,0.000000E+00,2.111094E+01,5.086122E+01,2.388716E+01,4.947031E+01,7.475072E+02,6.869751E+02,6.597517E-02,6.057738E-02,0.000000E+00,0.000000E+00,0.000000E+00,0.000000E+00,0.000000E+00,0.000000E+00,0.000000E+00,0.000000E+00,2.111084E+01,5.077695E+01,2.388789E+01,4.780260E+01,8.908587E+02,1.711994E+03,7.862741E-02,1.509634E-01,0.000000E+00,0.000000E+00,0.000000E+00,0.000000E+00,0.000000E+00,0.000000E+00,0.000000E+00,0.000000E+00,2.111075E+01,5.059398E+01,2.388048E+01,5.415119E+01,5.429540E+03,6.562644E+03,4.792126E-01,5.786931E-01,0.000000E+00,0.000000E+00,0.000000E+00,0.000000E+00,0.000000E+00,0.000000E+00,0.000000E+00,0.000000E+00,2.111079E+01,5.070868E+01,2.386841E+01,7.451600E+01,2.055546E+03,2.335018E+03,1.814230E-01,2.059016E-01,0.000000E+00,0.000000E+00,0.000000E+00,0.000000E+00,0.000000E+00,0.000000E+00,0.000000E+00,0.000000E+00,2.111075E+01,5.057070E+01,2.388603E+01,5.059428E+01,8.072664E+02,7.256674E+02,7.124953E-02,6.398926E-02,0.000000E+00,0.000000E+00,0.000000E+00,0.000000E+00,0.000000E+00,0.000000E+00,0.000000E+00,0.000000E+00,2.111089E+01,5.071433E+01,2.388810E+01,4.816666E+01,1.066100E+03,9.365621E+02,9.409424E-02,8.258592E-02,0.000000E+00,0.000000E+00,0.000000E+00,0.000000E+00,0.000000E+00,0.000000E+00,0.000000E+00,0.000000E+00,2.111069E+01,5.045809E+01,2.388811E+01,4.768996E+01,1.303690E+03,2.632274E+03,1.150640E-01,2.321136E-01,0.000000E+00,0.000000E+00,0.000000E+00,0.000000E+00,0.000000E+00,0.000000E+00,0.000000E+00,0.000000E+00,2.111052E+01,5.035176E+01,2.388466E+01,4.955034E+01,6.547790E+01,1.478883E+02,5.779096E-03,1.304077E-02,0.000000E+00,0.000000E+00,0.000000E+00,0.000000E+00,0.000000E+00,0.000000E+00,0.000000E+00,0.000000E+00,2.111111E+01,5.124987E+01,2.388854E+01,4.676181E+01
20:00:00,4.510904E+03,3.991026E+03,3.981335E-01,3.519282E-01,0.000000E+00,0.000000E+00,0.000000E+00,0.000000E+00,0.000000E+00,0.000000E+00,0.000000E+00,0.000000E+00,2.111081E+01,5.083748E+01,2.388812E+01,4.760925E+01,5.272646E+03,5.953493E+03,4.653650E-01,5.249782E-01,0.000000E+00,0.000000E+00,0.000000E+00,0.000000E+00,0.000000E+00,0.000000E+00,0.000000E+00,0.000000E+00,2.111094E+01,5.086105E+01,2.388753E+01,4.968992E+01,7.472607E+02,6.612743E+02,6.595342E-02,5.831108E-02,0.000000E+00,0.000000E+00,0.000000E+00,0.000000E+00,0.000000E+00,0.000000E+00,0.000000E+00,0.000000E+00,2.111084E+01,5.077679E+01,2.388808E+01,4.786510E+01,8.906548E+02,1.635578E+03,7.860941E-02,1.442250E-01,0.000000E+00,0.000000E+00,0.000000E+00,0.000000E+00,0.000000E+00,0.000000E+00,0.000000E+00,0.000000E+00,2.111075E+01,5.059382E+01,2.388208E+01,5.456283E+01,5.428749E+03,6.379676E+03,4.791428E-01,5.625590E-01,0.000000E+00,0.000000E+00,0.000000E+00,0.000000E+00,0.000000E+00,0.000000E+00,0.000000E+00,0.000000E+00,2.111079E+01,5.070860E+01,2.387306E+01,7.523974E+01,2.054928E+03,2.262071E+03,1.813684E-01,1.994692E-01,0.000000E+00,0.000000E+00,0.000000E+00,0.000000E+00,0.000000E+00,0.000000E+00,0.000000E+00,0.000000E+00,2.111075E+01,5.057048E+01,2.388656E+01,5.072760E+01,8.069211E+02,6.906771E+02,7.121906E-02,6.090382E-02,0.000000E+00,0.000000E+00,0.000000E+00,0.000000E+00,0.000000E+00,0.000000E+00,0.000000E+00,0.000000E+00,2.111089E+01,5.071406E+01,2.388827E+01,4.825432E+01,1.065788E+03,8.874203E+02,9.406670E-02,7.825261E-02,0.000000E+00,0.000000E+00,0.000000E+00,0.000000E+00,0.000000E+00,0.000000E+00,0.000000E+00,0.000000E+00,2.111069E+01,5.045783E+01,2.388827E+01,4.776412E+01,1.303304E+03,2.462583E+03,1.150300E-01,2.171503E-01,0.000000E+00,0.000000E+00,0.000000E+00,0.000000E+00,0.000000E+00,0.000000E+00,0.000000E+00,0.000000E+00,2.111052E+01,5.035149E+01,2.388535E+01,4.980687E+01,6.538799E+01,1.457463E+02,5.771160E-03,1.285189E-02,0.000000E+00,0.000000E+00,0.000000E+00,0.000000E+00,0.000000E+00,0.000000E+00,0.000000E+00,0.000000E+00,2.111111E+01,5.124987E+01,2.388860E+01,4.677237E+01
20:15:00,4.507348E+03,3.731774E+03,3.978197E-01,3.290673E-01,0.000000E+00,0.000000E+00,0.000000E+00,0.000000E+00,0.000000E+00,0.000000E+00,0.000000E+00,0.000000E+00,2.111081E+01,5.083715E+01,2.388812E+01,4.771928E+01,5.270673E+03,5.486513E+03,4.651909E-01,4.838000E-01,0.000000E+00,0.000000E+00,0.000000E+00,0.000000E+00,0.000000E+00,0.000000E+00,0.000000E+00,0.000000E+00,2.111094E+01,5.086088E+01,2.388753E+01,4.997399E+01,7.470287E+02,6.366078E+02,6.593294E-02,5.613600E-02,0.000000E+00,0.000000E+00,0.000000E+00,0.000000E+00,0.000000E+00,0.000000E+00,0.000000E+00,0.000000E+00,2.111084E+01,5.077663E+01,2.388808E+01,4.793750E+01,8.904684E+02,1.551293E+03,7.859296E-02,1.367928E-01,0.000000E+00,0.000000E+00,0.000000E+00,0.000000E+00,0.000000E+00,0.000000E+00,0.000000E+00,0.000000E+00,2.111075E+01,5.059367E+01,2.388209E+01,5.507554E+01,5.428026E+03,6.206089E+03,4.790789E-01,5.472522E-01,0.000000E+00,0.000000E+00,0.000000E+00,0.000000E+00,0.000000E+00,0.000000E+00,0.000000E+00,0.000000E+00,2.111079E+01,5.070852E+01,2.387318E+01,7.605877E+01,2.054362E+03,2.191334E+03,1.813185E-01,1.932315E-01,0.000000E+00,0.000000E+00,0.000000E+00,0.000000E+00,0.000000E+00,0.000000E+00,0.000000E+00,0.000000E+00,2.111075E+01,5.057028E+01,2.388657E+01,5.087988E+01,8.066040E+02,6.566747E+02,7.119107E-02,5.790549E-02,0.000000E+00,0.000000E+00,0.000000E+00,0.000000E+00,0.000000E+00,0.000000E+00,0.000000E+00,0.000000E+00,2.111089E+01,5.071382E+01,2.388827E+01,4.835968E+01,1.065502E+03,8.348999E+02,9.404144E-02,7.362137E-02,0.000000E+00,0.000000E+00,0.000000E+00,0.000000E+00,0.000000E+00,0.000000E+00,0.000000E+00,0.000000E+00,2.111069E+01,5.045761E+01,2.388828E+01,4.786013E+01,1.302941E+03,2.286176E+03,1.149979E-01,2.015947E-01,0.000000E+00,0.000000E+00,0.000000E+00,0.000000E+00,0.000000E+00,0.000000E+00,0.000000E+00,0.000000E+00,2.111052E+01,5.035124E+01,2.388535E+01,5.011882E+01,6.530416E+01,1.435569E+02,5.763761E-03,1.265883E-02,0.000000E+00,0.000000E+00,0.000000E+00,0.000000E+00,0.000000E+00,0.000000E+00,0.000000E+00,0.000000E+00,2.111111E+01,5.124987E+01,2.388860E+01,4.678484E+01
20:30:00,4.503850E+03,3.495190E+03,3.975109E-01,3.082054E-01,0.000000E+00,0.000000E+00,0.000000E+00,0.000000E+00,0.000000E+00,0.000000E+00,0.000000E+00,0.000000E+00,2.111081E+01,5.083683E+01,2.388811E+01,4.782657E+01,5.268848E+03,5.060982E+03,4.650299E-01,4.462767E-01,0.000000E+00,0.000000E+00,0.000000E+00,0.000000E+00,0.000000E+00,0.000000E+00,0.000000E+00,0.000000E+00,2.111094E+01,5.086073E+01,2.388752E+01,5.026584E+01,7.468101E+02,6.136431E+02,6.591365E-02,5.411097E-02,0.000000E+00,0.000000E+00,0.000000E+00,0.000000E+00,0.000000E+00,0.000000E+00,0.000000E+00,0.000000E+00,2.111084E+01,5.077649E+01,2.388808E+01,4.800847E+01,8.902980E+02,1.472690E+03,7.857792E-02,1.298616E-01,0.000000E+00,0.000000E+00,0.000000E+00,0.000000E+00,0.000000E+00,0.000000E+00,0.000000E+00,0.000000E+00,2.111075E+01,5.059354E+01,2.388197E+01,5.552658E+01,5.427364E+03,6.047336E+03,4.790205E-01,5.332534E-01,0.000000E+00,0.000000E+00,0.000000E+00,0.000000E+00,0.000000E+00,0.000000E+00,0.000000E+00,0.000000E+00,2.111079E+01,5.070844E+01,2.387307E+01,7.682696E+01,2.053845E+03,2.124424E+03,1.812728E-01,1.873314E-01,0.000000E+00,0.000000E+00,0.000000E+00,0.000000E+00,0.000000E+00,0.000000E+00,0.000000E+00,0.000000E+00,2.111075E+01,5.057010E+01,2.388656E+01,5.102840E+01,8.063127E+02,6.244087E+02,7.116536E-02,5.506028E-02,0.000000E+00,0.000000E+00,0.000000E+00,0.000000E+00,0.000000E+00,0.000000E+00,0.000000E+00,0.000000E+00,2.111089E+01,5.071360E+01,2.388827E+01,4.846852E+01,1.065239E+03,7.806637E+02,9.401828E-02,6.883883E-02,0.000000E+00,0.000000E+00,0.000000E+00,0.000000E+00,0.000000E+00,0.000000E+00,0.000000E+00,0.000000E+00,2.111069E+01,5.045740E+01,2.388829E+01,4.796821E+01,1.302598E+03,2.118140E+03,1.149676E-01,1.867773E-01,0.000000E+00,0.000000E+00,0.000000E+00,0.000000E+00,0.000000E+00,0.000000E+00,0.000000E+00,0.000000E+00,2.111052E+01,5.035100E+01,2.388531E+01,5.042280E+01,6.522594E+01,1.413442E+02,5.756858E-03,1.246371E-02,0.000000E+00,0.000000E+00,0.000000E+00,0.000000E+00,0.000000E+00,0.000000E+00,0.000000E+00,0.000000E+00,2.111111E+01,5.124987E+01,2.388860E+01,4.679753E+01
20:45:00,4.500408E+03,3.297778E+03,3.972072E-01,2.907976E-01,0.000000E+00,0.000000E+00,0.000000E+00,0.000000E+00,0.000000E+00,0.000000E+00,0.000000E+00,0.000000E+00,2.111081E+01,5.083651E+01,2.388811E+01,4.791362E+01,5.267160E+03,4.704735E+03,4.648808E-01,4.148629E-01,0.000000E+00,0.000000E+00,0.000000E+00,0.000000E+00,0.000000E+00,0.000000E+00,0.000000E+00,0.000000E+00,2.111094E+01,5.086059E+01,2.388752E+01,5.051321E+01,7.466040E+02,5.926963E+02,6.589545E-02,5.226388E-02,0.000000E+00,0.000000E+00,0.000000E+00,0.000000E+00,0.000000E+00,0.000000E+00,0.000000E+00,0.000000E+00,2.111084E+01,5.077635E+01,2.388808E+01,4.806800E+01,8.901421E+02,1.408868E+03,7.856416E-02,1.242338E-01,0.000000E+00,0.000000E+00,0.000000E+00,0.000000E+00,0.000000E+00,0.000000E+00,0.000000E+00,0.000000E+00,2.111075E+01,5.059342E+01,2.388195E+01,5.585356E+01,5.426759E+03,5.915762E+03,4.789671E-01,5.216511E-01,0.000000E+00,0.000000E+00,0.000000E+00,0.000000E+00,0.000000E+00,0.000000E+00,0.000000E+00,0.000000E+00,2.111079E+01,5.070838E+01,2.387305E+01,7.744223E+01,2.053371E+03,2.062903E+03,1.812310E-01,1.819066E-01,0.000000E+00,0.000000E+00,0.000000E+00,0.000000E+00,0.000000E+00,0.000000E+00,0.000000E+00,0.000000E+00,2.111075E+01,5.056993E+01,2.388656E+01,5.115279E+01,8.060451E+02,5.945542E+02,7.114174E-02,5.242771E-02,0.000000E+00,0.000000E+00,0.000000E+00,0.000000E+00,0.000000E+00,0.000000E+00,0.000000E+00,0.000000E+00,2.111089E+01,5.071339E+01,2.388827E+01,4.856454E+01,1.064999E+03,7.270601E+02,9.399704E-02,6.411207E-02,0.000000E+00,0.000000E+00,0.000000E+00,0.000000E+00,0.000000E+00,0.000000E+00,0.000000E+00,0.000000E+00,2.111069E+01,5.045720E+01,2.388830E+01,4.806967E+01,1.302275E+03,1.971318E+03,1.149391E-01,1.738306E-01,0.000000E+00,0.000000E+00,0.000000E+00,0.000000E+00,0.000000E+00,0.000000E+00,0.000000E+00,0.000000E+00,2.111052E+01,5.035077E+01,2.388531E+01,5.066944E+01,6.515292E+01,1.391353E+02,5.750413E-03,1.226893E-02,0.000000E+00,0.000000E+00,0.000000E+00,0.000000E+00,0.000000E+00,0.000000E+00,0.000000E+00,0.000000E+00,2.111111E+01,5.124987E+01,2.388860E+01,4.680862E+01
21:00:00,4.497022E+03,3.141958E+03,3.969083E-01,2.770575E-01,0.000000E+00,0.000000E+00,0.000000E+00,0.000000E+00,0.000000E+00,0.000000E+00,0.000000E+00,0.000000E+00,2.111081E+01,5.083620E+01,2.388775E+01,4.798699E+01,5.265596E+03,4.421428E+03,4.647428E-01,3.898810E-01,0.000000E+00,0.000000E+00,0.000000E+00,0.000000E+00,0.000000E+00,0.000000E+00,0.000000E+00,0.000000E+00,2.111094E+01,5.086046E+01,2.388687E+01,5.072538E+01,7.464095E+02,5.739834E+02,6.587828E-02,5.061379E-02,0.000000E+00,0.000000E+00,0.000000E+00,0.000000E+00,0.000000E+00,0.000000E+00,0.000000E+00,0.000000E+00,2.111084E+01,5.077622E+01,2.388772E+01,4.811978E+01,8.899995E+02,1.360901E+03,7.855158E-02,1.200041E-01,0.000000E+00,0.000000E+00,0.000000E+00,0.000000E+00,0.000000E+00,0.000000E+00,0.000000E+00,0.000000E+00,2.111075E+01,5.059330E+01,2.387933E+01,5.611307E+01,5.426206E+03,5.797744E+03,4.789183E-01,5.112443E-01,0.000000E+00,0.000000E+00,0.000000E+00,0.000000E+00,0.000000E+00,0.000000E+00,0.000000E+00,0.000000E+00,2.111079E+01,5.070832E+01,2.386482E+01,7.794827E+01,2.052937E+03,2.006847E+03,1.811927E-01,1.769635E-01,0.000000E+00,0.000000E+00,0.000000E+00,0.000000E+00,0.000000E+00,0.000000E+00,0.000000E+00,0.000000E+00,2.111075E+01,5.056978E+01,2.388558E+01,5.126184E+01,8.057992E+02,5.673272E+02,7.112004E-02,5.002684E-02,0.000000E+00,0.000000E+00,0.000000E+00,0.000000E+00,0.000000E+00,0.000000E+00,0.000000E+00,0.000000E+00,2.111089E+01,5.071320E+01,2.388797E+01,4.865025E+01,1.064778E+03,6.762729E+02,9.397755E-02,5.963366E-02,0.000000E+00,0.000000E+00,0.000000E+00,0.000000E+00,0.000000E+00,0.000000E+00,0.000000E+00,0.000000E+00,2.111069E+01,5.045702E+01,2.388804E+01,4.816659E+01,1.301969E+03,1.850415E+03,1.149121E-01,1.631693E-01,0.000000E+00,0.000000E+00,0.000000E+00,0.000000E+00,0.000000E+00,0.000000E+00,0.000000E+00,0.000000E+00,2.111052E+01,5.035056E+01,2.388409E+01,5.088863E+01,6.508469E+01,1.369429E+02,5.744391E-03,1.207561E-02,0.000000E+00,0.000000E+00,0.000000E+00,0.000000E+00,0.000000E+00,0.000000E+00,0.000000E+00,0.000000E+00,2.111111E+01,5.124987E+01,2.388849E+01,4.681890E+01
21:15:00,4.493689E+03,3.007196E+03,3.966141E-01,2.651742E-01,0.000000E+00,0.000000E+00,0.000000E+00,0.000000E+00,0.000000E+00,0.000000E+00,0.000000E+00,0.000000E+00,2.111081E+01,5.083590E+01,2.388770E+01,4.807850E+01,5.264148E+03,4.182505E+03,4.646150E-01,3.688127E-01,0.000000E+00,0.000000E+00,0.000000E+00,0.000000E+00,0.000000E+00,0.000000E+00,0.000000E+00,0.000000E+00,2.111094E+01,5.086034E+01,2.388680E+01,5.099595E+01,7.462257E+02,5.570571E+02,6.586207E-02,4.912122E-02,0.000000E+00,0.000000E+00,0.000000E+00,0.000000E+00,0.000000E+00,0.000000E+00,0.000000E+00,0.000000E+00,2.111084E+01,5.077610E+01,2.388767E+01,4.818493E+01,8.898691E+02,1.321518E+03,7.854007E-02,1.165313E-01,0.000000E+00,0.000000E+00,0.000000E+00,0.000000E+00,0.000000E+00,0.000000E+00,0.000000E+00,0.000000E+00,2.111075E+01,5.059320E+01,2.387873E+01,5.641453E+01,5.425700E+03,5.694851E+03,4.788737E-01,5.021712E-01,0.000000E+00,0.000000E+00,0.000000E+00,0.000000E+00,0.000000E+00,0.000000E+00,0.000000E+00,0.000000E+00,2.111079E+01,5.070826E+01,2.386340E+01,7.855681E+01,2.052539E+03,1.955987E+03,1.811576E-01,1.724787E-01,0.000000E+00,0.000000E+00,0.000000E+00,0.000000E+00,0.000000E+00,0.000000E+00,0.000000E+00,0.000000E+00,2.111075E+01,5.056963E+01,2.388543E+01,5.139774E+01,8.055734E+02,5.427427E+02,7.110011E-02,4.785898E-02,0.000000E+00,0.000000E+00,0.000000E+00,0.000000E+00,0.000000E+00,0.000000E+00,0.000000E+00,0.000000E+00,2.111089E+01,5.071303E+01,2.388795E+01,4.876290E+01,1.064575E+03,6.299158E+02,9.395968E-02,5.554590E-02,0.000000E+00,0.000000E+00,0.000000E+00,0.000000E+00,0.000000E+00,0.000000E+00,0.000000E+00,0.000000E+00,2.111069E+01,5.045686E+01,2.388802E+01,4.829932E+01,1.301680E+03,1.748096E+03,1.148866E-01,1.541469E-01,0.000000E+00,0.000000E+00,0.000000E+00,0.000000E+00,0.000000E+00,0.000000E+00,0.000000E+00,0.000000E+00,2.111052E+01,5.035036E+01,2.388378E+01,5.116041E+01,6.502091E+01,1.347809E+02,5.738762E-03,1.188497E-02,0.000000E+00,0.000000E+00,0.000000E+00,0.000000E+00,0.000000E+00,0.000000E+00,0.000000E+00,0.000000E+00,2.111111E+01,5.124987E+01,2.388848E+01,4.683228E+01
21:30:00,4.490408E+03,2.888470E+03,3.963245E-01,2.547049E-01,0.000000E+00,0.000000E+00,0.000000E+00,0.000000E+00,0.000000E+00,0.000000E+00,0.000000E+00,0.000000E+00,2.111081E+01,5.083559E+01,2.388768E+01,4.816593E+01,5.262807E+03,3.974350E+03,4.644966E-01,3.504577E-01,0.000000E+00,0.000000E+00,0.000000E+00,0.000000E+00,0.000000E+00,0.000000E+00,0.000000E+00,0.000000E+00,2.111094E+01,5.086022E+01,2.388676E+01,5.125854E+01,7.460521E+02,5.415621E+02,6.584675E-02,4.775487E-02,0.000000E+00,0.000000E+00,0.000000E+00,0.000000E+00,0.000000E+00,0.000000E+00,0.000000E+00,0.000000E+00,2.111084E+01,5.077599E+01,2.388765E+01,4.824796E+01,8.897498E+02,1.287582E+03,7.852954E-02,1.135388E-01,0.000000E+00,0.000000E+00,0.000000E+00,0.000000E+00,0.000000E+00,0.000000E+00,0.000000E+00,0.000000E+00,2.111075E+01,5.059311E+01,2.387850E+01,5.668925E+01,5.425238E+03,5.601974E+03,4.788329E-01,4.939814E-01,0.000000E+00,0.000000E+00,0.000000E+00,0.000000E+00,0.000000E+00,0.000000E+00,0.000000E+00,0.000000E+00,2.111079E+01,5.070821E+01,2.386298E+01,7.912448E+01,2.052176E+03,1.909608E+03,1.811255E-01,1.683890E-01,0.000000E+00,0.000000E+00,0.000000E+00,0.000000E+00,0.000000E+00,0.000000E+00,0.000000E+00,0.000000E+00,2.111075E+01,5.056951E+01,2.388538E+01,5.152813E+01,8.053659E+02,5.205296E+02,7.108179E-02,4.590024E-02,0.000000E+00,0.000000E+00,0.000000E+00,0.000000E+00,0.000000E+00,0.000000E+00,0.000000E+00,0.000000E+00,2.111089E+01,5.071287E+01,2.388794E+01,4.887523E+01,1.064390E+03,5.884639E+02,9.394329E-02,5.189067E-02,0.000000E+00,0.000000E+00,0.000000E+00,0.000000E+00,0.000000E+00,0.000000E+00,0.000000E+00,0.000000E+00,2.111069E+01,5.045671E+01,2.388802E+01,4.843687E+01,1.301406E+03,1.660529E+03,1.148624E-01,1.464253E-01,0.000000E+00,0.000000E+00,0.000000E+00,0.000000E+00,0.000000E+00,0.000000E+00,0.000000E+00,0.000000E+00,2.111052E+01,5.035017E+01,2.388364E+01,5.141953E+01,6.496124E+01,1.326524E+02,5.733495E-03,1.169728E-02,0.000000E+00,0.000000E+00,0.000000E+00,0.000000E+00,0.000000E+00,0.000000E+00,0.000000E+00,0.000000E+00,2.111111E+01,5.124987E+01,2.388848E+01,4.684588E+01
21:45:00,4.487178E+03,2.782730E+03,3.960395E-01,2.453807E-01,0.000000E+00,0.000000E+00,0.000000E+00,0.000000E+00,0.000000E+00,0.000000E+00,0.000000E+00,0.000000E+00,2.111081E+01,5.083529E+01,2.388767E+01,4.824985E+01,5.261563E+03,3.789672E+03,4.643869E-01,3.341728E-01,0.000000E+00,0.000000E+00,0.000000E+00,0.000000E+00,0.000000E+00,0.000000E+00,0.000000E+00,0.000000E+00,2.111094E+01,5.086012E+01,2.388673E+01,5.151451E+01,7.458880E+02,5.272190E+02,6.583226E-02,4.649010E-02,0.000000E+00,0.000000E+00,0.000000E+00,0.000000E+00,0.000000E+00,0.000000E+00,0.000000E+00,0.000000E+00,2.111084E+01,5.077588E+01,2.388764E+01,4.830924E+01,8.896406E+02,1.257441E+03,7.851990E-02,1.108810E-01,0.000000E+00,0.000000E+00,0.000000E+00,0.000000E+00,0.000000E+00,0.000000E+00,0.000000E+00,0.000000E+00,2.111075E+01,5.059302E+01,2.387837E+01,5.694346E+01,5.424816E+03,5.511280E+03,4.787956E-01,4.859839E-01,0.000000E+00,0.000000E+00,0.000000E+00,0.000000E+00,0.000000E+00,0.000000E+00,0.000000E+00,0.000000E+00,2.111079E+01,5.070816E+01,2.386278E+01,7.965961E+01,2.051842E+03,1.866797E+03,1.810961E-01,1.646139E-01,0.000000E+00,0.000000E+00,0.000000E+00,0.000000E+00,0.000000E+00,0.000000E+00,0.000000E+00,0.000000E+00,2.111075E+01,5.056939E+01,2.388535E+01,5.165350E+01,8.051752E+02,5.003320E+02,7.106497E-02,4.411921E-02,0.000000E+00,0.000000E+00,0.000000E+00,0.000000E+00,0.000000E+00,0.000000E+00,0.000000E+00,0.000000E+00,2.111089E+01,5.071273E+01,2.388793E+01,4.898679E+01,1.064219E+03,5.516293E+02,9.392825E-02,4.864260E-02,0.000000E+00,0.000000E+00,0.000000E+00,0.000000E+00,0.000000E+00,0.000000E+00,0.000000E+00,0.000000E+00,2.111069E+01,5.045657E+01,2.388802E+01,4.857736E+01,1.301147E+03,1.584954E+03,1.148396E-01,1.397610E-01,0.000000E+00,0.000000E+00,0.000000E+00,0.000000E+00,0.000000E+00,0.000000E+00,0.000000E+00,0.000000E+00,2.111052E+01,5.034999E+01,2.388354E+01,5.166595E+01,6.490538E+01,1.305595E+02,5.728565E-03,1.151272E-02,0.000000E+00,0.000000E+00,0.000000E+00,0.000000E+00,0.000000E+00,0.000000E+00,0.000000E+00,0.000000E+00,2.111111E+01,5.124987E+01,2.388848E+01,4.685970E+01
22:00:00,4.483999E+03,2.688205E+03,3.957588E-01,2.370455E-01,0.000000E+00,0.000000E+00,0.000000E+00,0.000000E+00,0.000000E+00,0.000000E+00,0.000000E+00,0.000000E+00,2.111081E+01,5.083500E+01,2.388766E+01,4.833060E+01,5.260411E+03,3.624965E+03,4.642851E-01,3.196489E-01,0.000000E+00,0.000000E+00,0.000000E+00,0.000000E+00,0.000000E+00,0.000000E+00,0.000000E+00,0.000000E+00,2.111094E+01,5.086002E+01,2.388670E+01,5.176489E+01,7.457326E+02,5.139021E+02,6.581855E-02,4.531582E-02,0.000000E+00,0.000000E+00,0.000000E+00,0.000000E+00,0.000000E+00,0.000000E+00,0.000000E+00,0.000000E+00,2.111084E+01,5.077578E+01,2.388763E+01,4.836906E+01,8.895407E+02,1.230819E+03,7.851108E-02,1.085335E-01,0.000000E+00,0.000000E+00,0.000000E+00,0.000000E+00,0.000000E+00,0.000000E+00,0.000000E+00,0.000000E+00,2.111075E+01,5.059294E+01,2.387826E+01,5.717985E+01,5.424430E+03,5.432170E+03,4.787615E-01,4.790080E-01,0.000000E+00,0.000000E+00,0.000000E+00,0.000000E+00,0.000000E+00,0.000000E+00,0.000000E+00,0.000000E+00,2.111079E+01,5.070812E+01,2.386262E+01,8.016635E+01,2.051537E+03,1.827490E+03,1.810692E-01,1.611478E-01,0.000000E+00,0.000000E+00,0.000000E+00,0.000000E+00,0.000000E+00,0.000000E+00,0.000000E+00,0.000000E+00,2.111075E+01,5.056928E+01,2.388532E+01,5.177424E+01,8.050001E+02,4.819419E+02,7.104951E-02,4.249758E-02,0.000000E+00,0.000000E+00,0.000000E+00,0.000000E+00,0.000000E+00,0.000000E+00,0.000000E+00,0.000000E+00,2.111089E+01,5.071259E+01,2.388792E+01,4.909731E+01,1.064063E+03,5.189589E+02,9.391445E-02,4.576173E-02,0.000000E+00,0.000000E+00,0.000000E+00,0.000000E+00,0.000000E+00,0.000000E+00,0.000000E+00,0.000000E+00,2.111069E+01,5.045645E+01,2.388801E+01,4.871944E+01,1.300902E+03,1.519568E+03,1.148179E-01,1.339954E-01,0.000000E+00,0.000000E+00,0.000000E+00,0.000000E+00,0.000000E+00,0.000000E+00,0.000000E+00,0.000000E+00,2.111052E+01,5.034981E+01,2.388346E+01,5.189977E+01,6.485305E+01,1.285132E+02,5.723947E-03,1.133228E-02,0.000000E+00,0.000000E+00,0.000000E+00,0.000000E+00,0.000000E+00,0.000000E+00,0.000000E+00,0.000000E+00,2.111111E+01,5.124987E+01,2.388848E+01,4.687369E+01
22:15:00,4.480868E+03,2.603410E+03,3.954825E-01,2.295684E-01,0.000000E+00,0.000000E+00,0.000000E+00,0.000000E+00,0.000000E+00,0.000000E+00,0.000000E+00,0.000000E+00,2.111081E+01,5.083471E+01,2.388764E+01,4.840840E+01,5.259341E+03,3.476700E+03,4.641908E-01,3.065749E-01,0.000000E+00,0.000000E+00,0.000000E+00,0.000000E+00,0.000000E+00,0.000000E+00,0.000000E+00,0.000000E+00,2.111094E+01,5.085994E+01,2.388668E+01,5.201046E+01,7.455855E+02,5.015391E+02,6.580556E-02,4.422566E-02,0.000000E+00,0.000000E+00,0.000000E+00,0.000000E+00,0.000000E+00,0.000000E+00,0.000000E+00,0.000000E+00,2.111084E+01,5.077568E+01,2.388762E+01,4.842766E+01,8.894492E+02,1.206977E+03,7.850301E-02,1.064311E-01,0.000000E+00,0.000000E+00,0.000000E+00,0.000000E+00,0.000000E+00,0.000000E+00,0.000000E+00,0.000000E+00,2.111075E+01,5.059287E+01,2.387816E+01,5.740038E+01,5.424077E+03,5.357660E+03,4.787304E-01,4.724378E-01,0.000000E+00,0.000000E+00,0.000000E+00,0.000000E+00,0.000000E+00,0.000000E+00,0.000000E+00,0.000000E+00,2.111079E+01,5.070808E+01,2.386247E+01,8.064814E+01,2.051258E+03,1.791135E+03,1.810446E-01,1.579420E-01,0.000000E+00,0.000000E+00,0.000000E+00,0.000000E+00,0.000000E+00,0.000000E+00,0.000000E+00,0.000000E+00,2.111075E+01,5.056918E+01,2.388530E+01,5.189076E+01,8.048393E+02,4.650989E+02,7.103531E-02,4.101236E-02,0.000000E+00,0.000000E+00,0.000000E+00,0.000000E+00,0.000000E+00,0.000000E+00,0.000000E+00,0.000000E+00,2.111089E+01,5.071247E+01,2.388791E+01,4.920667E+01,1.063919E+03,4.898926E+02,9.390179E-02,4.319867E-02,0.000000E+00,0.000000E+00,0.000000E+00,0.000000E+00,0.000000E+00,0.000000E+00,0.000000E+00,0.000000E+00,2.111069E+01,5.045633E+01,2.388800E+01,4.886226E+01,1.300669E+03,1.462569E+03,1.147974E-01,1.289692E-01,0.000000E+00,0.000000E+00,0.000000E+00,0.000000E+00,0.000000E+00,0.000000E+00,0.000000E+00,0.000000E+00,2.111052E+01,5.034965E+01,2.388337E+01,5.212131E+01,6.480401E+01,1.265197E+02,5.719618E-03,1.115649E-02,0.000000E+00,0.000000E+00,0.000000E+00,0.000000E+00,0.000000E+00,0.000000E+00,0.000000E+00,0.000000E+00,2.111111E+01,5.124987E+01,2.388847E+01,4.688782E+01
22:30:00,4.477785E+03,2.526932E+03,3.952104E-01,2.228246E-01,0.000000E+00,0.000000E+00,0.000000E+00,0.000000E+00,0.000000E+00,0.000000E+00,0.000000E+00,0.000000E+00,2.111081E+01,5.083442E+01,2.388763E+01,4.848318E+01,5.258349E+03,3.342665E+03,4.641032E-01,2.947558E-01,0.000000E+00,0.000000E+00,0.000000E+00,0.000000E+00,0.000000E+00,0.000000E+00,0.000000E+00,0.000000E+00,2.111094E+01,5.085985E+01,2.388665E+01,5.225134E+01,7.454462E+02,4.900513E+02,6.579327E-02,4.321266E-02,0.000000E+00,0.000000E+00,0.000000E+00,0.000000E+00,0.000000E+00,0.000000E+00,0.000000E+00,0.000000E+00,2.111084E+01,5.077559E+01,2.388761E+01,4.848480E+01,8.893656E+02,1.185554E+03,7.849563E-02,1.045420E-01,0.000000E+00,0.000000E+00,0.000000E+00,0.000000E+00,0.000000E+00,0.000000E+00,0.000000E+00,0.000000E+00,2.111075E+01,5.059281E+01,2.387807E+01,5.760597E+01,5.423755E+03,5.288933E+03,4.787020E-01,4.663774E-01,0.000000E+00,0.000000E+00,0.000000E+00,0.000000E+00,0.000000E+00,0.000000E+00,0.000000E+00,0.000000E+00,2.111079E+01,5.070804E+01,2.386233E+01,8.110506E+01,2.051002E+03,1.757474E+03,1.810220E-01,1.549738E-01,0.000000E+00,0.000000E+00,0.000000E+00,0.000000E+00,0.000000E+00,0.000000E+00,0.000000E+00,0.000000E+00,2.111075E+01,5.056909E+01,2.388527E+01,5.200300E+01,8.046915E+02,4.496295E+02,7.102227E-02,3.964828E-02,0.000000E+00,0.000000E+00,0.000000E+00,0.000000E+00,0.000000E+00,0.000000E+00,0.000000E+00,0.000000E+00,2.111089E+01,5.071235E+01,2.388791E+01,4.931473E+01,1.063788E+03,4.639298E+02,9.389019E-02,4.090927E-02,0.000000E+00,0.000000E+00,0.000000E+00,0.000000E+00,0.000000E+00,0.000000E+00,0.000000E+00,0.000000E+00,2.111069E+01,5.045623E+01,2.388800E+01,4.900516E+01,1.300449E+03,1.412675E+03,1.147779E-01,1.245695E-01,0.000000E+00,0.000000E+00,0.000000E+00,0.000000E+00,0.000000E+00,0.000000E+00,0.000000E+00,0.000000E+00,2.111052E+01,5.034950E+01,2.388329E+01,5.233036E+01,6.475800E+01,1.245876E+02,5.715557E-03,1.098612E-02,0.000000E+00,0.000000E+00,0.000000E+00,0.000000E+00,0.000000E+00,0.000000E+00,0.000000E+00,0.000000E+00,2.111111E+01,5.124987E+01,2.388847E+01,4.690202E+01
22:45:00,4.474749E+03,2.457480E+03,3.949425E-01,2.167003E-01,0.000000E+00,0.000000E+00,0.000000E+00,0.000000E+00,0.000000E+00,0.000000E+00,0.000000E+00,0.000000E+00,2.111081E+01,5.083414E+01,2.388762E+01,4.855506E+01,5.257429E+03,3.220914E+03,4.640220E-01,2.840198E-01,0.000000E+00,0.000000E+00,0.000000E+00,0.000000E+00,0.000000E+00,0.000000E+00,0.000000E+00,0.000000E+00,2.111094E+01,5.085978E+01,2.388663E+01,5.248765E+01,7.453141E+02,4.793644E+02,6.578161E-02,4.227029E-02,0.000000E+00,0.000000E+00,0.000000E+00,0.000000E+00,0.000000E+00,0.000000E+00,0.000000E+00,0.000000E+00,2.111084E+01,5.077550E+01,2.388760E+01,4.854042E+01,8.892890E+02,1.166194E+03,7.848887E-02,1.028349E-01,0.000000E+00,0.000000E+00,0.000000E+00,0.000000E+00,0.000000E+00,0.000000E+00,0.000000E+00,0.000000E+00,2.111075E+01,5.059274E+01,2.387798E+01,5.779796E+01,5.423461E+03,5.225064E+03,4.786761E-01,4.607454E-01,0.000000E+00,0.000000E+00,0.000000E+00,0.000000E+00,0.000000E+00,0.000000E+00,0.000000E+00,0.000000E+00,2.111079E+01,5.070801E+01,2.386222E+01,8.153890E+01,2.050768E+03,1.726220E+03,1.810013E-01,1.522178E-01,0.000000E+00,0.000000E+00,0.000000E+00,0.000000E+00,0.000000E+00,0.000000E+00,0.000000E+00,0.000000E+00,2.111075E+01,5.056900E+01,2.388524E+01,5.211108E+01,8.045558E+02,4.353744E+02,7.101029E-02,3.839126E-02,0.000000E+00,0.000000E+00,0.000000E+00,0.000000E+00,0.000000E+00,0.000000E+00,0.000000E+00,0.000000E+00,2.111089E+01,5.071225E+01,2.388790E+01,4.942140E+01,1.063667E+03,4.406254E+02,9.387954E-02,3.885429E-02,0.000000E+00,0.000000E+00,0.000000E+00,0.000000E+00,0.000000E+00,0.000000E+00,0.000000E+00,0.000000E+00,2.111069E+01,5.045613E+01,2.388799E+01,4.914768E+01,1.300239E+03,1.368764E+03,1.147594E-01,1.206975E-01,0.000000E+00,0.000000E+00,0.000000E+00,0.000000E+00,0.000000E+00,0.000000E+00,0.000000E+00,0.000000E+00,2.111052E+01,5.034935E+01,2.388322E+01,5.252723E+01,6.471483E+01,1.227232E+02,5.711747E-03,1.082171E-02,0.000000E+00,0.000000E+00,0.000000E+00,0.000000E+00,0.000000E+00,0.000000E+00,0.000000E+00,0.000000E+00,2.111111E+01,5.124987E+01,2.388847E+01,4.691624E+01
23:00:00,4.471760E+03,2.393991E+03,3.946786E-01,2.111018E-01,0.000000E+00,0.000000E+00,0.000000E+00,0.000000E+00,0.000000E+00,0.000000E+00,0.000000E+00,0.000000E+00,2.111081E+01,5.083386E+01,2.388762E+01,4.862438E+01,5.256574E+03,3.109917E+03,4.639465E-01,2.742321E-01,0.000000E+00,0.000000E+00,0.000000E+00,0.000000E+00,0.000000E+00,0.000000E+00,0.000000E+00,0.000000E+00,2.111094E+01,5.085970E+01,2.388661E+01,5.271960E+01,7.451889E+02,4.694183E+02,6.577056E-02,4.139324E-02,0.000000E+00,0.000000E+00,0.000000E+00,0.000000E+00,0.000000E+00,0.000000E+00,0.000000E+00,0.000000E+00,2.111084E+01,5.077542E+01,2.388759E+01,4.859459E+01,8.892189E+02,1.148622E+03,7.848268E-02,1.012853E-01,0.000000E+00,0.000000E+00,0.000000E+00,0.000000E+00,0.000000E+00,0.000000E+00,0.000000E+00,0.000000E+00,2.111075E+01,5.059269E+01,2.387790E+01,5.797794E+01,5.423193E+03,5.165512E+03,4.786524E-01,4.554942E-01,0.000000E+00,0.000000E+00,0.000000E+00,0.000000E+00,0.000000E+00,0.000000E+00,0.000000E+00,0.000000E+00,2.111079E+01,5.070798E+01,2.386212E+01,8.195257E+01,2.050554E+03,1.697144E+03,1.809824E-01,1.496539E-01,0.000000E+00,0.000000E+00,0.000000E+00,0.000000E+00,0.000000E+00,0.000000E+00,0.000000E+00,0.000000E+00,2.111075E+01,5.056893E+01,2.388522E+01,5.221528E+01,8.044312E+02,4.222033E+02,7.099929E-02,3.722983E-02,0.000000E+00,0.000000E+00,0.000000E+00,0.000000E+00,0.000000E+00,0.000000E+00,0.000000E+00,0.000000E+00,2.111089E+01,5.071215E+01,2.388789E+01,4.952664E+01,1.063557E+03,4.196103E+02,9.386977E-02,3.700119E-02,0.000000E+00,0.000000E+00,0.000000E+00,0.000000E+00,0.000000E+00,0.000000E+00,0.000000E+00,0.000000E+00,2.111069E+01,5.045604E+01,2.388798E+01,4.928958E+01,1.300041E+03,1.329926E+03,1.147419E-01,1.172727E-01,0.000000E+00,0.000000E+00,0.000000E+00,0.000000E+00,0.000000E+00,0.000000E+00,0.000000E+00,0.000000E+00,2.111052E+01,5.034921E+01,2.388314E+01,5.271265E+01,6.467428E+01,1.209309E+02,5.708168E-03,1.066367E-02,0.000000E+00,0.000000E+00,0.000000E+00,0.000000E+00,0.000000E+00,0.000000E+00,0.000000E+00,0.000000E+00,2.111111E+01,5.124987E+01,2.388847E+01,4.693040E+01
23:15:00,4.468815E+03,2.335153E+03,3.944188E-01,2.059135E-01,0.000000E+00,0.000000E+00,0.000000E+00,0.000000E+00,0.000000E+00,0.000000E+00,0.000000E+00,0.000000E+00,2.111081E+01,5.083359E+01,2.388761E+01,4.869156E+01,5.255780E+03,3.007980E+03,4.638764E-01,2.652433E-01,0.000000E+00,0.000000E+00,0.000000E+00,0.000000E+00,0.000000E+00,0.000000E+00,0.000000E+00,0.000000E+00,2.111094E+01,5.085964E+01,2.388659E+01,5.294746E+01,7.450701E+02,4.600575E+02,6.576007E-02,4.056781E-02,0.000000E+00,0.000000E+00,0.000000E+00,0.000000E+00,0.000000E+00,0.000000E+00,0.000000E+00,0.000000E+00,2.111084E+01,5.077534E+01,2.388758E+01,4.864748E+01,8.891548E+02,1.132534E+03,7.847702E-02,9.986667E-02,0.000000E+00,0.000000E+00,0.000000E+00,0.000000E+00,0.000000E+00,0.000000E+00,0.000000E+00,0.000000E+00,2.111075E+01,5.059264E+01,2.387783E+01,5.814739E+01,5.422949E+03,5.109324E+03,4.786308E-01,4.505395E-01,0.000000E+00,0.000000E+00,0.000000E+00,0.000000E+00,0.000000E+00,0.000000E+00,0.000000E+00,0.000000E+00,2.111079E+01,5.070796E+01,2.386201E+01,8.234912E+01,2.050358E+03,1.669904E+03,1.809651E-01,1.472519E-01,0.000000E+00,0.000000E+00,0.000000E+00,0.000000E+00,0.000000E+00,0.000000E+00,0.000000E+00,0.000000E+00,2.111075E+01,5.056886E+01,2.388520E+01,5.231595E+01,8.043167E+02,4.099750E+02,7.098919E-02,3.615154E-02,0.000000E+00,0.000000E+00,0.000000E+00,0.000000E+00,0.000000E+00,0.000000E+00,0.000000E+00,0.000000E+00,2.111089E+01,5.071206E+01,2.388788E+01,4.963046E+01,1.063455E+03,4.005229E+02,9.386082E-02,3.531806E-02,0.000000E+00,0.000000E+00,0.000000E+00,0.000000E+00,0.000000E+00,0.000000E+00,0.000000E+00,0.000000E+00,2.111069E+01,5.045596E+01,2.388798E+01,4.943072E+01,1.299852E+03,1.295284E+03,1.147252E-01,1.142180E-01,0.000000E+00,0.000000E+00,0.000000E+00,0.000000E+00,0.000000E+00,0.000000E+00,0.000000E+00,0.000000E+00,2.111052E+01,5.034908E+01,2.388308E+01,5.288750E+01,6.463618E+01,1.192131E+02,5.704805E-03,1.051220E-02,0.000000E+00,0.000000E+00,0.000000E+00,0.000000E+00,0.000000E+00,0.000000E+00,0.000000E+00,0.000000E+00,2.111111E+01,5.124987E+01,2.388847E+01,4.694444E+01
23:30:00,4.465915E+03,2.280237E+03,3.941628E-01,2.010710E-01,0.000000E+00,0.000000E+00,0.000000E+00,0.000000E+00,0.000000E+00,0.000000E+00,0.000000E+00,0.000000E+00,2.111081E+01,5.083332E+01,2.388760E+01,4.875694E+01,5.255042E+03,2.913916E+03,4.638114E-01,2.569488E-01,0.000000E+00,0.000000E+00,0.000000E+00,0.000000E+00,0.000000E+00,0.000000E+00,0.000000E+00,0.000000E+00,2.111094E+01,5.085958E+01,2.388657E+01,5.317154E+01,7.449573E+02,4.512132E+02,6.575012E-02,3.978792E-02,0.000000E+00,0.000000E+00,0.000000E+00,0.000000E+00,0.000000E+00,0.000000E+00,0.000000E+00,0.000000E+00,2.111084E+01,5.077526E+01,2.388757E+01,4.869926E+01,8.890961E+02,1.117721E+03,7.847184E-02,9.856051E-02,0.000000E+00,0.000000E+00,0.000000E+00,0.000000E+00,0.000000E+00,0.000000E+00,0.000000E+00,0.000000E+00,2.111075E+01,5.059259E+01,2.387776E+01,5.830754E+01,5.422726E+03,5.056050E+03,4.786111E-01,4.458418E-01,0.000000E+00,0.000000E+00,0.000000E+00,0.000000E+00,0.000000E+00,0.000000E+00,0.000000E+00,0.000000E+00,2.111079E+01,5.070793E+01,2.386192E+01,8.273120E+01,2.050178E+03,1.644290E+03,1.809492E-01,1.449933E-01,0.000000E+00,0.000000E+00,0.000000E+00,0.000000E+00,0.000000E+00,0.000000E+00,0.000000E+00,0.000000E+00,2.111075E+01,5.056879E+01,2.388518E+01,5.241341E+01,8.042116E+02,3.985795E+02,7.097992E-02,3.514669E-02,0.000000E+00,0.000000E+00,0.000000E+00,0.000000E+00,0.000000E+00,0.000000E+00,0.000000E+00,0.000000E+00,2.111089E+01,5.071198E+01,2.388788E+01,4.973288E+01,1.063362E+03,3.830910E+02,9.385260E-02,3.378092E-02,0.000000E+00,0.000000E+00,0.000000E+00,0.000000E+00,0.000000E+00,0.000000E+00,0.000000E+00,0.000000E+00,2.111069E+01,5.045588E+01,2.388797E+01,4.957106E+01,1.299672E+03,1.264192E+03,1.147094E-01,1.114763E-01,0.000000E+00,0.000000E+00,0.000000E+00,0.000000E+00,0.000000E+00,0.000000E+00,0.000000E+00,0.000000E+00,2.111052E+01,5.034895E+01,2.388301E+01,5.305264E+01,6.460036E+01,1.175696E+02,5.701644E-03,1.036728E-02,0.000000E+00,0.000000E+00,0.000000E+00,0.000000E+00,0.000000E+00,0.000000E+00,0.000000E+00,0.000000E+00,2.111111E+01,5.124987E+01,2.388846E+01,4.695834E+01
23:45:00,4.463059E+03,2.228688E+03,3.939107E-01,1.965254E-01,0.000000E+00,0.000000E+00,0.000000E+00,0.000000E+00,0.000000E+00,0.000000E+00,0.000000E+00,0.000000E+00,2.111081E+01,5.083305E+01,2.388760E+01,4.882083E+01,5.254357E+03,2.826730E+03,4.637509E-01,2.492607E-01,0.000000E+00,0.000000E+00,0.000000E+00,0.000000E+00,0.000000E+00,0.000000E+00,0.000000E+00,0.000000E+00,2.111094E+01,5.085952E+01,2.388655E+01,5.339215E+01,7.448503E+02,4.428257E+02,6.574067E-02,3.904831E-02,0.000000E+00,0.000000E+00,0.000000E+00,0.000000E+00,0.000000E+00,0.000000E+00,0.000000E+00,0.000000E+00,2.111084E+01,5.077519E+01,2.388756E+01,4.875008E+01,8.890423E+02,1.104008E+03,7.846710E-02,9.735129E-02,0.000000E+00,0.000000E+00,0.000000E+00,0.000000E+00,0.000000E+00,0.000000E+00,0.000000E+00,0.000000E+00,2.111075E+01,5.059255E+01,2.387770E+01,5.845947E+01,5.422523E+03,5.005281E+03,4.785932E-01,4.413651E-01,0.000000E+00,0.000000E+00,0.000000E+00,0.000000E+00,0.000000E+00,0.000000E+00,0.000000E+00,0.000000E+00,2.111079E+01,5.070791E+01,2.386183E+01,8.310099E+01,2.050014E+03,1.620112E+03,1.809347E-01,1.428613E-01,0.000000E+00,0.000000E+00,0.000000E+00,0.000000E+00,0.000000E+00,0.000000E+00,0.000000E+00,0.000000E+00,2.111075E+01,5.056873E+01,2.388516E+01,5.250799E+01,8.041152E+02,3.879193E+02,7.097141E-02,3.420667E-02,0.000000E+00,0.000000E+00,0.000000E+00,0.000000E+00,0.000000E+00,0.000000E+00,0.000000E+00,0.000000E+00,2.111089E+01,5.071191E+01,2.388787E+01,4.983397E+01,1.063277E+03,3.670836E+02,9.384507E-02,3.236938E-02,0.000000E+00,0.000000E+00,0.000000E+00,0.000000E+00,0.000000E+00,0.000000E+00,0.000000E+00,0.000000E+00,2.111069E+01,5.045581E+01,2.388796E+01,4.971062E+01,1.299502E+03,1.236108E+03,1.146944E-01,1.089998E-01,0.000000E+00,0.000000E+00,0.000000E+00,0.000000E+00,0.000000E+00,0.000000E+00,0.000000E+00,0.000000E+00,2.111052E+01,5.034883E+01,2.388295E+01,5.320893E+01,6.456666E+01,1.159992E+02,5.698669E-03,1.022880E-02,0.000000E+00,0.000000E+00,0.000000E+00,0.000000E+00,0.000000E+00,0.000000E+00,0.000000E+00,0.000000E+00,2.111111E+01,5.124987E+01,2.388846E+01,4.697204E+01
24:00:00,4.460245E+03,2.180033E+03,3.936624E-01,1.922350E-01,0.000000E+00,0.000000E+00,0.000000E+00,0.000000E+00,0.000000E+00,0.000000E+00,0.000000E+00,0.000000E+00,2.111081E+01,5.083279E+01,2.388759E+01,4.888347E+01,5.253720E+03,2.745586E+03,4.636946E-01,2.421054E-01,0.000000E+00,0.000000E+00,0.000000E+00,0.000000E+00,0.000000E+00,0.000000E+00,0.000000E+00,0.000000E+00,2.111094E+01,5.085947E+01,2.388653E+01,5.360957E+01,7.447486E+02,4.348438E+02,6.573170E-02,3.834447E-02,0.000000E+00,0.000000E+00,0.000000E+00,0.000000E+00,0.000000E+00,0.000000E+00,0.000000E+00,0.000000E+00,2.111084E+01,5.077513E+01,2.388755E+01,4.880007E+01,8.889932E+02,1.091246E+03,7.846276E-02,9.622590E-02,0.000000E+00,0.000000E+00,0.000000E+00,0.000000E+00,0.000000E+00,0.000000E+00,0.000000E+00,0.000000E+00,2.111075E+01,5.059251E+01,2.387764E+01,5.860409E+01,5.422338E+03,4.956683E+03,4.785769E-01,4.370797E-01,0.000000E+00,0.000000E+00,0.000000E+00,0.000000E+00,0.000000E+00,0.000000E+00,0.000000E+00,0.000000E+00,2.111079E+01,5.070789E+01,2.386174E+01,8.346033E+01,2.049864E+03,1.597205E+03,1.809215E-01,1.408413E-01,0.000000E+00,0.000000E+00,0.000000E+00,0.000000E+00,0.000000E+00,0.000000E+00,0.000000E+00,0.000000E+00,2.111075E+01,5.056868E+01,2.388514E+01,5.259999E+01,8.040266E+02,3.779102E+02,7.096359E-02,3.332407E-02,0.000000E+00,0.000000E+00,0.000000E+00,0.000000E+00,0.000000E+00,0.000000E+00,0.000000E+00,0.000000E+00,2.111089E+01,5.071184E+01,2.388786E+01,4.993382E+01,1.063199E+03,3.523089E+02,9.383817E-02,3.106655E-02,0.000000E+00,0.000000E+00,0.000000E+00,0.000000E+00,0.000000E+00,0.000000E+00,0.000000E+00,0.000000E+00,2.111069E+01,5.045575E+01,2.388796E+01,4.984947E+01,1.299340E+03,1.210583E+03,1.146801E-01,1.067490E-01,0.000000E+00,0.000000E+00,0.000000E+00,0.000000E+00,0.000000E+00,0.000000E+00,0.000000E+00,0.000000E+00,2.111052E+01,5.034872E+01,2.388289E+01,5.335717E+01,6.453493E+01,1.145001E+02,5.695869E-03,1.009660E-02,0.000000E+00,0.000000E+00,0.000000E+00,0.000000E+00,0.000000E+00,0.000000E+00,0.000000E+00,0.000000E+00,2.111111E+01,5.124987E+01,2.388846E+01,4.698554E+01
Peak,6.700194E+03,5.035937E+03,5.913608E-01,4.440683E-01,0.000000E+00,0.000000E+00,0.000000E+00,0.000000E+00,0.000000E+00,0.000000E+00,0.000000E+00,0.000000E+00,,,,,1.231312E+04,8.233463E+03,1.086759E+00,7.260257E-01,0.000000E+00,0.000000E+00,0.000000E+00,0.000000E+00,0.000000E+00,0.000000E+00,0.000000E+00,0.000000E+00,,,,,1.633288E+03,1.104764E+03,1.441544E-01,9.741795E-02,0.000000E+00,0.000000E+00,0.000000E+00,0.000000E+00,0.000000E+00,0.000000E+00,0.000000E+00,0.000000E+00,,,,,2.013925E+03,1.898456E+03,1.777496E-01,1.674056E-01,0.000000E+00,0.000000E+00,0.000000E+00,0.000000E+00,0.000000E+00,0.000000E+00,0.000000E+00,0.000000E+00,,,,,1.040819E+04,1.088885E+04,9.186294E-01,9.601772E-01,0.000000E+00,0.000000E+00,0.000000E+00,0.000000E+00,0.000000E+00,0.000000E+00,0.000000E+00,0.000000E+00,,,,,4.672627E+03,3.985437E+03,4.124072E-01,3.514354E-01,0.000000E+00,0.000000E+00,0.000000E+00,0.000000E+00,0.000000E+00,0.000000E+00,0.000000E+00,0.000000E+00,,,,,2.019880E+03,1.073056E+03,1.782751E-01,9.462194E-02,0.000000E+00,0.000000E+00,0.000000E+00,0.000000E+00,0.000000E+00,0.000000E+00,0.000000E+00,0.000000E+00,,,,,2.349931E+03,1.196229E+03,2.074055E-01,1.054834E-01,0.000000E+00,0.000000E+00,0.000000E+00,0.000000E+00,0.000000E+00,0.000000E+00,0.000000E+00,0.000000E+00,,,,,2.640442E+03,3.117741E+03,2.330461E-01,2.749220E-01,0.000000E+00,0.000000E+00,0.000000E+00,0.000000E+00,0.000000E+00,0.000000E+00,0.000000E+00,0.000000E+00,,,,,1.936222E+02,2.880569E+02,1.708915E-02,2.540082E-02,0.000000E+00,0.000000E+00,0.000000E+00,0.000000E+00,0.000000E+00,0.000000E+00,0.000000E+00,0.000000E+00,,,,

Peak Vol Flow (m3/s),,,4.922035E-01,3.696085E-01,,,0.000000E+00,0.000000E+00,,,,,,,,,,,9.045351E-01,6.042883E-01,,,0.000000E+00,0.000000E+00,,,,,,,,,,,1.199831E-01,8.108326E-02,,,0.000000E+00,0.000000E+00,,,,,,,,,,,1.479452E-01,1.393357E-01,,,0.000000E+00,0.000000E+00,,,,,,,,,,,7.645969E-01,7.991781E-01,,,0.000000E+00,0.000000E+00,,,,,,,,,,,3.432562E-01,2.925079E-01,,,0.000000E+00,0.000000E+00,,,,,,,,,,,1.483826E-01,7.875607E-02,,,0.000000E+00,0.000000E+00,,,,,,,,,,,1.726285E-01,8.779629E-02,,,0.000000E+00,0.000000E+00,,,,,,,,,,,1.939698E-01,2.288241E-01,,,0.000000E+00,0.000000E+00,,,,,,,,,,,1.422370E-02,2.114171E-02,,,0.000000E+00,0.000000E+00,,,,,,,,
