Time,BASEAIRSYS3:DesPer 1:Des Heat Mass Flow [kg/s],BASEAIRSYS3:DesPer 1:Des Heat Cap [W],BASEAIRSYS3:DesPer 1:Des Cool Mass Flow [kg/s],BASEAIRSYS3:DesPer 1:Des Sens Cool Cap [W],BASEAIRSYS3:DesPer 1:Des Tot Cool Cap [W],BASEAIRSYS3:DesPer 2:Des Heat Mass Flow [kg/s],BASEAIRSYS3:DesPer 2:Des Heat Cap [W],BASEAIRSYS3:DesPer 2:Des Cool Mass Flow [kg/s],BASEAIRSYS3:DesPer 2:Des Sens Cool Cap [W],BASEAIRSYS3:DesPer 2:Des Tot Cool Cap [W],BASEAIRSYS3-10:DesPer 1:Des Heat Mass Flow [kg/s],BASEAIRSYS3-10:DesPer 1:Des Heat Cap [W],BASEAIRSYS3-10:DesPer 1:Des Cool Mass Flow [kg/s],BASEAIRSYS3-10:DesPer 1:Des Sens Cool Cap [W],BASEAIRSYS3-10:DesPer 1:Des Tot Cool Cap [W],BASEAIRSYS3-10:DesPer 2:Des Heat Mass Flow [kg/s],BASEAIRSYS3-10:DesPer 2:Des Heat Cap [W],BASEAIRSYS3-10:DesPer 2:Des Cool Mass Flow [kg/s],BASEAIRSYS3-10:DesPer 2:Des Sens Cool Cap [W],BASEAIRSYS3-10:DesPer 2:Des Tot Cool Cap [W],BASEAIRSYS3-2:DesPer 1:Des Heat Mass Flow [kg/s],BASEAIRSYS3-2:DesPer 1:Des Heat Cap [W],BASEAIRSYS3-2:DesPer 1:Des Cool Mass Flow [kg/s],BASEAIRSYS3-2:DesPer 1:Des Sens Cool Cap [W],BASEAIRSYS3-2:DesPer 1:Des Tot Cool Cap [W],BASEAIRSYS3-2:DesPer 2:Des Heat Mass Flow [kg/s],BASEAIRSYS3-2:DesPer 2:Des Heat Cap [W],BASEAIRSYS3-2:DesPer 2:Des Cool Mass Flow [kg/s],BASEAIRSYS3-2:DesPer 2:Des Sens Cool Cap [W],BASEAIRSYS3-2:DesPer 2:Des Tot Cool Cap [W],BASEAIRSYS3-3:DesPer 1:Des Heat Mass Flow [kg/s],BASEAIRSYS3-3:DesPer 1:Des Heat Cap [W],BASEAIRSYS3-3:DesPer 1:Des Cool Mass Flow [kg/s],BASEAIRSYS3-3:DesPer 1:Des Sens Cool Cap [W],BASEAIRSYS3-3:DesPer 1:Des Tot Cool Cap [W],BASEAIRSYS3-3:DesPer 2:Des Heat Mass Flow [kg/s],BASEAIRSYS3-3:DesPer 2:Des Heat Cap [W],BASEAIRSYS3-3:DesPer 2:Des Cool Mass Flow [kg/s],BASEAIRSYS3-3:DesPer 2:Des Sens Cool Cap [W],BASEAIRSYS3-3:DesPer 2:Des Tot Cool Cap [W],BASEAIRSYS3-4:DesPer 1:Des Heat Mass Flow [kg/s],BASEAIRSYS3-4:DesPer 1:Des Heat Cap [W],BASEAIRSYS3-4:DesPer 1:Des Cool Mass Flow [kg/s],BASEAIRSYS3-4:DesPer 1:Des Sens Cool Cap [W],BASEAIRSYS3-4:DesPer 1:Des Tot Cool Cap [W],BASEAIRSYS3-4:DesPer 2:Des Heat Mass Flow [kg/s],BASEAIRSYS3-4:DesPer 2:Des Heat Cap [W],BASEAIRSYS3-4:DesPer 2:Des Cool Mass Flow [kg/s],BASEAIRSYS3-4:DesPer 2:Des Sens Cool Cap [W],BASEAIRSYS3-4:DesPer 2:Des Tot Cool Cap [W],BASEAIRSYS3-5:DesPer 1:Des Heat Mass Flow [kg/s],BASEAIRSYS3-5:DesPer 1:Des Heat Cap [W],BASEAIRSYS3-5:DesPer 1:Des Cool Mass Flow [kg/s],BASEAIRSYS3-5:DesPer 1:Des Sens Cool Cap [W],BASEAIRSYS3-5:DesPer 1:Des Tot Cool Cap [W],BASEAIRSYS3-5:DesPer 2:Des Heat Mass Flow [kg/s],BASEAIRSYS3-5:DesPer 2:Des Heat Cap [W],BASEAIRSYS3-5:DesPer 2:Des Cool Mass Flow [kg/s],BASEAIRSYS3-5:DesPer 2:Des Sens Cool Cap [W],BASEAIRSYS3-5:DesPer 2:Des Tot Cool Cap [W],BASEAIRSYS3-6:DesPer 1:Des Heat Mass Flow [kg/s],BASEAIRSYS3-6:DesPer 1:Des Heat Cap [W],BASEAIRSYS3-6:DesPer 1:Des Cool Mass Flow [kg/s],BASEAIRSYS3-6:DesPer 1:Des Sens Cool Cap [W],BASEAIRSYS3-6:DesPer 1:Des Tot Cool Cap [W],BASEAIRSYS3-6:DesPer 2:Des Heat Mass Flow [kg/s],BASEAIRSYS3-6:DesPer 2:Des Heat Cap [W],BASEAIRSYS3-6:DesPer 2:Des Cool Mass Flow [kg/s],BASEAIRSYS3-6:DesPer 2:Des Sens Cool Cap [W],BASEAIRSYS3-6:DesPer 2:Des Tot Cool Cap [W],BASEAIRSYS3-7:DesPer 1:Des Heat Mass Flow [kg/s],BASEAIRSYS3-7:DesPer 1:Des Heat Cap [W],BASEAIRSYS3-7:DesPer 1:Des Cool Mass Flow [kg/s],BASEAIRSYS3-7:DesPer 1:Des Sens Cool Cap [W],BASEAIRSYS3-7:DesPer 1:Des Tot Cool Cap [W],BASEAIRSYS3-7:DesPer 2:Des Heat Mass Flow [kg/s],BASEAIRSYS3-7:DesPer 2:Des Heat Cap [W],BASEAIRSYS3-7:DesPer 2:Des Cool Mass Flow [kg/s],BASEAIRSYS3-7:DesPer 2:Des Sens Cool Cap [W],BASEAIRSYS3-7:DesPer 2:Des Tot Cool Cap [W],BASEAIRSYS3-8:DesPer 1:Des Heat Mass Flow [kg/s],BASEAIRSYS3-8:DesPer 1:Des Heat Cap [W],BASEAIRSYS3-8:DesPer 1:Des Cool Mass Flow [kg/s],BASEAIRSYS3-8:DesPer 1:Des Sens Cool Cap [W],BASEAIRSYS3-8:DesPer 1:Des Tot Cool Cap [W],BASEAIRSYS3-8:DesPer 2:Des Heat Mass Flow [kg/s],BASEAIRSYS3-8:DesPer 2:Des Heat Cap [W],BASEAIRSYS3-8:DesPer 2:Des Cool Mass Flow [kg/s],BASEAIRSYS3-8:DesPer 2:Des Sens Cool Cap [W],BASEAIRSYS3-8:DesPer 2:Des Tot Cool Cap [W],BASEAIRSYS3-9:DesPer 1:Des Heat Mass Flow [kg/s],BASEAIRSYS3-9:DesPer 1:Des Heat Cap [W],BASEAIRSYS3-9:DesPer 1:Des Cool Mass Flow [kg/s],BASEAIRSYS3-9:DesPer 1:Des Sens Cool Cap [W],BASEAIRSYS3-9:DesPer 1:Des Tot Cool Cap [W],BASEAIRSYS3-9:DesPer 2:Des Heat Mass Flow [kg/s],BASEAIRSYS3-9:DesPer 2:Des Heat Cap [W],BASEAIRSYS3-9:DesPer 2:Des Cool Mass Flow [kg/s],BASEAIRSYS3-9:DesPer 2:Des Sens Cool Cap [W],BASEAIRSYS3-9:DesPer 2:Des Tot Cool Cap [W]
00:15:00,5.165079E-02,6.637570E+02,1.425865E-01,1.385936E+03,1.585948E+03,2.951539E-01,4.567665E+03,5.165079E-02,0.000000E+00,0.000000E+00,3.730654E-01,4.794210E+03,3.730654E-01,2.495083E+03,2.744560E+03,3.730654E-01,1.335399E+04,3.730654E-01,0.000000E+00,0.000000E+00,4.820504E-02,6.194760E+02,4.820504E-02,3.223982E+02,3.546339E+02,7.037608E-02,1.973065E+03,4.820504E-02,0.000000E+00,0.000000E+00,4.820516E-02,6.194776E+02,4.820516E-02,3.223990E+02,3.546348E+02,5.321981E-02,1.781508E+03,4.820516E-02,0.000000E+00,0.000000E+00,3.353389E-02,4.309392E+02,7.923476E-02,7.585586E+02,1.002569E+03,8.600472E-02,1.786229E+03,3.353389E-02,0.000000E+00,0.000000E+00,1.047938E-02,1.346690E+02,1.048817E-01,1.158456E+03,1.547904E+03,1.356862E-01,1.773105E+03,1.047938E-02,0.000000E+00,0.000000E+00,3.772573E-02,4.848080E+02,1.789347E-01,1.855729E+03,2.493827E+03,3.477502E-01,4.811911E+03,3.772573E-02,0.000000E+00,0.000000E+00,0.000000E+00,0.000000E+00,7.523289E-03,8.611497E+01,9.190190E+01,4.270864E-03,4.768460E+01,0.000000E+00,0.000000E+00,0.000000E+00,1.467111E-02,1.885364E+02,2.849699E-02,2.566416E+02,2.910706E+02,4.929544E-02,9.117502E+02,1.467111E-02,0.000000E+00,0.000000E+00,2.724636E-02,3.501391E+02,7.175363E-02,7.047743E+02,1.092604E+03,5.884547E-02,1.328110E+03,2.724636E-02,0.000000E+00,0.000000E+00
00:30:00,5.165079E-02,6.714644E+02,9.403531E-02,8.441606E+02,9.676875E+02,1.992647E-01,3.542342E+03,5.165079E-02,0.000000E+00,0.000000E+00,3.730654E-01,4.849879E+03,3.730654E-01,2.439414E+03,2.687778E+03,3.730654E-01,1.335399E+04,3.730654E-01,0.000000E+00,0.000000E+00,4.820504E-02,6.266693E+02,4.820504E-02,3.152049E+02,3.472969E+02,4.820504E-02,1.725514E+03,4.820504E-02,0.000000E+00,0.000000E+00,4.820516E-02,6.266708E+02,4.820516E-02,3.152057E+02,3.472978E+02,4.820516E-02,1.725518E+03,4.820516E-02,0.000000E+00,0.000000E+00,3.353389E-02,4.359432E+02,5.230472E-02,4.559097E+02,5.953368E+02,5.733306E-02,1.466090E+03,3.353389E-02,0.000000E+00,0.000000E+00,1.047938E-02,1.362327E+02,6.943847E-02,7.866066E+02,1.083052E+03,9.045441E-02,1.268071E+03,1.047938E-02,0.000000E+00,0.000000E+00,3.772573E-02,4.904375E+02,1.176069E-01,1.182517E+03,1.596035E+03,2.318202E-01,3.517522E+03,3.772573E-02,0.000000E+00,0.000000E+00,0.000000E+00,0.000000E+00,4.983777E-03,5.937633E+01,6.385587E+01,2.846578E-03,3.178232E+01,0.000000E+00,0.000000E+00,0.000000E+00,1.467111E-02,1.907256E+02,1.882918E-02,1.457992E+02,1.642000E+02,3.286148E-02,7.282590E+02,1.467111E-02,0.000000E+00,0.000000E+00,2.724636E-02,3.542048E+02,4.757096E-02,4.374354E+02,6.778333E+02,3.922931E-02,1.109087E+03,2.724636E-02,0.000000E+00,0.000000E+00
00:45:00,5.165079E-02,6.791718E+02,5.165079E-02,3.300288E+02,3.642607E+02,1.133670E-01,2.642985E+03,5.165079E-02,0.000000E+00,0.000000E+00,3.730654E-01,4.905549E+03,3.730654E-01,2.383745E+03,2.630997E+03,3.730654E-01,1.335399E+04,3.730654E-01,0.000000E+00,0.000000E+00,4.820504E-02,6.338625E+02,4.820504E-02,3.080117E+02,3.399599E+02,4.820504E-02,1.725514E+03,4.820504E-02,0.000000E+00,0.000000E+00,4.820516E-02,6.338641E+02,4.820516E-02,3.080125E+02,3.399608E+02,4.820516E-02,1.725518E+03,4.820516E-02,0.000000E+00,0.000000E+00,3.353389E-02,4.409472E+02,3.353389E-02,2.142687E+02,2.364935E+02,3.353389E-02,1.200355E+03,3.353389E-02,0.000000E+00,0.000000E+00,1.047938E-02,1.377965E+02,3.448563E-02,3.786098E+02,5.225737E+02,4.522576E-02,7.630718E+02,1.047938E-02,0.000000E+00,0.000000E+00,3.772573E-02,4.960670E+02,5.799856E-02,4.879624E+02,6.213513E+02,1.159038E-01,2.223284E+03,3.772573E-02,0.000000E+00,0.000000E+00,0.000000E+00,0.000000E+00,2.476512E-03,3.087217E+01,3.340390E+01,1.422970E-03,1.588759E+01,0.000000E+00,0.000000E+00,0.000000E+00,1.467111E-02,1.929149E+02,1.467111E-02,9.374279E+01,1.034662E+02,1.642970E-02,5.447921E+02,1.467111E-02,0.000000E+00,0.000000E+00,2.724636E-02,3.582706E+02,2.724636E-02,1.740938E+02,1.921515E+02,2.724636E-02,9.752915E+02,2.724636E-02,0.000000E+00,0.000000E+00
01:00:00,5.165079E-02,6.868792E+02,5.165079E-02,3.223214E+02,3.563994E+02,5.165079E-02,1.848855E+03,5.165079E-02,0.000000E+00,0.000000E+00,3.730654E-01,4.961218E+03,3.730654E-01,2.328075E+03,2.574215E+03,3.730654E-01,1.335399E+04,3.730654E-01,0.000000E+00,0.000000E+00,4.820504E-02,6.410557E+02,4.820504E-02,3.008185E+02,3.326231E+02,4.820504E-02,1.725514E+03,4.820504E-02,0.000000E+00,0.000000E+00,4.820516E-02,6.410573E+02,4.820516E-02,3.008192E+02,3.326239E+02,4.820516E-02,1.725518E+03,4.820516E-02,0.000000E+00,0.000000E+00,3.353389E-02,4.459511E+02,3.353389E-02,2.092647E+02,2.313896E+02,3.353389E-02,1.200355E+03,3.353389E-02,0.000000E+00,0.000000E+00,1.047938E-02,1.393602E+02,1.047938E-02,6.539544E+01,7.230950E+01,1.047938E-02,3.751123E+02,1.047938E-02,0.000000E+00,0.000000E+00,3.772573E-02,5.016965E+02,3.772573E-02,2.354235E+02,2.603141E+02,3.772573E-02,1.350404E+03,3.772573E-02,0.000000E+00,0.000000E+00,0.000000E+00,0.000000E+00,0.000000E+00,0.000000E+00,0.000000E+00,0.000000E+00,0.000000E+00,0.000000E+00,0.000000E+00,0.000000E+00,1.467111E-02,1.951041E+02,1.467111E-02,9.155355E+01,1.012332E+02,1.467111E-02,5.251568E+02,1.467111E-02,0.000000E+00,0.000000E+00,2.724636E-02,3.623363E+02,2.724636E-02,1.700281E+02,1.880046E+02,2.724636E-02,9.752915E+02,2.724636E-02,0.000000E+00,0.000000E+00
01:15:00,5.165079E-02,6.920175E+02,5.165079E-02,3.171831E+02,3.511584E+02,5.492430E-02,1.900113E+03,5.165079E-02,0.000000E+00,0.000000E+00,3.730654E-01,4.998331E+03,3.730654E-01,2.290962E+03,2.536361E+03,3.730654E-01,1.335399E+04,3.730654E-01,0.000000E+00,0.000000E+00,4.820504E-02,6.458512E+02,4.820504E-02,2.960230E+02,3.277318E+02,4.820504E-02,1.725514E+03,4.820504E-02,0.000000E+00,0.000000E+00,4.820516E-02,6.458528E+02,4.820516E-02,2.960237E+02,3.277326E+02,4.820516E-02,1.725518E+03,4.820516E-02,0.000000E+00,0.000000E+00,3.353389E-02,4.492871E+02,3.353389E-02,2.059287E+02,2.279870E+02,3.353389E-02,1.200355E+03,3.353389E-02,0.000000E+00,0.000000E+00,1.047938E-02,1.404027E+02,1.047938E-02,6.435295E+01,7.124617E+01,1.047938E-02,3.751123E+02,1.047938E-02,0.000000E+00,0.000000E+00,3.772573E-02,5.054495E+02,3.772573E-02,2.316705E+02,2.564861E+02,3.772573E-02,1.350404E+03,3.772573E-02,0.000000E+00,0.000000E+00,0.000000E+00,0.000000E+00,0.000000E+00,0.000000E+00,0.000000E+00,0.000000E+00,0.000000E+00,0.000000E+00,0.000000E+00,0.000000E+00,1.467111E-02,1.965636E+02,1.467111E-02,9.009405E+01,9.974455E+01,1.467111E-02,5.251568E+02,1.467111E-02,0.000000E+00,0.000000E+00,2.724636E-02,3.650468E+02,2.724636E-02,1.673176E+02,1.852399E+02,2.724636E-02,9.752915E+02,2.724636E-02,0.000000E+00,0.000000E+00
01:30:00,5.165079E-02,6.971557E+02,5.165079E-02,3.120448E+02,3.459176E+02,7.524728E-02,2.244024E+03,5.165079E-02,0.000000E+00,0.000000E+00,3.730654E-01,5.035444E+03,3.730654E-01,2.253849E+03,2.498507E+03,3.730654E-01,1.335399E+04,3.730654E-01,0.000000E+00,0.000000E+00,4.820504E-02,6.506467E+02,4.820504E-02,2.912275E+02,3.228406E+02,4.820504E-02,1.725514E+03,4.820504E-02,0.000000E+00,0.000000E+00,4.820516E-02,6.506483E+02,4.820516E-02,2.912282E+02,3.228414E+02,4.820516E-02,1.725518E+03,4.820516E-02,0.000000E+00,0.000000E+00,3.353389E-02,4.526231E+02,3.353389E-02,2.025927E+02,2.245844E+02,3.353389E-02,1.200355E+03,3.353389E-02,0.000000E+00,0.000000E+00,1.047938E-02,1.414452E+02,1.047938E-02,6.331045E+01,7.018287E+01,1.047938E-02,3.751123E+02,1.047938E-02,0.000000E+00,0.000000E+00,3.772573E-02,5.092025E+02,3.772573E-02,2.279175E+02,2.526582E+02,3.772573E-02,1.350404E+03,3.772573E-02,0.000000E+00,0.000000E+00,0.000000E+00,0.000000E+00,0.000000E+00,0.000000E+00,0.000000E+00,0.000000E+00,0.000000E+00,0.000000E+00,0.000000E+00,0.000000E+00,1.467111E-02,1.980231E+02,1.467111E-02,8.863455E+01,9.825593E+01,1.467111E-02,5.251568E+02,1.467111E-02,0.000000E+00,0.000000E+00,2.724636E-02,3.677573E+02,2.724636E-02,1.646071E+02,1.824753E+02,2.724636E-02,9.752915E+02,2.724636E-02,0.000000E+00,0.000000E+00
01:45:00,5.165079E-02,7.022940E+02,5.165079E-02,3.069065E+02,3.406767E+02,8.721857E-02,2.444526E+03,5.165079E-02,0.000000E+00,0.000000E+00,3.730654E-01,5.072557E+03,3.730654E-01,2.216737E+03,2.460653E+03,3.730654E-01,1.335399E+04,3.730654E-01,0.000000E+00,0.000000E+00,4.820504E-02,6.554422E+02,4.820504E-02,2.864320E+02,3.179493E+02,4.820504E-02,1.725514E+03,4.820504E-02,0.000000E+00,0.000000E+00,4.820516E-02,6.554438E+02,4.820516E-02,2.864327E+02,3.179501E+02,4.820516E-02,1.725518E+03,4.820516E-02,0.000000E+00,0.000000E+00,3.353389E-02,4.559591E+02,3.353389E-02,1.992568E+02,2.211818E+02,3.353389E-02,1.200355E+03,3.353389E-02,0.000000E+00,0.000000E+00,1.047938E-02,1.424877E+02,1.047938E-02,6.226795E+01,6.911954E+01,1.047938E-02,3.751123E+02,1.047938E-02,0.000000E+00,0.000000E+00,3.772573E-02,5.129555E+02,3.772573E-02,2.241645E+02,2.488302E+02,3.772573E-02,1.350404E+03,3.772573E-02,0.000000E+00,0.000000E+00,0.000000E+00,0.000000E+00,0.000000E+00,0.000000E+00,0.000000E+00,0.000000E+00,0.000000E+00,0.000000E+00,0.000000E+00,0.000000E+00,1.467111E-02,1.994826E+02,1.467111E-02,8.717505E+01,9.676728E+01,1.467111E-02,5.251568E+02,1.467111E-02,0.000000E+00,0.000000E+00,2.724636E-02,3.704678E+02,2.724636E-02,1.618966E+02,1.797107E+02,2.724636E-02,9.752915E+02,2.724636E-02,0.000000E+00,0.000000E+00
02:00:00,5.165079E-02,7.074323E+02,5.165079E-02,3.017683E+02,3.354359E+02,9.424182E-02,2.562161E+03,5.165079E-02,0.000000E+00,0.000000E+00,3.730654E-01,5.109670E+03,3.730654E-01,2.179624E+03,2.422799E+03,3.730654E-01,1.335399E+04,3.730654E-01,0.000000E+00,0.000000E+00,4.820504E-02,6.602377E+02,4.820504E-02,2.816365E+02,3.130581E+02,4.820504E-02,1.725514E+03,4.820504E-02,0.000000E+00,0.000000E+00,4.820516E-02,6.602393E+02,4.820516E-02,2.816372E+02,3.130589E+02,4.820516E-02,1.725518E+03,4.820516E-02,0.000000E+00,0.000000E+00,3.353389E-02,4.592951E+02,3.353389E-02,1.959208E+02,2.177792E+02,3.353389E-02,1.200355E+03,3.353389E-02,0.000000E+00,0.000000E+00,1.047938E-02,1.435302E+02,1.047938E-02,6.122545E+01,6.805623E+01,1.053486E-02,3.758855E+02,1.047938E-02,0.000000E+00,0.000000E+00,3.772573E-02,5.167084E+02,3.772573E-02,2.204115E+02,2.450023E+02,3.772573E-02,1.350404E+03,3.772573E-02,0.000000E+00,0.000000E+00,0.000000E+00,0.000000E+00,0.000000E+00,0.000000E+00,0.000000E+00,0.000000E+00,0.000000E+00,0.000000E+00,0.000000E+00,0.000000E+00,1.467111E-02,2.009421E+02,1.467111E-02,8.571556E+01,9.527864E+01,1.467111E-02,5.251568E+02,1.467111E-02,0.000000E+00,0.000000E+00,2.724636E-02,3.731783E+02,2.896438E-02,1.879461E+02,2.378868E+02,2.724636E-02,9.752915E+02,2.724636E-02,0.000000E+00,0.000000E+00
02:15:00,5.165079E-02,7.112860E+02,5.165079E-02,2.979146E+02,3.315052E+02,1.014506E-01,2.682895E+03,5.165079E-02,0.000000E+00,0.000000E+00,3.730654E-01,5.137504E+03,3.730654E-01,2.151789E+03,2.394409E+03,3.730654E-01,1.335399E+04,3.730654E-01,0.000000E+00,0.000000E+00,4.820504E-02,6.638343E+02,4.820504E-02,2.780399E+02,3.093897E+02,4.820504E-02,1.725514E+03,4.820504E-02,0.000000E+00,0.000000E+00,4.820516E-02,6.638359E+02,4.820516E-02,2.780406E+02,3.093904E+02,4.820516E-02,1.725518E+03,4.820516E-02,0.000000E+00,0.000000E+00,3.353389E-02,4.617971E+02,3.353389E-02,1.934188E+02,2.152273E+02,3.353389E-02,1.200355E+03,3.353389E-02,0.000000E+00,0.000000E+00,1.047938E-02,1.443121E+02,1.047938E-02,6.044358E+01,6.725875E+01,1.946206E-02,5.128222E+02,1.047938E-02,0.000000E+00,0.000000E+00,3.772573E-02,5.195232E+02,3.772573E-02,2.175968E+02,2.421314E+02,3.772573E-02,1.350404E+03,3.772573E-02,0.000000E+00,0.000000E+00,0.000000E+00,0.000000E+00,0.000000E+00,0.000000E+00,0.000000E+00,0.000000E+00,0.000000E+00,0.000000E+00,0.000000E+00,0.000000E+00,1.467111E-02,2.020367E+02,1.467111E-02,8.462093E+01,9.416217E+01,1.467111E-02,5.251568E+02,1.467111E-02,0.000000E+00,0.000000E+00,2.724636E-02,3.752112E+02,3.340483E-02,2.602358E+02,3.896993E+02,2.724636E-02,9.752915E+02,2.724636E-02,0.000000E+00,0.000000E+00
02:30:00,5.165079E-02,7.151397E+02,5.165079E-02,2.940609E+02,3.275746E+02,1.079993E-01,2.792575E+03,5.165079E-02,0.000000E+00,0.000000E+00,3.730654E-01,5.165339E+03,3.730654E-01,2.123954E+03,2.366019E+03,3.730654E-01,1.335399E+04,3.730654E-01,0.000000E+00,0.000000E+00,4.820504E-02,6.674309E+02,4.820504E-02,2.744433E+02,3.057213E+02,4.820504E-02,1.725514E+03,4.820504E-02,0.000000E+00,0.000000E+00,4.820516E-02,6.674326E+02,4.820516E-02,2.744440E+02,3.057220E+02,4.820516E-02,1.725518E+03,4.820516E-02,0.000000E+00,0.000000E+00,3.353389E-02,4.642991E+02,3.353389E-02,1.909168E+02,2.126753E+02,3.702762E-02,1.258869E+03,3.353389E-02,0.000000E+00,0.000000E+00,1.047938E-02,1.450939E+02,1.047938E-02,5.966170E+01,6.646127E+01,3.085270E-02,7.158813E+02,1.047938E-02,0.000000E+00,0.000000E+00,3.772573E-02,5.223379E+02,3.772573E-02,2.147820E+02,2.392604E+02,4.429500E-02,1.451012E+03,3.772573E-02,0.000000E+00,0.000000E+00,0.000000E+00,0.000000E+00,0.000000E+00,0.000000E+00,0.000000E+00,0.000000E+00,0.000000E+00,0.000000E+00,0.000000E+00,0.000000E+00,1.467111E-02,2.031314E+02,1.467111E-02,8.352631E+01,9.304570E+01,1.467111E-02,5.251568E+02,1.467111E-02,0.000000E+00,0.000000E+00,2.724636E-02,3.772440E+02,3.738987E-02,3.248812E+02,5.171678E+02,2.724636E-02,9.752915E+02,2.724636E-02,0.000000E+00,0.000000E+00
02:45:00,5.165079E-02,7.189934E+02,5.165079E-02,2.902072E+02,3.236440E+02,1.143980E-01,2.899742E+03,5.165079E-02,0.000000E+00,0.000000E+00,3.730654E-01,5.193174E+03,3.730654E-01,2.096120E+03,2.337629E+03,3.730654E-01,1.335399E+04,3.730654E-01,0.000000E+00,0.000000E+00,4.820504E-02,6.710275E+02,4.820504E-02,2.708467E+02,3.020529E+02,4.820504E-02,1.725514E+03,4.820504E-02,0.000000E+00,0.000000E+00,4.820516E-02,6.710292E+02,4.820516E-02,2.708474E+02,3.020536E+02,4.820516E-02,1.725518E+03,4.820516E-02,0.000000E+00,0.000000E+00,3.353389E-02,4.668010E+02,3.353389E-02,1.884148E+02,2.101234E+02,4.122601E-02,1.329187E+03,3.353389E-02,0.000000E+00,0.000000E+00,1.047938E-02,1.458758E+02,1.047938E-02,5.887983E+01,6.566379E+01,4.060128E-02,8.795935E+02,1.047938E-02,0.000000E+00,0.000000E+00,3.772573E-02,5.251527E+02,3.772573E-02,2.119673E+02,2.363895E+02,7.176468E-02,1.919215E+03,3.772573E-02,0.000000E+00,0.000000E+00,0.000000E+00,0.000000E+00,0.000000E+00,0.000000E+00,0.000000E+00,0.000000E+00,0.000000E+00,0.000000E+00,0.000000E+00,0.000000E+00,1.467111E-02,2.042260E+02,1.467111E-02,8.243169E+01,9.192924E+01,1.755685E-02,5.734871E+02,1.467111E-02,0.000000E+00,0.000000E+00,2.724636E-02,3.792769E+02,4.042111E-02,3.735603E+02,6.043269E+02,2.724636E-02,9.752915E+02,2.724636E-02,0.000000E+00,0.000000E+00
03:00:00,5.165079E-02,7.228471E+02,5.165079E-02,2.863535E+02,3.197134E+02,1.203462E-01,2.999365E+03,5.165079E-02,0.000000E+00,0.000000E+00,3.730654E-01,5.221008E+03,3.730654E-01,2.068285E+03,2.309238E+03,3.730654E-01,1.335399E+04,3.730654E-01,0.000000E+00,0.000000E+00,4.820504E-02,6.746241E+02,4.820504E-02,2.672501E+02,2.983845E+02,4.820504E-02,1.725514E+03,4.820504E-02,0.000000E+00,0.000000E+00,4.820516E-02,6.746258E+02,4.820516E-02,2.672507E+02,2.983852E+02,4.820516E-02,1.725518E+03,4.820516E-02,0.000000E+00,0.000000E+00,3.353389E-02,4.693030E+02,3.353389E-02,1.859128E+02,2.075715E+02,4.497478E-02,1.391974E+03,3.353389E-02,0.000000E+00,0.000000E+00,1.047938E-02,1.466577E+02,1.047938E-02,5.809795E+01,6.486631E+01,4.836451E-02,1.009617E+03,1.047938E-02,0.000000E+00,0.000000E+00,3.772573E-02,5.279674E+02,3.772573E-02,2.091525E+02,2.335186E+02,9.871412E-02,2.371808E+03,3.772573E-02,0.000000E+00,0.000000E+00,0.000000E+00,0.000000E+00,0.000000E+00,0.000000E+00,0.000000E+00,0.000000E+00,0.000000E+00,0.000000E+00,0.000000E+00,0.000000E+00,1.467111E-02,2.053206E+02,1.467111E-02,8.133707E+01,9.081276E+01,2.016245E-02,6.171260E+02,1.467111E-02,0.000000E+00,0.000000E+00,2.724636E-02,3.813098E+02,4.294494E-02,4.137501E+02,6.697731E+02,2.724636E-02,9.752915E+02,2.724636E-02,0.000000E+00,0.000000E+00
03:15:00,5.165079E-02,7.267008E+02,5.165079E-02,2.824997E+02,3.157828E+02,1.258417E-01,3.091406E+03,5.165079E-02,0.000000E+00,0.000000E+00,3.730654E-01,5.248843E+03,3.730654E-01,2.040450E+03,2.280848E+03,3.730654E-01,1.335399E+04,3.730654E-01,0.000000E+00,0.000000E+00,4.820504E-02,6.782207E+02,4.820504E-02,2.636535E+02,2.947161E+02,4.820504E-02,1.725514E+03,4.820504E-02,0.000000E+00,0.000000E+00,4.820516E-02,6.782224E+02,4.820516E-02,2.636541E+02,2.947168E+02,4.820516E-02,1.725518E+03,4.820516E-02,0.000000E+00,0.000000E+00,3.353389E-02,4.718050E+02,3.353389E-02,1.834108E+02,2.050196E+02,4.854993E-02,1.451853E+03,3.353389E-02,0.000000E+00,0.000000E+00,1.047938E-02,1.474396E+02,1.047938E-02,5.731608E+01,6.406884E+01,5.571114E-02,1.132663E+03,1.047938E-02,0.000000E+00,0.000000E+00,3.772573E-02,5.307822E+02,3.772573E-02,2.063378E+02,2.306477E+02,1.155707E-01,2.654138E+03,3.772573E-02,0.000000E+00,0.000000E+00,0.000000E+00,0.000000E+00,0.000000E+00,0.000000E+00,0.000000E+00,0.000000E+00,0.000000E+00,0.000000E+00,0.000000E+00,0.000000E+00,1.467111E-02,2.064152E+02,1.467111E-02,8.024244E+01,8.969630E+01,2.242048E-02,6.549439E+02,1.467111E-02,0.000000E+00,0.000000E+00,2.724636E-02,3.833426E+02,4.507577E-02,4.473678E+02,7.201639E+02,2.726845E-02,9.756614E+02,2.724636E-02,0.000000E+00,0.000000E+00
03:30:00,5.165079E-02,7.305545E+02,5.165079E-02,2.786460E+02,3.118522E+02,1.309031E-01,3.176175E+03,5.165079E-02,0.000000E+00,0.000000E+00,3.730654E-01,5.276678E+03,3.730654E-01,2.012615E+03,2.252458E+03,3.730654E-01,1.335399E+04,3.730654E-01,0.000000E+00,0.000000E+00,4.820504E-02,6.818173E+02,4.820504E-02,2.600568E+02,2.910477E+02,4.820504E-02,1.725514E+03,4.820504E-02,0.000000E+00,0.000000E+00,4.820516E-02,6.818191E+02,4.820516E-02,2.600575E+02,2.910485E+02,4.820516E-02,1.725518E+03,4.820516E-02,0.000000E+00,0.000000E+00,3.353389E-02,4.743070E+02,3.460063E-02,1.987669E+02,2.331484E+02,5.200117E-02,1.509656E+03,3.353389E-02,0.000000E+00,0.000000E+00,1.047938E-02,1.482214E+02,1.047938E-02,5.653420E+01,6.327137E+01,6.214951E-02,1.240498E+03,1.047938E-02,0.000000E+00,0.000000E+00,3.772573E-02,5.335969E+02,3.772573E-02,2.035230E+02,2.277768E+02,1.341433E-01,2.965193E+03,3.772573E-02,0.000000E+00,0.000000E+00,0.000000E+00,0.000000E+00,0.000000E+00,0.000000E+00,0.000000E+00,0.000000E+00,0.000000E+00,0.000000E+00,0.000000E+00,0.000000E+00,1.467111E-02,2.075098E+02,1.467111E-02,7.914782E+01,8.857984E+01,2.463973E-02,6.921124E+02,1.467111E-02,0.000000E+00,0.000000E+00,2.724636E-02,3.853755E+02,4.689328E-02,4.757471E+02,7.600418E+02,3.024569E-02,1.025525E+03,2.724636E-02,0.000000E+00,0.000000E+00
03:45:00,5.165079E-02,7.344082E+02,5.165079E-02,2.747923E+02,3.079208E+02,1.355528E-01,3.254049E+03,5.165079E-02,0.000000E+00,0.000000E+00,3.730654E-01,5.304512E+03,3.730654E-01,1.984781E+03,2.224062E+03,3.730654E-01,1.335399E+04,3.730654E-01,0.000000E+00,0.000000E+00,4.820504E-02,6.854140E+02,4.820504E-02,2.564602E+02,2.873786E+02,4.820504E-02,1.725514E+03,4.820504E-02,0.000000E+00,0.000000E+00,4.820516E-02,6.854157E+02,4.820516E-02,2.564609E+02,2.873793E+02,4.820516E-02,1.725518E+03,4.820516E-02,0.000000E+00,0.000000E+00,3.353389E-02,4.768090E+02,3.643796E-02,2.270225E+02,2.816723E+02,5.517491E-02,1.562811E+03,3.353389E-02,0.000000E+00,0.000000E+00,1.047938E-02,1.490033E+02,1.047938E-02,5.575233E+01,6.247372E+01,6.820704E-02,1.341953E+03,1.047938E-02,0.000000E+00,0.000000E+00,3.772573E-02,5.364117E+02,3.772573E-02,2.007083E+02,2.249053E+02,1.497068E-01,3.225852E+03,3.772573E-02,0.000000E+00,0.000000E+00,0.000000E+00,0.000000E+00,0.000000E+00,0.000000E+00,0.000000E+00,0.000000E+00,0.000000E+00,0.000000E+00,0.000000E+00,0.000000E+00,1.467111E-02,2.086045E+02,1.467111E-02,7.805320E+01,8.746314E+01,2.683263E-02,7.288395E+02,1.467111E-02,0.000000E+00,0.000000E+00,2.724636E-02,3.874084E+02,4.845272E-02,4.998110E+02,7.923003E+02,3.314313E-02,1.074052E+03,2.724636E-02,0.000000E+00,0.000000E+00
04:00:00,5.165079E-02,7.382619E+02,5.165079E-02,2.709386E+02,3.039902E+02,1.398244E-01,3.325590E+03,5.165079E-02,0.000000E+00,0.000000E+00,3.730654E-01,5.332347E+03,3.730654E-01,1.956946E+03,2.195672E+03,3.730654E-01,1.335399E+04,3.730654E-01,0.000000E+00,0.000000E+00,4.820504E-02,6.890106E+02,4.820504E-02,2.528636E+02,2.837102E+02,4.820504E-02,1.725514E+03,4.820504E-02,0.000000E+00,0.000000E+00,4.820516E-02,6.890123E+02,4.820516E-02,2.528643E+02,2.837109E+02,4.820516E-02,1.725518E+03,4.820516E-02,0.000000E+00,0.000000E+00,3.353389E-02,4.793110E+02,3.801550E-02,2.509290E+02,3.210634E+02,5.809049E-02,1.611642E+03,3.353389E-02,0.000000E+00,0.000000E+00,1.047938E-02,1.497852E+02,1.047938E-02,5.497046E+01,6.167625E+01,7.403819E-02,1.439615E+03,1.047938E-02,0.000000E+00,0.000000E+00,3.772573E-02,5.392264E+02,3.772573E-02,1.978935E+02,2.220344E+02,1.645194E-01,3.473936E+03,3.772573E-02,0.000000E+00,0.000000E+00,0.000000E+00,0.000000E+00,0.000000E+00,0.000000E+00,0.000000E+00,0.000000E+00,0.000000E+00,0.000000E+00,0.000000E+00,0.000000E+00,1.467111E-02,2.096991E+02,1.467111E-02,7.695857E+01,8.634667E+01,2.890757E-02,7.635908E+02,1.467111E-02,0.000000E+00,0.000000E+00,2.724636E-02,3.894413E+02,4.979834E-02,5.202987E+02,8.189162E+02,3.581282E-02,1.118765E+03,2.724636E-02,0.000000E+00,0.000000E+00
04:15:00,5.165079E-02,7.408311E+02,5.165079E-02,2.683695E+02,3.013698E+02,1.437606E-01,3.391513E+03,5.165079E-02,0.000000E+00,0.000000E+00,3.730654E-01,5.350903E+03,3.730654E-01,1.938390E+03,2.176746E+03,3.730654E-01,1.335399E+04,3.730654E-01,0.000000E+00,0.000000E+00,4.820504E-02,6.914083E+02,4.820504E-02,2.504659E+02,2.812647E+02,4.820504E-02,1.725514E+03,4.820504E-02,0.000000E+00,0.000000E+00,4.820516E-02,6.914101E+02,4.820516E-02,2.504665E+02,2.812654E+02,4.820516E-02,1.725518E+03,4.820516E-02,0.000000E+00,0.000000E+00,3.353389E-02,4.809790E+02,3.937732E-02,2.720586E+02,3.541169E+02,6.075936E-02,1.656341E+03,3.353389E-02,0.000000E+00,0.000000E+00,1.047938E-02,1.503064E+02,1.648249E-02,1.548900E+02,2.866400E+02,7.967374E-02,1.534000E+03,1.047938E-02,0.000000E+00,0.000000E+00,3.772573E-02,5.411029E+02,3.772573E-02,1.960170E+02,2.201205E+02,1.790706E-01,3.717640E+03,3.772573E-02,0.000000E+00,0.000000E+00,0.000000E+00,0.000000E+00,0.000000E+00,0.000000E+00,0.000000E+00,0.000000E+00,0.000000E+00,0.000000E+00,0.000000E+00,0.000000E+00,1.467111E-02,2.104288E+02,1.467111E-02,7.622883E+01,8.560238E+01,3.083548E-02,7.958794E+02,1.467111E-02,0.000000E+00,0.000000E+00,2.724636E-02,3.907965E+02,5.096807E-02,5.385212E+02,8.420001E+02,3.825645E-02,1.159691E+03,2.724636E-02,0.000000E+00,0.000000E+00
04:30:00,5.165079E-02,7.434002E+02,5.165079E-02,2.658004E+02,2.987494E+02,1.473995E-01,3.452459E+03,5.165079E-02,0.000000E+00,0.000000E+00,3.730654E-01,5.369460E+03,3.730654E-01,1.919833E+03,2.157819E+03,3.730654E-01,1.335399E+04,3.730654E-01,0.000000E+00,0.000000E+00,4.820504E-02,6.938061E+02,4.820504E-02,2.480681E+02,2.788191E+02,4.820504E-02,1.725514E+03,4.820504E-02,0.000000E+00,0.000000E+00,4.820516E-02,6.938078E+02,4.820516E-02,2.480688E+02,2.788198E+02,4.820516E-02,1.725518E+03,4.820516E-02,0.000000E+00,0.000000E+00,3.353389E-02,4.826470E+02,4.056060E-02,2.901997E+02,3.815535E+02,6.319543E-02,1.697140E+03,3.353389E-02,0.000000E+00,0.000000E+00,1.047938E-02,1.508277E+02,2.169255E-02,2.416901E+02,4.778310E+02,8.491817E-02,1.621834E+03,1.047938E-02,0.000000E+00,0.000000E+00,3.772573E-02,5.429794E+02,3.772573E-02,1.941405E+02,2.182065E+02,1.933229E-01,3.956338E+03,3.772573E-02,0.000000E+00,0.000000E+00,0.000000E+00,0.000000E+00,0.000000E+00,0.000000E+00,0.000000E+00,0.000000E+00,0.000000E+00,0.000000E+00,0.000000E+00,0.000000E+00,1.467111E-02,2.111586E+02,1.467111E-02,7.549908E+01,8.485808E+01,3.261329E-02,8.256541E+02,1.467111E-02,0.000000E+00,0.000000E+00,2.724636E-02,3.921518E+02,5.198821E-02,5.542402E+02,8.617146E+02,4.048033E-02,1.196937E+03,2.724636E-02,0.000000E+00,0.000000E+00
04:45:00,5.165079E-02,7.459693E+02,5.165079E-02,2.632312E+02,2.961291E+02,1.507745E-01,3.508982E+03,5.165079E-02,0.000000E+00,0.000000E+00,3.730654E-01,5.388016E+03,3.730654E-01,1.901277E+03,2.138892E+03,3.730654E-01,1.335399E+04,3.730654E-01,0.000000E+00,0.000000E+00,4.820504E-02,6.962038E+02,4.820504E-02,2.456704E+02,2.763735E+02,4.956504E-02,1.748291E+03,4.820504E-02,0.000000E+00,0.000000E+00,4.820516E-02,6.962056E+02,4.820516E-02,2.456710E+02,2.763742E+02,4.820516E-02,1.725518E+03,4.820516E-02,0.000000E+00,0.000000E+00,3.353389E-02,4.843150E+02,4.167471E-02,3.071834E+02,4.066764E+02,6.541391E-02,1.734295E+03,3.353389E-02,0.000000E+00,0.000000E+00,1.047938E-02,1.513489E+02,2.668538E-02,3.247598E+02,6.521638E+02,8.977482E-02,1.703173E+03,1.047938E-02,0.000000E+00,0.000000E+00,3.772573E-02,5.448559E+02,3.772573E-02,1.922640E+02,2.162926E+02,2.067098E-01,4.180540E+03,3.772573E-02,0.000000E+00,0.000000E+00,0.000000E+00,0.000000E+00,0.000000E+00,0.000000E+00,0.000000E+00,0.000000E+00,0.000000E+00,0.000000E+00,0.000000E+00,0.000000E+00,1.467111E-02,2.118883E+02,1.467111E-02,7.476933E+01,8.411377E+01,3.424356E-02,8.529577E+02,1.467111E-02,0.000000E+00,0.000000E+00,2.724636E-02,3.935070E+02,5.293463E-02,5.687251E+02,8.802010E+02,4.249584E-02,1.230693E+03,2.724636E-02,0.000000E+00,0.000000E+00
05:00:00,5.165079E-02,7.485385E+02,5.165079E-02,2.606621E+02,2.935087E+02,1.539104E-01,3.561502E+03,5.165079E-02,0.000000E+00,0.000000E+00,3.730654E-01,5.406573E+03,3.730654E-01,1.882720E+03,2.119966E+03,3.730654E-01,1.335399E+04,3.730654E-01,0.000000E+00,0.000000E+00,4.820504E-02,6.986015E+02,4.820504E-02,2.432726E+02,2.739280E+02,5.162746E-02,1.782833E+03,4.820504E-02,0.000000E+00,0.000000E+00,4.820516E-02,6.986033E+02,4.820516E-02,2.432733E+02,2.739287E+02,4.820516E-02,1.725518E+03,4.820516E-02,0.000000E+00,0.000000E+00,3.353389E-02,4.859830E+02,4.278757E-02,3.241461E+02,4.313814E+02,6.742841E-02,1.768034E+03,3.353389E-02,0.000000E+00,0.000000E+00,1.047938E-02,1.518702E+02,3.221239E-02,4.167648E+02,8.332540E+02,9.425286E-02,1.778170E+03,1.047938E-02,0.000000E+00,0.000000E+00,3.772573E-02,5.467324E+02,3.772573E-02,1.903876E+02,2.143787E+02,2.192075E-01,4.389851E+03,3.772573E-02,0.000000E+00,0.000000E+00,0.000000E+00,0.000000E+00,0.000000E+00,0.000000E+00,0.000000E+00,0.000000E+00,0.000000E+00,0.000000E+00,0.000000E+00,0.000000E+00,1.467111E-02,2.126181E+02,1.467111E-02,7.403958E+01,8.336947E+01,3.573248E-02,8.778939E+02,1.467111E-02,0.000000E+00,0.000000E+00,2.724636E-02,3.948623E+02,5.387493E-02,5.831065E+02,8.990349E+02,4.431728E-02,1.261199E+03,2.724636E-02,0.000000E+00,0.000000E+00
05:15:00,5.165079E-02,7.459693E+02,1.201455E-01,1.231177E+03,1.647516E+03,3.374074E-01,6.334796E+03,5.165079E-02,0.000000E+00,0.000000E+00,3.730654E-01,5.388016E+03,5.277700E-01,4.293031E+03,6.850860E+03,6.285565E-01,1.732628E+04,3.730654E-01,0.000000E+00,0.000000E+00,4.820504E-02,6.962038E+02,4.820504E-02,2.456704E+02,2.763735E+02,1.162471E-01,2.780763E+03,4.820504E-02,0.000000E+00,0.000000E+00,4.820516E-02,6.962056E+02,4.820516E-02,2.456710E+02,2.763742E+02,8.992653E-02,2.380498E+03,4.820516E-02,0.000000E+00,0.000000E+00,3.353389E-02,4.843150E+02,9.888989E-02,1.183266E+03,1.472789E+03,1.316653E-01,2.722349E+03,3.353389E-02,0.000000E+00,0.000000E+00,1.047938E-02,1.513489E+02,1.451736E-01,2.139282E+03,3.090376E+03,2.168383E-01,3.575530E+03,1.047938E-02,0.000000E+00,0.000000E+00,3.772573E-02,5.448559E+02,2.239111E-01,2.780182E+03,4.945875E+03,5.887742E-01,1.000144E+04,3.772573E-02,0.000000E+00,0.000000E+00,0.000000E+00,0.000000E+00,8.590528E-03,1.239683E+02,1.433821E+02,4.747127E-03,5.426532E+01,0.000000E+00,0.000000E+00,0.000000E+00,1.467111E-02,2.118883E+02,3.781129E-02,4.192812E+02,5.290421E+02,7.756325E-02,1.500546E+03,1.467111E-02,0.000000E+00,0.000000E+00,2.724636E-02,3.935070E+02,9.563543E-02,1.197867E+03,1.590470E+03,9.616039E-02,2.044090E+03,2.724636E-02,0.000000E+00,0.000000E+00
05:30:00,5.165079E-02,7.434002E+02,1.664897E-01,1.776126E+03,2.339299E+03,3.779023E-01,6.515148E+03,5.165079E-02,0.000000E+00,0.000000E+00,3.730654E-01,5.369460E+03,6.688830E-01,6.086206E+03,9.865153E+03,6.725205E-01,1.759186E+04,3.730654E-01,0.000000E+00,0.000000E+00,4.820504E-02,6.938061E+02,4.820504E-02,2.480681E+02,2.788191E+02,1.383452E-01,2.997662E+03,4.820504E-02,0.000000E+00,0.000000E+00,4.820516E-02,6.938078E+02,4.820516E-02,2.480688E+02,2.788198E+02,1.102611E-01,2.613115E+03,4.820516E-02,0.000000E+00,0.000000E+00,3.353389E-02,4.826470E+02,1.279879E-01,1.505880E+03,1.821571E+03,1.587852E-01,2.968146E+03,3.353389E-02,0.000000E+00,0.000000E+00,1.047938E-02,1.508277E+02,2.086772E-01,2.850044E+03,3.758180E+03,2.693941E-01,4.029231E+03,1.047938E-02,0.000000E+00,0.000000E+00,3.772573E-02,5.429794E+02,3.181384E-01,3.842044E+03,6.509041E+03,6.943874E-01,1.074298E+04,3.772573E-02,0.000000E+00,0.000000E+00,0.000000E+00,0.000000E+00,1.448529E-02,1.942850E+02,2.167326E+02,7.871355E-03,8.997896E+01,0.000000E+00,0.000000E+00,0.000000E+00,1.467111E-02,2.111586E+02,5.758010E-02,6.645843E+02,7.987443E+02,9.489050E-02,1.657308E+03,1.467111E-02,0.000000E+00,0.000000E+00,2.724636E-02,3.921518E+02,1.211911E-01,1.466047E+03,1.901996E+03,1.181689E-01,2.258516E+03,2.724636E-02,0.000000E+00,0.000000E+00
05:45:00,5.165079E-02,7.408311E+02,2.230047E-01,2.355865E+03,2.967617E+03,4.975460E-01,7.604053E+03,5.165079E-02,0.000000E+00,0.000000E+00,3.730654E-01,5.350903E+03,8.193024E-01,7.602598E+03,1.213980E+04,8.211287E-01,1.906960E+04,3.730654E-01,0.000000E+00,0.000000E+00,4.820504E-02,6.914083E+02,4.820504E-02,2.504659E+02,2.812647E+02,1.782769E-01,3.379675E+03,4.820504E-02,0.000000E+00,0.000000E+00,4.820516E-02,6.914101E+02,5.440324E-02,3.245216E+02,3.795529E+02,1.496011E-01,3.034285E+03,4.820516E-02,0.000000E+00,0.000000E+00,3.353389E-02,4.809790E+02,1.564972E-01,1.738665E+03,2.063122E+03,2.011645E-01,3.332320E+03,3.353389E-02,0.000000E+00,0.000000E+00,1.047938E-02,1.503064E+02,2.714216E-01,3.371916E+03,3.984928E+03,3.513078E-01,4.709599E+03,1.047938E-02,0.000000E+00,0.000000E+00,3.772573E-02,5.411029E+02,4.263507E-01,4.903991E+03,7.529356E+03,9.219003E-01,1.276319E+04,3.772573E-02,0.000000E+00,0.000000E+00,0.000000E+00,0.000000E+00,2.018017E-02,2.493857E+02,2.645867E+02,1.297291E-02,1.482958E+02,0.000000E+00,0.000000E+00,0.000000E+00,1.467111E-02,2.104288E+02,7.817783E-02,8.722964E+02,9.755575E+02,1.230204E-01,1.903089E+03,1.467111E-02,0.000000E+00,0.000000E+00,2.724636E-02,3.907965E+02,1.456119E-01,1.647296E+03,2.113229E+03,1.523728E-01,2.566610E+03,2.724636E-02,0.000000E+00,0.000000E+00
06:00:00,5.165079E-02,7.382619E+02,2.788594E-01,2.816234E+03,3.452259E+03,5.913608E-01,8.061661E+03,5.165079E-02,0.000000E+00,0.000000E+00,3.730654E-01,5.332347E+03,9.601772E-01,8.592405E+03,1.443492E+04,9.186294E-01,1.955191E+04,3.730654E-01,0.000000E+00,0.000000E+00,4.820504E-02,6.890106E+02,4.820504E-02,2.528636E+02,2.837102E+02,2.074055E-01,3.527911E+03,4.820504E-02,0.000000E+00,0.000000E+00,4.820516E-02,6.890123E+02,6.694222E-02,4.622136E+02,5.522267E+02,1.782751E-01,3.222854E+03,4.820516E-02,0.000000E+00,0.000000E+00,3.353389E-02,4.793110E+02,1.820026E-01,1.857761E+03,2.264095E+03,2.330461E-01,3.459332E+03,3.353389E-02,0.000000E+00,0.000000E+00,1.047938E-02,1.497852E+02,3.290930E-01,3.661227E+03,4.306385E+03,4.124072E-01,4.925648E+03,1.047938E-02,0.000000E+00,0.000000E+00,3.772573E-02,5.392264E+02,5.327291E-01,5.741431E+03,8.287204E+03,1.086759E+00,1.342703E+04,3.772573E-02,0.000000E+00,0.000000E+00,0.000000E+00,0.000000E+00,2.540082E-02,2.863927E+02,2.994143E+02,1.708915E-02,1.953493E+02,0.000000E+00,0.000000E+00,0.000000E+00,1.467111E-02,2.096991E+02,9.741795E-02,1.011898E+03,1.113298E+03,1.441544E-01,1.991142E+03,1.467111E-02,0.000000E+00,0.000000E+00,2.724636E-02,3.894413E+02,1.674056E-01,1.730548E+03,2.307125E+03,1.777496E-01,2.679284E+03,2.724636E-02,0.000000E+00,0.000000E+00
06:15:00,5.165079E-02,7.292699E+02,2.139283E-01,2.089401E+03,2.483801E+03,4.986436E-01,6.839639E+03,5.165079E-02,0.000000E+00,0.000000E+00,3.730654E-01,5.267399E+03,8.552732E-01,7.406505E+03,1.226224E+04,7.047257E-01,1.705705E+04,3.730654E-01,0.000000E+00,0.000000E+00,4.820504E-02,6.806185E+02,4.820504E-02,2.612557E+02,2.922705E+02,1.699224E-01,3.084523E+03,4.820504E-02,0.000000E+00,0.000000E+00,4.820516E-02,6.806202E+02,4.961280E-02,2.769463E+02,3.117708E+02,1.442993E-01,2.798427E+03,4.820516E-02,0.000000E+00,0.000000E+00,3.353389E-02,4.734730E+02,1.504440E-01,1.489256E+03,1.832984E+03,1.983897E-01,3.041034E+03,3.353389E-02,0.000000E+00,0.000000E+00,1.047938E-02,1.479608E+02,2.767218E-01,3.033465E+03,3.565687E+03,3.467957E-01,4.130173E+03,1.047938E-02,0.000000E+00,0.000000E+00,3.772573E-02,5.326587E+02,4.146702E-01,4.407197E+03,6.002035E+03,8.726581E-01,1.067257E+04,3.772573E-02,0.000000E+00,0.000000E+00,0.000000E+00,0.000000E+00,2.166952E-02,2.421293E+02,2.521754E+02,1.616356E-02,1.804677E+02,0.000000E+00,0.000000E+00,0.000000E+00,1.467111E-02,2.071450E+02,7.762949E-02,7.831555E+02,8.563384E+02,1.220195E-01,1.723726E+03,1.467111E-02,0.000000E+00,0.000000E+00,2.724636E-02,3.846979E+02,1.466545E-01,1.482936E+03,2.006262E+03,1.493590E-01,2.338711E+03,2.724636E-02,0.000000E+00,0.000000E+00
06:30:00,5.165079E-02,7.202780E+02,2.224036E-01,2.195085E+03,2.561113E+03,5.443812E-01,7.350330E+03,5.165079E-02,0.000000E+00,0.000000E+00,3.730654E-01,5.202452E+03,8.745577E-01,7.678705E+03,1.266631E+04,7.362882E-01,1.740947E+04,3.730654E-01,0.000000E+00,0.000000E+00,4.820504E-02,6.722264E+02,4.820504E-02,2.696478E+02,3.008301E+02,1.720205E-01,3.107955E+03,4.820504E-02,0.000000E+00,0.000000E+00,4.820516E-02,6.722281E+02,4.931507E-02,2.820390E+02,3.159008E+02,1.481502E-01,2.841424E+03,4.820516E-02,0.000000E+00,0.000000E+00,3.353389E-02,4.676350E+02,1.443500E-01,1.424634E+03,1.764564E+03,1.976627E-01,3.032931E+03,3.353389E-02,0.000000E+00,0.000000E+00,1.047938E-02,1.461364E+02,2.725862E-01,2.984624E+03,3.498201E+03,3.448459E-01,4.108416E+03,1.047938E-02,0.000000E+00,0.000000E+00,3.772573E-02,5.260909E+02,4.268642E-01,4.554431E+03,5.965655E+03,9.062997E-01,1.104819E+04,3.772573E-02,0.000000E+00,0.000000E+00,0.000000E+00,0.000000E+00,2.034414E-02,2.271455E+02,2.362420E+02,1.660449E-02,1.853907E+02,0.000000E+00,0.000000E+00,0.000000E+00,1.467111E-02,2.045909E+02,7.487175E-02,7.541766E+02,8.219872E+02,1.221780E-01,1.725499E+03,1.467111E-02,0.000000E+00,0.000000E+00,2.724636E-02,3.799545E+02,1.408935E-01,1.420775E+03,1.939389E+03,1.480244E-01,2.323815E+03,2.724636E-02,0.000000E+00,0.000000E+00
06:45:00,5.165079E-02,7.112860E+02,2.206101E-01,2.184127E+03,2.517258E+03,5.071641E-01,6.934798E+03,5.165079E-02,0.000000E+00,0.000000E+00,3.730654E-01,5.137504E+03,8.815220E-01,7.820775E+03,1.281860E+04,6.554440E-01,1.650683E+04,3.730654E-01,0.000000E+00,0.000000E+00,4.820504E-02,6.638343E+02,4.820504E-02,2.780399E+02,3.093897E+02,1.539343E-01,2.906017E+03,4.820504E-02,0.000000E+00,0.000000E+00,4.820516E-02,6.638359E+02,4.820516E-02,2.780406E+02,3.093904E+02,1.306196E-01,2.645690E+03,4.820516E-02,0.000000E+00,0.000000E+00,3.353389E-02,4.617971E+02,1.376139E-01,1.355108E+03,1.686847E+03,1.791187E-01,2.825882E+03,3.353389E-02,0.000000E+00,0.000000E+00,1.047938E-02,1.443121E+02,2.683489E-01,2.938960E+03,3.441110E+03,3.084266E-01,3.701784E+03,1.047938E-02,0.000000E+00,0.000000E+00,3.772573E-02,5.195232E+02,4.263517E-01,4.555593E+03,5.812904E+03,8.048171E-01,9.915115E+03,3.772573E-02,0.000000E+00,0.000000E+00,0.000000E+00,0.000000E+00,1.898283E-02,2.119395E+02,2.204580E+02,1.484803E-02,1.657796E+02,0.000000E+00,0.000000E+00,0.000000E+00,1.467111E-02,2.020367E+02,7.069605E-02,7.100925E+02,7.739700E+02,1.097394E-01,1.586619E+03,1.467111E-02,0.000000E+00,0.000000E+00,2.724636E-02,3.752112E+02,1.353517E-01,1.363444E+03,1.872866E+03,1.322724E-01,2.147940E+03,2.724636E-02,0.000000E+00,0.000000E+00
07:00:00,5.165079E-02,7.022940E+02,2.195815E-01,2.181668E+03,2.494506E+03,4.925333E-01,6.771452E+03,5.165079E-02,0.000000E+00,0.000000E+00,3.730654E-01,5.072557E+03,8.909598E-01,7.990907E+03,1.302506E+04,6.197740E-01,1.610857E+04,3.730654E-01,0.000000E+00,0.000000E+00,4.820504E-02,6.554422E+02,4.820504E-02,2.864320E+02,3.179493E+02,1.447034E-01,2.802955E+03,4.820504E-02,0.000000E+00,0.000000E+00,4.820516E-02,6.554438E+02,4.820516E-02,2.864327E+02,3.179501E+02,1.217572E-01,2.546742E+03,4.820516E-02,0.000000E+00,0.000000E+00,3.353389E-02,4.559591E+02,1.329347E-01,1.308700E+03,1.635515E+03,1.689611E-01,2.712474E+03,3.353389E-02,0.000000E+00,0.000000E+00,1.047938E-02,1.424877E+02,2.683871E-01,2.941213E+03,3.440852E+03,2.885919E-01,3.480334E+03,1.047938E-02,0.000000E+00,0.000000E+00,3.772573E-02,5.129555E+02,4.294243E-01,4.596617E+03,5.761861E+03,7.548639E-01,9.357392E+03,3.772573E-02,0.000000E+00,0.000000E+00,0.000000E+00,0.000000E+00,1.790267E-02,1.998799E+02,2.080808E+02,1.388470E-02,1.550240E+02,0.000000E+00,0.000000E+00,0.000000E+00,1.467111E-02,1.994826E+02,6.757129E-02,6.777645E+02,7.395501E+02,1.028058E-01,1.509206E+03,1.467111E-02,0.000000E+00,0.000000E+00,2.724636E-02,3.704678E+02,1.317375E-01,1.327826E+03,1.832116E+03,1.235219E-01,2.050242E+03,2.724636E-02,0.000000E+00,0.000000E+00
07:15:00,5.165079E-02,6.804564E+02,2.194827E-01,2.202423E+03,2.503383E+03,4.810537E-01,6.643293E+03,5.165079E-02,0.000000E+00,0.000000E+00,3.730654E-01,4.914827E+03,8.995618E-01,8.244571E+03,1.331730E+04,5.948966E-01,1.583081E+04,3.730654E-01,0.000000E+00,0.000000E+00,4.820504E-02,6.350614E+02,4.820504E-02,3.068128E+02,3.387371E+02,1.377005E-01,2.724769E+03,4.820504E-02,0.000000E+00,0.000000E+00,4.820516E-02,6.350630E+02,4.820516E-02,3.068136E+02,3.387380E+02,1.149436E-01,2.470670E+03,4.820516E-02,0.000000E+00,0.000000E+00,3.353389E-02,4.417812E+02,1.296845E-01,1.286597E+03,1.610343E+03,1.611517E-01,2.625283E+03,3.353389E-02,0.000000E+00,0.000000E+00,1.047938E-02,1.380571E+02,2.711632E-01,2.976642E+03,3.476580E+03,2.734241E-01,3.310992E+03,1.047938E-02,0.000000E+00,0.000000E+00,3.772573E-02,4.970052E+02,4.352778E-01,4.678002E+03,5.789003E+03,7.163638E-01,8.927550E+03,3.772573E-02,0.000000E+00,0.000000E+00,0.000000E+00,0.000000E+00,1.702604E-02,1.900926E+02,1.980852E+02,1.304650E-02,1.456654E+02,0.000000E+00,0.000000E+00,0.000000E+00,1.467111E-02,1.932798E+02,6.555127E-02,6.614175E+02,7.221678E+02,9.740813E-02,1.448942E+03,1.467111E-02,0.000000E+00,0.000000E+00,2.724636E-02,3.589482E+02,1.293638E-01,1.312850E+03,1.814064E+03,1.168102E-01,1.975306E+03,2.724636E-02,0.000000E+00,0.000000E+00
07:30:00,5.165079E-02,6.586187E+02,2.196803E-01,2.226478E+03,2.520066E+03,4.714844E-01,6.536455E+03,5.165079E-02,0.000000E+00,0.000000E+00,3.730654E-01,4.757097E+03,9.057679E-01,8.471521E+03,1.357248E+04,5.763646E-01,1.562390E+04,3.730654E-01,0.000000E+00,0.000000E+00,4.820504E-02,6.146805E+02,4.820504E-02,3.271936E+02,3.595252E+02,1.320525E-01,2.661709E+03,4.820504E-02,0.000000E+00,0.000000E+00,4.820516E-02,6.146821E+02,4.820516E-02,3.271945E+02,3.595261E+02,1.094028E-01,2.408807E+03,4.820516E-02,0.000000E+00,0.000000E+00,3.353389E-02,4.276032E+02,1.275457E-01,1.276898E+03,1.598766E+03,1.548369E-01,2.554778E+03,3.353389E-02,0.000000E+00,0.000000E+00,1.047938E-02,1.336265E+02,2.758512E-01,3.033405E+03,3.534605E+03,2.612166E-01,3.174696E+03,1.047938E-02,0.000000E+00,0.000000E+00,3.772573E-02,4.810550E+02,4.427018E-01,4.776887E+03,5.855452E+03,6.849103E-01,8.576376E+03,3.772573E-02,0.000000E+00,0.000000E+00,0.000000E+00,0.000000E+00,1.631071E-02,1.821062E+02,1.899494E+02,1.231407E-02,1.374878E+02,0.000000E+00,0.000000E+00,0.000000E+00,1.467111E-02,1.870769E+02,6.457180E-02,6.566858E+02,7.171422E+02,9.302271E-02,1.399978E+03,1.467111E-02,0.000000E+00,0.000000E+00,2.724636E-02,3.474286E+02,1.278830E-01,1.307841E+03,1.807228E+03,1.114172E-01,1.915094E+03,2.724636E-02,0.000000E+00,0.000000E+00
07:45:00,5.165079E-02,6.367810E+02,2.198215E-01,2.249899E+03,2.539240E+03,4.634214E-01,6.446432E+03,5.165079E-02,0.000000E+00,0.000000E+00,3.730654E-01,4.599367E+03,9.092342E-01,8.667919E+03,1.378672E+04,5.620941E-01,1.546456E+04,3.730654E-01,0.000000E+00,0.000000E+00,4.820504E-02,5.942997E+02,4.820504E-02,3.475744E+02,3.803143E+02,1.273661E-01,2.609384E+03,4.820504E-02,0.000000E+00,0.000000E+00,4.820516E-02,5.943012E+02,4.820516E-02,3.475753E+02,3.803152E+02,1.047819E-01,2.357214E+03,4.820516E-02,0.000000E+00,0.000000E+00,3.353389E-02,4.134253E+02,1.263455E-01,1.277677E+03,1.598675E+03,1.496107E-01,2.496426E+03,3.353389E-02,0.000000E+00,0.000000E+00,1.047938E-02,1.291958E+02,2.819012E-01,3.105367E+03,3.609933E+03,2.511428E-01,3.062220E+03,1.047938E-02,0.000000E+00,0.000000E+00,3.772573E-02,4.651048E+02,4.511537E-01,4.887222E+03,5.951186E+03,6.585770E-01,8.282362E+03,3.772573E-02,0.000000E+00,0.000000E+00,0.000000E+00,0.000000E+00,1.572756E-02,1.755955E+02,1.833058E+02,1.166734E-02,1.302670E+02,0.000000E+00,0.000000E+00,0.000000E+00,1.467111E-02,1.808740E+02,6.433876E-02,6.602867E+02,7.209092E+02,8.939319E-02,1.359454E+03,1.467111E-02,0.000000E+00,0.000000E+00,2.724636E-02,3.359090E+02,1.271076E-01,1.310702E+03,1.809302E+03,1.069871E-01,1.865629E+03,2.724636E-02,0.000000E+00,0.000000E+00
08:00:00,5.165079E-02,6.149434E+02,2.199481E-01,2.273134E+03,2.560516E+03,4.565498E-01,6.369708E+03,5.165079E-02,0.000000E+00,0.000000E+00,3.730654E-01,4.441637E+03,9.088694E-01,8.820728E+03,1.393446E+04,5.508012E-01,1.533848E+04,3.730654E-01,0.000000E+00,0.000000E+00,4.820504E-02,5.739189E+02,4.820504E-02,3.679553E+02,4.011028E+02,1.234028E-01,2.565132E+03,4.820504E-02,0.000000E+00,0.000000E+00,4.820516E-02,5.739204E+02,4.820516E-02,3.679562E+02,4.011038E+02,1.008619E-01,2.313445E+03,4.820516E-02,0.000000E+00,0.000000E+00,3.353389E-02,3.992474E+02,1.258867E-01,1.286694E+03,1.607645E+03,1.452155E-01,2.447351E+03,3.353389E-02,0.000000E+00,0.000000E+00,1.047938E-02,1.247652E+02,2.888788E-01,3.187622E+03,3.696627E+03,2.426784E-01,2.967712E+03,1.047938E-02,0.000000E+00,0.000000E+00,3.772573E-02,4.491546E+02,4.604152E-01,5.006491E+03,6.068280E+03,6.361667E-01,8.032146E+03,3.772573E-02,0.000000E+00,0.000000E+00,0.000000E+00,0.000000E+00,1.525432E-02,1.703115E+02,1.779065E+02,1.109254E-02,1.238493E+02,0.000000E+00,0.000000E+00,0.000000E+00,1.467111E-02,1.746712E+02,6.464974E-02,6.699565E+02,7.310286E+02,8.634880E-02,1.325462E+03,1.467111E-02,0.000000E+00,0.000000E+00,2.724636E-02,3.243894E+02,1.268178E-01,1.318918E+03,1.817225E+03,1.032893E-01,1.824342E+03,2.724636E-02,0.000000E+00,0.000000E+00
08:15:00,5.165079E-02,5.905366E+02,2.194906E-01,2.292415E+03,2.577229E+03,4.506495E-01,6.303830E+03,5.165079E-02,0.000000E+00,0.000000E+00,3.730654E-01,4.265351E+03,9.047204E-01,8.949710E+03,1.404372E+04,5.416643E-01,1.523646E+04,3.730654E-01,0.000000E+00,0.000000E+00,4.820504E-02,5.511404E+02,4.820504E-02,3.907338E+02,4.243372E+02,1.200069E-01,2.527216E+03,4.820504E-02,0.000000E+00,0.000000E+00,4.820516E-02,5.511418E+02,4.820516E-02,3.907348E+02,4.243382E+02,9.749622E-02,2.275867E+03,4.820516E-02,0.000000E+00,0.000000E+00,3.353389E-02,3.834014E+02,1.260483E-01,1.304295E+03,1.626516E+03,1.414773E-01,2.405612E+03,3.353389E-02,0.000000E+00,0.000000E+00,1.047938E-02,1.198134E+02,2.963839E-01,3.276270E+03,3.787294E+03,2.354709E-01,2.887237E+03,1.047938E-02,0.000000E+00,0.000000E+00,3.772573E-02,4.313278E+02,4.702485E-01,5.133995E+03,6.190229E+03,6.168776E-01,7.816779E+03,3.772573E-02,0.000000E+00,0.000000E+00,0.000000E+00,0.000000E+00,1.487374E-02,1.660619E+02,1.736024E+02,1.057944E-02,1.181204E+02,0.000000E+00,0.000000E+00,0.000000E+00,1.467111E-02,1.677386E+02,6.537643E-02,6.849963E+02,7.467263E+02,8.376962E-02,1.296665E+03,1.467111E-02,0.000000E+00,0.000000E+00,2.724636E-02,3.115145E+02,1.269111E-01,1.332750E+03,1.831908E+03,1.001661E-01,1.789471E+03,2.724636E-02,0.000000E+00,0.000000E+00
08:30:00,5.165079E-02,5.661298E+02,2.193516E-01,2.315249E+03,2.599040E+03,4.455538E-01,6.246934E+03,5.165079E-02,0.000000E+00,0.000000E+00,3.730654E-01,4.089064E+03,8.968622E-01,9.037332E+03,1.409904E+04,5.341176E-01,1.515220E+04,3.730654E-01,0.000000E+00,0.000000E+00,4.820504E-02,5.283618E+02,4.820504E-02,4.135124E+02,4.475727E+02,1.170703E-01,2.494427E+03,4.820504E-02,0.000000E+00,0.000000E+00,4.820516E-02,5.283631E+02,4.820516E-02,4.135134E+02,4.475738E+02,9.458110E-02,2.243319E+03,4.820516E-02,0.000000E+00,0.000000E+00,3.353389E-02,3.675555E+02,1.267434E-01,1.327850E+03,1.651828E+03,1.382720E-01,2.369823E+03,3.353389E-02,0.000000E+00,0.000000E+00,1.047938E-02,1.148615E+02,3.041122E-01,3.367404E+03,3.880257E+03,2.292712E-01,2.818016E+03,1.047938E-02,0.000000E+00,0.000000E+00,3.772573E-02,4.135011E+02,4.807460E-01,5.268904E+03,6.323327E+03,6.001379E-01,7.629876E+03,3.772573E-02,0.000000E+00,0.000000E+00,0.000000E+00,0.000000E+00,1.457167E-02,1.626890E+02,1.701905E+02,1.011997E-02,1.129904E+02,0.000000E+00,0.000000E+00,0.000000E+00,1.467111E-02,1.608059E+02,6.640581E-02,7.034150E+02,7.658571E+02,8.156771E-02,1.272080E+03,1.467111E-02,0.000000E+00,0.000000E+00,2.724636E-02,2.986397E+02,1.272912E-01,1.349777E+03,1.850087E+03,9.750431E-02,1.759751E+03,2.724636E-02,0.000000E+00,0.000000E+00
08:45:00,5.165079E-02,5.417230E+02,2.200636E-01,2.347585E+03,2.632036E+03,4.411110E-01,6.197329E+03,5.165079E-02,0.000000E+00,0.000000E+00,3.730654E-01,3.912778E+03,8.852372E-01,9.083018E+03,1.409516E+04,5.277858E-01,1.508150E+04,3.730654E-01,0.000000E+00,0.000000E+00,4.820504E-02,5.055833E+02,4.820504E-02,4.362909E+02,4.708077E+02,1.145165E-01,2.465913E+03,4.820504E-02,0.000000E+00,0.000000E+00,4.820516E-02,5.055845E+02,4.820516E-02,4.362920E+02,4.708089E+02,9.204203E-02,2.214969E+03,4.820516E-02,0.000000E+00,0.000000E+00,3.353389E-02,3.517096E+02,1.279022E-01,1.356577E+03,1.682710E+03,1.355116E-01,2.339002E+03,3.353389E-02,0.000000E+00,0.000000E+00,1.047938E-02,1.099096E+02,3.116672E-01,3.456599E+03,3.970857E+03,2.239045E-01,2.758095E+03,1.047938E-02,0.000000E+00,0.000000E+00,3.772573E-02,3.956744E+02,4.916395E-01,5.408229E+03,6.462722E+03,5.855468E-01,7.466964E+03,3.772573E-02,0.000000E+00,0.000000E+00,0.000000E+00,0.000000E+00,1.433639E-02,1.600617E+02,1.675368E+02,9.707854E-03,1.083891E+02,0.000000E+00,0.000000E+00,0.000000E+00,1.467111E-02,1.538733E+02,6.764392E-02,7.241636E+02,7.873323E+02,7.967749E-02,1.250975E+03,1.467111E-02,0.000000E+00,0.000000E+00,2.724636E-02,2.857648E+02,1.278747E-01,1.369071E+03,1.870663E+03,9.522153E-02,1.734263E+03,2.724636E-02,0.000000E+00,0.000000E+00
09:00:00,5.165079E-02,5.173162E+02,2.214349E-01,2.387299E+03,2.673098E+03,4.372349E-01,6.154052E+03,5.165079E-02,0.000000E+00,0.000000E+00,3.730654E-01,3.736492E+03,8.716049E-01,9.107209E+03,1.406407E+04,5.223948E-01,1.502131E+04,3.730654E-01,0.000000E+00,0.000000E+00,4.820504E-02,4.828047E+02,4.820504E-02,4.590695E+02,4.940429E+02,1.122843E-01,2.440990E+03,4.820504E-02,0.000000E+00,0.000000E+00,4.820516E-02,4.828059E+02,4.910555E-02,4.691225E+02,5.056399E+02,8.981911E-02,2.190150E+03,4.820516E-02,0.000000E+00,0.000000E+00,3.353389E-02,3.358636E+02,1.294841E-01,1.390063E+03,1.718656E+03,1.331221E-01,2.312323E+03,3.353389E-02,0.000000E+00,0.000000E+00,1.047938E-02,1.049577E+02,3.189292E-01,3.542592E+03,4.058281E+03,2.192289E-01,2.705891E+03,1.047938E-02,0.000000E+00,0.000000E+00,3.772573E-02,3.778477E+02,5.026138E-01,5.548552E+03,6.604032E+03,5.727601E-01,7.324199E+03,3.772573E-02,0.000000E+00,0.000000E+00,0.000000E+00,0.000000E+00,1.415874E-02,1.580783E+02,1.655372E+02,9.337552E-03,1.042547E+02,0.000000E+00,0.000000E+00,0.000000E+00,1.467111E-02,1.469407E+02,6.899023E-02,7.461248E+02,8.099800E+02,7.805076E-02,1.232812E+03,1.467111E-02,0.000000E+00,0.000000E+00,2.724636E-02,2.728900E+02,1.286509E-01,1.390582E+03,1.893610E+03,9.325460E-02,1.712302E+03,2.724636E-02,0.000000E+00,0.000000E+00
09:15:00,5.165079E-02,4.954785E+02,2.238658E-01,2.436275E+03,2.724361E+03,4.338418E-01,6.116166E+03,5.165079E-02,0.000000E+00,0.000000E+00,3.730654E-01,3.578762E+03,8.565124E-01,9.096772E+03,1.399101E+04,5.177421E-01,1.496936E+04,3.730654E-01,0.000000E+00,0.000000E+00,4.820504E-02,4.624239E+02,4.820504E-02,4.794503E+02,5.148326E+02,1.103251E-01,2.419114E+03,4.820504E-02,0.000000E+00,0.000000E+00,4.820516E-02,4.624251E+02,5.055613E-02,5.056975E+02,5.450185E+02,8.786434E-02,2.168324E+03,4.820516E-02,0.000000E+00,0.000000E+00,3.353389E-02,3.216857E+02,1.313886E-01,1.425488E+03,1.756623E+03,1.310458E-01,2.289139E+03,3.353389E-02,0.000000E+00,0.000000E+00,1.047938E-02,1.005271E+02,3.256900E-01,3.622487E+03,4.139483E+03,2.151346E-01,2.660177E+03,1.047938E-02,0.000000E+00,0.000000E+00,3.772573E-02,3.618975E+02,5.132576E-01,5.683323E+03,6.739798E+03,5.615075E-01,7.198562E+03,3.772573E-02,0.000000E+00,0.000000E+00,0.000000E+00,0.000000E+00,1.403043E-02,1.566456E+02,1.640967E+02,9.004274E-03,1.005336E+02,0.000000E+00,0.000000E+00,0.000000E+00,1.467111E-02,1.407379E+02,7.034421E-02,7.674428E+02,8.318974E+02,7.664286E-02,1.217093E+03,1.467111E-02,0.000000E+00,0.000000E+00,2.724636E-02,2.613704E+02,1.295340E-01,1.411945E+03,1.916339E+03,9.155068E-02,1.693277E+03,2.724636E-02,0.000000E+00,0.000000E+00
09:30:00,5.165079E-02,4.736409E+02,2.268723E-01,2.491675E+03,2.782373E+03,4.308604E-01,6.082878E+03,5.165079E-02,0.000000E+00,0.000000E+00,3.730654E-01,3.421032E+03,8.413129E-01,9.085172E+03,1.391653E+04,5.136968E-01,1.492419E+04,3.730654E-01,0.000000E+00,0.000000E+00,4.820504E-02,4.420431E+02,4.820504E-02,4.998311E+02,5.356231E+02,1.085997E-01,2.399850E+03,4.820504E-02,0.000000E+00,0.000000E+00,4.820516E-02,4.420442E+02,5.212919E-02,5.436397E+02,5.858452E+02,8.613926E-02,2.149063E+03,4.820516E-02,0.000000E+00,0.000000E+00,3.353389E-02,3.075078E+02,1.335616E-01,1.463912E+03,1.797733E+03,1.292360E-01,2.268932E+03,3.353389E-02,0.000000E+00,0.000000E+00,1.047938E-02,9.609651E+01,3.318067E-01,3.695196E+03,4.213263E+03,2.115346E-01,2.619981E+03,1.047938E-02,0.000000E+00,0.000000E+00,3.772573E-02,3.459472E+02,5.234941E-01,5.813548E+03,6.871074E+03,5.515720E-01,7.087630E+03,3.772573E-02,0.000000E+00,0.000000E+00,0.000000E+00,0.000000E+00,1.394429E-02,1.556838E+02,1.631338E+02,8.703925E-03,9.718015E+01,0.000000E+00,0.000000E+00,0.000000E+00,1.467111E-02,1.345350E+02,7.165417E-02,7.882698E+02,8.532731E+02,7.541988E-02,1.203438E+03,1.467111E-02,0.000000E+00,0.000000E+00,2.724636E-02,2.498508E+02,1.304881E-01,1.434105E+03,1.939924E+03,9.006863E-02,1.676730E+03,2.724636E-02,0.000000E+00,0.000000E+00
09:45:00,5.165079E-02,4.518032E+02,2.300132E-01,2.548576E+03,2.841695E+03,4.282304E-01,6.053514E+03,5.165079E-02,0.000000E+00,0.000000E+00,3.730654E-01,3.263302E+03,8.274625E-01,9.088588E+03,1.386450E+04,5.101479E-01,1.488457E+04,3.730654E-01,0.000000E+00,0.000000E+00,4.820504E-02,4.216623E+02,4.820504E-02,5.202119E+02,5.564132E+02,1.070734E-01,2.382808E+03,4.820504E-02,0.000000E+00,0.000000E+00,4.820516E-02,4.216633E+02,5.379529E-02,5.826206E+02,6.277236E+02,8.460969E-02,2.131985E+03,4.820516E-02,0.000000E+00,0.000000E+00,3.353389E-02,2.933298E+02,1.359145E-01,1.504346E+03,1.840871E+03,1.276501E-01,2.251225E+03,3.353389E-02,0.000000E+00,0.000000E+00,1.047938E-02,9.166589E+01,3.372751E-01,3.760671E+03,4.279696E+03,2.083510E-01,2.584436E+03,1.047938E-02,0.000000E+00,0.000000E+00,3.772573E-02,3.299970E+02,5.333574E-01,5.939608E+03,6.998383E+03,5.427487E-01,6.989116E+03,3.772573E-02,0.000000E+00,0.000000E+00,0.000000E+00,0.000000E+00,1.389400E-02,1.551223E+02,1.625763E+02,8.432647E-03,9.415131E+01,0.000000E+00,0.000000E+00,0.000000E+00,1.467111E-02,1.283321E+02,7.287876E-02,8.081439E+02,8.736485E+02,7.435334E-02,1.191530E+03,1.467111E-02,0.000000E+00,0.000000E+00,2.724636E-02,2.383312E+02,1.314548E-01,1.456407E+03,1.963613E+03,8.877335E-02,1.662268E+03,2.724636E-02,0.000000E+00,0.000000E+00
10:00:00,5.165079E-02,4.299656E+02,2.332771E-01,2.606850E+03,2.902284E+03,4.259013E-01,6.027509E+03,5.165079E-02,0.000000E+00,0.000000E+00,3.730654E-01,3.105572E+03,8.164302E-01,9.123376E+03,1.385926E+04,5.070151E-01,1.484959E+04,3.730654E-01,0.000000E+00,0.000000E+00,4.820504E-02,4.012815E+02,4.909341E-02,5.505103E+02,5.886929E+02,1.057201E-01,2.367697E+03,4.820504E-02,0.000000E+00,0.000000E+00,4.820516E-02,4.012825E+02,5.552643E-02,6.223277E+02,6.702858E+02,8.324996E-02,2.116804E+03,4.820516E-02,0.000000E+00,0.000000E+00,3.353389E-02,2.791519E+02,1.384051E-01,1.546316E+03,1.885541E+03,1.262589E-01,2.235692E+03,3.353389E-02,0.000000E+00,0.000000E+00,1.047938E-02,8.723527E+01,3.419470E-01,3.817256E+03,4.337041E+03,2.055295E-01,2.552933E+03,1.047938E-02,0.000000E+00,0.000000E+00,3.772573E-02,3.140468E+02,5.428794E-01,6.061856E+03,7.122067E+03,5.349023E-01,6.901509E+03,3.772573E-02,0.000000E+00,0.000000E+00,0.000000E+00,0.000000E+00,1.387403E-02,1.548992E+02,1.623614E+02,8.187366E-03,9.141272E+01,0.000000E+00,0.000000E+00,0.000000E+00,1.467111E-02,1.221293E+02,7.406662E-02,8.276081E+02,8.936174E+02,7.341704E-02,1.181076E+03,1.467111E-02,0.000000E+00,0.000000E+00,2.724636E-02,2.268116E+02,1.324131E-01,1.478617E+03,1.987164E+03,8.763619E-02,1.649571E+03,2.724636E-02,0.000000E+00,0.000000E+00
10:15:00,5.165079E-02,4.106971E+02,2.367182E-01,2.664533E+03,2.962249E+03,4.238305E-01,6.004388E+03,5.165079E-02,0.000000E+00,0.000000E+00,3.730654E-01,2.966399E+03,8.091056E-01,9.180888E+03,1.389368E+04,5.042369E-01,1.481857E+04,3.730654E-01,0.000000E+00,0.000000E+00,4.820504E-02,3.832984E+02,5.143091E-02,5.945887E+02,6.370198E+02,1.045180E-01,2.354276E+03,4.820504E-02,0.000000E+00,0.000000E+00,4.820516E-02,3.832994E+02,5.730323E-02,6.601467E+02,7.108360E+02,8.203900E-02,2.103283E+03,4.820516E-02,0.000000E+00,0.000000E+00,3.353389E-02,2.666420E+02,1.409973E-01,1.587754E+03,1.929611E+03,1.250366E-01,2.222044E+03,3.353389E-02,0.000000E+00,0.000000E+00,1.047938E-02,8.332590E+01,3.457309E-01,3.863409E+03,4.383738E+03,2.030240E-01,2.524959E+03,1.047938E-02,0.000000E+00,0.000000E+00,3.772573E-02,2.999731E+02,5.520806E-01,6.178649E+03,7.240303E+03,5.279138E-01,6.823481E+03,3.772573E-02,0.000000E+00,0.000000E+00,0.000000E+00,0.000000E+00,1.387948E-02,1.549601E+02,1.624334E+02,7.965433E-03,8.893482E+01,0.000000E+00,0.000000E+00,0.000000E+00,1.467111E-02,1.166562E+02,7.527436E-02,8.465646E+02,9.130833E+02,7.259560E-02,1.171904E+03,1.467111E-02,0.000000E+00,0.000000E+00,2.724636E-02,2.166472E+02,1.333489E-01,1.499222E+03,2.009021E+03,8.663670E-02,1.638411E+03,2.724636E-02,0.000000E+00,0.000000E+00
10:30:00,5.165079E-02,3.914285E+02,2.404452E-01,2.725408E+03,3.025562E+03,4.219816E-01,5.983744E+03,5.165079E-02,0.000000E+00,0.000000E+00,3.730654E-01,2.827225E+03,8.054674E-01,9.279447E+03,1.398436E+04,5.017636E-01,1.479095E+04,3.730654E-01,0.000000E+00,0.000000E+00,4.820504E-02,3.653153E+02,5.381265E-02,6.391609E+02,6.855737E+02,1.034486E-01,2.342335E+03,4.820504E-02,0.000000E+00,0.000000E+00,4.820516E-02,3.653162E+02,5.912756E-02,6.984965E+02,7.518439E+02,8.095852E-02,2.091219E+03,4.820516E-02,0.000000E+00,0.000000E+00,3.353389E-02,2.541320E+02,1.436799E-01,1.630201E+03,1.974711E+03,1.239610E-01,2.210034E+03,3.353389E-02,0.000000E+00,0.000000E+00,1.047938E-02,7.941653E+01,3.485798E-01,3.899125E+03,4.419833E+03,2.007951E-01,2.500072E+03,1.047938E-02,0.000000E+00,0.000000E+00,3.772573E-02,2.858993E+02,5.609006E-01,6.291184E+03,7.354189E+03,5.216787E-01,6.753865E+03,3.772573E-02,0.000000E+00,0.000000E+00,0.000000E+00,0.000000E+00,1.390602E-02,1.552563E+02,1.627431E+02,7.764471E-03,8.669105E+01,0.000000E+00,0.000000E+00,0.000000E+00,1.467111E-02,1.111830E+02,7.653487E-02,8.661101E+02,9.331514E+02,7.187381E-02,1.163845E+03,1.467111E-02,0.000000E+00,0.000000E+00,2.724636E-02,2.064828E+02,1.342638E-01,1.519593E+03,2.030655E+03,8.575648E-02,1.628583E+03,2.724636E-02,0.000000E+00,0.000000E+00
10:45:00,5.165079E-02,3.721600E+02,2.445606E-01,2.790620E+03,3.093421E+03,4.203238E-01,5.965234E+03,5.165079E-02,0.000000E+00,0.000000E+00,3.730654E-01,2.688052E+03,8.049195E-01,9.412423E+03,1.412302E+04,4.995543E-01,1.476629E+04,3.730654E-01,0.000000E+00,0.000000E+00,4.820504E-02,3.473323E+02,5.625590E-02,6.844200E+02,7.345972E+02,1.024954E-01,2.331693E+03,4.820504E-02,0.000000E+00,0.000000E+00,4.820516E-02,3.473331E+02,6.101972E-02,7.376035E+02,7.935660E+02,7.999274E-02,2.080436E+03,4.820516E-02,0.000000E+00,0.000000E+00,3.353389E-02,2.416221E+02,1.464649E-01,1.673790E+03,2.021005E+03,1.230127E-01,2.199447E+03,3.353389E-02,0.000000E+00,0.000000E+00,1.047938E-02,7.550716E+01,3.504786E-01,3.924235E+03,4.445156E+03,1.988087E-01,2.477893E+03,1.047938E-02,0.000000E+00,0.000000E+00,3.772573E-02,2.718256E+02,5.692335E-01,6.398282E+03,7.462477E+03,5.161067E-01,6.691652E+03,3.772573E-02,0.000000E+00,0.000000E+00,0.000000E+00,0.000000E+00,1.394973E-02,1.557443E+02,1.632460E+02,7.582359E-03,8.465776E+01,0.000000E+00,0.000000E+00,0.000000E+00,1.467111E-02,1.057099E+02,7.786019E-02,8.863792E+02,9.539570E+02,7.123846E-02,1.156751E+03,1.467111E-02,0.000000E+00,0.000000E+00,2.724636E-02,1.963185E+02,1.351730E-01,1.539901E+03,2.052257E+03,8.497978E-02,1.619911E+03,2.724636E-02,0.000000E+00,0.000000E+00
11:00:00,5.165079E-02,3.528915E+02,2.491346E-01,2.860951E+03,3.166599E+03,4.188306E-01,5.948563E+03,5.165079E-02,0.000000E+00,0.000000E+00,3.730654E-01,2.548878E+03,8.063294E-01,9.567214E+03,1.429157E+04,4.975752E-01,1.474419E+04,3.730654E-01,0.000000E+00,0.000000E+00,4.820504E-02,3.293492E+02,5.878699E-02,7.306598E+02,7.844400E+02,1.016447E-01,2.322194E+03,4.820504E-02,0.000000E+00,0.000000E+00,4.820516E-02,3.293500E+02,6.300823E-02,7.777861E+02,8.363549E+02,7.912805E-02,2.070781E+03,4.820516E-02,0.000000E+00,0.000000E+00,3.353389E-02,2.291121E+02,1.493766E-01,1.718794E+03,2.068751E+03,1.221754E-01,2.190098E+03,3.353389E-02,0.000000E+00,0.000000E+00,1.047938E-02,7.159779E+01,3.514332E-01,3.938808E+03,4.459739E+03,1.970355E-01,2.458095E+03,1.047938E-02,0.000000E+00,0.000000E+00,3.772573E-02,2.577519E+02,5.769202E-01,6.498166E+03,7.563270E+03,5.111192E-01,6.635966E+03,3.772573E-02,0.000000E+00,0.000000E+00,0.000000E+00,0.000000E+00,1.400712E-02,1.563851E+02,1.639027E+02,7.417209E-03,8.281385E+01,0.000000E+00,0.000000E+00,0.000000E+00,1.467111E-02,1.002368E+02,7.922447E-02,9.070831E+02,9.751956E+02,7.067818E-02,1.150496E+03,1.467111E-02,0.000000E+00,0.000000E+00,2.724636E-02,1.861541E+02,1.360971E-01,1.560375E+03,2.074039E+03,8.429315E-02,1.612245E+03,2.724636E-02,0.000000E+00,0.000000E+00
11:15:00,5.165079E-02,3.400458E+02,2.540508E-01,2.928678E+03,3.237023E+03,4.174806E-01,5.933489E+03,5.165079E-02,0.000000E+00,0.000000E+00,3.730654E-01,2.456096E+03,8.086833E-01,9.686147E+03,1.442557E+04,4.958044E-01,1.472442E+04,3.730654E-01,0.000000E+00,0.000000E+00,4.820504E-02,3.173605E+02,6.142073E-02,7.720512E+02,8.291800E+02,1.008867E-01,2.313731E+03,4.820504E-02,0.000000E+00,0.000000E+00,4.820516E-02,3.173613E+02,6.511250E-02,8.132667E+02,8.743256E+02,7.835538E-02,2.062154E+03,4.820516E-02,0.000000E+00,0.000000E+00,3.353389E-02,2.207722E+02,1.524194E-01,1.761092E+03,2.113669E+03,1.214365E-01,2.181848E+03,3.353389E-02,0.000000E+00,0.000000E+00,1.047938E-02,6.899154E+01,3.514354E-01,3.941445E+03,4.462096E+03,1.954553E-01,2.440452E+03,1.047938E-02,0.000000E+00,0.000000E+00,3.772573E-02,2.483694E+02,5.837756E-01,6.584081E+03,7.649528E+03,5.066623E-01,6.586205E+03,3.772573E-02,0.000000E+00,0.000000E+00,0.000000E+00,0.000000E+00,1.407490E-02,1.571418E+02,1.646759E+02,7.267735E-03,8.114496E+01,0.000000E+00,0.000000E+00,0.000000E+00,1.467111E-02,9.658807E+01,8.057890E-02,9.258527E+02,9.944314E+02,7.018426E-02,1.144981E+03,1.467111E-02,0.000000E+00,0.000000E+00,2.724636E-02,1.793779E+02,1.370423E-01,1.577696E+03,2.092536E+03,8.368685E-02,1.605475E+03,2.724636E-02,0.000000E+00,0.000000E+00
11:30:00,5.165079E-02,3.272001E+02,2.591781E-01,2.998763E+03,3.309711E+03,4.162542E-01,5.919796E+03,5.165079E-02,0.000000E+00,0.000000E+00,3.730654E-01,2.363314E+03,8.114998E-01,9.810258E+03,1.456622E+04,4.942170E-01,1.470669E+04,3.730654E-01,0.000000E+00,0.000000E+00,4.820504E-02,3.053718E+02,6.415554E-02,8.145710E+02,8.749197E+02,1.002104E-01,2.306180E+03,4.820504E-02,0.000000E+00,0.000000E+00,4.820516E-02,3.053725E+02,6.733237E-02,8.500380E+02,9.135810E+02,7.766394E-02,2.054434E+03,4.820516E-02,0.000000E+00,0.000000E+00,3.353389E-02,2.124322E+02,1.555901E-01,1.804815E+03,2.160021E+03,1.207835E-01,2.174556E+03,3.353389E-02,0.000000E+00,0.000000E+00,1.047938E-02,6.638529E+01,3.504875E-01,3.933477E+03,4.453640E+03,1.940454E-01,2.424710E+03,1.047938E-02,0.000000E+00,0.000000E+00,3.772573E-02,2.389869E+02,5.896964E-01,6.659563E+03,7.724996E+03,5.026741E-01,6.541675E+03,3.772573E-02,0.000000E+00,0.000000E+00,0.000000E+00,0.000000E+00,1.414997E-02,1.579799E+02,1.655303E+02,7.132382E-03,7.963373E+01,0.000000E+00,0.000000E+00,0.000000E+00,1.467111E-02,9.293933E+01,8.190154E-02,9.442673E+02,1.013292E+03,6.974817E-02,1.140112E+03,1.467111E-02,0.000000E+00,0.000000E+00,2.724636E-02,1.726017E+02,1.380072E-01,1.595237E+03,2.111257E+03,8.315065E-02,1.599488E+03,2.724636E-02,0.000000E+00,0.000000E+00
11:45:00,5.165079E-02,3.143544E+02,2.643888E-01,3.069779E+03,3.383190E+03,4.151347E-01,5.907297E+03,5.165079E-02,0.000000E+00,0.000000E+00,3.730654E-01,2.270532E+03,8.144293E-01,9.935648E+03,1.470829E+04,4.927900E-01,1.469076E+04,3.730654E-01,0.000000E+00,0.000000E+00,4.820504E-02,2.933830E+02,6.696863E-02,8.579649E+02,9.213823E+02,9.960565E-02,2.299427E+03,4.820504E-02,0.000000E+00,0.000000E+00,4.820516E-02,2.933838E+02,6.964689E-02,8.878659E+02,9.538515E+02,7.704374E-02,2.047510E+03,4.820516E-02,0.000000E+00,0.000000E+00,3.353389E-02,2.040922E+02,1.588640E-01,1.849692E+03,2.207514E+03,1.202050E-01,2.168097E+03,3.353389E-02,0.000000E+00,0.000000E+00,1.047938E-02,6.377904E+01,3.485948E-01,3.914962E+03,4.434437E+03,1.927847E-01,2.410634E+03,1.047938E-02,0.000000E+00,0.000000E+00,3.772573E-02,2.296044E+02,5.945992E-01,6.723682E+03,7.788806E+03,4.990971E-01,6.501737E+03,3.772573E-02,0.000000E+00,0.000000E+00,0.000000E+00,0.000000E+00,1.422951E-02,1.588679E+02,1.664343E+02,7.009673E-03,7.826367E+01,0.000000E+00,0.000000E+00,0.000000E+00,1.467111E-02,8.929059E+01,8.317267E-02,9.621071E+02,1.031557E+03,6.936227E-02,1.135803E+03,1.467111E-02,0.000000E+00,0.000000E+00,2.724636E-02,1.658254E+02,1.389783E-01,1.612847E+03,2.130046E+03,8.267535E-02,1.594181E+03,2.724636E-02,0.000000E+00,0.000000E+00
12:00:00,5.165079E-02,3.015088E+02,2.695742E-01,3.140513E+03,3.456193E+03,4.141079E-01,5.895832E+03,5.165079E-02,0.000000E+00,0.000000E+00,3.730654E-01,2.177749E+03,8.171950E-01,1.005923E+04,1.484704E+04,4.915045E-01,1.467641E+04,3.730654E-01,0.000000E+00,0.000000E+00,4.820504E-02,2.813943E+02,6.982482E-02,9.018399E+02,9.681482E+02,9.906381E-02,2.293378E+03,4.820504E-02,0.000000E+00,0.000000E+00,4.820516E-02,2.813950E+02,7.202297E-02,9.263810E+02,9.947292E+02,7.648647E-02,2.041287E+03,4.820516E-02,0.000000E+00,0.000000E+00,3.353389E-02,1.957523E+02,1.622050E-01,1.895318E+03,2.255689E+03,1.196915E-01,2.162363E+03,3.353389E-02,0.000000E+00,0.000000E+00,1.047938E-02,6.117280E+01,3.457826E-01,3.886185E+03,4.404755E+03,1.916556E-01,2.398027E+03,1.047938E-02,0.000000E+00,0.000000E+00,3.772573E-02,2.202220E+02,5.984313E-01,6.775848E+03,7.840363E+03,4.958836E-01,6.465858E+03,3.772573E-02,0.000000E+00,0.000000E+00,0.000000E+00,0.000000E+00,1.431104E-02,1.597781E+02,1.673598E+02,6.898334E-03,7.702056E+01,0.000000E+00,0.000000E+00,0.000000E+00,1.467111E-02,8.564184E+01,8.437448E-02,9.791730E+02,1.049021E+03,6.902010E-02,1.131983E+03,1.467111E-02,0.000000E+00,0.000000E+00,2.724636E-02,1.590492E+02,1.399366E-01,1.630313E+03,2.148639E+03,8.225321E-02,1.589468E+03,2.724636E-02,0.000000E+00,0.000000E+00
12:15:00,5.165079E-02,2.912322E+02,2.747313E-01,3.208362E+03,3.526115E+03,4.131608E-01,5.885257E+03,5.165079E-02,0.000000E+00,0.000000E+00,3.730654E-01,2.103523E+03,8.196647E-01,1.016097E+04,1.496141E+04,4.903379E-01,1.466338E+04,3.730654E-01,0.000000E+00,0.000000E+00,4.820504E-02,2.718034E+02,7.269101E-02,9.434289E+02,1.012387E+03,9.857494E-02,2.287919E+03,4.820504E-02,0.000000E+00,0.000000E+00,4.820516E-02,2.718040E+02,7.442646E-02,9.628044E+02,1.033356E+03,7.598226E-02,2.035658E+03,4.820516E-02,0.000000E+00,0.000000E+00,3.353389E-02,1.890803E+02,1.655890E-01,1.939756E+03,2.302560E+03,1.192329E-01,2.157243E+03,3.353389E-02,0.000000E+00,0.000000E+00,1.047938E-02,5.908780E+01,3.421359E-01,3.847570E+03,4.365036E+03,1.906379E-01,2.386664E+03,1.047938E-02,0.000000E+00,0.000000E+00,3.772573E-02,2.127160E+02,6.012448E-01,6.814769E+03,7.878418E+03,4.929781E-01,6.433418E+03,3.772573E-02,0.000000E+00,0.000000E+00,0.000000E+00,0.000000E+00,1.439244E-02,1.606870E+02,1.682831E+02,6.796837E-03,7.588733E+01,0.000000E+00,0.000000E+00,0.000000E+00,1.467111E-02,8.272285E+01,8.550567E-02,9.947208E+02,1.064924E+03,6.871505E-02,1.128577E+03,1.467111E-02,0.000000E+00,0.000000E+00,2.724636E-02,1.536282E+02,1.408725E-01,1.646176E+03,2.165535E+03,8.187588E-02,1.585255E+03,2.724636E-02,0.000000E+00,0.000000E+00
12:30:00,5.165079E-02,2.809557E+02,2.798348E-01,3.275613E+03,3.595334E+03,4.122831E-01,5.875458E+03,5.165079E-02,0.000000E+00,0.000000E+00,3.730654E-01,2.029298E+03,8.216990E-01,1.025786E+04,1.506852E+04,4.892777E-01,1.465154E+04,3.730654E-01,0.000000E+00,0.000000E+00,4.820504E-02,2.622124E+02,7.552890E-02,9.847021E+02,1.056108E+03,9.813329E-02,2.282988E+03,4.820504E-02,0.000000E+00,0.000000E+00,4.820516E-02,2.622131E+02,7.682039E-02,9.991212E+02,1.071741E+03,7.552548E-02,2.030558E+03,4.820516E-02,0.000000E+00,0.000000E+00,3.353389E-02,1.824083E+02,1.689790E-01,1.984261E+03,2.349422E+03,1.188225E-01,2.152661E+03,3.353389E-02,0.000000E+00,0.000000E+00,1.047938E-02,5.700280E+01,3.377708E-01,3.800935E+03,4.317165E+03,1.897195E-01,2.376410E+03,1.047938E-02,0.000000E+00,0.000000E+00,3.772573E-02,2.052100E+02,6.031232E-01,6.843250E+03,7.905943E+03,4.903477E-01,6.404049E+03,3.772573E-02,0.000000E+00,0.000000E+00,0.000000E+00,0.000000E+00,1.447198E-02,1.615751E+02,1.691845E+02,6.704224E-03,7.485330E+01,0.000000E+00,0.000000E+00,0.000000E+00,1.467111E-02,7.980386E+01,8.655760E-02,1.009384E+03,1.079917E+03,6.844249E-02,1.125534E+03,1.467111E-02,0.000000E+00,0.000000E+00,2.724636E-02,1.482072E+02,1.417709E-01,1.661621E+03,2.181963E+03,8.153800E-02,1.581482E+03,2.724636E-02,0.000000E+00,0.000000E+00
12:45:00,5.165079E-02,2.706791E+02,2.848521E-01,3.341902E+03,3.663493E+03,4.114662E-01,5.866337E+03,5.165079E-02,0.000000E+00,0.000000E+00,3.730654E-01,1.955072E+03,8.231923E-01,1.034874E+04,1.516690E+04,4.883143E-01,1.464079E+04,3.730654E-01,0.000000E+00,0.000000E+00,4.820504E-02,2.526214E+02,7.830259E-02,1.025259E+03,1.098906E+03,9.773444E-02,2.278535E+03,4.820504E-02,0.000000E+00,0.000000E+00,4.820516E-02,2.526221E+02,7.916935E-02,1.034936E+03,1.109476E+03,7.511178E-02,2.025939E+03,4.820516E-02,0.000000E+00,0.000000E+00,3.353389E-02,1.757364E+02,1.723396E-01,2.028438E+03,2.395868E+03,1.184549E-01,2.148557E+03,3.353389E-02,0.000000E+00,0.000000E+00,1.047938E-02,5.491781E+01,3.328592E-01,3.748200E+03,4.263126E+03,1.888909E-01,2.367158E+03,1.047938E-02,0.000000E+00,0.000000E+00,3.772573E-02,1.977040E+02,6.042123E-01,6.862920E+03,7.924701E+03,4.879665E-01,6.377462E+03,3.772573E-02,0.000000E+00,0.000000E+00,0.000000E+00,0.000000E+00,1.454808E-02,1.624246E+02,1.700462E+02,6.619725E-03,7.390987E+01,0.000000E+00,0.000000E+00,0.000000E+00,1.467111E-02,7.688486E+01,8.752290E-02,1.023080E+03,1.093917E+03,6.819867E-02,1.122812E+03,1.467111E-02,0.000000E+00,0.000000E+00,2.724636E-02,1.427862E+02,1.426182E-01,1.676495E+03,2.197763E+03,8.123537E-02,1.578104E+03,2.724636E-02,0.000000E+00,0.000000E+00
13:00:00,5.165079E-02,2.604026E+02,2.897521E-01,3.406882E+03,3.730236E+03,4.107025E-01,5.857810E+03,5.165079E-02,0.000000E+00,0.000000E+00,3.730654E-01,1.880846E+03,8.240617E-01,1.043266E+04,1.525518E+04,4.874388E-01,1.463101E+04,3.730654E-01,0.000000E+00,0.000000E+00,4.820504E-02,2.430304E+02,8.097911E-02,1.064731E+03,1.140419E+03,9.737408E-02,2.274511E+03,4.820504E-02,0.000000E+00,0.000000E+00,4.820516E-02,2.430311E+02,8.144038E-02,1.069881E+03,1.146184E+03,7.473693E-02,2.021753E+03,4.820516E-02,0.000000E+00,0.000000E+00,3.353389E-02,1.690644E+02,1.756367E-01,2.071908E+03,2.441493E+03,1.181252E-01,2.144875E+03,3.353389E-02,0.000000E+00,0.000000E+00,1.047938E-02,5.283281E+01,3.276321E-01,3.691943E+03,4.205571E+03,1.881429E-01,2.358807E+03,1.047938E-02,0.000000E+00,0.000000E+00,3.772573E-02,1.901980E+02,6.047329E-01,6.876245E+03,7.937293E+03,4.858096E-01,6.353380E+03,3.772573E-02,0.000000E+00,0.000000E+00,0.000000E+00,0.000000E+00,1.461927E-02,1.632195E+02,1.708519E+02,6.542601E-03,7.304876E+01,0.000000E+00,0.000000E+00,0.000000E+00,1.467111E-02,7.396587E+01,8.839474E-02,1.035732E+03,1.106845E+03,6.798023E-02,1.120373E+03,1.467111E-02,0.000000E+00,0.000000E+00,2.724636E-02,1.373652E+02,1.434022E-01,1.690664E+03,2.212776E+03,8.096411E-02,1.575075E+03,2.724636E-02,0.000000E+00,0.000000E+00
13:15:00,5.165079E-02,2.539797E+02,2.944748E-01,3.466029E+03,3.790911E+03,4.099855E-01,5.849804E+03,5.165079E-02,0.000000E+00,0.000000E+00,3.730654E-01,1.834455E+03,8.242084E-01,1.048070E+04,1.530298E+04,4.866429E-01,1.462213E+04,3.730654E-01,0.000000E+00,0.000000E+00,4.820504E-02,2.370361E+02,8.352342E-02,1.099130E+03,1.176585E+03,9.704828E-02,2.270873E+03,4.820504E-02,0.000000E+00,0.000000E+00,4.820516E-02,2.370367E+02,8.359981E-02,1.099983E+03,1.177813E+03,7.439706E-02,2.017959E+03,4.820516E-02,0.000000E+00,0.000000E+00,3.353389E-02,1.648944E+02,1.788292E-01,2.111708E+03,2.483239E+03,1.178289E-01,2.141567E+03,3.353389E-02,0.000000E+00,0.000000E+00,1.047938E-02,5.152968E+01,3.223793E-01,3.634616E+03,4.147030E+03,1.874674E-01,2.351264E+03,1.047938E-02,0.000000E+00,0.000000E+00,3.772573E-02,1.855068E+02,6.049604E-01,6.883480E+03,7.944030E+03,4.838545E-01,6.331551E+03,3.772573E-02,0.000000E+00,0.000000E+00,0.000000E+00,0.000000E+00,1.468416E-02,1.639439E+02,1.715855E+02,6.472174E-03,7.226244E+01,0.000000E+00,0.000000E+00,0.000000E+00,1.467111E-02,7.214150E+01,8.916074E-02,1.046109E+03,1.117437E+03,6.778417E-02,1.118184E+03,1.467111E-02,0.000000E+00,0.000000E+00,2.724636E-02,1.339771E+02,1.441075E-01,1.701922E+03,2.224705E+03,8.072072E-02,1.572357E+03,2.724636E-02,0.000000E+00,0.000000E+00
13:30:00,5.165079E-02,2.475569E+02,2.991466E-01,3.524608E+03,3.851088E+03,4.093095E-01,5.842257E+03,5.165079E-02,0.000000E+00,0.000000E+00,3.730654E-01,1.788064E+03,8.235794E-01,1.052011E+04,1.533852E+04,4.859191E-01,1.461404E+04,3.730654E-01,0.000000E+00,0.000000E+00,4.820504E-02,2.310417E+02,8.591139E-02,1.131784E+03,1.210820E+03,9.675350E-02,2.267582E+03,4.820504E-02,0.000000E+00,0.000000E+00,4.820516E-02,2.310423E+02,8.562069E-02,1.128539E+03,1.207736E+03,7.408869E-02,2.014516E+03,4.820516E-02,0.000000E+00,0.000000E+00,3.353389E-02,1.607244E+02,1.819438E-01,2.150639E+03,2.524134E+03,1.175622E-01,2.138589E+03,3.353389E-02,0.000000E+00,0.000000E+00,1.047938E-02,5.022656E+01,3.174247E-01,3.580615E+03,4.092034E+03,1.868568E-01,2.344447E+03,1.047938E-02,0.000000E+00,0.000000E+00,3.772573E-02,1.808155E+02,6.053937E-01,6.893012E+03,7.953874E+03,4.820806E-01,6.311746E+03,3.772573E-02,0.000000E+00,0.000000E+00,0.000000E+00,0.000000E+00,1.474147E-02,1.645838E+02,1.722329E+02,6.407829E-03,7.154402E+01,0.000000E+00,0.000000E+00,0.000000E+00,1.467111E-02,7.031713E+01,8.981380E-02,1.055224E+03,1.126737E+03,6.760790E-02,1.116215E+03,1.467111E-02,0.000000E+00,0.000000E+00,2.724636E-02,1.305890E+02,1.447552E-01,1.712537E+03,2.236044E+03,8.050214E-02,1.569917E+03,2.724636E-02,0.000000E+00,0.000000E+00
13:45:00,5.165079E-02,2.411341E+02,3.043435E-01,3.589049E+03,3.917761E+03,4.086698E-01,5.835115E+03,5.165079E-02,0.000000E+00,0.000000E+00,3.730654E-01,1.741672E+03,8.221677E-01,1.055079E+04,1.536196E+04,4.852605E-01,1.460669E+04,3.730654E-01,0.000000E+00,0.000000E+00,4.820504E-02,2.250474E+02,8.814066E-02,1.162666E+03,1.243125E+03,9.648660E-02,2.264602E+03,4.820504E-02,0.000000E+00,0.000000E+00,4.820516E-02,2.250479E+02,8.748183E-02,1.155312E+03,1.235719E+03,7.380869E-02,2.011389E+03,4.820516E-02,0.000000E+00,0.000000E+00,3.353389E-02,1.565545E+02,1.851927E-01,2.191069E+03,2.566926E+03,1.173216E-01,2.135903E+03,3.353389E-02,0.000000E+00,0.000000E+00,1.047938E-02,4.892344E+01,3.129112E-01,3.531538E+03,4.041963E+03,1.863046E-01,2.338282E+03,1.047938E-02,0.000000E+00,0.000000E+00,3.772573E-02,1.761243E+02,6.067893E-01,6.913284E+03,7.975898E+03,4.804699E-01,6.293762E+03,3.772573E-02,0.000000E+00,0.000000E+00,0.000000E+00,0.000000E+00,1.479016E-02,1.651274E+02,1.727822E+02,6.349008E-03,7.088728E+01,0.000000E+00,0.000000E+00,0.000000E+00,1.467111E-02,6.849275E+01,9.034788E-02,1.063011E+03,1.134678E+03,6.744910E-02,1.114442E+03,1.467111E-02,0.000000E+00,0.000000E+00,2.724636E-02,1.272009E+02,1.454543E-01,1.723726E+03,2.248340E+03,8.030564E-02,1.567723E+03,2.724636E-02,0.000000E+00,0.000000E+00
14:00:00,5.165079E-02,2.347112E+02,3.106085E-01,3.665413E+03,3.997086E+03,4.080621E-01,5.828330E+03,5.165079E-02,0.000000E+00,0.000000E+00,3.730654E-01,1.695281E+03,8.200318E-01,1.057340E+04,1.537415E+04,4.846609E-01,1.460000E+04,3.730654E-01,0.000000E+00,0.000000E+00,4.820504E-02,2.190530E+02,9.023034E-02,1.191990E+03,1.273752E+03,9.624473E-02,2.261901E+03,4.820504E-02,0.000000E+00,0.000000E+00,4.820516E-02,2.190536E+02,8.916288E-02,1.180074E+03,1.261539E+03,7.355427E-02,2.008549E+03,4.820516E-02,0.000000E+00,0.000000E+00,3.353389E-02,1.523845E+02,1.888259E-01,2.235787E+03,2.614285E+03,1.171043E-01,2.133476E+03,3.353389E-02,0.000000E+00,0.000000E+00,1.047938E-02,4.762031E+01,3.088825E-01,3.487869E+03,3.997337E+03,1.858049E-01,2.332702E+03,1.047938E-02,0.000000E+00,0.000000E+00,3.772573E-02,1.714330E+02,6.098284E-01,6.951899E+03,8.017697E+03,4.790060E-01,6.277417E+03,3.772573E-02,0.000000E+00,0.000000E+00,0.000000E+00,0.000000E+00,1.482937E-02,1.655653E+02,1.732239E+02,6.295207E-03,7.028659E+01,0.000000E+00,0.000000E+00,0.000000E+00,1.467111E-02,6.666838E+01,9.075744E-02,1.069408E+03,1.141194E+03,6.730577E-02,1.112842E+03,1.467111E-02,0.000000E+00,0.000000E+00,2.724636E-02,1.238127E+02,1.463119E-01,1.736681E+03,2.262599E+03,8.012881E-02,1.565748E+03,2.724636E-02,0.000000E+00,0.000000E+00
14:15:00,5.165079E-02,2.347112E+02,3.183076E-01,3.751363E+03,4.086425E+03,4.074854E-01,5.821890E+03,5.165079E-02,0.000000E+00,0.000000E+00,3.730654E-01,1.695281E+03,8.172048E-01,1.054192E+04,1.532737E+04,4.841212E-01,1.459397E+04,3.730654E-01,0.000000E+00,0.000000E+00,4.820504E-02,2.190530E+02,9.221263E-02,1.214121E+03,1.296977E+03,9.602795E-02,2.259481E+03,4.820504E-02,0.000000E+00,0.000000E+00,4.820516E-02,2.190536E+02,9.064594E-02,1.196631E+03,1.278883E+03,7.332564E-02,2.005996E+03,4.820516E-02,0.000000E+00,0.000000E+00,3.353389E-02,1.523845E+02,1.930778E-01,2.283238E+03,2.664401E+03,1.169093E-01,2.131299E+03,3.353389E-02,0.000000E+00,0.000000E+00,1.047938E-02,4.762031E+01,3.052650E-01,3.447487E+03,3.956057E+03,1.853573E-01,2.327705E+03,1.047938E-02,0.000000E+00,0.000000E+00,3.772573E-02,1.714330E+02,6.149590E-01,7.009166E+03,8.079139E+03,4.776889E-01,6.262711E+03,3.772573E-02,0.000000E+00,0.000000E+00,0.000000E+00,0.000000E+00,1.485851E-02,1.658906E+02,1.735511E+02,6.246452E-03,6.974223E+01,0.000000E+00,0.000000E+00,0.000000E+00,1.467111E-02,6.666838E+01,9.102929E-02,1.072443E+03,1.144262E+03,6.717728E-02,1.111407E+03,1.467111E-02,0.000000E+00,0.000000E+00,2.724636E-02,1.238127E+02,1.474048E-01,1.748874E+03,2.276023E+03,7.997119E-02,1.563989E+03,2.724636E-02,0.000000E+00,0.000000E+00
14:30:00,5.165079E-02,2.347112E+02,3.275759E-01,3.854830E+03,4.193759E+03,4.069362E-01,5.815758E+03,5.165079E-02,0.000000E+00,0.000000E+00,3.730654E-01,1.695281E+03,8.137696E-01,1.050367E+04,1.527106E+04,4.836357E-01,1.458855E+04,3.730654E-01,0.000000E+00,0.000000E+00,4.820504E-02,2.190530E+02,9.412136E-02,1.235431E+03,1.319323E+03,9.583358E-02,2.257311E+03,4.820504E-02,0.000000E+00,0.000000E+00,4.820516E-02,2.190536E+02,9.191459E-02,1.210795E+03,1.293685E+03,7.312013E-02,2.003701E+03,4.820516E-02,0.000000E+00,0.000000E+00,3.353389E-02,1.523845E+02,1.981097E-01,2.339391E+03,2.723450E+03,1.167343E-01,2.129345E+03,3.353389E-02,0.000000E+00,0.000000E+00,1.047938E-02,4.762031E+01,3.019035E-01,3.409962E+03,3.917684E+03,1.849564E-01,2.323228E+03,1.047938E-02,0.000000E+00,0.000000E+00,3.772573E-02,1.714330E+02,6.222904E-01,7.090998E+03,8.165951E+03,4.765035E-01,6.249475E+03,3.772573E-02,0.000000E+00,0.000000E+00,0.000000E+00,0.000000E+00,1.487718E-02,1.660991E+02,1.737595E+02,6.202286E-03,6.924912E+01,0.000000E+00,0.000000E+00,0.000000E+00,1.467111E-02,6.666838E+01,9.115168E-02,1.073810E+03,1.145620E+03,6.706197E-02,1.110120E+03,1.467111E-02,0.000000E+00,0.000000E+00,2.724636E-02,1.238127E+02,1.487585E-01,1.763973E+03,2.292483E+03,7.983069E-02,1.562420E+03,2.724636E-02,0.000000E+00,0.000000E+00
14:45:00,5.165079E-02,2.347112E+02,3.379928E-01,3.971119E+03,4.313957E+03,4.064109E-01,5.809893E+03,5.165079E-02,0.000000E+00,0.000000E+00,3.730654E-01,1.695281E+03,8.097755E-01,1.045918E+04,1.520598E+04,4.831973E-01,1.458365E+04,3.730654E-01,0.000000E+00,0.000000E+00,4.820504E-02,2.190530E+02,9.596984E-02,1.256068E+03,1.340945E+03,9.565864E-02,2.255357E+03,4.820504E-02,0.000000E+00,0.000000E+00,4.820516E-02,2.190536E+02,9.295300E-02,1.222388E+03,1.305769E+03,7.293475E-02,2.001632E+03,4.820516E-02,0.000000E+00,0.000000E+00,3.353389E-02,1.523845E+02,2.038682E-01,2.403652E+03,2.790757E+03,1.165765E-01,2.127583E+03,3.353389E-02,0.000000E+00,0.000000E+00,1.047938E-02,4.762031E+01,2.987406E-01,3.374654E+03,3.881580E+03,1.845960E-01,2.319205E+03,1.047938E-02,0.000000E+00,0.000000E+00,3.772573E-02,1.714330E+02,6.314929E-01,7.193714E+03,8.273862E+03,4.754325E-01,6.237518E+03,3.772573E-02,0.000000E+00,0.000000E+00,0.000000E+00,0.000000E+00,1.488529E-02,1.661896E+02,1.738482E+02,6.162185E-03,6.880138E+01,0.000000E+00,0.000000E+00,0.000000E+00,1.467111E-02,6.666838E+01,9.112119E-02,1.073470E+03,1.145235E+03,6.695810E-02,1.108960E+03,1.467111E-02,0.000000E+00,0.000000E+00,2.724636E-02,1.238127E+02,1.502874E-01,1.781025E+03,2.310937E+03,7.970502E-02,1.561017E+03,2.724636E-02,0.000000E+00,0.000000E+00
15:00:00,5.165079E-02,2.347112E+02,3.490851E-01,4.094948E+03,4.441433E+03,4.059069E-01,5.804266E+03,5.165079E-02,0.000000E+00,0.000000E+00,3.730654E-01,1.695281E+03,8.052117E-01,1.040835E+04,1.513139E+04,4.828005E-01,1.457922E+04,3.730654E-01,0.000000E+00,0.000000E+00,4.820504E-02,2.190530E+02,9.774861E-02,1.275926E+03,1.361728E+03,9.550082E-02,2.253595E+03,4.820504E-02,0.000000E+00,0.000000E+00,4.820516E-02,2.190536E+02,9.375099E-02,1.231297E+03,1.315023E+03,7.276717E-02,1.999760E+03,4.820516E-02,0.000000E+00,0.000000E+00,3.353389E-02,1.523845E+02,2.102313E-01,2.474660E+03,2.864876E+03,1.164337E-01,2.125989E+03,3.353389E-02,0.000000E+00,0.000000E+00,1.047938E-02,4.762031E+01,2.957195E-01,3.340930E+03,3.847065E+03,1.842715E-01,2.315582E+03,1.047938E-02,0.000000E+00,0.000000E+00,3.772573E-02,1.714330E+02,6.421088E-01,7.312207E+03,8.397266E+03,4.744629E-01,6.226692E+03,3.772573E-02,0.000000E+00,0.000000E+00,0.000000E+00,0.000000E+00,1.488309E-02,1.661650E+02,1.738199E+02,6.125726E-03,6.839432E+01,0.000000E+00,0.000000E+00,0.000000E+00,1.467111E-02,6.666838E+01,9.093402E-02,1.071381E+03,1.143056E+03,6.686426E-02,1.107912E+03,1.467111E-02,0.000000E+00,0.000000E+00,2.724636E-02,1.238127E+02,1.518874E-01,1.798872E+03,2.330129E+03,7.959237E-02,1.559759E+03,2.724636E-02,0.000000E+00,0.000000E+00
15:15:00,5.165079E-02,2.424186E+02,3.604352E-01,4.213949E+03,4.563518E+03,4.054194E-01,5.798823E+03,5.165079E-02,0.000000E+00,0.000000E+00,3.730654E-01,1.750951E+03,7.999974E-01,1.029460E+04,1.498815E+04,4.824345E-01,1.457514E+04,3.730654E-01,0.000000E+00,0.000000E+00,4.820504E-02,2.262463E+02,9.942734E-02,1.287475E+03,1.373973E+03,9.535567E-02,2.251975E+03,4.820504E-02,0.000000E+00,0.000000E+00,4.820516E-02,2.262468E+02,9.429960E-02,1.230229E+03,1.314007E+03,7.261275E-02,1.998036E+03,4.820516E-02,0.000000E+00,0.000000E+00,3.353389E-02,1.573885E+02,2.170398E-01,2.545636E+03,2.938823E+03,1.163023E-01,2.124521E+03,3.353389E-02,0.000000E+00,0.000000E+00,1.047938E-02,4.918406E+01,2.927600E-01,3.306330E+03,3.811565E+03,1.839740E-01,2.312259E+03,1.047938E-02,0.000000E+00,0.000000E+00,3.772573E-02,1.770625E+02,6.536163E-01,7.435024E+03,8.524188E+03,4.735691E-01,6.216713E+03,3.772573E-02,0.000000E+00,0.000000E+00,0.000000E+00,0.000000E+00,1.487089E-02,1.660289E+02,1.736786E+02,6.092063E-03,6.801847E+01,0.000000E+00,0.000000E+00,0.000000E+00,1.467111E-02,6.885763E+01,9.057918E-02,1.065231E+03,1.136710E+03,6.677812E-02,1.106951E+03,1.467111E-02,0.000000E+00,0.000000E+00,2.724636E-02,1.278785E+02,1.534566E-01,1.812311E+03,2.344662E+03,7.948956E-02,1.558611E+03,2.724636E-02,0.000000E+00,0.000000E+00
15:30:00,5.165079E-02,2.501260E+02,3.717193E-01,4.332213E+03,4.684539E+03,4.049468E-01,5.793546E+03,5.165079E-02,0.000000E+00,0.000000E+00,3.730654E-01,1.806620E+03,7.940594E-01,1.017278E+04,1.483289E+04,4.820962E-01,1.457136E+04,3.730654E-01,0.000000E+00,0.000000E+00,4.820504E-02,2.334395E+02,1.009675E-01,1.297476E+03,1.384573E+03,9.522199E-02,2.250482E+03,4.820504E-02,0.000000E+00,0.000000E+00,4.820516E-02,2.334401E+02,9.459177E-02,1.226298E+03,1.309983E+03,7.247026E-02,1.996445E+03,4.820516E-02,0.000000E+00,0.000000E+00,3.353389E-02,1.623924E+02,2.241259E-01,2.619711E+03,3.015859E+03,1.161809E-01,2.123166E+03,3.353389E-02,0.000000E+00,0.000000E+00,1.047938E-02,5.074781E+01,2.897833E-01,3.271540E+03,3.775835E+03,1.837006E-01,2.309207E+03,1.047938E-02,0.000000E+00,0.000000E+00,3.772573E-02,1.826920E+02,6.655117E-01,7.562175E+03,8.654739E+03,4.727439E-01,6.207499E+03,3.772573E-02,0.000000E+00,0.000000E+00,0.000000E+00,0.000000E+00,1.484902E-02,1.657847E+02,1.734273E+02,6.060915E-03,6.767069E+01,0.000000E+00,0.000000E+00,0.000000E+00,1.467111E-02,7.104687E+01,9.005850E-02,1.057229E+03,1.128470E+03,6.669878E-02,1.106065E+03,1.467111E-02,0.000000E+00,0.000000E+00,2.724636E-02,1.319442E+02,1.549063E-01,1.824419E+03,2.357738E+03,7.939554E-02,1.557561E+03,2.724636E-02,0.000000E+00,0.000000E+00
15:45:00,5.165079E-02,2.578334E+02,3.826887E-01,4.446967E+03,4.801767E+03,4.044883E-01,5.788427E+03,5.165079E-02,0.000000E+00,0.000000E+00,3.730654E-01,1.862289E+03,7.873251E-01,1.004210E+04,1.466444E+04,4.817848E-01,1.456788E+04,3.730654E-01,0.000000E+00,0.000000E+00,4.820504E-02,2.406327E+02,1.023280E-01,1.305472E+03,1.393050E+03,9.509934E-02,2.249113E+03,4.820504E-02,0.000000E+00,0.000000E+00,4.820516E-02,2.406333E+02,9.462194E-02,1.219442E+03,1.302885E+03,7.233925E-02,1.994983E+03,4.820516E-02,0.000000E+00,0.000000E+00,3.353389E-02,1.673964E+02,2.313139E-01,2.694927E+03,3.093964E+03,1.160690E-01,2.121917E+03,3.353389E-02,0.000000E+00,0.000000E+00,1.047938E-02,5.231156E+01,2.867153E-01,3.235730E+03,3.739038E+03,1.834503E-01,2.306413E+03,1.047938E-02,0.000000E+00,0.000000E+00,3.772573E-02,1.883215E+02,6.773023E-01,7.688158E+03,8.783398E+03,4.719845E-01,6.199020E+03,3.772573E-02,0.000000E+00,0.000000E+00,0.000000E+00,0.000000E+00,1.481768E-02,1.654348E+02,1.730689E+02,6.032146E-03,6.734949E+01,0.000000E+00,0.000000E+00,0.000000E+00,1.467111E-02,7.323612E+01,8.936761E-02,1.047327E+03,1.118284E+03,6.662573E-02,1.105249E+03,1.467111E-02,0.000000E+00,0.000000E+00,2.724636E-02,1.360100E+02,1.561605E-01,1.834347E+03,2.368464E+03,7.930978E-02,1.556604E+03,2.724636E-02,0.000000E+00,0.000000E+00
16:00:00,5.165079E-02,2.655409E+02,3.933659E-01,4.558459E+03,4.915640E+03,4.040429E-01,5.783453E+03,5.165079E-02,0.000000E+00,0.000000E+00,3.730654E-01,1.917959E+03,7.794554E-01,9.898761E+03,1.447513E+04,4.814986E-01,1.456469E+04,3.730654E-01,0.000000E+00,0.000000E+00,4.820504E-02,2.478259E+02,1.034710E-01,1.311039E+03,1.398969E+03,9.498700E-02,2.247858E+03,4.820504E-02,0.000000E+00,0.000000E+00,4.820516E-02,2.478266E+02,9.438733E-02,1.209630E+03,1.292682E+03,7.221898E-02,1.993640E+03,4.820516E-02,0.000000E+00,0.000000E+00,3.353389E-02,1.724004E+02,2.385038E-01,2.770166E+03,3.172072E+03,1.159658E-01,2.120764E+03,3.353389E-02,0.000000E+00,0.000000E+00,1.047938E-02,5.387531E+01,2.834497E-01,3.197715E+03,3.699866E+03,1.832215E-01,2.303858E+03,1.047938E-02,0.000000E+00,0.000000E+00,3.772573E-02,1.939510E+02,6.886443E-01,7.809137E+03,8.906464E+03,4.712863E-01,6.191225E+03,3.772573E-02,0.000000E+00,0.000000E+00,0.000000E+00,0.000000E+00,1.477705E-02,1.649812E+02,1.726052E+02,6.005582E-03,6.705290E+01,0.000000E+00,0.000000E+00,0.000000E+00,1.467111E-02,7.542537E+01,8.846446E-02,1.035055E+03,1.105643E+03,6.655845E-02,1.104498E+03,1.467111E-02,0.000000E+00,0.000000E+00,2.724636E-02,1.400757E+02,1.571667E-01,1.841510E+03,2.376206E+03,7.923164E-02,1.555731E+03,2.724636E-02,0.000000E+00,0.000000E+00
16:15:00,5.165079E-02,2.758174E+02,4.035580E-01,4.661968E+03,5.021151E+03,4.036095E-01,5.778615E+03,5.165079E-02,0.000000E+00,0.000000E+00,3.730654E-01,1.992185E+03,7.706503E-01,9.726451E+03,1.425164E+04,4.812359E-01,1.456175E+04,3.730654E-01,0.000000E+00,0.000000E+00,4.820504E-02,2.574169E+02,1.043784E-01,1.311579E+03,1.399684E+03,9.488418E-02,2.246710E+03,4.820504E-02,0.000000E+00,0.000000E+00,4.820516E-02,2.574176E+02,9.389545E-02,1.194548E+03,1.277017E+03,7.210865E-02,1.992408E+03,4.820516E-02,0.000000E+00,0.000000E+00,3.353389E-02,1.790724E+02,2.455202E-01,2.841802E+03,3.246221E+03,1.158705E-01,2.119700E+03,3.353389E-02,0.000000E+00,0.000000E+00,1.047938E-02,5.596030E+01,2.799811E-01,3.156914E+03,3.657850E+03,1.830124E-01,2.301523E+03,1.047938E-02,0.000000E+00,0.000000E+00,3.772573E-02,2.014570E+02,6.991533E-01,7.918944E+03,9.017520E+03,4.706447E-01,6.184062E+03,3.772573E-02,0.000000E+00,0.000000E+00,0.000000E+00,0.000000E+00,1.472737E-02,1.644265E+02,1.720388E+02,5.981052E-03,6.677901E+01,0.000000E+00,0.000000E+00,0.000000E+00,1.467111E-02,7.834436E+01,8.738865E-02,1.020126E+03,1.090290E+03,6.649639E-02,1.103805E+03,1.467111E-02,0.000000E+00,0.000000E+00,2.724636E-02,1.454967E+02,1.578860E-01,1.844119E+03,2.379053E+03,7.916047E-02,1.554936E+03,2.724636E-02,0.000000E+00,0.000000E+00
16:30:00,5.165079E-02,2.860939E+02,4.131061E-01,4.758288E+03,5.119198E+03,4.031873E-01,5.773901E+03,5.165079E-02,0.000000E+00,0.000000E+00,3.730654E-01,2.066410E+03,7.609688E-01,9.544378E+03,1.401326E+04,4.809951E-01,1.455907E+04,3.730654E-01,0.000000E+00,0.000000E+00,4.820504E-02,2.670079E+02,1.050295E-01,1.309258E+03,1.397402E+03,9.479009E-02,2.245660E+03,4.820504E-02,0.000000E+00,0.000000E+00,4.820516E-02,2.670085E+02,9.315222E-02,1.176660E+03,1.258400E+03,7.200745E-02,1.991278E+03,4.820516E-02,0.000000E+00,0.000000E+00,3.353389E-02,1.857443E+02,2.521894E-01,2.909564E+03,3.316245E+03,1.157824E-01,2.118716E+03,3.353389E-02,0.000000E+00,0.000000E+00,1.047938E-02,5.804530E+01,2.762843E-01,3.113565E+03,3.613218E+03,1.828214E-01,2.299391E+03,1.047938E-02,0.000000E+00,0.000000E+00,3.772573E-02,2.089630E+02,7.084490E-01,8.015210E+03,9.114280E+03,4.700552E-01,6.177479E+03,3.772573E-02,0.000000E+00,0.000000E+00,0.000000E+00,0.000000E+00,1.466888E-02,1.637735E+02,1.713725E+02,5.958390E-03,6.652600E+01,0.000000E+00,0.000000E+00,0.000000E+00,1.467111E-02,8.126335E+01,8.615456E-02,1.003430E+03,1.073131E+03,6.643909E-02,1.103165E+03,1.467111E-02,0.000000E+00,0.000000E+00,2.724636E-02,1.509177E+02,1.582830E-01,1.843132E+03,2.378017E+03,7.909564E-02,1.554213E+03,2.724636E-02,0.000000E+00,0.000000E+00
16:45:00,5.165079E-02,2.963705E+02,4.218359E-01,4.845472E+03,5.207884E+03,4.027755E-01,5.769303E+03,5.165079E-02,0.000000E+00,0.000000E+00,3.730654E-01,2.140636E+03,7.504516E-01,9.352991E+03,1.375909E+04,4.807745E-01,1.455660E+04,3.730654E-01,0.000000E+00,0.000000E+00,4.820504E-02,2.765988E+02,1.054047E-01,1.303856E+03,1.391898E+03,9.470400E-02,2.244699E+03,4.820504E-02,0.000000E+00,0.000000E+00,4.820516E-02,2.765995E+02,9.216313E-02,1.156027E+03,1.236889E+03,7.191463E-02,1.990242E+03,4.820516E-02,0.000000E+00,0.000000E+00,3.353389E-02,1.924163E+02,2.583397E-01,2.971538E+03,3.380303E+03,1.157008E-01,2.117805E+03,3.353389E-02,0.000000E+00,0.000000E+00,1.047938E-02,6.013030E+01,2.723391E-01,3.067444E+03,3.565680E+03,1.826469E-01,2.297443E+03,1.047938E-02,0.000000E+00,0.000000E+00,3.772573E-02,2.164690E+02,7.161740E-01,8.093944E+03,9.192840E+03,4.695132E-01,6.171428E+03,3.772573E-02,0.000000E+00,0.000000E+00,0.000000E+00,0.000000E+00,1.460168E-02,1.630232E+02,1.706074E+02,5.937448E-03,6.629217E+01,0.000000E+00,0.000000E+00,0.000000E+00,1.467111E-02,8.418235E+01,8.477334E-02,9.850914E+02,1.054275E+03,6.638609E-02,1.102574E+03,1.467111E-02,0.000000E+00,0.000000E+00,2.724636E-02,1.563387E+02,1.583334E-01,1.838280E+03,2.372849E+03,7.903660E-02,1.553553E+03,2.724636E-02,0.000000E+00,0.000000E+00
17:00:00,5.165079E-02,3.066470E+02,4.293372E-01,4.918943E+03,5.282429E+03,4.023734E-01,5.764813E+03,5.165079E-02,0.000000E+00,0.000000E+00,3.730654E-01,2.214862E+03,7.394121E-01,9.155784E+03,1.349481E+04,4.805724E-01,1.455435E+04,3.730654E-01,0.000000E+00,0.000000E+00,4.820504E-02,2.861898E+02,1.054834E-01,1.295143E+03,1.382930E+03,9.462523E-02,2.243819E+03,4.820504E-02,0.000000E+00,0.000000E+00,4.820516E-02,2.861905E+02,9.093228E-02,1.132695E+03,1.212527E+03,7.182951E-02,1.989291E+03,4.820516E-02,0.000000E+00,0.000000E+00,3.353389E-02,1.990883E+02,2.637240E-01,3.024963E+03,3.435487E+03,1.156251E-01,2.116961E+03,3.353389E-02,0.000000E+00,0.000000E+00,1.047938E-02,6.221530E+01,2.681728E-01,3.018856E+03,3.515582E+03,1.824876E-01,2.295663E+03,1.047938E-02,0.000000E+00,0.000000E+00,3.772573E-02,2.239749E+02,7.218655E-01,8.149981E+03,9.247851E+03,4.690149E-01,6.165864E+03,3.772573E-02,0.000000E+00,0.000000E+00,0.000000E+00,0.000000E+00,1.452563E-02,1.621742E+02,1.697420E+02,5.918084E-03,6.607597E+01,0.000000E+00,0.000000E+00,0.000000E+00,1.467111E-02,8.710134E+01,8.329463E-02,9.656643E+02,1.034298E+03,6.633700E-02,1.102025E+03,1.467111E-02,0.000000E+00,0.000000E+00,2.724636E-02,1.617597E+02,1.580131E-01,1.829291E+03,2.363220E+03,7.898280E-02,1.552953E+03,2.724636E-02,0.000000E+00,0.000000E+00
17:15:00,5.165079E-02,3.194927E+02,4.355108E-01,4.975022E+03,5.339143E+03,4.019804E-01,5.760425E+03,5.165079E-02,0.000000E+00,0.000000E+00,3.730654E-01,2.307644E+03,7.277696E-01,8.933298E+03,1.319904E+04,4.803873E-01,1.455228E+04,3.730654E-01,0.000000E+00,0.000000E+00,4.820504E-02,2.981785E+02,1.052404E-01,1.280443E+03,1.367761E+03,9.455313E-02,2.243014E+03,4.820504E-02,0.000000E+00,0.000000E+00,4.820516E-02,2.981793E+02,8.946167E-02,1.104289E+03,1.182880E+03,7.175143E-02,1.988419E+03,4.820516E-02,0.000000E+00,0.000000E+00,3.353389E-02,2.074282E+02,2.682021E-01,3.066610E+03,3.478506E+03,1.155549E-01,2.116176E+03,3.353389E-02,0.000000E+00,0.000000E+00,1.047938E-02,6.482154E+01,2.637584E-01,2.966976E+03,3.462041E+03,1.823419E-01,2.294037E+03,1.047938E-02,0.000000E+00,0.000000E+00,3.772573E-02,2.333574E+02,7.252469E-01,8.178355E+03,9.274319E+03,4.685565E-01,6.160746E+03,3.772573E-02,0.000000E+00,0.000000E+00,0.000000E+00,0.000000E+00,1.444050E-02,1.612237E+02,1.687732E+02,5.900169E-03,6.587595E+01,0.000000E+00,0.000000E+00,0.000000E+00,1.467111E-02,9.075008E+01,8.171037E-02,9.443291E+02,1.012351E+03,6.629147E-02,1.101517E+03,1.467111E-02,0.000000E+00,0.000000E+00,2.724636E-02,1.685359E+02,1.573195E-01,1.814783E+03,2.347698E+03,7.893378E-02,1.552405E+03,2.724636E-02,0.000000E+00,0.000000E+00
17:30:00,5.165079E-02,3.323384E+02,4.401264E-01,5.013709E+03,5.378039E+03,4.015958E-01,5.756131E+03,5.165079E-02,0.000000E+00,0.000000E+00,3.730654E-01,2.400427E+03,7.155090E-01,8.703923E+03,1.289035E+04,4.802179E-01,1.455039E+04,3.730654E-01,0.000000E+00,0.000000E+00,4.820504E-02,3.101672E+02,1.046551E-01,1.261920E+03,1.348592E+03,9.448714E-02,2.242277E+03,4.820504E-02,0.000000E+00,0.000000E+00,4.820516E-02,3.101680E+02,8.775597E-02,1.073257E+03,1.150438E+03,7.167980E-02,1.987620E+03,4.820516E-02,0.000000E+00,0.000000E+00,3.353389E-02,2.157682E+02,2.716249E-01,3.096479E+03,3.509373E+03,1.154895E-01,2.115447E+03,3.353389E-02,0.000000E+00,0.000000E+00,1.047938E-02,6.742779E+01,2.590847E-01,2.912203E+03,3.405481E+03,1.822089E-01,2.292551E+03,1.047938E-02,0.000000E+00,0.000000E+00,3.772573E-02,2.427399E+02,7.260257E-01,8.177680E+03,9.270873E+03,4.681347E-01,6.156037E+03,3.772573E-02,0.000000E+00,0.000000E+00,0.000000E+00,0.000000E+00,1.434598E-02,1.601685E+02,1.676979E+02,5.883586E-03,6.569080E+01,0.000000E+00,0.000000E+00,0.000000E+00,1.467111E-02,9.439883E+01,8.002074E-02,9.218175E+02,9.891835E+02,6.624917E-02,1.101045E+03,1.467111E-02,0.000000E+00,0.000000E+00,2.724636E-02,1.753121E+02,1.562536E-01,1.796123E+03,2.327692E+03,7.888909E-02,1.551906E+03,2.724636E-02,0.000000E+00,0.000000E+00
17:45:00,5.165079E-02,3.451841E+02,4.430677E-01,5.033705E+03,5.397854E+03,4.012193E-01,5.751927E+03,5.165079E-02,0.000000E+00,0.000000E+00,3.730654E-01,2.493209E+03,7.024202E-01,8.465319E+03,1.256360E+04,4.800627E-01,1.454866E+04,3.730654E-01,0.000000E+00,0.000000E+00,4.820504E-02,3.221560E+02,1.037139E-01,1.239424E+03,1.325264E+03,9.442672E-02,2.241603E+03,4.820504E-02,0.000000E+00,0.000000E+00,4.820516E-02,3.221568E+02,8.582367E-02,1.039697E+03,1.115290E+03,7.161408E-02,1.986886E+03,4.820516E-02,0.000000E+00,0.000000E+00,3.353389E-02,2.241082E+02,2.739131E-01,3.113688E+03,3.527248E+03,1.154287E-01,2.114767E+03,3.353389E-02,0.000000E+00,0.000000E+00,1.047938E-02,7.003404E+01,2.541175E-01,2.854153E+03,3.345455E+03,1.820873E-01,2.291194E+03,1.047938E-02,0.000000E+00,0.000000E+00,3.772573E-02,2.521224E+02,7.240137E-01,8.145850E+03,9.235458E+03,4.677464E-01,6.151701E+03,3.772573E-02,0.000000E+00,0.000000E+00,0.000000E+00,0.000000E+00,1.424179E-02,1.590053E+02,1.665127E+02,5.868226E-03,6.551931E+01,0.000000E+00,0.000000E+00,0.000000E+00,1.467111E-02,9.804757E+01,7.819801E-02,8.978199E+02,9.644585E+02,6.620982E-02,1.100605E+03,1.467111E-02,0.000000E+00,0.000000E+00,2.724636E-02,1.820884E+02,1.548213E-01,1.773373E+03,2.303261E+03,7.884833E-02,1.551451E+03,2.724636E-02,0.000000E+00,0.000000E+00
18:00:00,5.165079E-02,3.580298E+02,4.440683E-01,5.032035E+03,5.395418E+03,4.008504E-01,5.747808E+03,5.165079E-02,0.000000E+00,0.000000E+00,3.730654E-01,2.585991E+03,6.886297E-01,8.218901E+03,1.222227E+04,4.799207E-01,1.454707E+04,3.730654E-01,0.000000E+00,0.000000E+00,4.820504E-02,3.341447E+02,1.024109E-01,1.212889E+03,1.297703E+03,9.437139E-02,2.240985E+03,4.820504E-02,0.000000E+00,0.000000E+00,4.820516E-02,3.341455E+02,8.367635E-02,1.003735E+03,1.077558E+03,7.155378E-02,1.986213E+03,4.820516E-02,0.000000E+00,0.000000E+00,3.353389E-02,2.324481E+02,2.749220E-01,3.116618E+03,3.530275E+03,1.153719E-01,2.114134E+03,3.353389E-02,0.000000E+00,0.000000E+00,1.047938E-02,7.264028E+01,2.488723E-01,2.793002E+03,3.282221E+03,1.819761E-01,2.289952E+03,1.047938E-02,0.000000E+00,0.000000E+00,3.772573E-02,2.615049E+02,7.189226E-01,8.079651E+03,9.164541E+03,4.673887E-01,6.147707E+03,3.772573E-02,0.000000E+00,0.000000E+00,0.000000E+00,0.000000E+00,1.412767E-02,1.577311E+02,1.652145E+02,5.853991E-03,6.536037E+01,0.000000E+00,0.000000E+00,0.000000E+00,1.467111E-02,1.016963E+02,7.626124E-02,8.725492E+02,9.384177E+02,6.617316E-02,1.100196E+03,1.467111E-02,0.000000E+00,0.000000E+00,2.724636E-02,1.888646E+02,1.531331E-01,1.747768E+03,2.276019E+03,7.881116E-02,1.551036E+03,2.724636E-02,0.000000E+00,0.000000E+00
18:15:00,5.165079E-02,3.772983E+02,4.428370E-01,4.999025E+03,5.360802E+03,4.004886E-01,5.743769E+03,5.165079E-02,0.000000E+00,0.000000E+00,3.730654E-01,2.725165E+03,6.741329E-01,7.918222E+03,1.181714E+04,4.797908E-01,1.454562E+04,3.730654E-01,0.000000E+00,0.000000E+00,4.820504E-02,3.521277E+02,1.007349E-01,1.176196E+03,1.259647E+03,9.432072E-02,2.240419E+03,4.820504E-02,0.000000E+00,0.000000E+00,4.820516E-02,3.521286E+02,8.132331E-02,9.594826E+02,1.031218E+03,7.149843E-02,1.985595E+03,4.820516E-02,0.000000E+00,0.000000E+00,3.353389E-02,2.449581E+02,2.744985E-01,3.099393E+03,3.512453E+03,1.153189E-01,2.113542E+03,3.353389E-02,0.000000E+00,0.000000E+00,1.047938E-02,7.654965E+01,2.433435E-01,2.727381E+03,3.214310E+03,1.818745E-01,2.288818E+03,1.047938E-02,0.000000E+00,0.000000E+00,3.772573E-02,2.755786E+02,7.104075E-01,7.970538E+03,9.049170E+03,4.670591E-01,6.144027E+03,3.772573E-02,0.000000E+00,0.000000E+00,0.000000E+00,0.000000E+00,1.400329E-02,1.563424E+02,1.637998E+02,5.840789E-03,6.521297E+01,0.000000E+00,0.000000E+00,0.000000E+00,1.467111E-02,1.071694E+02,7.420867E-02,8.441614E+02,9.091603E+02,6.613896E-02,1.099814E+03,1.467111E-02,0.000000E+00,0.000000E+00,2.724636E-02,1.990290E+02,1.520138E-01,1.725121E+03,2.254454E+03,7.877724E-02,1.550658E+03,2.724636E-02,0.000000E+00,0.000000E+00
18:30:00,5.165079E-02,3.965668E+02,4.391806E-01,4.938943E+03,5.298453E+03,4.001337E-01,5.739806E+03,5.165079E-02,0.000000E+00,0.000000E+00,3.730654E-01,2.864338E+03,6.589728E-01,7.610153E+03,1.139549E+04,4.796719E-01,1.454429E+04,3.730654E-01,0.000000E+00,0.000000E+00,4.820504E-02,3.701108E+02,9.867862E-02,1.135256E+03,1.217114E+03,9.427429E-02,2.239901E+03,4.820504E-02,0.000000E+00,0.000000E+00,4.820516E-02,3.701117E+02,7.877761E-02,9.130792E+02,9.825184E+02,7.144762E-02,1.985027E+03,4.820516E-02,0.000000E+00,0.000000E+00,3.353389E-02,2.574680E+02,2.725077E-01,3.064677E+03,3.476626E+03,1.152693E-01,2.112988E+03,3.353389E-02,0.000000E+00,0.000000E+00,1.047938E-02,8.045902E+01,2.375397E-01,2.658690E+03,3.143148E+03,1.817815E-01,2.287780E+03,1.047938E-02,0.000000E+00,0.000000E+00,3.772573E-02,2.896523E+02,6.981679E-01,7.819851E+03,8.890728E+03,4.667552E-01,6.140634E+03,3.772573E-02,0.000000E+00,0.000000E+00,0.000000E+00,0.000000E+00,1.386831E-02,1.548354E+02,1.622644E+02,5.828538E-03,6.507618E+01,0.000000E+00,0.000000E+00,0.000000E+00,1.467111E-02,1.126425E+02,7.204818E-02,8.145687E+02,8.786335E+02,6.610701E-02,1.099458E+03,1.467111E-02,0.000000E+00,0.000000E+00,2.724636E-02,2.091933E+02,1.519484E-01,1.714223E+03,2.245162E+03,7.874628E-02,1.550312E+03,2.724636E-02,0.000000E+00,0.000000E+00
18:45:00,5.165079E-02,4.158353E+02,4.327543E-01,4.847937E+03,5.204327E+03,3.997854E-01,5.735917E+03,5.165079E-02,0.000000E+00,0.000000E+00,3.730654E-01,3.003512E+03,6.434221E-01,7.297732E+03,1.096244E+04,4.795630E-01,1.454308E+04,3.730654E-01,0.000000E+00,0.000000E+00,4.820504E-02,3.880939E+02,9.623389E-02,1.089980E+03,1.169991E+03,9.423175E-02,2.239426E+03,4.820504E-02,0.000000E+00,0.000000E+00,4.820516E-02,3.880949E+02,7.605488E-02,8.646993E+02,9.316229E+02,7.140098E-02,1.984507E+03,4.820516E-02,0.000000E+00,0.000000E+00,3.353389E-02,2.699779E+02,2.687312E-01,3.010030E+03,3.420151E+03,1.152229E-01,2.112470E+03,3.353389E-02,0.000000E+00,0.000000E+00,1.047938E-02,8.436840E+01,2.315070E-01,2.587446E+03,3.069308E+03,1.816965E-01,2.286831E+03,1.047938E-02,0.000000E+00,0.000000E+00,3.772573E-02,3.037261E+02,6.817529E-01,7.622554E+03,8.683732E+03,4.664749E-01,6.137505E+03,3.772573E-02,0.000000E+00,0.000000E+00,0.000000E+00,0.000000E+00,1.372252E-02,1.532077E+02,1.606063E+02,5.817161E-03,6.494916E+01,0.000000E+00,0.000000E+00,0.000000E+00,1.467111E-02,1.181157E+02,6.981998E-02,7.842201E+02,8.473098E+02,6.607713E-02,1.099124E+03,1.467111E-02,0.000000E+00,0.000000E+00,2.724636E-02,2.193577E+02,1.531233E-01,1.717154E+03,2.248960E+03,7.871802E-02,1.549996E+03,2.724636E-02,0.000000E+00,0.000000E+00
19:00:00,5.165079E-02,4.351038E+02,4.233485E-01,4.723670E+03,5.075940E+03,3.994434E-01,5.732098E+03,5.165079E-02,0.000000E+00,0.000000E+00,3.730654E-01,3.142685E+03,6.274433E-01,6.980538E+03,1.051587E+04,4.794634E-01,1.454196E+04,3.730654E-01,0.000000E+00,0.000000E+00,4.820504E-02,4.060769E+02,9.339070E-02,1.040256E+03,1.118134E+03,9.419276E-02,2.238990E+03,4.820504E-02,0.000000E+00,0.000000E+00,4.820516E-02,4.060780E+02,7.317465E-02,8.145611E+02,8.787394E+02,7.135815E-02,1.984028E+03,4.820516E-02,0.000000E+00,0.000000E+00,3.353389E-02,2.824879E+02,2.630016E-01,2.933588E+03,3.341002E+03,1.151794E-01,2.111983E+03,3.353389E-02,0.000000E+00,0.000000E+00,1.047938E-02,8.827777E+01,2.252548E-01,2.513750E+03,2.992843E+03,1.816188E-01,2.285963E+03,1.047938E-02,0.000000E+00,0.000000E+00,3.772573E-02,3.177998E+02,6.607676E-01,7.374241E+03,8.423289E+03,4.662163E-01,6.134617E+03,3.772573E-02,0.000000E+00,0.000000E+00,0.000000E+00,0.000000E+00,1.356593E-02,1.514595E+02,1.588254E+02,5.806589E-03,6.483113E+01,0.000000E+00,0.000000E+00,0.000000E+00,1.467111E-02,1.235888E+02,6.752203E-02,7.530929E+02,8.151493E+02,6.604915E-02,1.098812E+03,1.467111E-02,0.000000E+00,0.000000E+00,2.724636E-02,2.295221E+02,1.551922E-01,1.730053E+03,2.262115E+03,7.869221E-02,1.549708E+03,2.724636E-02,0.000000E+00,0.000000E+00
19:15:00,5.165079E-02,4.492341E+02,4.108968E-01,4.570537E+03,4.917753E+03,3.991074E-01,5.728347E+03,5.165079E-02,0.000000E+00,0.000000E+00,3.730654E-01,3.244746E+03,6.113271E-01,6.698926E+03,1.009946E+04,4.793723E-01,1.454095E+04,3.730654E-01,0.000000E+00,0.000000E+00,4.820504E-02,4.192645E+02,9.016488E-02,9.910549E+02,1.066594E+03,9.415703E-02,2.238591E+03,4.820504E-02,0.000000E+00,0.000000E+00,4.820516E-02,4.192656E+02,7.017593E-02,7.678956E+02,8.292013E+02,7.131882E-02,1.983589E+03,4.820516E-02,0.000000E+00,0.000000E+00,3.353389E-02,2.916618E+02,2.551772E-01,2.837104E+03,3.240897E+03,1.151385E-01,2.111527E+03,3.353389E-02,0.000000E+00,0.000000E+00,1.047938E-02,9.114464E+01,2.188703E-01,2.439620E+03,2.915904E+03,1.815476E-01,2.285168E+03,1.047938E-02,0.000000E+00,0.000000E+00,3.772573E-02,3.281205E+02,6.349538E-01,7.075781E+03,8.109985E+03,4.659775E-01,6.131951E+03,3.772573E-02,0.000000E+00,0.000000E+00,0.000000E+00,0.000000E+00,1.339925E-02,1.495985E+02,1.569298E+02,5.796759E-03,6.472137E+01,0.000000E+00,0.000000E+00,0.000000E+00,1.467111E-02,1.276024E+02,6.520553E-02,7.232179E+02,7.842453E+02,6.602292E-02,1.098519E+03,1.467111E-02,0.000000E+00,0.000000E+00,2.724636E-02,2.369759E+02,1.562572E-01,1.734466E+03,2.262976E+03,7.866863E-02,1.549445E+03,2.724636E-02,0.000000E+00,0.000000E+00
19:30:00,5.165079E-02,4.633643E+02,3.947916E-01,4.376616E+03,4.717153E+03,3.987772E-01,5.724660E+03,5.165079E-02,0.000000E+00,0.000000E+00,3.730654E-01,3.346806E+03,5.951287E-01,6.416394E+03,9.674742E+03,4.792889E-01,1.454001E+04,3.730654E-01,0.000000E+00,0.000000E+00,4.820504E-02,4.324521E+02,8.656252E-02,9.376505E+02,1.010511E+03,9.412427E-02,2.238226E+03,4.820504E-02,0.000000E+00,0.000000E+00,4.820516E-02,4.324532E+02,6.709932E-02,7.203604E+02,7.785755E+02,7.128270E-02,1.983186E+03,4.820516E-02,0.000000E+00,0.000000E+00,3.353389E-02,3.008358E+02,2.449438E-01,2.713735E+03,3.112438E+03,1.151001E-01,2.111098E+03,3.353389E-02,0.000000E+00,0.000000E+00,1.047938E-02,9.401151E+01,2.123996E-01,2.364527E+03,2.837882E+03,1.814825E-01,2.284442E+03,1.047938E-02,0.000000E+00,0.000000E+00,3.772573E-02,3.384413E+02,6.035800E-01,6.715255E+03,7.730381E+03,4.657571E-01,6.129490E+03,3.772573E-02,0.000000E+00,0.000000E+00,0.000000E+00,0.000000E+00,1.322376E-02,1.476392E+02,1.549345E+02,5.787613E-03,6.461925E+01,0.000000E+00,0.000000E+00,0.000000E+00,1.467111E-02,1.316160E+02,6.288101E-02,6.932535E+02,7.532097E+02,6.599830E-02,1.098244E+03,1.467111E-02,0.000000E+00,0.000000E+00,2.724636E-02,2.444298E+02,1.550777E-01,1.713857E+03,2.237718E+03,7.864709E-02,1.549204E+03,2.724636E-02,0.000000E+00,0.000000E+00
19:45:00,5.165079E-02,4.774946E+02,3.748187E-01,4.139533E+03,4.475268E+03,3.984526E-01,5.721036E+03,5.165079E-02,0.000000E+00,0.000000E+00,3.730654E-01,3.448867E+03,5.786931E-01,6.131433E+03,9.259677E+03,4.792126E-01,1.453916E+04,3.730654E-01,0.000000E+00,0.000000E+00,4.820504E-02,4.456397E+02,8.258592E-02,8.800692E+02,9.501896E+02,9.409424E-02,2.237890E+03,4.820504E-02,0.000000E+00,0.000000E+00,4.820516E-02,4.456408E+02,6.398926E-02,6.724523E+02,7.275576E+02,7.124953E-02,1.982816E+03,4.820516E-02,0.000000E+00,0.000000E+00,3.353389E-02,3.100098E+02,2.321136E-01,2.561414E+03,2.960522E+03,1.150640E-01,2.110695E+03,3.353389E-02,0.000000E+00,0.000000E+00,1.047938E-02,9.687838E+01,2.059016E-01,2.289154E+03,2.763197E+03,1.814230E-01,2.283777E+03,1.047938E-02,0.000000E+00,0.000000E+00,3.772573E-02,3.487620E+02,5.663911E-01,6.289864E+03,7.295891E+03,4.655533E-01,6.127215E+03,3.772573E-02,0.000000E+00,0.000000E+00,0.000000E+00,0.000000E+00,1.304077E-02,1.455964E+02,1.528734E+02,5.779096E-03,6.452416E+01,0.000000E+00,0.000000E+00,0.000000E+00,1.467111E-02,1.356296E+02,6.057738E-02,6.635241E+02,7.227858E+02,6.597517E-02,1.097986E+03,1.467111E-02,0.000000E+00,0.000000E+00,2.724636E-02,2.518836E+02,1.509634E-01,1.660569E+03,2.185574E+03,7.862741E-02,1.548985E+03,2.724636E-02,0.000000E+00,0.000000E+00
20:00:00,5.165079E-02,4.916248E+02,3.519282E-01,3.869889E+03,4.196773E+03,3.981335E-01,5.717473E+03,5.165079E-02,0.000000E+00,0.000000E+00,3.730654E-01,3.550927E+03,5.625590E-01,5.850022E+03,8.820501E+03,4.791428E-01,1.453838E+04,3.730654E-01,0.000000E+00,0.000000E+00,4.820504E-02,4.588273E+02,7.825261E-02,8.185063E+02,8.850956E+02,9.406670E-02,2.237583E+03,4.820504E-02,0.000000E+00,0.000000E+00,4.820516E-02,4.588284E+02,6.090382E-02,6.248194E+02,6.764039E+02,7.121906E-02,1.982475E+03,4.820516E-02,0.000000E+00,0.000000E+00,3.353389E-02,3.191837E+02,2.171503E-01,2.385313E+03,2.778730E+03,1.150300E-01,2.110315E+03,3.353389E-02,0.000000E+00,0.000000E+00,1.047938E-02,9.974525E+01,1.994692E-01,2.214537E+03,2.685373E+03,1.813684E-01,2.283168E+03,1.047938E-02,0.000000E+00,0.000000E+00,3.772573E-02,3.590827E+02,5.249782E-01,5.817353E+03,6.797970E+03,4.653650E-01,6.125113E+03,3.772573E-02,0.000000E+00,0.000000E+00,0.000000E+00,0.000000E+00,1.285189E-02,1.434879E+02,1.507254E+02,5.771160E-03,6.443556E+01,0.000000E+00,0.000000E+00,0.000000E+00,1.467111E-02,1.396432E+02,5.831108E-02,6.342135E+02,6.923191E+02,6.595342E-02,1.097743E+03,1.467111E-02,0.000000E+00,0.000000E+00,2.724636E-02,2.593375E+02,1.442250E-01,1.578054E+03,2.098770E+03,7.860941E-02,1.548784E+03,2.724636E-02,0.000000E+00,0.000000E+00
20:15:00,5.165079E-02,5.031860E+02,3.290673E-01,3.603139E+03,3.922372E+03,3.978197E-01,5.713969E+03,5.165079E-02,0.000000E+00,0.000000E+00,3.730654E-01,3.634431E+03,5.472522E-01,5.596325E+03,8.416277E+03,4.790789E-01,1.453767E+04,3.730654E-01,0.000000E+00,0.000000E+00,4.820504E-02,4.696171E+02,7.362137E-02,7.560141E+02,8.187516E+02,9.404144E-02,2.237301E+03,4.820504E-02,0.000000E+00,0.000000E+00,4.820516E-02,4.696183E+02,5.790549E-02,5.805562E+02,6.286022E+02,7.119107E-02,1.982163E+03,4.820516E-02,0.000000E+00,0.000000E+00,3.353389E-02,3.266897E+02,2.015947E-01,2.204257E+03,2.591344E+03,1.149979E-01,2.109957E+03,3.353389E-02,0.000000E+00,0.000000E+00,1.047938E-02,1.020909E+02,1.932315E-01,2.142612E+03,2.611430E+03,1.813185E-01,2.282610E+03,1.047938E-02,0.000000E+00,0.000000E+00,3.772573E-02,3.675270E+02,4.838000E-01,5.349317E+03,6.309826E+03,4.651909E-01,6.123169E+03,3.772573E-02,0.000000E+00,0.000000E+00,0.000000E+00,0.000000E+00,1.265883E-02,1.413328E+02,1.485370E+02,5.763761E-03,6.435295E+01,0.000000E+00,0.000000E+00,0.000000E+00,1.467111E-02,1.429271E+02,5.613600E-02,6.066506E+02,6.637648E+02,6.593294E-02,1.097514E+03,1.467111E-02,0.000000E+00,0.000000E+00,2.724636E-02,2.654361E+02,1.367928E-01,1.489141E+03,2.004838E+03,7.859296E-02,1.548600E+03,2.724636E-02,0.000000E+00,0.000000E+00
20:30:00,5.165079E-02,5.147471E+02,3.082054E-01,3.358699E+03,3.669673E+03,3.975109E-01,5.710522E+03,5.165079E-02,0.000000E+00,0.000000E+00,3.730654E-01,3.717935E+03,5.332534E-01,5.357142E+03,8.030072E+03,4.790205E-01,1.453702E+04,3.730654E-01,0.000000E+00,0.000000E+00,4.820504E-02,4.804070E+02,6.883883E-02,6.918320E+02,7.502422E+02,9.401828E-02,2.237042E+03,4.820504E-02,0.000000E+00,0.000000E+00,4.820516E-02,4.804082E+02,5.506028E-02,5.380019E+02,5.824302E+02,7.116536E-02,1.981876E+03,4.820516E-02,0.000000E+00,0.000000E+00,3.353389E-02,3.341957E+02,1.867773E-01,2.031425E+03,2.408652E+03,1.149676E-01,2.109619E+03,3.353389E-02,0.000000E+00,0.000000E+00,1.047938E-02,1.044365E+02,1.873314E-01,2.074452E+03,2.540898E+03,1.812728E-01,2.282100E+03,1.047938E-02,0.000000E+00,0.000000E+00,3.772573E-02,3.759712E+02,4.462767E-01,4.922062E+03,5.860936E+03,4.650299E-01,6.121370E+03,3.772573E-02,0.000000E+00,0.000000E+00,0.000000E+00,0.000000E+00,1.246371E-02,1.391547E+02,1.463234E+02,5.756858E-03,6.427587E+01,0.000000E+00,0.000000E+00,0.000000E+00,1.467111E-02,1.462110E+02,5.411097E-02,5.807626E+02,6.368814E+02,6.591365E-02,1.097299E+03,1.467111E-02,0.000000E+00,0.000000E+00,2.724636E-02,2.715347E+02,1.298616E-01,1.405793E+03,1.912158E+03,7.857792E-02,1.548432E+03,2.724636E-02,0.000000E+00,0.000000E+00
20:45:00,5.165079E-02,5.263082E+02,2.907976E-01,3.152804E+03,3.454931E+03,3.972072E-01,5.707130E+03,5.165079E-02,0.000000E+00,0.000000E+00,3.730654E-01,3.801439E+03,5.216511E-01,5.144469E+03,7.685832E+03,4.789671E-01,1.453642E+04,3.730654E-01,0.000000E+00,0.000000E+00,4.820504E-02,4.911968E+02,6.411207E-02,6.282712E+02,6.818766E+02,9.399704E-02,2.236805E+03,4.820504E-02,0.000000E+00,0.000000E+00,4.820516E-02,4.911980E+02,5.242771E-02,4.978211E+02,5.386136E+02,7.114174E-02,1.981612E+03,4.820516E-02,0.000000E+00,0.000000E+00,3.353389E-02,3.417016E+02,1.738306E-01,1.879439E+03,2.243244E+03,1.149391E-01,2.109301E+03,3.353389E-02,0.000000E+00,0.000000E+00,1.047938E-02,1.067821E+02,1.819066E-01,2.011574E+03,2.474099E+03,1.812310E-01,2.281633E+03,1.047938E-02,0.000000E+00,0.000000E+00,3.772573E-02,3.844154E+02,4.148629E-01,4.562960E+03,5.476199E+03,4.648808E-01,6.119706E+03,3.772573E-02,0.000000E+00,0.000000E+00,0.000000E+00,0.000000E+00,1.226893E-02,1.369802E+02,1.441017E+02,5.750413E-03,6.420391E+01,0.000000E+00,0.000000E+00,0.000000E+00,1.467111E-02,1.494948E+02,5.226388E-02,5.568592E+02,6.118510E+02,6.589545E-02,1.097095E+03,1.467111E-02,0.000000E+00,0.000000E+00,2.724636E-02,2.776333E+02,1.242338E-01,1.336936E+03,1.831682E+03,7.856416E-02,1.548279E+03,2.724636E-02,0.000000E+00,0.000000E+00
21:00:00,5.165079E-02,5.378693E+02,2.770575E-01,2.987823E+03,3.282285E+03,3.969083E-01,5.703793E+03,5.165079E-02,0.000000E+00,0.000000E+00,3.730654E-01,3.884943E+03,5.112443E-01,4.944651E+03,7.356276E+03,4.789183E-01,1.453588E+04,3.730654E-01,0.000000E+00,0.000000E+00,4.820504E-02,5.019866E+02,5.963366E-02,5.674816E+02,6.161012E+02,9.397755E-02,2.236587E+03,4.820504E-02,0.000000E+00,0.000000E+00,4.820516E-02,5.019879E+02,5.002684E-02,4.602267E+02,4.974721E+02,7.112004E-02,1.981370E+03,4.820516E-02,0.000000E+00,0.000000E+00,3.353389E-02,3.492076E+02,1.631693E-01,1.752896E+03,2.104092E+03,1.149121E-01,2.108999E+03,3.353389E-02,0.000000E+00,0.000000E+00,1.047938E-02,1.091277E+02,1.769635E-01,1.954009E+03,2.411813E+03,1.811927E-01,2.281206E+03,1.047938E-02,0.000000E+00,0.000000E+00,3.772573E-02,3.928597E+02,3.898810E-01,4.275566E+03,5.165342E+03,4.647428E-01,6.118166E+03,3.772573E-02,0.000000E+00,0.000000E+00,0.000000E+00,0.000000E+00,1.207561E-02,1.348215E+02,1.418884E+02,5.744391E-03,6.413668E+01,0.000000E+00,0.000000E+00,0.000000E+00,1.467111E-02,1.527787E+02,5.061379E-02,5.351498E+02,5.889967E+02,6.587828E-02,1.096904E+03,1.467111E-02,0.000000E+00,0.000000E+00,2.724636E-02,2.837320E+02,1.200041E-01,1.283578E+03,1.768618E+03,7.855158E-02,1.548138E+03,2.724636E-02,0.000000E+00,0.000000E+00
21:15:00,5.165079E-02,5.494304E+02,2.651742E-01,2.843571E+03,3.133544E+03,3.966141E-01,5.700508E+03,5.165079E-02,0.000000E+00,0.000000E+00,3.730654E-01,3.968447E+03,5.021712E-01,4.759691E+03,7.066289E+03,4.788737E-01,1.453538E+04,3.730654E-01,0.000000E+00,0.000000E+00,4.820504E-02,5.127765E+02,5.554590E-02,5.110538E+02,5.549025E+02,9.395968E-02,2.236388E+03,4.820504E-02,0.000000E+00,0.000000E+00,4.820516E-02,5.127778E+02,4.820516E-02,4.290988E+02,4.634715E+02,7.110011E-02,1.981147E+03,4.820516E-02,0.000000E+00,0.000000E+00,3.353389E-02,3.567135E+02,1.541469E-01,1.644641E+03,1.988531E+03,1.148866E-01,2.108714E+03,3.353389E-02,0.000000E+00,0.000000E+00,1.047938E-02,1.114734E+02,1.724787E-01,1.901555E+03,2.357676E+03,1.811576E-01,2.280814E+03,1.047938E-02,0.000000E+00,0.000000E+00,3.772573E-02,4.013039E+02,3.688127E-01,4.031864E+03,4.912665E+03,4.646150E-01,6.116739E+03,3.772573E-02,0.000000E+00,0.000000E+00,0.000000E+00,0.000000E+00,1.188497E-02,1.326927E+02,1.397237E+02,5.738762E-03,6.407382E+01,0.000000E+00,0.000000E+00,0.000000E+00,1.467111E-02,1.560626E+02,4.912122E-02,5.151991E+02,5.682496E+02,6.586207E-02,1.096723E+03,1.467111E-02,0.000000E+00,0.000000E+00,2.724636E-02,2.898306E+02,1.165313E-01,1.238656E+03,1.718948E+03,7.854007E-02,1.548010E+03,2.724636E-02,0.000000E+00,0.000000E+00
21:30:00,5.165079E-02,5.609915E+02,2.547049E-01,2.715107E+03,3.000906E+03,3.963245E-01,5.697275E+03,5.165079E-02,0.000000E+00,0.000000E+00,3.730654E-01,4.051951E+03,4.939814E-01,4.584607E+03,6.793010E+03,4.788329E-01,1.453492E+04,3.730654E-01,0.000000E+00,0.000000E+00,4.820504E-02,5.235663E+02,5.189067E-02,4.594554E+02,4.986108E+02,9.394329E-02,2.236205E+03,4.820504E-02,0.000000E+00,0.000000E+00,4.820516E-02,5.235677E+02,4.820516E-02,4.183089E+02,4.524654E+02,7.108179E-02,1.980943E+03,4.820516E-02,0.000000E+00,0.000000E+00,3.353389E-02,3.642195E+02,1.464253E-01,1.550908E+03,1.888120E+03,1.148624E-01,2.108445E+03,3.353389E-02,0.000000E+00,0.000000E+00,1.047938E-02,1.138190E+02,1.683890E-01,1.853513E+03,2.308099E+03,1.811255E-01,2.280456E+03,1.047938E-02,0.000000E+00,0.000000E+00,3.772573E-02,4.097481E+02,3.504577E-01,3.818456E+03,4.691010E+03,4.644966E-01,6.115417E+03,3.772573E-02,0.000000E+00,0.000000E+00,0.000000E+00,0.000000E+00,1.169728E-02,1.305968E+02,1.375927E+02,5.733495E-03,6.401502E+01,0.000000E+00,0.000000E+00,0.000000E+00,1.467111E-02,1.593464E+02,4.775487E-02,4.966576E+02,5.489470E+02,6.584675E-02,1.096552E+03,1.467111E-02,0.000000E+00,0.000000E+00,2.724636E-02,2.959292E+02,1.135388E-01,1.199096E+03,1.675140E+03,7.852954E-02,1.547892E+03,2.724636E-02,0.000000E+00,0.000000E+00
21:45:00,5.165079E-02,5.725526E+02,2.453807E-01,2.599430E+03,2.881310E+03,3.960395E-01,5.694093E+03,5.165079E-02,0.000000E+00,0.000000E+00,3.730654E-01,4.135456E+03,4.859839E-01,4.411703E+03,6.518857E+03,4.787956E-01,1.453451E+04,3.730654E-01,0.000000E+00,0.000000E+00,4.820504E-02,5.343562E+02,4.864260E-02,4.124031E+02,4.469653E+02,9.392825E-02,2.236037E+03,4.820504E-02,0.000000E+00,0.000000E+00,4.820516E-02,5.343575E+02,4.820516E-02,4.075190E+02,4.414586E+02,7.106497E-02,1.980755E+03,4.820516E-02,0.000000E+00,0.000000E+00,3.353389E-02,3.717255E+02,1.397610E-01,1.468979E+03,1.800030E+03,1.148396E-01,2.108190E+03,3.353389E-02,0.000000E+00,0.000000E+00,1.047938E-02,1.161646E+02,1.646139E-01,1.808982E+03,2.262068E+03,1.810961E-01,2.280127E+03,1.047938E-02,0.000000E+00,0.000000E+00,3.772573E-02,4.181924E+02,3.341728E-01,3.628161E+03,4.492785E+03,4.643869E-01,6.114191E+03,3.772573E-02,0.000000E+00,0.000000E+00,0.000000E+00,0.000000E+00,1.151272E-02,1.285359E+02,1.354973E+02,5.728565E-03,6.395998E+01,0.000000E+00,0.000000E+00,0.000000E+00,1.467111E-02,1.626303E+02,4.649010E-02,4.792503E+02,5.308016E+02,6.583226E-02,1.096390E+03,1.467111E-02,0.000000E+00,0.000000E+00,2.724636E-02,3.020278E+02,1.108810E-01,1.163272E+03,1.635286E+03,7.851990E-02,1.547784E+03,2.724636E-02,0.000000E+00,0.000000E+00
22:00:00,5.165079E-02,5.841137E+02,2.370455E-01,2.494811E+03,2.773037E+03,3.957588E-01,5.690959E+03,5.165079E-02,0.000000E+00,0.000000E+00,3.730654E-01,4.218960E+03,4.790080E-01,4.250432E+03,6.267734E+03,4.787615E-01,1.453413E+04,3.730654E-01,0.000000E+00,0.000000E+00,4.820504E-02,5.451460E+02,4.820504E-02,3.967282E+02,4.304516E+02,9.391445E-02,2.235883E+03,4.820504E-02,0.000000E+00,0.000000E+00,4.820516E-02,5.451474E+02,4.820516E-02,3.967292E+02,4.304527E+02,7.104951E-02,1.980582E+03,4.820516E-02,0.000000E+00,0.000000E+00,3.353389E-02,3.792314E+02,1.339954E-01,1.397113E+03,1.722538E+03,1.148179E-01,2.107948E+03,3.353389E-02,0.000000E+00,0.000000E+00,1.047938E-02,1.185102E+02,1.611478E-01,1.767940E+03,2.219653E+03,1.810692E-01,2.279827E+03,1.047938E-02,0.000000E+00,0.000000E+00,3.772573E-02,4.266366E+02,3.196489E-01,3.457576E+03,4.314728E+03,4.642851E-01,6.113055E+03,3.772573E-02,0.000000E+00,0.000000E+00,0.000000E+00,0.000000E+00,1.133228E-02,1.265213E+02,1.334494E+02,5.723947E-03,6.390841E+01,0.000000E+00,0.000000E+00,0.000000E+00,1.467111E-02,1.659142E+02,4.531582E-02,4.628562E+02,5.136942E+02,6.581855E-02,1.096237E+03,1.467111E-02,0.000000E+00,0.000000E+00,2.724636E-02,3.081264E+02,1.085335E-01,1.130965E+03,1.599332E+03,7.851108E-02,1.547686E+03,2.724636E-02,0.000000E+00,0.000000E+00
22:15:00,5.165079E-02,5.931057E+02,2.295684E-01,2.402342E+03,2.677229E+03,3.954825E-01,5.687874E+03,5.165079E-02,0.000000E+00,0.000000E+00,3.730654E-01,4.283907E+03,4.724378E-01,4.112275E+03,6.042367E+03,4.787304E-01,1.453378E+04,3.730654E-01,0.000000E+00,0.000000E+00,4.820504E-02,5.535381E+02,4.820504E-02,3.883361E+02,4.218914E+02,9.390179E-02,2.235742E+03,4.820504E-02,0.000000E+00,0.000000E+00,4.820516E-02,5.535395E+02,4.820516E-02,3.883371E+02,4.218925E+02,7.103531E-02,1.980424E+03,4.820516E-02,0.000000E+00,0.000000E+00,3.353389E-02,3.850694E+02,1.289692E-01,1.335174E+03,1.655467E+03,1.147974E-01,2.107719E+03,3.353389E-02,0.000000E+00,0.000000E+00,1.047938E-02,1.203346E+02,1.579420E-01,1.730329E+03,2.180766E+03,1.810446E-01,2.279551E+03,1.047938E-02,0.000000E+00,0.000000E+00,3.772573E-02,4.332043E+02,3.065749E-01,3.305056E+03,4.155127E+03,4.641908E-01,6.112002E+03,3.772573E-02,0.000000E+00,0.000000E+00,0.000000E+00,0.000000E+00,1.115649E-02,1.245587E+02,1.314545E+02,5.719618E-03,6.386008E+01,0.000000E+00,0.000000E+00,0.000000E+00,1.467111E-02,1.684683E+02,4.422566E-02,4.481314E+02,4.983002E+02,6.580556E-02,1.096092E+03,1.467111E-02,0.000000E+00,0.000000E+00,2.724636E-02,3.128698E+02,1.064311E-01,1.102758E+03,1.567759E+03,7.850301E-02,1.547596E+03,2.724636E-02,0.000000E+00,0.000000E+00
22:30:00,5.165079E-02,6.020977E+02,2.228246E-01,2.318061E+03,2.589817E+03,3.952104E-01,5.684836E+03,5.165079E-02,0.000000E+00,0.000000E+00,3.730654E-01,4.348855E+03,4.663774E-01,3.979807E+03,5.827212E+03,4.787020E-01,1.453346E+04,3.730654E-01,0.000000E+00,0.000000E+00,4.820504E-02,5.619302E+02,4.820504E-02,3.799440E+02,4.133314E+02,9.389019E-02,2.235612E+03,4.820504E-02,0.000000E+00,0.000000E+00,4.820516E-02,5.619316E+02,4.820516E-02,3.799449E+02,4.133324E+02,7.102227E-02,1.980278E+03,4.820516E-02,0.000000E+00,0.000000E+00,3.353389E-02,3.909074E+02,1.245695E-01,1.280229E+03,1.595799E+03,1.147779E-01,2.107501E+03,3.353389E-02,0.000000E+00,0.000000E+00,1.047938E-02,1.221590E+02,1.549738E-01,1.695371E+03,2.144606E+03,1.810220E-01,2.279299E+03,1.047938E-02,0.000000E+00,0.000000E+00,3.772573E-02,4.397721E+02,2.947558E-01,3.166545E+03,4.009883E+03,4.641032E-01,6.111024E+03,3.772573E-02,0.000000E+00,0.000000E+00,0.000000E+00,0.000000E+00,1.098612E-02,1.226565E+02,1.295215E+02,5.715557E-03,6.381474E+01,0.000000E+00,0.000000E+00,0.000000E+00,1.467111E-02,1.710224E+02,4.321266E-02,4.342680E+02,4.837935E+02,6.579327E-02,1.095955E+03,1.467111E-02,0.000000E+00,0.000000E+00,2.724636E-02,3.176131E+02,1.045420E-01,1.076935E+03,1.538797E+03,7.849563E-02,1.547513E+03,2.724636E-02,0.000000E+00,0.000000E+00
22:45:00,5.165079E-02,6.110897E+02,2.167003E-01,2.240697E+03,2.509489E+03,3.949425E-01,5.681844E+03,5.165079E-02,0.000000E+00,0.000000E+00,3.730654E-01,4.413802E+03,4.607454E-01,3.852114E+03,5.620579E+03,4.786761E-01,1.453317E+04,3.730654E-01,0.000000E+00,0.000000E+00,4.820504E-02,5.703223E+02,4.820504E-02,3.715519E+02,4.047713E+02,9.387954E-02,2.235493E+03,4.820504E-02,0.000000E+00,0.000000E+00,4.820516E-02,5.703238E+02,4.820516E-02,3.715528E+02,4.047723E+02,7.101029E-02,1.980144E+03,4.820516E-02,0.000000E+00,0.000000E+00,3.353389E-02,3.967454E+02,1.206975E-01,1.231174E+03,1.542382E+03,1.147594E-01,2.107295E+03,3.353389E-02,0.000000E+00,0.000000E+00,1.047938E-02,1.239833E+02,1.522178E-01,1.662782E+03,2.110875E+03,1.810013E-01,2.279069E+03,1.047938E-02,0.000000E+00,0.000000E+00,3.772573E-02,4.463398E+02,2.840198E-01,3.040127E+03,3.877039E+03,4.640220E-01,6.110117E+03,3.772573E-02,0.000000E+00,0.000000E+00,0.000000E+00,0.000000E+00,1.082171E-02,1.208209E+02,1.276566E+02,5.711747E-03,6.377220E+01,0.000000E+00,0.000000E+00,0.000000E+00,1.467111E-02,1.735765E+02,4.227029E-02,4.211931E+02,4.700991E+02,6.578161E-02,1.095824E+03,1.467111E-02,0.000000E+00,0.000000E+00,2.724636E-02,3.223565E+02,1.028349E-01,1.053143E+03,1.512062E+03,7.848887E-02,1.547438E+03,2.724636E-02,0.000000E+00,0.000000E+00
23:00:00,5.165079E-02,6.200817E+02,2.111018E-01,2.169203E+03,2.435177E+03,3.946786E-01,5.678898E+03,5.165079E-02,0.000000E+00,0.000000E+00,3.730654E-01,4.478750E+03,4.554942E-01,3.728665E+03,5.421677E+03,4.786524E-01,1.453291E+04,3.730654E-01,0.000000E+00,0.000000E+00,4.820504E-02,5.787144E+02,4.820504E-02,3.631598E+02,3.962113E+02,9.386977E-02,2.235384E+03,4.820504E-02,0.000000E+00,0.000000E+00,4.820516E-02,5.787159E+02,4.820516E-02,3.631607E+02,3.962123E+02,7.099929E-02,1.980022E+03,4.820516E-02,0.000000E+00,0.000000E+00,3.353389E-02,4.025833E+02,1.172727E-01,1.187110E+03,1.494291E+03,1.147419E-01,2.107099E+03,3.353389E-02,0.000000E+00,0.000000E+00,1.047938E-02,1.258077E+02,1.496539E-01,1.632337E+03,2.079353E+03,1.809824E-01,2.278858E+03,1.047938E-02,0.000000E+00,0.000000E+00,3.772573E-02,4.529076E+02,2.742321E-01,2.924294E+03,3.755091E+03,4.639465E-01,6.109275E+03,3.772573E-02,0.000000E+00,0.000000E+00,0.000000E+00,0.000000E+00,1.066367E-02,1.190565E+02,1.258643E+02,5.708168E-03,6.373224E+01,0.000000E+00,0.000000E+00,0.000000E+00,1.467111E-02,1.761307E+02,4.139324E-02,4.088476E+02,4.571592E+02,6.577056E-02,1.095701E+03,1.467111E-02,0.000000E+00,0.000000E+00,2.724636E-02,3.270999E+02,1.012853E-01,1.031109E+03,1.487280E+03,7.848268E-02,1.547369E+03,2.724636E-02,0.000000E+00,0.000000E+00
23:15:00,5.165079E-02,6.290736E+02,2.059135E-01,2.102289E+03,2.365524E+03,3.944188E-01,5.675997E+03,5.165079E-02,0.000000E+00,0.000000E+00,3.730654E-01,4.543698E+03,4.505395E-01,3.608522E+03,5.228582E+03,4.786308E-01,1.453267E+04,3.730654E-01,0.000000E+00,0.000000E+00,4.820504E-02,5.871065E+02,4.820504E-02,3.547677E+02,3.876513E+02,9.386082E-02,2.235284E+03,4.820504E-02,0.000000E+00,0.000000E+00,4.820516E-02,5.871080E+02,4.820516E-02,3.547686E+02,3.876523E+02,7.098919E-02,1.979909E+03,4.820516E-02,0.000000E+00,0.000000E+00,3.353389E-02,4.084213E+02,1.142180E-01,1.147178E+03,1.450605E+03,1.147252E-01,2.106913E+03,3.353389E-02,0.000000E+00,0.000000E+00,1.047938E-02,1.276321E+02,1.472519E-01,1.603699E+03,2.049670E+03,1.809651E-01,2.278664E+03,1.047938E-02,0.000000E+00,0.000000E+00,3.772573E-02,4.594753E+02,2.652433E-01,2.817381E+03,3.642255E+03,4.638764E-01,6.108492E+03,3.772573E-02,0.000000E+00,0.000000E+00,0.000000E+00,0.000000E+00,1.051220E-02,1.173653E+02,1.241469E+02,5.704805E-03,6.369470E+01,0.000000E+00,0.000000E+00,0.000000E+00,1.467111E-02,1.786848E+02,4.056781E-02,3.970782E+02,4.448096E+02,6.576007E-02,1.095584E+03,1.467111E-02,0.000000E+00,0.000000E+00,2.724636E-02,3.318432E+02,9.986667E-02,1.010535E+03,1.464109E+03,7.847702E-02,1.547306E+03,2.724636E-02,0.000000E+00,0.000000E+00
23:30:00,5.165079E-02,6.380656E+02,2.010710E-01,2.039235E+03,2.299791E+03,3.941628E-01,5.673139E+03,5.165079E-02,0.000000E+00,0.000000E+00,3.730654E-01,4.608645E+03,4.458418E-01,3.491243E+03,5.040532E+03,4.786111E-01,1.453245E+04,3.730654E-01,0.000000E+00,0.000000E+00,4.820504E-02,5.954986E+02,4.820504E-02,3.463756E+02,3.790914E+02,9.385260E-02,2.235192E+03,4.820504E-02,0.000000E+00,0.000000E+00,4.820516E-02,5.955001E+02,4.820516E-02,3.463765E+02,3.790924E+02,7.097992E-02,1.979805E+03,4.820516E-02,0.000000E+00,0.000000E+00,3.353389E-02,4.142593E+02,1.114763E-01,1.110738E+03,1.410656E+03,1.147094E-01,2.106736E+03,3.353389E-02,0.000000E+00,0.000000E+00,1.047938E-02,1.294565E+02,1.449933E-01,1.576662E+03,2.021619E+03,1.809492E-01,2.278487E+03,1.047938E-02,0.000000E+00,0.000000E+00,3.772573E-02,4.660430E+02,2.569488E-01,2.718218E+03,3.537328E+03,4.638114E-01,6.107765E+03,3.772573E-02,0.000000E+00,0.000000E+00,0.000000E+00,0.000000E+00,1.036728E-02,1.157472E+02,1.225041E+02,5.701644E-03,6.365940E+01,0.000000E+00,0.000000E+00,0.000000E+00,1.467111E-02,1.812389E+02,3.978792E-02,3.858174E+02,4.329810E+02,6.575012E-02,1.095473E+03,1.467111E-02,0.000000E+00,0.000000E+00,2.724636E-02,3.365866E+02,9.856051E-02,9.912174E+02,1.442329E+03,7.847184E-02,1.547248E+03,2.724636E-02,0.000000E+00,0.000000E+00
23:45:00,5.165079E-02,6.470576E+02,1.965254E-01,1.979496E+03,2.237426E+03,3.939107E-01,5.670324E+03,5.165079E-02,0.000000E+00,0.000000E+00,3.730654E-01,4.673593E+03,4.413651E-01,3.376426E+03,4.856788E+03,4.785932E-01,1.453225E+04,3.730654E-01,0.000000E+00,0.000000E+00,4.820504E-02,6.038907E+02,4.820504E-02,3.379835E+02,3.705315E+02,9.384507E-02,2.235108E+03,4.820504E-02,0.000000E+00,0.000000E+00,4.820516E-02,6.038922E+02,4.820516E-02,3.379843E+02,3.705324E+02,7.097141E-02,1.979710E+03,4.820516E-02,0.000000E+00,0.000000E+00,3.353389E-02,4.200973E+02,1.089998E-01,1.077260E+03,1.373880E+03,1.146944E-01,2.106568E+03,3.353389E-02,0.000000E+00,0.000000E+00,1.047938E-02,1.312808E+02,1.428613E-01,1.551039E+03,1.995006E+03,1.809347E-01,2.278325E+03,1.047938E-02,0.000000E+00,0.000000E+00,3.772573E-02,4.726108E+02,2.492607E-01,2.625825E+03,3.439302E+03,4.637509E-01,6.107090E+03,3.772573E-02,0.000000E+00,0.000000E+00,0.000000E+00,0.000000E+00,1.022880E-02,1.142011E+02,1.209347E+02,5.698669E-03,6.362618E+01,0.000000E+00,0.000000E+00,0.000000E+00,1.467111E-02,1.837930E+02,3.904831E-02,3.750061E+02,4.216130E+02,6.574067E-02,1.095367E+03,1.467111E-02,0.000000E+00,0.000000E+00,2.724636E-02,3.413300E+02,9.735129E-02,9.729813E+02,1.421750E+03,7.846710E-02,1.547195E+03,2.724636E-02,0.000000E+00,0.000000E+00
24:00:00,5.165079E-02,6.560496E+02,1.922350E-01,1.922606E+03,2.177948E+03,3.936624E-01,5.667551E+03,5.165079E-02,0.000000E+00,0.000000E+00,3.730654E-01,4.738540E+03,4.370797E-01,3.263741E+03,4.676734E+03,4.785769E-01,1.453207E+04,3.730654E-01,0.000000E+00,0.000000E+00,4.820504E-02,6.122828E+02,4.820504E-02,3.295914E+02,3.619709E+02,9.383817E-02,2.235031E+03,4.820504E-02,0.000000E+00,0.000000E+00,4.820516E-02,6.122844E+02,4.820516E-02,3.295922E+02,3.619718E+02,7.096359E-02,1.979623E+03,4.820516E-02,0.000000E+00,0.000000E+00,3.353389E-02,4.259352E+02,1.067490E-01,1.046300E+03,1.339807E+03,1.146801E-01,2.106408E+03,3.353389E-02,0.000000E+00,0.000000E+00,1.047938E-02,1.331052E+02,1.408413E-01,1.526667E+03,1.969665E+03,1.809215E-01,2.278177E+03,1.047938E-02,0.000000E+00,0.000000E+00,3.772573E-02,4.791785E+02,2.421054E-01,2.539381E+03,3.347331E+03,4.636946E-01,6.106462E+03,3.772573E-02,0.000000E+00,0.000000E+00,0.000000E+00,0.000000E+00,1.009660E-02,1.127252E+02,1.194367E+02,5.695869E-03,6.359492E+01,0.000000E+00,0.000000E+00,0.000000E+00,1.467111E-02,1.863471E+02,3.834447E-02,3.645943E+02,4.106535E+02,6.573170E-02,1.095267E+03,1.467111E-02,0.000000E+00,0.000000E+00,2.724636E-02,3.460733E+02,9.622590E-02,9.556808E+02,1.402210E+03,7.846276E-02,1.547146E+03,2.724636E-02,0.000000E+00,0.000000E+00
Coinc Peak   ,5.913608E-01,4.440683E-01,8.061661E+03,5.032035E+03,9.186294E-01,9.601772E-01,1.955191E+04,8.592405E+03,2.074055E-01,1.054834E-01,3.527911E+03,1.295143E+03,1.782751E-01,9.462194E-02,3.222854E+03,1.219442E+03,2.330461E-01,2.749220E-01,3.459332E+03,3.116618E+03,4.124072E-01,3.514354E-01,4.925648E+03,3.941445E+03,1.086759E+00,7.260257E-01,1.342703E+04,8.177680E+03,1.708915E-02,2.540082E-02,1.953493E+02,2.863927E+02,1.441544E-01,9.741795E-02,1.991142E+03,1.011898E+03,1.777496E-01,1.674056E-01,2.679284E+03,1.730548E+03
NonCoinc Peak,5.913608E-01,4.440683E-01,8.061661E+03,5.032035E+03,9.186294E-01,9.601772E-01,1.955191E+04,8.592405E+03,2.074055E-01,1.054834E-01,3.527911E+03,1.295143E+03,1.782751E-01,9.462194E-02,3.222854E+03,1.219442E+03,2.330461E-01,2.749220E-01,3.459332E+03,3.116618E+03,4.124072E-01,3.514354E-01,4.925648E+03,3.941445E+03,1.086759E+00,7.260257E-01,1.342703E+04,8.177680E+03,1.708915E-02,2.540082E-02,1.953493E+02,2.863927E+02,1.441544E-01,9.741795E-02,1.991142E+03,1.011898E+03,1.777496E-01,1.674056E-01,2.679284E+03,1.730548E+03
