Time,BASEAIRSYS3:DesPer 1:Des Heat Mass Flow [kg/s],BASEAIRSYS3:DesPer 1:Des Heat Cap [W],BASEAIRSYS3:DesPer 1:Des Cool Mass Flow [kg/s],BASEAIRSYS3:DesPer 1:Des Sens Cool Cap [W],BASEAIRSYS3:DesPer 1:Des Tot Cool Cap [W],BASEAIRSYS3:DesPer 2:Des Heat Mass Flow [kg/s],BASEAIRSYS3:DesPer 2:Des Heat Cap [W],BASEAIRSYS3:DesPer 2:Des Cool Mass Flow [kg/s],BASEAIRSYS3:DesPer 2:Des Sens Cool Cap [W],BASEAIRSYS3:DesPer 2:Des Tot Cool Cap [W],BASEAIRSYS3-10:DesPer 1:Des Heat Mass Flow [kg/s],BASEAIRSYS3-10:DesPer 1:Des Heat Cap [W],BASEAIRSYS3-10:DesPer 1:Des Cool Mass Flow [kg/s],BASEAIRSYS3-10:DesPer 1:Des Sens Cool Cap [W],BASEAIRSYS3-10:DesPer 1:Des Tot Cool Cap [W],BASEAIRSYS3-10:DesPer 2:Des Heat Mass Flow [kg/s],BASEAIRSYS3-10:DesPer 2:Des Heat Cap [W],BASEAIRSYS3-10:DesPer 2:Des Cool Mass Flow [kg/s],BASEAIRSYS3-10:DesPer 2:Des Sens Cool Cap [W],BASEAIRSYS3-10:DesPer 2:Des Tot Cool Cap [W],BASEAIRSYS3-2:DesPer 1:Des Heat Mass Flow [kg/s],BASEAIRSYS3-2:DesPer 1:Des Heat Cap [W],BASEAIRSYS3-2:DesPer 1:Des Cool Mass Flow [kg/s],BASEAIRSYS3-2:DesPer 1:Des Sens Cool Cap [W],BASEAIRSYS3-2:DesPer 1:Des Tot Cool Cap [W],BASEAIRSYS3-2:DesPer 2:Des Heat Mass Flow [kg/s],BASEAIRSYS3-2:DesPer 2:Des Heat Cap [W],BASEAIRSYS3-2:DesPer 2:Des Cool Mass Flow [kg/s],BASEAIRSYS3-2:DesPer 2:Des Sens Cool Cap [W],BASEAIRSYS3-2:DesPer 2:Des Tot Cool Cap [W],BASEAIRSYS3-3:DesPer 1:Des Heat Mass Flow [kg/s],BASEAIRSYS3-3:DesPer 1:Des Heat Cap [W],BASEAIRSYS3-3:DesPer 1:Des Cool Mass Flow [kg/s],BASEAIRSYS3-3:DesPer 1:Des Sens Cool Cap [W],BASEAIRSYS3-3:DesPer 1:Des Tot Cool Cap [W],BASEAIRSYS3-3:DesPer 2:Des Heat Mass Flow [kg/s],BASEAIRSYS3-3:DesPer 2:Des Heat Cap [W],BASEAIRSYS3-3:DesPer 2:Des Cool Mass Flow [kg/s],BASEAIRSYS3-3:DesPer 2:Des Sens Cool Cap [W],BASEAIRSYS3-3:DesPer 2:Des Tot Cool Cap [W],BASEAIRSYS3-4:DesPer 1:Des Heat Mass Flow [kg/s],BASEAIRSYS3-4:DesPer 1:Des Heat Cap [W],BASEAIRSYS3-4:DesPer 1:Des Cool Mass Flow [kg/s],BASEAIRSYS3-4:DesPer 1:Des Sens Cool Cap [W],BASEAIRSYS3-4:DesPer 1:Des Tot Cool Cap [W],BASEAIRSYS3-4:DesPer 2:Des Heat Mass Flow [kg/s],BASEAIRSYS3-4:DesPer 2:Des Heat Cap [W],BASEAIRSYS3-4:DesPer 2:Des Cool Mass Flow [kg/s],BASEAIRSYS3-4:DesPer 2:Des Sens Cool Cap [W],BASEAIRSYS3-4:DesPer 2:Des Tot Cool Cap [W],BASEAIRSYS3-5:DesPer 1:Des Heat Mass Flow [kg/s],BASEAIRSYS3-5:DesPer 1:Des Heat Cap [W],BASEAIRSYS3-5:DesPer 1:Des Cool Mass Flow [kg/s],BASEAIRSYS3-5:DesPer 1:Des Sens Cool Cap [W],BASEAIRSYS3-5:DesPer 1:Des Tot Cool Cap [W],BASEAIRSYS3-5:DesPer 2:Des Heat Mass Flow [kg/s],BASEAIRSYS3-5:DesPer 2:Des Heat Cap [W],BASEAIRSYS3-5:DesPer 2:Des Cool Mass Flow [kg/s],BASEAIRSYS3-5:DesPer 2:Des Sens Cool Cap [W],BASEAIRSYS3-5:DesPer 2:Des Tot Cool Cap [W],BASEAIRSYS3-6:DesPer 1:Des Heat Mass Flow [kg/s],BASEAIRSYS3-6:DesPer 1:Des Heat Cap [W],BASEAIRSYS3-6:DesPer 1:Des Cool Mass Flow [kg/s],BASEAIRSYS3-6:DesPer 1:Des Sens Cool Cap [W],BASEAIRSYS3-6:DesPer 1:Des Tot Cool Cap [W],BASEAIRSYS3-6:DesPer 2:Des Heat Mass Flow [kg/s],BASEAIRSYS3-6:DesPer 2:Des Heat Cap [W],BASEAIRSYS3-6:DesPer 2:Des Cool Mass Flow [kg/s],BASEAIRSYS3-6:DesPer 2:Des Sens Cool Cap [W],BASEAIRSYS3-6:DesPer 2:Des Tot Cool Cap [W],BASEAIRSYS3-7:DesPer 1:Des Heat Mass Flow [kg/s],BASEAIRSYS3-7:DesPer 1:Des Heat Cap [W],BASEAIRSYS3-7:DesPer 1:Des Cool Mass Flow [kg/s],BASEAIRSYS3-7:DesPer 1:Des Sens Cool Cap [W],BASEAIRSYS3-7:DesPer 1:Des Tot Cool Cap [W],BASEAIRSYS3-7:DesPer 2:Des Heat Mass Flow [kg/s],BASEAIRSYS3-7:DesPer 2:Des Heat Cap [W],BASEAIRSYS3-7:DesPer 2:Des Cool Mass Flow [kg/s],BASEAIRSYS3-7:DesPer 2:Des Sens Cool Cap [W],BASEAIRSYS3-7:DesPer 2:Des Tot Cool Cap [W],BASEAIRSYS3-8:DesPer 1:Des Heat Mass Flow [kg/s],BASEAIRSYS3-8:DesPer 1:Des Heat Cap [W],BASEAIRSYS3-8:DesPer 1:Des Cool Mass Flow [kg/s],BASEAIRSYS3-8:DesPer 1:Des Sens Cool Cap [W],BASEAIRSYS3-8:DesPer 1:Des Tot Cool Cap [W],BASEAIRSYS3-8:DesPer 2:Des Heat Mass Flow [kg/s],BASEAIRSYS3-8:DesPer 2:Des Heat Cap [W],BASEAIRSYS3-8:DesPer 2:Des Cool Mass Flow [kg/s],BASEAIRSYS3-8:DesPer 2:Des Sens Cool Cap [W],BASEAIRSYS3-8:DesPer 2:Des Tot Cool Cap [W],BASEAIRSYS3-9:DesPer 1:Des Heat Mass Flow [kg/s],BASEAIRSYS3-9:DesPer 1:Des Heat Cap [W],BASEAIRSYS3-9:DesPer 1:Des Cool Mass Flow [kg/s],BASEAIRSYS3-9:DesPer 1:Des Sens Cool Cap [W],BASEAIRSYS3-9:DesPer 1:Des Tot Cool Cap [W],BASEAIRSYS3-9:DesPer 2:Des Heat Mass Flow [kg/s],BASEAIRSYS3-9:DesPer 2:Des Heat Cap [W],BASEAIRSYS3-9:DesPer 2:Des Cool Mass Flow [kg/s],BASEAIRSYS3-9:DesPer 2:Des Sens Cool Cap [W],BASEAIRSYS3-9:DesPer 2:Des Tot Cool Cap [W]
00:15:00,5.165079E-02,6.637570E+02,1.336780E-01,1.282848E+03,1.474332E+03,2.950040E-01,4.565991E+03,5.165079E-02,0.000000E+00,0.000000E+00,3.730654E-01,4.794210E+03,3.730654E-01,2.495083E+03,2.744560E+03,3.730654E-01,1.335399E+04,3.730654E-01,0.000000E+00,0.000000E+00,4.820504E-02,6.194760E+02,4.820504E-02,3.223982E+02,3.546339E+02,7.037630E-02,1.973067E+03,4.820504E-02,0.000000E+00,0.000000E+00,4.820516E-02,6.194776E+02,4.820516E-02,3.223990E+02,3.546348E+02,5.322005E-02,1.781511E+03,4.820516E-02,0.000000E+00,0.000000E+00,3.353389E-02,4.309392E+02,7.452578E-02,7.028136E+02,9.326752E+02,8.600473E-02,1.786229E+03,3.353389E-02,0.000000E+00,0.000000E+00,1.047938E-02,1.346690E+02,1.102093E-01,1.221035E+03,1.616951E+03,1.356868E-01,1.773111E+03,1.047938E-02,0.000000E+00,0.000000E+00,3.772573E-02,4.848080E+02,1.720141E-01,1.776499E+03,2.408320E+03,3.477522E-01,4.811934E+03,3.772573E-02,0.000000E+00,0.000000E+00,0.000000E+00,0.000000E+00,7.207275E-03,8.244397E+01,8.814966E+01,4.270867E-03,4.768464E+01,0.000000E+00,0.000000E+00,0.000000E+00,1.467111E-02,1.885364E+02,2.874542E-02,2.595150E+02,2.942317E+02,4.929659E-02,9.117630E+02,1.467111E-02,0.000000E+00,0.000000E+00,2.724636E-02,3.501391E+02,7.045617E-02,6.893204E+02,1.071102E+03,5.884524E-02,1.328108E+03,2.724636E-02,0.000000E+00,0.000000E+00
00:30:00,5.165079E-02,6.714644E+02,8.829172E-02,7.742035E+02,8.890322E+02,1.991385E-01,3.540884E+03,5.165079E-02,0.000000E+00,0.000000E+00,3.730654E-01,4.849879E+03,3.730654E-01,2.439414E+03,2.687778E+03,3.730654E-01,1.335399E+04,3.730654E-01,0.000000E+00,0.000000E+00,4.820504E-02,6.266693E+02,4.820504E-02,3.152049E+02,3.472969E+02,4.820504E-02,1.725514E+03,4.820504E-02,0.000000E+00,0.000000E+00,4.820516E-02,6.266708E+02,4.820516E-02,3.152057E+02,3.472978E+02,4.820516E-02,1.725518E+03,4.820516E-02,0.000000E+00,0.000000E+00,3.353389E-02,4.359432E+02,4.933549E-02,4.176745E+02,5.418330E+02,5.733306E-02,1.466090E+03,3.353389E-02,0.000000E+00,0.000000E+00,1.047938E-02,1.362327E+02,7.283895E-02,8.300669E+02,1.133907E+03,9.045477E-02,1.268075E+03,1.047938E-02,0.000000E+00,0.000000E+00,3.772573E-02,4.904375E+02,1.133114E-01,1.131187E+03,1.537097E+03,2.318216E-01,3.517537E+03,3.772573E-02,0.000000E+00,0.000000E+00,0.000000E+00,0.000000E+00,4.780551E-03,5.685736E+01,6.126049E+01,2.846580E-03,3.178234E+01,0.000000E+00,0.000000E+00,0.000000E+00,1.467111E-02,1.907256E+02,1.899301E-02,1.477865E+02,1.664808E+02,3.286225E-02,7.282676E+02,1.467111E-02,0.000000E+00,0.000000E+00,2.724636E-02,3.542048E+02,4.677064E-02,4.269312E+02,6.606737E+02,3.922916E-02,1.109085E+03,2.724636E-02,0.000000E+00,0.000000E+00
00:45:00,5.165079E-02,6.791718E+02,5.165079E-02,3.300288E+02,3.642607E+02,1.132396E-01,2.641333E+03,5.165079E-02,0.000000E+00,0.000000E+00,3.730654E-01,4.905549E+03,3.730654E-01,2.383745E+03,2.630997E+03,3.730654E-01,1.335399E+04,3.730654E-01,0.000000E+00,0.000000E+00,4.820504E-02,6.338625E+02,4.820504E-02,3.080117E+02,3.399599E+02,4.820504E-02,1.725514E+03,4.820504E-02,0.000000E+00,0.000000E+00,4.820516E-02,6.338641E+02,4.820516E-02,3.080125E+02,3.399608E+02,4.820516E-02,1.725518E+03,4.820516E-02,0.000000E+00,0.000000E+00,3.353389E-02,4.409472E+02,3.353389E-02,2.142687E+02,2.364935E+02,3.353389E-02,1.200355E+03,3.353389E-02,0.000000E+00,0.000000E+00,1.047938E-02,1.377965E+02,3.611616E-02,4.012921E+02,5.508041E+02,4.522594E-02,7.630738E+02,1.047938E-02,0.000000E+00,0.000000E+00,3.772573E-02,4.960670E+02,5.599792E-02,4.631574E+02,5.890332E+02,1.159045E-01,2.223291E+03,3.772573E-02,0.000000E+00,0.000000E+00,0.000000E+00,0.000000E+00,2.378480E-03,2.956543E+01,3.204920E+01,1.422971E-03,1.588761E+01,0.000000E+00,0.000000E+00,0.000000E+00,1.467111E-02,1.929149E+02,1.467111E-02,9.374279E+01,1.034662E+02,1.643009E-02,5.447964E+02,1.467111E-02,0.000000E+00,0.000000E+00,2.724636E-02,3.582706E+02,2.724636E-02,1.740938E+02,1.921515E+02,2.724636E-02,9.752915E+02,2.724636E-02,0.000000E+00,0.000000E+00
01:00:00,5.165079E-02,6.868792E+02,5.165079E-02,3.223214E+02,3.563994E+02,5.165079E-02,1.848855E+03,5.165079E-02,0.000000E+00,0.000000E+00,3.730654E-01,4.961218E+03,3.730654E-01,2.328075E+03,2.574215E+03,3.730654E-01,1.335399E+04,3.730654E-01,0.000000E+00,0.000000E+00,4.820504E-02,6.410557E+02,4.820504E-02,3.008185E+02,3.326231E+02,4.820504E-02,1.725514E+03,4.820504E-02,0.000000E+00,0.000000E+00,4.820516E-02,6.410573E+02,4.820516E-02,3.008192E+02,3.326239E+02,4.820516E-02,1.725518E+03,4.820516E-02,0.000000E+00,0.000000E+00,3.353389E-02,4.459511E+02,3.353389E-02,2.092647E+02,2.313896E+02,3.353389E-02,1.200355E+03,3.353389E-02,0.000000E+00,0.000000E+00,1.047938E-02,1.393602E+02,1.047938E-02,6.539544E+01,7.230950E+01,1.047938E-02,3.751123E+02,1.047938E-02,0.000000E+00,0.000000E+00,3.772573E-02,5.016965E+02,3.772573E-02,2.354235E+02,2.603141E+02,3.772573E-02,1.350404E+03,3.772573E-02,0.000000E+00,0.000000E+00,0.000000E+00,0.000000E+00,0.000000E+00,0.000000E+00,0.000000E+00,0.000000E+00,0.000000E+00,0.000000E+00,0.000000E+00,0.000000E+00,1.467111E-02,1.951041E+02,1.467111E-02,9.155355E+01,1.012332E+02,1.467111E-02,5.251568E+02,1.467111E-02,0.000000E+00,0.000000E+00,2.724636E-02,3.623363E+02,2.724636E-02,1.700281E+02,1.880046E+02,2.724636E-02,9.752915E+02,2.724636E-02,0.000000E+00,0.000000E+00
01:15:00,5.165079E-02,6.920175E+02,5.165079E-02,3.171831E+02,3.511584E+02,5.477247E-02,1.897735E+03,5.165079E-02,0.000000E+00,0.000000E+00,3.730654E-01,4.998331E+03,3.730654E-01,2.290962E+03,2.536361E+03,3.730654E-01,1.335399E+04,3.730654E-01,0.000000E+00,0.000000E+00,4.820504E-02,6.458512E+02,4.820504E-02,2.960230E+02,3.277318E+02,4.820504E-02,1.725514E+03,4.820504E-02,0.000000E+00,0.000000E+00,4.820516E-02,6.458528E+02,4.820516E-02,2.960237E+02,3.277326E+02,4.820516E-02,1.725518E+03,4.820516E-02,0.000000E+00,0.000000E+00,3.353389E-02,4.492871E+02,3.353389E-02,2.059287E+02,2.279870E+02,3.353389E-02,1.200355E+03,3.353389E-02,0.000000E+00,0.000000E+00,1.047938E-02,1.404027E+02,1.047938E-02,6.435295E+01,7.124617E+01,1.047938E-02,3.751123E+02,1.047938E-02,0.000000E+00,0.000000E+00,3.772573E-02,5.054495E+02,3.772573E-02,2.316705E+02,2.564861E+02,3.772573E-02,1.350404E+03,3.772573E-02,0.000000E+00,0.000000E+00,0.000000E+00,0.000000E+00,0.000000E+00,0.000000E+00,0.000000E+00,0.000000E+00,0.000000E+00,0.000000E+00,0.000000E+00,0.000000E+00,1.467111E-02,1.965636E+02,1.467111E-02,9.009405E+01,9.974455E+01,1.467111E-02,5.251568E+02,1.467111E-02,0.000000E+00,0.000000E+00,2.724636E-02,3.650468E+02,2.724636E-02,1.673176E+02,1.852399E+02,2.724636E-02,9.752915E+02,2.724636E-02,0.000000E+00,0.000000E+00
01:30:00,5.165079E-02,6.971557E+02,5.165079E-02,3.120448E+02,3.459176E+02,7.508720E-02,2.241338E+03,5.165079E-02,0.000000E+00,0.000000E+00,3.730654E-01,5.035444E+03,3.730654E-01,2.253849E+03,2.498507E+03,3.730654E-01,1.335399E+04,3.730654E-01,0.000000E+00,0.000000E+00,4.820504E-02,6.506467E+02,4.820504E-02,2.912275E+02,3.228406E+02,4.820504E-02,1.725514E+03,4.820504E-02,0.000000E+00,0.000000E+00,4.820516E-02,6.506483E+02,4.820516E-02,2.912282E+02,3.228414E+02,4.820516E-02,1.725518E+03,4.820516E-02,0.000000E+00,0.000000E+00,3.353389E-02,4.526231E+02,3.353389E-02,2.025927E+02,2.245844E+02,3.353389E-02,1.200355E+03,3.353389E-02,0.000000E+00,0.000000E+00,1.047938E-02,1.414452E+02,1.047938E-02,6.331045E+01,7.018287E+01,1.047938E-02,3.751123E+02,1.047938E-02,0.000000E+00,0.000000E+00,3.772573E-02,5.092025E+02,3.772573E-02,2.279175E+02,2.526582E+02,3.772573E-02,1.350404E+03,3.772573E-02,0.000000E+00,0.000000E+00,0.000000E+00,0.000000E+00,0.000000E+00,0.000000E+00,0.000000E+00,0.000000E+00,0.000000E+00,0.000000E+00,0.000000E+00,0.000000E+00,1.467111E-02,1.980231E+02,1.467111E-02,8.863455E+01,9.825593E+01,1.467111E-02,5.251568E+02,1.467111E-02,0.000000E+00,0.000000E+00,2.724636E-02,3.677573E+02,2.724636E-02,1.646071E+02,1.824753E+02,2.724636E-02,9.752915E+02,2.724636E-02,0.000000E+00,0.000000E+00
01:45:00,5.165079E-02,7.022940E+02,5.165079E-02,3.069065E+02,3.406767E+02,8.708244E-02,2.442244E+03,5.165079E-02,0.000000E+00,0.000000E+00,3.730654E-01,5.072557E+03,3.730654E-01,2.216737E+03,2.460653E+03,3.730654E-01,1.335399E+04,3.730654E-01,0.000000E+00,0.000000E+00,4.820504E-02,6.554422E+02,4.820504E-02,2.864320E+02,3.179493E+02,4.820504E-02,1.725514E+03,4.820504E-02,0.000000E+00,0.000000E+00,4.820516E-02,6.554438E+02,4.820516E-02,2.864327E+02,3.179501E+02,4.820516E-02,1.725518E+03,4.820516E-02,0.000000E+00,0.000000E+00,3.353389E-02,4.559591E+02,3.353389E-02,1.992568E+02,2.211818E+02,3.353389E-02,1.200355E+03,3.353389E-02,0.000000E+00,0.000000E+00,1.047938E-02,1.424877E+02,1.047938E-02,6.226795E+01,6.911954E+01,1.047938E-02,3.751123E+02,1.047938E-02,0.000000E+00,0.000000E+00,3.772573E-02,5.129555E+02,3.772573E-02,2.241645E+02,2.488302E+02,3.772573E-02,1.350404E+03,3.772573E-02,0.000000E+00,0.000000E+00,0.000000E+00,0.000000E+00,0.000000E+00,0.000000E+00,0.000000E+00,0.000000E+00,0.000000E+00,0.000000E+00,0.000000E+00,0.000000E+00,1.467111E-02,1.994826E+02,1.467111E-02,8.717505E+01,9.676728E+01,1.467111E-02,5.251568E+02,1.467111E-02,0.000000E+00,0.000000E+00,2.724636E-02,3.704678E+02,2.724636E-02,1.618966E+02,1.797107E+02,2.724636E-02,9.752915E+02,2.724636E-02,0.000000E+00,0.000000E+00
02:00:00,5.165079E-02,7.074323E+02,5.165079E-02,3.017683E+02,3.354359E+02,9.410603E-02,2.559887E+03,5.165079E-02,0.000000E+00,0.000000E+00,3.730654E-01,5.109670E+03,3.730654E-01,2.179624E+03,2.422799E+03,3.730654E-01,1.335399E+04,3.730654E-01,0.000000E+00,0.000000E+00,4.820504E-02,6.602377E+02,4.820504E-02,2.816365E+02,3.130581E+02,4.820504E-02,1.725514E+03,4.820504E-02,0.000000E+00,0.000000E+00,4.820516E-02,6.602393E+02,4.820516E-02,2.816372E+02,3.130589E+02,4.820516E-02,1.725518E+03,4.820516E-02,0.000000E+00,0.000000E+00,3.353389E-02,4.592951E+02,3.353389E-02,1.959208E+02,2.177792E+02,3.353389E-02,1.200355E+03,3.353389E-02,0.000000E+00,0.000000E+00,1.047938E-02,1.435302E+02,1.047938E-02,6.122545E+01,6.805623E+01,1.053479E-02,3.758846E+02,1.047938E-02,0.000000E+00,0.000000E+00,3.772573E-02,5.167084E+02,3.772573E-02,2.204115E+02,2.450023E+02,3.772573E-02,1.350404E+03,3.772573E-02,0.000000E+00,0.000000E+00,0.000000E+00,0.000000E+00,0.000000E+00,0.000000E+00,0.000000E+00,0.000000E+00,0.000000E+00,0.000000E+00,0.000000E+00,0.000000E+00,1.467111E-02,2.009421E+02,1.467111E-02,8.571556E+01,9.527864E+01,1.467111E-02,5.251568E+02,1.467111E-02,0.000000E+00,0.000000E+00,2.724636E-02,3.731783E+02,2.818833E-02,1.749529E+02,2.107008E+02,2.724636E-02,9.752915E+02,2.724636E-02,0.000000E+00,0.000000E+00
02:15:00,5.165079E-02,7.112860E+02,5.165079E-02,2.979146E+02,3.315052E+02,1.013147E-01,2.680619E+03,5.165079E-02,0.000000E+00,0.000000E+00,3.730654E-01,5.137504E+03,3.730654E-01,2.151789E+03,2.394409E+03,3.730654E-01,1.335399E+04,3.730654E-01,0.000000E+00,0.000000E+00,4.820504E-02,6.638343E+02,4.820504E-02,2.780399E+02,3.093897E+02,4.820504E-02,1.725514E+03,4.820504E-02,0.000000E+00,0.000000E+00,4.820516E-02,6.638359E+02,4.820516E-02,2.780406E+02,3.093904E+02,4.820516E-02,1.725518E+03,4.820516E-02,0.000000E+00,0.000000E+00,3.353389E-02,4.617971E+02,3.353389E-02,1.934188E+02,2.152273E+02,3.353389E-02,1.200355E+03,3.353389E-02,0.000000E+00,0.000000E+00,1.047938E-02,1.443121E+02,1.047938E-02,6.044358E+01,6.725875E+01,1.946195E-02,5.128205E+02,1.047938E-02,0.000000E+00,0.000000E+00,3.772573E-02,5.195232E+02,3.772573E-02,2.175968E+02,2.421314E+02,3.772573E-02,1.350404E+03,3.772573E-02,0.000000E+00,0.000000E+00,0.000000E+00,0.000000E+00,0.000000E+00,0.000000E+00,0.000000E+00,0.000000E+00,0.000000E+00,0.000000E+00,0.000000E+00,0.000000E+00,1.467111E-02,2.020367E+02,1.467111E-02,8.462093E+01,9.416217E+01,1.467111E-02,5.251568E+02,1.467111E-02,0.000000E+00,0.000000E+00,2.724636E-02,3.752112E+02,3.281297E-02,2.503293E+02,3.710056E+02,2.724636E-02,9.752915E+02,2.724636E-02,0.000000E+00,0.000000E+00
02:30:00,5.165079E-02,7.151397E+02,5.165079E-02,2.940609E+02,3.275746E+02,1.078601E-01,2.790244E+03,5.165079E-02,0.000000E+00,0.000000E+00,3.730654E-01,5.165339E+03,3.730654E-01,2.123954E+03,2.366019E+03,3.730654E-01,1.335399E+04,3.730654E-01,0.000000E+00,0.000000E+00,4.820504E-02,6.674309E+02,4.820504E-02,2.744433E+02,3.057213E+02,4.820504E-02,1.725514E+03,4.820504E-02,0.000000E+00,0.000000E+00,4.820516E-02,6.674326E+02,4.820516E-02,2.744440E+02,3.057220E+02,4.820516E-02,1.725518E+03,4.820516E-02,0.000000E+00,0.000000E+00,3.353389E-02,4.642991E+02,3.353389E-02,1.909168E+02,2.126753E+02,3.702762E-02,1.258870E+03,3.353389E-02,0.000000E+00,0.000000E+00,1.047938E-02,1.450939E+02,1.047938E-02,5.966170E+01,6.646127E+01,3.085255E-02,7.158789E+02,1.047938E-02,0.000000E+00,0.000000E+00,3.772573E-02,5.223379E+02,3.772573E-02,2.147820E+02,2.392604E+02,4.429528E-02,1.451016E+03,3.772573E-02,0.000000E+00,0.000000E+00,0.000000E+00,0.000000E+00,0.000000E+00,0.000000E+00,0.000000E+00,0.000000E+00,0.000000E+00,0.000000E+00,0.000000E+00,0.000000E+00,1.467111E-02,2.031314E+02,1.467111E-02,8.352631E+01,9.304570E+01,1.467111E-02,5.251568E+02,1.467111E-02,0.000000E+00,0.000000E+00,2.724636E-02,3.772440E+02,3.690794E-02,3.168158E+02,5.037715E+02,2.724636E-02,9.752915E+02,2.724636E-02,0.000000E+00,0.000000E+00
02:45:00,5.165079E-02,7.189934E+02,5.165079E-02,2.902072E+02,3.236440E+02,1.142481E-01,2.897231E+03,5.165079E-02,0.000000E+00,0.000000E+00,3.730654E-01,5.193174E+03,3.730654E-01,2.096120E+03,2.337629E+03,3.730654E-01,1.335399E+04,3.730654E-01,0.000000E+00,0.000000E+00,4.820504E-02,6.710275E+02,4.820504E-02,2.708467E+02,3.020529E+02,4.820504E-02,1.725514E+03,4.820504E-02,0.000000E+00,0.000000E+00,4.820516E-02,6.710292E+02,4.820516E-02,2.708474E+02,3.020536E+02,4.820516E-02,1.725518E+03,4.820516E-02,0.000000E+00,0.000000E+00,3.353389E-02,4.668010E+02,3.353389E-02,1.884148E+02,2.101234E+02,4.122601E-02,1.329187E+03,3.353389E-02,0.000000E+00,0.000000E+00,1.047938E-02,1.458758E+02,1.047938E-02,5.887983E+01,6.566379E+01,4.060115E-02,8.795914E+02,1.047938E-02,0.000000E+00,0.000000E+00,3.772573E-02,5.251527E+02,3.772573E-02,2.119673E+02,2.363895E+02,7.176503E-02,1.919221E+03,3.772573E-02,0.000000E+00,0.000000E+00,0.000000E+00,0.000000E+00,0.000000E+00,0.000000E+00,0.000000E+00,0.000000E+00,0.000000E+00,0.000000E+00,0.000000E+00,0.000000E+00,1.467111E-02,2.042260E+02,1.467111E-02,8.243169E+01,9.192924E+01,1.755809E-02,5.735078E+02,1.467111E-02,0.000000E+00,0.000000E+00,2.724636E-02,3.792769E+02,4.005806E-02,3.674841E+02,5.955938E+02,2.724636E-02,9.752915E+02,2.724636E-02,0.000000E+00,0.000000E+00
03:00:00,5.165079E-02,7.228471E+02,5.165079E-02,2.863535E+02,3.197134E+02,1.201949E-01,2.996831E+03,5.165079E-02,0.000000E+00,0.000000E+00,3.730654E-01,5.221008E+03,3.730654E-01,2.068285E+03,2.309238E+03,3.730654E-01,1.335399E+04,3.730654E-01,0.000000E+00,0.000000E+00,4.820504E-02,6.746241E+02,4.820504E-02,2.672501E+02,2.983845E+02,4.820504E-02,1.725514E+03,4.820504E-02,0.000000E+00,0.000000E+00,4.820516E-02,6.746258E+02,4.820516E-02,2.672507E+02,2.983852E+02,4.820516E-02,1.725518E+03,4.820516E-02,0.000000E+00,0.000000E+00,3.353389E-02,4.693030E+02,3.353389E-02,1.859128E+02,2.075715E+02,4.497478E-02,1.391974E+03,3.353389E-02,0.000000E+00,0.000000E+00,1.047938E-02,1.466577E+02,1.047938E-02,5.809795E+01,6.486631E+01,4.836437E-02,1.009615E+03,1.047938E-02,0.000000E+00,0.000000E+00,3.772573E-02,5.279674E+02,3.772573E-02,2.091525E+02,2.335186E+02,9.871437E-02,2.371812E+03,3.772573E-02,0.000000E+00,0.000000E+00,0.000000E+00,0.000000E+00,0.000000E+00,0.000000E+00,0.000000E+00,0.000000E+00,0.000000E+00,0.000000E+00,0.000000E+00,0.000000E+00,1.467111E-02,2.053206E+02,1.467111E-02,8.133707E+01,9.081276E+01,2.016358E-02,6.171449E+02,1.467111E-02,0.000000E+00,0.000000E+00,2.724636E-02,3.813098E+02,4.266882E-02,4.091279E+02,6.639729E+02,2.724636E-02,9.752915E+02,2.724636E-02,0.000000E+00,0.000000E+00
03:15:00,5.165079E-02,7.267008E+02,5.165079E-02,2.824997E+02,3.157828E+02,1.256897E-01,3.088861E+03,5.165079E-02,0.000000E+00,0.000000E+00,3.730654E-01,5.248843E+03,3.730654E-01,2.040450E+03,2.280848E+03,3.730654E-01,1.335399E+04,3.730654E-01,0.000000E+00,0.000000E+00,4.820504E-02,6.782207E+02,4.820504E-02,2.636535E+02,2.947161E+02,4.820504E-02,1.725514E+03,4.820504E-02,0.000000E+00,0.000000E+00,4.820516E-02,6.782224E+02,4.820516E-02,2.636541E+02,2.947168E+02,4.820516E-02,1.725518E+03,4.820516E-02,0.000000E+00,0.000000E+00,3.353389E-02,4.718050E+02,3.353389E-02,1.834108E+02,2.050196E+02,4.854994E-02,1.451853E+03,3.353389E-02,0.000000E+00,0.000000E+00,1.047938E-02,1.474396E+02,1.047938E-02,5.731608E+01,6.406884E+01,5.571101E-02,1.132661E+03,1.047938E-02,0.000000E+00,0.000000E+00,3.772573E-02,5.307822E+02,3.772573E-02,2.063378E+02,2.306477E+02,1.155710E-01,2.654143E+03,3.772573E-02,0.000000E+00,0.000000E+00,0.000000E+00,0.000000E+00,0.000000E+00,0.000000E+00,0.000000E+00,0.000000E+00,0.000000E+00,0.000000E+00,0.000000E+00,0.000000E+00,1.467111E-02,2.064152E+02,1.467111E-02,8.024244E+01,8.969630E+01,2.242163E-02,6.549633E+02,1.467111E-02,0.000000E+00,0.000000E+00,2.724636E-02,3.833426E+02,4.487265E-02,4.439668E+02,7.164411E+02,2.726777E-02,9.756501E+02,2.724636E-02,0.000000E+00,0.000000E+00
03:30:00,5.165079E-02,7.305545E+02,5.165079E-02,2.786460E+02,3.118522E+02,1.307506E-01,3.173621E+03,5.165079E-02,0.000000E+00,0.000000E+00,3.730654E-01,5.276678E+03,3.730654E-01,2.012615E+03,2.252458E+03,3.730654E-01,1.335399E+04,3.730654E-01,0.000000E+00,0.000000E+00,4.820504E-02,6.818173E+02,4.820504E-02,2.600568E+02,2.910477E+02,4.820504E-02,1.725514E+03,4.820504E-02,0.000000E+00,0.000000E+00,4.820516E-02,6.818191E+02,4.820516E-02,2.600575E+02,2.910485E+02,4.820516E-02,1.725518E+03,4.820516E-02,0.000000E+00,0.000000E+00,3.353389E-02,4.743070E+02,3.353389E-02,1.809088E+02,2.024677E+02,5.200118E-02,1.509656E+03,3.353389E-02,0.000000E+00,0.000000E+00,1.047938E-02,1.482214E+02,1.047938E-02,5.653420E+01,6.327137E+01,6.214939E-02,1.240496E+03,1.047938E-02,0.000000E+00,0.000000E+00,3.772573E-02,5.335969E+02,3.772573E-02,2.035230E+02,2.277768E+02,1.341436E-01,2.965198E+03,3.772573E-02,0.000000E+00,0.000000E+00,0.000000E+00,0.000000E+00,0.000000E+00,0.000000E+00,0.000000E+00,0.000000E+00,0.000000E+00,0.000000E+00,0.000000E+00,0.000000E+00,1.467111E-02,2.075098E+02,1.467111E-02,7.914782E+01,8.857984E+01,2.464089E-02,6.921319E+02,1.467111E-02,0.000000E+00,0.000000E+00,2.724636E-02,3.853755E+02,4.675230E-02,4.733857E+02,7.578436E+02,3.024495E-02,1.025513E+03,2.724636E-02,0.000000E+00,0.000000E+00
03:45:00,5.165079E-02,7.344082E+02,5.165079E-02,2.747923E+02,3.079208E+02,1.354037E-01,3.251551E+03,5.165079E-02,0.000000E+00,0.000000E+00,3.730654E-01,5.304512E+03,3.730654E-01,1.984781E+03,2.224062E+03,3.730654E-01,1.335399E+04,3.730654E-01,0.000000E+00,0.000000E+00,4.820504E-02,6.854140E+02,4.820504E-02,2.564602E+02,2.873786E+02,4.820504E-02,1.725514E+03,4.820504E-02,0.000000E+00,0.000000E+00,4.820516E-02,6.854157E+02,4.820516E-02,2.564609E+02,2.873793E+02,4.820516E-02,1.725518E+03,4.820516E-02,0.000000E+00,0.000000E+00,3.353389E-02,4.768090E+02,3.416108E-02,1.889063E+02,2.182398E+02,5.517492E-02,1.562811E+03,3.353389E-02,0.000000E+00,0.000000E+00,1.047938E-02,1.490033E+02,1.047938E-02,5.575233E+01,6.247372E+01,6.820693E-02,1.341951E+03,1.047938E-02,0.000000E+00,0.000000E+00,3.772573E-02,5.364117E+02,3.772573E-02,2.007083E+02,2.249053E+02,1.497071E-01,3.225857E+03,3.772573E-02,0.000000E+00,0.000000E+00,0.000000E+00,0.000000E+00,0.000000E+00,0.000000E+00,0.000000E+00,0.000000E+00,0.000000E+00,0.000000E+00,0.000000E+00,0.000000E+00,1.467111E-02,2.086045E+02,1.467111E-02,7.805320E+01,8.746314E+01,2.683394E-02,7.288614E+02,1.467111E-02,0.000000E+00,0.000000E+00,2.724636E-02,3.874084E+02,4.836507E-02,4.983420E+02,7.912698E+02,3.314238E-02,1.074040E+03,2.724636E-02,0.000000E+00,0.000000E+00
04:00:00,5.165079E-02,7.382619E+02,5.165079E-02,2.709386E+02,3.039902E+02,1.396757E-01,3.323100E+03,5.165079E-02,0.000000E+00,0.000000E+00,3.730654E-01,5.332347E+03,3.730654E-01,1.956946E+03,2.195672E+03,3.730654E-01,1.335399E+04,3.730654E-01,0.000000E+00,0.000000E+00,4.820504E-02,6.890106E+02,4.820504E-02,2.528636E+02,2.837102E+02,4.820504E-02,1.725514E+03,4.820504E-02,0.000000E+00,0.000000E+00,4.820516E-02,6.890123E+02,4.820516E-02,2.528643E+02,2.837109E+02,4.820516E-02,1.725518E+03,4.820516E-02,0.000000E+00,0.000000E+00,3.353389E-02,4.793110E+02,3.593675E-02,2.161294E+02,2.659071E+02,5.809049E-02,1.611642E+03,3.353389E-02,0.000000E+00,0.000000E+00,1.047938E-02,1.497852E+02,1.674504E-02,1.597900E+02,2.893865E+02,7.403807E-02,1.439613E+03,1.047938E-02,0.000000E+00,0.000000E+00,3.772573E-02,5.392264E+02,3.772573E-02,1.978935E+02,2.220344E+02,1.645197E-01,3.473941E+03,3.772573E-02,0.000000E+00,0.000000E+00,0.000000E+00,0.000000E+00,0.000000E+00,0.000000E+00,0.000000E+00,0.000000E+00,0.000000E+00,0.000000E+00,0.000000E+00,0.000000E+00,1.467111E-02,2.096991E+02,1.467111E-02,7.695857E+01,8.634667E+01,2.890887E-02,7.636126E+02,1.467111E-02,0.000000E+00,0.000000E+00,2.724636E-02,3.894413E+02,4.975689E-02,5.196028E+02,8.188222E+02,3.581205E-02,1.118752E+03,2.724636E-02,0.000000E+00,0.000000E+00
04:15:00,5.165079E-02,7.408311E+02,5.165079E-02,2.683695E+02,3.013698E+02,1.436119E-01,3.389024E+03,5.165079E-02,0.000000E+00,0.000000E+00,3.730654E-01,5.350903E+03,3.730654E-01,1.938390E+03,2.176746E+03,3.730654E-01,1.335399E+04,3.730654E-01,0.000000E+00,0.000000E+00,4.820504E-02,6.914083E+02,4.820504E-02,2.504659E+02,2.812647E+02,4.820504E-02,1.725514E+03,4.820504E-02,0.000000E+00,0.000000E+00,4.820516E-02,6.914101E+02,4.820516E-02,2.504665E+02,2.812654E+02,4.820516E-02,1.725518E+03,4.820516E-02,0.000000E+00,0.000000E+00,3.353389E-02,4.809790E+02,3.747415E-02,2.401979E+02,3.056428E+02,6.075936E-02,1.656341E+03,3.353389E-02,0.000000E+00,0.000000E+00,1.047938E-02,1.503064E+02,2.221665E-02,2.509887E+02,4.846041E+02,7.967363E-02,1.533999E+03,1.047938E-02,0.000000E+00,0.000000E+00,3.772573E-02,5.411029E+02,3.772573E-02,1.960170E+02,2.201205E+02,1.790709E-01,3.717645E+03,3.772573E-02,0.000000E+00,0.000000E+00,0.000000E+00,0.000000E+00,0.000000E+00,0.000000E+00,0.000000E+00,0.000000E+00,0.000000E+00,0.000000E+00,0.000000E+00,0.000000E+00,1.467111E-02,2.104288E+02,1.467111E-02,7.622883E+01,8.560238E+01,3.083676E-02,7.959009E+02,1.467111E-02,0.000000E+00,0.000000E+00,2.724636E-02,3.907965E+02,5.096680E-02,5.384979E+02,8.426840E+02,3.825567E-02,1.159678E+03,2.724636E-02,0.000000E+00,0.000000E+00
04:30:00,5.165079E-02,7.434002E+02,5.165079E-02,2.658004E+02,2.987494E+02,1.472509E-01,3.449969E+03,5.165079E-02,0.000000E+00,0.000000E+00,3.730654E-01,5.369460E+03,3.730654E-01,1.919833E+03,2.157819E+03,3.730654E-01,1.335399E+04,3.730654E-01,0.000000E+00,0.000000E+00,4.820504E-02,6.938061E+02,4.820504E-02,2.480681E+02,2.788191E+02,4.820504E-02,1.725514E+03,4.820504E-02,0.000000E+00,0.000000E+00,4.820516E-02,6.938078E+02,4.820516E-02,2.480688E+02,2.788198E+02,4.820516E-02,1.725518E+03,4.820516E-02,0.000000E+00,0.000000E+00,3.353389E-02,4.826470E+02,3.881012E-02,2.608946E+02,3.384133E+02,6.319543E-02,1.697140E+03,3.353389E-02,0.000000E+00,0.000000E+00,1.047938E-02,1.508277E+02,2.680435E-02,3.272753E+02,6.400121E+02,8.491807E-02,1.621833E+03,1.047938E-02,0.000000E+00,0.000000E+00,3.772573E-02,5.429794E+02,3.772573E-02,1.941405E+02,2.182065E+02,1.933232E-01,3.956343E+03,3.772573E-02,0.000000E+00,0.000000E+00,0.000000E+00,0.000000E+00,0.000000E+00,0.000000E+00,0.000000E+00,0.000000E+00,0.000000E+00,0.000000E+00,0.000000E+00,0.000000E+00,1.467111E-02,2.111586E+02,1.467111E-02,7.549908E+01,8.485808E+01,3.261456E-02,8.256753E+02,1.467111E-02,0.000000E+00,0.000000E+00,2.724636E-02,3.921518E+02,5.202193E-02,5.548028E+02,8.630599E+02,4.047954E-02,1.196924E+03,2.724636E-02,0.000000E+00,0.000000E+00
04:45:00,5.165079E-02,7.459693E+02,5.165079E-02,2.632312E+02,2.961291E+02,1.506221E-01,3.506430E+03,5.165079E-02,0.000000E+00,0.000000E+00,3.730654E-01,5.388016E+03,3.730654E-01,1.901277E+03,2.138892E+03,3.730654E-01,1.335399E+04,3.730654E-01,0.000000E+00,0.000000E+00,4.820504E-02,6.962038E+02,4.820504E-02,2.456704E+02,2.763735E+02,4.956483E-02,1.748288E+03,4.820504E-02,0.000000E+00,0.000000E+00,4.820516E-02,6.962056E+02,4.820516E-02,2.456710E+02,2.763742E+02,4.820516E-02,1.725518E+03,4.820516E-02,0.000000E+00,0.000000E+00,3.353389E-02,4.843150E+02,4.073536E-02,2.914565E+02,3.861327E+02,6.541391E-02,1.734296E+03,3.353389E-02,0.000000E+00,0.000000E+00,1.047938E-02,1.513489E+02,3.101448E-02,3.972340E+02,7.729341E+02,8.977472E-02,1.703171E+03,1.047938E-02,0.000000E+00,0.000000E+00,3.772573E-02,5.448559E+02,3.772573E-02,1.922640E+02,2.162926E+02,2.067101E-01,4.180546E+03,3.772573E-02,0.000000E+00,0.000000E+00,0.000000E+00,0.000000E+00,0.000000E+00,0.000000E+00,0.000000E+00,0.000000E+00,0.000000E+00,0.000000E+00,0.000000E+00,0.000000E+00,1.467111E-02,2.118883E+02,1.467111E-02,7.476933E+01,8.411377E+01,3.424481E-02,8.529785E+02,1.467111E-02,0.000000E+00,0.000000E+00,2.724636E-02,3.935070E+02,5.349292E-02,5.780659E+02,8.960547E+02,4.249505E-02,1.230680E+03,2.724636E-02,0.000000E+00,0.000000E+00
05:00:00,5.165079E-02,7.485385E+02,5.165079E-02,2.606621E+02,2.935087E+02,1.537573E-01,3.558938E+03,5.165079E-02,0.000000E+00,0.000000E+00,3.730654E-01,5.406573E+03,3.730654E-01,1.882720E+03,2.119966E+03,3.730654E-01,1.335399E+04,3.730654E-01,0.000000E+00,0.000000E+00,4.820504E-02,6.986015E+02,4.820504E-02,2.432726E+02,2.739280E+02,5.162725E-02,1.782830E+03,4.820504E-02,0.000000E+00,0.000000E+00,4.820516E-02,6.986033E+02,4.820516E-02,2.432733E+02,2.739287E+02,4.820516E-02,1.725518E+03,4.820516E-02,0.000000E+00,0.000000E+00,3.353389E-02,4.859830E+02,4.383146E-02,3.416211E+02,4.611136E+02,6.742841E-02,1.768034E+03,3.353389E-02,0.000000E+00,0.000000E+00,1.047938E-02,1.518702E+02,3.466788E-02,4.578738E+02,8.716682E+02,9.425277E-02,1.778169E+03,1.047938E-02,0.000000E+00,0.000000E+00,3.772573E-02,5.467324E+02,3.772573E-02,1.903876E+02,2.143787E+02,2.192078E-01,4.389856E+03,3.772573E-02,0.000000E+00,0.000000E+00,0.000000E+00,0.000000E+00,0.000000E+00,0.000000E+00,0.000000E+00,0.000000E+00,0.000000E+00,0.000000E+00,0.000000E+00,0.000000E+00,1.467111E-02,2.126181E+02,1.467111E-02,7.403958E+01,8.336947E+01,3.573370E-02,8.779143E+02,1.467111E-02,0.000000E+00,0.000000E+00,2.724636E-02,3.948623E+02,5.572429E-02,6.140637E+02,9.447800E+02,4.431648E-02,1.261185E+03,2.724636E-02,0.000000E+00,0.000000E+00
05:15:00,5.165079E-02,7.459693E+02,1.252327E-01,1.299154E+03,1.736526E+03,3.372316E-01,6.332032E+03,5.165079E-02,0.000000E+00,0.000000E+00,3.730654E-01,5.388016E+03,5.070292E-01,3.972288E+03,6.278778E+03,6.285352E-01,1.732595E+04,3.730654E-01,0.000000E+00,0.000000E+00,4.820504E-02,6.962038E+02,4.820504E-02,2.456704E+02,2.763735E+02,1.162469E-01,2.780760E+03,4.820504E-02,0.000000E+00,0.000000E+00,4.820516E-02,6.962056E+02,4.820516E-02,2.456710E+02,2.763742E+02,8.992629E-02,2.380494E+03,4.820516E-02,0.000000E+00,0.000000E+00,3.353389E-02,4.843150E+02,1.016189E-01,1.225558E+03,1.527684E+03,1.316653E-01,2.722349E+03,3.353389E-02,0.000000E+00,0.000000E+00,1.047938E-02,1.513489E+02,1.452270E-01,2.140056E+03,3.033415E+03,2.168382E-01,3.575528E+03,1.047938E-02,0.000000E+00,0.000000E+00,3.772573E-02,5.448559E+02,2.302359E-01,2.870373E+03,5.076316E+03,5.887746E-01,1.000144E+04,3.772573E-02,0.000000E+00,0.000000E+00,0.000000E+00,0.000000E+00,8.482904E-03,1.220393E+02,1.412588E+02,4.747127E-03,5.426532E+01,0.000000E+00,0.000000E+00,0.000000E+00,1.467111E-02,2.118883E+02,3.937577E-02,4.441409E+02,5.571633E+02,7.756462E-02,1.500567E+03,1.467111E-02,0.000000E+00,0.000000E+00,2.724636E-02,3.935070E+02,9.892667E-02,1.248886E+03,1.647893E+03,9.615945E-02,2.044075E+03,2.724636E-02,0.000000E+00,0.000000E+00
05:30:00,5.165079E-02,7.434002E+02,1.356366E-01,1.369395E+03,1.765355E+03,3.777083E-01,6.512369E+03,5.165079E-02,0.000000E+00,0.000000E+00,3.730654E-01,5.369460E+03,5.384556E-01,4.246983E+03,6.740796E+03,6.724978E-01,1.759154E+04,3.730654E-01,0.000000E+00,0.000000E+00,4.820504E-02,6.938061E+02,4.820504E-02,2.480681E+02,2.788191E+02,1.383450E-01,2.997659E+03,4.820504E-02,0.000000E+00,0.000000E+00,4.820516E-02,6.938078E+02,4.820516E-02,2.480688E+02,2.788198E+02,1.102608E-01,2.613111E+03,4.820516E-02,0.000000E+00,0.000000E+00,3.353389E-02,4.826470E+02,1.223854E-01,1.425037E+03,1.721902E+03,1.587852E-01,2.968147E+03,3.353389E-02,0.000000E+00,0.000000E+00,1.047938E-02,1.508277E+02,1.732968E-01,2.348165E+03,3.017493E+03,2.693940E-01,4.029230E+03,1.047938E-02,0.000000E+00,0.000000E+00,3.772573E-02,5.429794E+02,2.550246E-01,3.027122E+03,4.955195E+03,6.943879E-01,1.074298E+04,3.772573E-02,0.000000E+00,0.000000E+00,0.000000E+00,0.000000E+00,1.238670E-02,1.656978E+02,1.822558E+02,7.871355E-03,8.997896E+01,0.000000E+00,0.000000E+00,0.000000E+00,1.467111E-02,2.111586E+02,5.210899E-02,5.910088E+02,6.923931E+02,9.489196E-02,1.657329E+03,1.467111E-02,0.000000E+00,0.000000E+00,2.724636E-02,3.921518E+02,1.180432E-01,1.419829E+03,1.857446E+03,1.181678E-01,2.258502E+03,2.724636E-02,0.000000E+00,0.000000E+00
05:45:00,5.165079E-02,7.408311E+02,2.234480E-01,2.364288E+03,2.750684E+03,4.973392E-01,7.601378E+03,5.165079E-02,0.000000E+00,0.000000E+00,3.730654E-01,5.350903E+03,7.032743E-01,6.125165E+03,8.680811E+03,8.211051E-01,1.906930E+04,3.730654E-01,0.000000E+00,0.000000E+00,4.820504E-02,6.914083E+02,4.820504E-02,2.504659E+02,2.812647E+02,1.782766E-01,3.379672E+03,4.820504E-02,0.000000E+00,0.000000E+00,4.820516E-02,6.914101E+02,5.032939E-02,2.759722E+02,3.130160E+02,1.496008E-01,3.034282E+03,4.820516E-02,0.000000E+00,0.000000E+00,3.353389E-02,4.809790E+02,1.638912E-01,1.829940E+03,2.011372E+03,2.011645E-01,3.332320E+03,3.353389E-02,0.000000E+00,0.000000E+00,1.047938E-02,1.503064E+02,2.392222E-01,2.958479E+03,2.953634E+03,3.513077E-01,4.709598E+03,1.047938E-02,0.000000E+00,0.000000E+00,3.772573E-02,5.411029E+02,4.076108E-01,4.688901E+03,6.273732E+03,9.219008E-01,1.276320E+04,3.772573E-02,0.000000E+00,0.000000E+00,0.000000E+00,0.000000E+00,1.864437E-02,2.300554E+02,2.338057E+02,1.297291E-02,1.482958E+02,0.000000E+00,0.000000E+00,0.000000E+00,1.467111E-02,2.104288E+02,8.114977E-02,9.115066E+02,9.043693E+02,1.230219E-01,1.903108E+03,1.467111E-02,0.000000E+00,0.000000E+00,2.724636E-02,3.907965E+02,1.530892E-01,1.739650E+03,2.075653E+03,1.523717E-01,2.566597E+03,2.724636E-02,0.000000E+00,0.000000E+00
06:00:00,5.165079E-02,7.382619E+02,2.972549E-01,3.026934E+03,3.289659E+03,5.911401E-01,8.059114E+03,5.165079E-02,0.000000E+00,0.000000E+00,3.730654E-01,5.332347E+03,8.321823E-01,7.138709E+03,1.071453E+04,9.186049E-01,1.955163E+04,3.730654E-01,0.000000E+00,0.000000E+00,4.820504E-02,6.890106E+02,4.820504E-02,2.528636E+02,2.837102E+02,2.074052E-01,3.527908E+03,4.820504E-02,0.000000E+00,0.000000E+00,4.820516E-02,6.890123E+02,6.348300E-02,4.239021E+02,4.826968E+02,1.782748E-01,3.222851E+03,4.820516E-02,0.000000E+00,0.000000E+00,3.353389E-02,4.793110E+02,1.978416E-01,2.033654E+03,2.292835E+03,2.330461E-01,3.459332E+03,3.353389E-02,0.000000E+00,0.000000E+00,1.047938E-02,1.497852E+02,2.887372E-01,3.199609E+03,3.152510E+03,4.124071E-01,4.925647E+03,1.047938E-02,0.000000E+00,0.000000E+00,3.772573E-02,5.392264E+02,5.292474E-01,5.710711E+03,6.625407E+03,1.086759E+00,1.342704E+04,3.772573E-02,0.000000E+00,0.000000E+00,0.000000E+00,0.000000E+00,2.380272E-02,2.680976E+02,2.664152E+02,1.708915E-02,1.953493E+02,0.000000E+00,0.000000E+00,0.000000E+00,1.467111E-02,2.096991E+02,1.079750E-01,1.130480E+03,1.093165E+03,1.441560E-01,1.991160E+03,1.467111E-02,0.000000E+00,0.000000E+00,2.724636E-02,3.894413E+02,1.816415E-01,1.888323E+03,2.337388E+03,1.777485E-01,2.679271E+03,2.724636E-02,0.000000E+00,0.000000E+00
06:15:00,5.165079E-02,7.292699E+02,2.494249E-01,2.487907E+03,2.691611E+03,4.984322E-01,6.837279E+03,5.165079E-02,0.000000E+00,0.000000E+00,3.730654E-01,5.267399E+03,7.296294E-01,5.999127E+03,9.284799E+03,7.047020E-01,1.705679E+04,3.730654E-01,0.000000E+00,0.000000E+00,4.820504E-02,6.806185E+02,4.820504E-02,2.612557E+02,2.922705E+02,1.699222E-01,3.084520E+03,4.820504E-02,0.000000E+00,0.000000E+00,4.820516E-02,6.806202E+02,4.820516E-02,2.612564E+02,2.922712E+02,1.442990E-01,2.798424E+03,4.820516E-02,0.000000E+00,0.000000E+00,3.353389E-02,4.734730E+02,1.765035E-01,1.777635E+03,2.069601E+03,1.983897E-01,3.041034E+03,3.353389E-02,0.000000E+00,0.000000E+00,1.047938E-02,1.479608E+02,2.266042E-01,2.469610E+03,2.623058E+03,3.467956E-01,4.130173E+03,1.047938E-02,0.000000E+00,0.000000E+00,3.772573E-02,5.326587E+02,4.220306E-01,4.494487E+03,5.142048E+03,8.726587E-01,1.067257E+04,3.772573E-02,0.000000E+00,0.000000E+00,0.000000E+00,0.000000E+00,2.013625E-02,2.248170E+02,2.268793E+02,1.616356E-02,1.804677E+02,0.000000E+00,0.000000E+00,0.000000E+00,1.467111E-02,2.071450E+02,9.714079E-02,1.000269E+03,1.011663E+03,1.220210E-01,1.723742E+03,1.467111E-02,0.000000E+00,0.000000E+00,2.724636E-02,3.846979E+02,1.684091E-01,1.723007E+03,2.199105E+03,1.493580E-01,2.338700E+03,2.724636E-02,0.000000E+00,0.000000E+00
06:30:00,5.165079E-02,7.202780E+02,3.198956E-01,3.283624E+03,3.581501E+03,5.441751E-01,7.348029E+03,5.165079E-02,0.000000E+00,0.000000E+00,3.730654E-01,5.202452E+03,8.487207E-01,7.390782E+03,1.210499E+04,7.362649E-01,1.740921E+04,3.730654E-01,0.000000E+00,0.000000E+00,4.820504E-02,6.722264E+02,4.820504E-02,2.696478E+02,3.008301E+02,1.720203E-01,3.107953E+03,4.820504E-02,0.000000E+00,0.000000E+00,4.820516E-02,6.722281E+02,5.635856E-02,3.606739E+02,4.053635E+02,1.481500E-01,2.841421E+03,4.820516E-02,0.000000E+00,0.000000E+00,3.353389E-02,4.676350E+02,1.918372E-01,1.954526E+03,2.319576E+03,1.976627E-01,3.032931E+03,3.353389E-02,0.000000E+00,0.000000E+00,1.047938E-02,1.461364E+02,2.433754E-01,2.658683E+03,3.015379E+03,3.448458E-01,4.108416E+03,1.047938E-02,0.000000E+00,0.000000E+00,3.772573E-02,5.260909E+02,5.219520E-01,5.616452E+03,6.556156E+03,9.063003E-01,1.104820E+04,3.772573E-02,0.000000E+00,0.000000E+00,0.000000E+00,0.000000E+00,2.077710E-02,2.319740E+02,2.380716E+02,1.660449E-02,1.853907E+02,0.000000E+00,0.000000E+00,0.000000E+00,1.467111E-02,2.045909E+02,1.149850E-01,1.202070E+03,1.256503E+03,1.221795E-01,1.725515E+03,1.467111E-02,0.000000E+00,0.000000E+00,2.724636E-02,3.799545E+02,1.787180E-01,1.842576E+03,2.393995E+03,1.480234E-01,2.323805E+03,2.724636E-02,0.000000E+00,0.000000E+00
06:45:00,5.165079E-02,7.112860E+02,3.163371E-01,3.252888E+03,3.556219E+03,5.069583E-01,6.932501E+03,5.165079E-02,0.000000E+00,0.000000E+00,3.730654E-01,5.137504E+03,8.403496E-01,7.362135E+03,1.208240E+04,6.554208E-01,1.650657E+04,3.730654E-01,0.000000E+00,0.000000E+00,4.820504E-02,6.638343E+02,4.820504E-02,2.780399E+02,3.093897E+02,1.539341E-01,2.906015E+03,4.820504E-02,0.000000E+00,0.000000E+00,4.820516E-02,6.638359E+02,4.941891E-02,2.915910E+02,3.249469E+02,1.306194E-01,2.645688E+03,4.820516E-02,0.000000E+00,0.000000E+00,3.353389E-02,4.617971E+02,1.854860E-01,1.889492E+03,2.254399E+03,1.791187E-01,2.825882E+03,3.353389E-02,0.000000E+00,0.000000E+00,1.047938E-02,1.443121E+02,2.194508E-01,2.393512E+03,2.806024E+03,3.084265E-01,3.701784E+03,1.047938E-02,0.000000E+00,0.000000E+00,3.772573E-02,5.195232E+02,4.962471E-01,5.336143E+03,6.274106E+03,8.048177E-01,9.915123E+03,3.772573E-02,0.000000E+00,0.000000E+00,0.000000E+00,0.000000E+00,1.884546E-02,2.104120E+02,2.176140E+02,1.484803E-02,1.657796E+02,0.000000E+00,0.000000E+00,0.000000E+00,1.467111E-02,2.020367E+02,1.187617E-01,1.246834E+03,1.316799E+03,1.097408E-01,1.586635E+03,1.467111E-02,0.000000E+00,0.000000E+00,2.724636E-02,3.752112E+02,1.722427E-01,1.775093E+03,2.316867E+03,1.322715E-01,2.147930E+03,2.724636E-02,0.000000E+00,0.000000E+00
07:00:00,5.165079E-02,7.022940E+02,3.297785E-01,3.412008E+03,3.729899E+03,4.923291E-01,6.769172E+03,5.165079E-02,0.000000E+00,0.000000E+00,3.730654E-01,5.072557E+03,8.722560E-01,7.782683E+03,1.271324E+04,6.197508E-01,1.610831E+04,3.730654E-01,0.000000E+00,0.000000E+00,4.820504E-02,6.554422E+02,4.820504E-02,2.864320E+02,3.179493E+02,1.447032E-01,2.802953E+03,4.820504E-02,0.000000E+00,0.000000E+00,4.820516E-02,6.554438E+02,4.820516E-02,2.864327E+02,3.179501E+02,1.217571E-01,2.546740E+03,4.820516E-02,0.000000E+00,0.000000E+00,3.353389E-02,4.559591E+02,1.851914E-01,1.892005E+03,2.258705E+03,1.689611E-01,2.712474E+03,3.353389E-02,0.000000E+00,0.000000E+00,1.047938E-02,1.424877E+02,2.097284E-01,2.286680E+03,2.732408E+03,2.885919E-01,3.480334E+03,1.047938E-02,0.000000E+00,0.000000E+00,3.772573E-02,5.129555E+02,5.036642E-01,5.425752E+03,6.403940E+03,7.548645E-01,9.357400E+03,3.772573E-02,0.000000E+00,0.000000E+00,0.000000E+00,0.000000E+00,1.783642E-02,1.991449E+02,2.068010E+02,1.388470E-02,1.550240E+02,0.000000E+00,0.000000E+00,0.000000E+00,1.467111E-02,1.994826E+02,1.270307E-01,1.341674E+03,1.417738E+03,1.028072E-01,1.509222E+03,1.467111E-02,0.000000E+00,0.000000E+00,2.724636E-02,3.704678E+02,1.711422E-01,1.767544E+03,2.308443E+03,1.235211E-01,2.050232E+03,2.724636E-02,0.000000E+00,0.000000E+00
07:15:00,5.165079E-02,6.804564E+02,3.426437E-01,3.577459E+03,3.904873E+03,4.808504E-01,6.641023E+03,5.165079E-02,0.000000E+00,0.000000E+00,3.730654E-01,4.914827E+03,9.086757E-01,8.345894E+03,1.344468E+04,5.948734E-01,1.583055E+04,3.730654E-01,0.000000E+00,0.000000E+00,4.820504E-02,6.350614E+02,4.820504E-02,3.068128E+02,3.387371E+02,1.377004E-01,2.724767E+03,4.820504E-02,0.000000E+00,0.000000E+00,4.820516E-02,6.350630E+02,4.820516E-02,3.068136E+02,3.387380E+02,1.149435E-01,2.470668E+03,4.820516E-02,0.000000E+00,0.000000E+00,3.353389E-02,4.417812E+02,1.852178E-01,1.906429E+03,2.273802E+03,1.611517E-01,2.625283E+03,3.353389E-02,0.000000E+00,0.000000E+00,1.047938E-02,1.380571E+02,2.027854E-01,2.213480E+03,2.671940E+03,2.734241E-01,3.310992E+03,1.047938E-02,0.000000E+00,0.000000E+00,3.772573E-02,4.970052E+02,5.120243E-01,5.534986E+03,6.538859E+03,7.163645E-01,8.927558E+03,3.772573E-02,0.000000E+00,0.000000E+00,0.000000E+00,0.000000E+00,1.702673E-02,1.901025E+02,1.978497E+02,1.304650E-02,1.456654E+02,0.000000E+00,0.000000E+00,0.000000E+00,1.467111E-02,1.932798E+02,1.359789E-01,1.447732E+03,1.526805E+03,9.740951E-02,1.448957E+03,1.467111E-02,0.000000E+00,0.000000E+00,2.724636E-02,3.589482E+02,1.705868E-01,1.772821E+03,2.313225E+03,1.168093E-01,1.975297E+03,2.724636E-02,0.000000E+00,0.000000E+00
07:30:00,5.165079E-02,6.586187E+02,3.547167E-01,3.734081E+03,4.067997E+03,4.712818E-01,6.534193E+03,5.165079E-02,0.000000E+00,0.000000E+00,3.730654E-01,4.757097E+03,9.487366E-01,8.950425E+03,1.420824E+04,5.763414E-01,1.562364E+04,3.730654E-01,0.000000E+00,0.000000E+00,4.820504E-02,6.146805E+02,4.820504E-02,3.271936E+02,3.595252E+02,1.320523E-01,2.661707E+03,4.820504E-02,0.000000E+00,0.000000E+00,4.820516E-02,6.146821E+02,4.820516E-02,3.271945E+02,3.595261E+02,1.094026E-01,2.408805E+03,4.820516E-02,0.000000E+00,0.000000E+00,3.353389E-02,4.276032E+02,1.852687E-01,1.921176E+03,2.289232E+03,1.548369E-01,2.554778E+03,3.353389E-02,0.000000E+00,0.000000E+00,1.047938E-02,1.336265E+02,1.979555E-01,2.163927E+03,2.628494E+03,2.612166E-01,3.174696E+03,1.047938E-02,0.000000E+00,0.000000E+00,3.772573E-02,4.810550E+02,5.208883E-01,5.649883E+03,6.670907E+03,6.849111E-01,8.576384E+03,3.772573E-02,0.000000E+00,0.000000E+00,0.000000E+00,0.000000E+00,1.637462E-02,1.828205E+02,1.905651E+02,1.231407E-02,1.374878E+02,0.000000E+00,0.000000E+00,0.000000E+00,1.467111E-02,1.870769E+02,1.452731E-01,1.557671E+03,1.639290E+03,9.302408E-02,1.399993E+03,1.467111E-02,0.000000E+00,0.000000E+00,2.724636E-02,3.474286E+02,1.703163E-01,1.781341E+03,2.321874E+03,1.114164E-01,1.915085E+03,2.724636E-02,0.000000E+00,0.000000E+00
07:45:00,5.165079E-02,6.367810E+02,3.656906E-01,3.878429E+03,4.216807E+03,4.632194E-01,6.444176E+03,5.165079E-02,0.000000E+00,0.000000E+00,3.730654E-01,4.599367E+03,9.898241E-01,9.566206E+03,1.496545E+04,5.620709E-01,1.546430E+04,3.730654E-01,0.000000E+00,0.000000E+00,4.820504E-02,5.942997E+02,4.820504E-02,3.475744E+02,3.803143E+02,1.273660E-01,2.609383E+03,4.820504E-02,0.000000E+00,0.000000E+00,4.820516E-02,5.943012E+02,4.820516E-02,3.475753E+02,3.803152E+02,1.047818E-01,2.357212E+03,4.820516E-02,0.000000E+00,0.000000E+00,3.353389E-02,4.134253E+02,1.851041E-01,1.933512E+03,2.301867E+03,1.496107E-01,2.496426E+03,3.353389E-02,0.000000E+00,0.000000E+00,1.047938E-02,1.291958E+02,1.948024E-01,2.133128E+03,2.600980E+03,2.511429E-01,3.062220E+03,1.047938E-02,0.000000E+00,0.000000E+00,3.772573E-02,4.651048E+02,5.295642E-01,5.762667E+03,6.794657E+03,6.585779E-01,8.282371E+03,3.772573E-02,0.000000E+00,0.000000E+00,0.000000E+00,0.000000E+00,1.585049E-02,1.769681E+02,1.846751E+02,1.166734E-02,1.302670E+02,0.000000E+00,0.000000E+00,0.000000E+00,1.467111E-02,1.808740E+02,1.546299E-01,1.668327E+03,1.752100E+03,8.939456E-02,1.359469E+03,1.467111E-02,0.000000E+00,0.000000E+00,2.724636E-02,3.359090E+02,1.700716E-01,1.790128E+03,2.330661E+03,1.069863E-01,1.865620E+03,2.724636E-02,0.000000E+00,0.000000E+00
08:00:00,5.165079E-02,6.149434E+02,3.755090E-01,4.009881E+03,4.351632E+03,4.563481E-01,6.367456E+03,5.165079E-02,0.000000E+00,0.000000E+00,3.730654E-01,4.441637E+03,1.030883E+00,1.018173E+04,1.571050E+04,5.507781E-01,1.533822E+04,3.730654E-01,0.000000E+00,0.000000E+00,4.820504E-02,5.739189E+02,4.820504E-02,3.679553E+02,4.011028E+02,1.234027E-01,2.565130E+03,4.820504E-02,0.000000E+00,0.000000E+00,4.820516E-02,5.739204E+02,4.820516E-02,3.679562E+02,4.011038E+02,1.008617E-01,2.313444E+03,4.820516E-02,0.000000E+00,0.000000E+00,3.353389E-02,3.992474E+02,1.846235E-01,1.942326E+03,2.310821E+03,1.452155E-01,2.447351E+03,3.353389E-02,0.000000E+00,0.000000E+00,1.047938E-02,1.247652E+02,1.929968E-01,2.117390E+03,2.587386E+03,2.426785E-01,2.967712E+03,1.047938E-02,0.000000E+00,0.000000E+00,3.772573E-02,4.491546E+02,5.377642E-01,5.870148E+03,6.909199E+03,6.361676E-01,8.032156E+03,3.772573E-02,0.000000E+00,0.000000E+00,0.000000E+00,0.000000E+00,1.543199E-02,1.722956E+02,1.799575E+02,1.109255E-02,1.238493E+02,0.000000E+00,0.000000E+00,0.000000E+00,1.467111E-02,1.746712E+02,1.638790E-01,1.777789E+03,1.863593E+03,8.635018E-02,1.325478E+03,1.467111E-02,0.000000E+00,0.000000E+00,2.724636E-02,3.243894E+02,1.697480E-01,1.798036E+03,2.338656E+03,1.032885E-01,1.824333E+03,2.724636E-02,0.000000E+00,0.000000E+00
08:15:00,5.165079E-02,5.905366E+02,3.837363E-01,4.126139E+03,4.470431E+03,4.504481E-01,6.301580E+03,5.165079E-02,0.000000E+00,0.000000E+00,3.730654E-01,4.265351E+03,1.070489E+00,1.079964E+04,1.644566E+04,5.416412E-01,1.523620E+04,3.730654E-01,0.000000E+00,0.000000E+00,4.820504E-02,5.511404E+02,4.820504E-02,3.907338E+02,4.243372E+02,1.200068E-01,2.527214E+03,4.820504E-02,0.000000E+00,0.000000E+00,4.820516E-02,5.511418E+02,4.820516E-02,3.907348E+02,4.243382E+02,9.749611E-02,2.275866E+03,4.820516E-02,0.000000E+00,0.000000E+00,3.353389E-02,3.834014E+02,1.837050E-01,1.947920E+03,2.316345E+03,1.414773E-01,2.405612E+03,3.353389E-02,0.000000E+00,0.000000E+00,1.047938E-02,1.198134E+02,1.922823E-01,2.114358E+03,2.586079E+03,2.354710E-01,2.887238E+03,1.047938E-02,0.000000E+00,0.000000E+00,3.772573E-02,4.313278E+02,5.450694E-01,5.969523E+03,7.012932E+03,6.168785E-01,7.816789E+03,3.772573E-02,0.000000E+00,0.000000E+00,0.000000E+00,0.000000E+00,1.510137E-02,1.686041E+02,1.762258E+02,1.057944E-02,1.181205E+02,0.000000E+00,0.000000E+00,0.000000E+00,1.467111E-02,1.677386E+02,1.727392E-01,1.883640E+03,1.971408E+03,8.377100E-02,1.296680E+03,1.467111E-02,0.000000E+00,0.000000E+00,2.724636E-02,3.115145E+02,1.692285E-01,1.805113E+03,2.345779E+03,1.001653E-01,1.789463E+03,2.724636E-02,0.000000E+00,0.000000E+00
08:30:00,5.165079E-02,5.661298E+02,3.902567E-01,4.223343E+03,4.569500E+03,4.453525E-01,6.244687E+03,5.165079E-02,0.000000E+00,0.000000E+00,3.730654E-01,4.089064E+03,1.107691E+00,1.139078E+04,1.714112E+04,5.340946E-01,1.515194E+04,3.730654E-01,0.000000E+00,0.000000E+00,4.820504E-02,5.283618E+02,4.820504E-02,4.135124E+02,4.475727E+02,1.170702E-01,2.494426E+03,4.820504E-02,0.000000E+00,0.000000E+00,4.820516E-02,5.283631E+02,4.820516E-02,4.135134E+02,4.475738E+02,9.458101E-02,2.243318E+03,4.820516E-02,0.000000E+00,0.000000E+00,3.353389E-02,3.675555E+02,1.823266E-01,1.948382E+03,2.316438E+03,1.382720E-01,2.369823E+03,3.353389E-02,0.000000E+00,0.000000E+00,1.047938E-02,1.148615E+02,1.924883E-01,2.121604E+03,2.594928E+03,2.292713E-01,2.818017E+03,1.047938E-02,0.000000E+00,0.000000E+00,3.772573E-02,4.135011E+02,5.513252E-01,6.057185E+03,7.103132E+03,6.001388E-01,7.629887E+03,3.772573E-02,0.000000E+00,0.000000E+00,0.000000E+00,0.000000E+00,1.484399E-02,1.657304E+02,1.733200E+02,1.011997E-02,1.129904E+02,0.000000E+00,0.000000E+00,0.000000E+00,1.467111E-02,1.608059E+02,1.810169E-01,1.982989E+03,2.072606E+03,8.156909E-02,1.272096E+03,1.467111E-02,0.000000E+00,0.000000E+00,2.724636E-02,2.986397E+02,1.684736E-01,1.809566E+03,2.350104E+03,9.750357E-02,1.759743E+03,2.724636E-02,0.000000E+00,0.000000E+00
08:45:00,5.165079E-02,5.417230E+02,3.948374E-01,4.298892E+03,4.646492E+03,4.409098E-01,6.195083E+03,5.165079E-02,0.000000E+00,0.000000E+00,3.730654E-01,3.912778E+03,1.141427E+00,1.194325E+04,1.780439E+04,5.277628E-01,1.508124E+04,3.730654E-01,0.000000E+00,0.000000E+00,4.820504E-02,5.055833E+02,4.820504E-02,4.362909E+02,4.708077E+02,1.145164E-01,2.465912E+03,4.820504E-02,0.000000E+00,0.000000E+00,4.820516E-02,5.055845E+02,4.820516E-02,4.362920E+02,4.708089E+02,9.204195E-02,2.214968E+03,4.820516E-02,0.000000E+00,0.000000E+00,3.353389E-02,3.517096E+02,1.805334E-01,1.944214E+03,2.311002E+03,1.355116E-01,2.339003E+03,3.353389E-02,0.000000E+00,0.000000E+00,1.047938E-02,1.099096E+02,1.935344E-01,2.138230E+03,2.613768E+03,2.239046E-01,2.758096E+03,1.047938E-02,0.000000E+00,0.000000E+00,3.772573E-02,3.956744E+02,5.564780E-01,6.132535E+03,7.180856E+03,5.855478E-01,7.466976E+03,3.772573E-02,0.000000E+00,0.000000E+00,0.000000E+00,0.000000E+00,1.464808E-02,1.635431E+02,1.711015E+02,9.707855E-03,1.083891E+02,0.000000E+00,0.000000E+00,0.000000E+00,1.467111E-02,1.538733E+02,1.883698E-01,2.072012E+03,2.163524E+03,7.967888E-02,1.250991E+03,1.467111E-02,0.000000E+00,0.000000E+00,2.724636E-02,2.857648E+02,1.675090E-01,1.811678E+03,2.351357E+03,9.522081E-02,1.734255E+03,2.724636E-02,0.000000E+00,0.000000E+00
09:00:00,5.165079E-02,5.173162E+02,3.976873E-01,4.355085E+03,4.703896E+03,4.370339E-01,6.151807E+03,5.165079E-02,0.000000E+00,0.000000E+00,3.730654E-01,3.736492E+03,1.170658E+00,1.244428E+04,1.840843E+04,5.223719E-01,1.502105E+04,3.730654E-01,0.000000E+00,0.000000E+00,4.820504E-02,4.828047E+02,4.820504E-02,4.590695E+02,4.940429E+02,1.122842E-01,2.440989E+03,4.820504E-02,0.000000E+00,0.000000E+00,4.820516E-02,4.828059E+02,4.923594E-02,4.705786E+02,5.072608E+02,8.981904E-02,2.190149E+03,4.820516E-02,0.000000E+00,0.000000E+00,3.353389E-02,3.358636E+02,1.783865E-01,1.936052E+03,2.300966E+03,1.331221E-01,2.312323E+03,3.353389E-02,0.000000E+00,0.000000E+00,1.047938E-02,1.049577E+02,1.952418E-01,2.162190E+03,2.640204E+03,2.192291E-01,2.705893E+03,1.047938E-02,0.000000E+00,0.000000E+00,3.772573E-02,3.778477E+02,5.606035E-01,6.196322E+03,7.246915E+03,5.727612E-01,7.324210E+03,3.772573E-02,0.000000E+00,0.000000E+00,0.000000E+00,0.000000E+00,1.450327E-02,1.619260E+02,1.694567E+02,9.337553E-03,1.042547E+02,0.000000E+00,0.000000E+00,0.000000E+00,1.467111E-02,1.469407E+02,1.947440E-01,2.150100E+03,2.243431E+03,7.805215E-02,1.232828E+03,1.467111E-02,0.000000E+00,0.000000E+00,2.724636E-02,2.728900E+02,1.663393E-01,1.811423E+03,2.349642E+03,9.325390E-02,1.712294E+03,2.724636E-02,0.000000E+00,0.000000E+00
09:15:00,5.165079E-02,4.954785E+02,3.989451E-01,4.390928E+03,4.739779E+03,4.336409E-01,6.113923E+03,5.165079E-02,0.000000E+00,0.000000E+00,3.730654E-01,3.578762E+03,1.195356E+00,1.287577E+04,1.889740E+04,5.177192E-01,1.496910E+04,3.730654E-01,0.000000E+00,0.000000E+00,4.820504E-02,4.624239E+02,4.820504E-02,4.794503E+02,5.148326E+02,1.103250E-01,2.419113E+03,4.820504E-02,0.000000E+00,0.000000E+00,4.820516E-02,4.624251E+02,5.049347E-02,5.049986E+02,5.441223E+02,8.786428E-02,2.168324E+03,4.820516E-02,0.000000E+00,0.000000E+00,3.353389E-02,3.216857E+02,1.760071E-01,1.923617E+03,2.287269E+03,1.310458E-01,2.289139E+03,3.353389E-02,0.000000E+00,0.000000E+00,1.047938E-02,1.005271E+02,1.974994E-01,2.191761E+03,2.671841E+03,2.151347E-01,2.660178E+03,1.047938E-02,0.000000E+00,0.000000E+00,3.772573E-02,3.618975E+02,5.639345E-01,6.249347E+03,7.299844E+03,5.615087E-01,7.198574E+03,3.772573E-02,0.000000E+00,0.000000E+00,0.000000E+00,0.000000E+00,1.440114E-02,1.607852E+02,1.683121E+02,9.004275E-03,1.005336E+02,0.000000E+00,0.000000E+00,0.000000E+00,1.467111E-02,1.407379E+02,2.000487E-01,2.215513E+03,2.310031E+03,7.664427E-02,1.217109E+03,1.467111E-02,0.000000E+00,0.000000E+00,2.724636E-02,2.613704E+02,1.650483E-01,1.808441E+03,2.345920E+03,9.155001E-02,1.693270E+03,2.724636E-02,0.000000E+00,0.000000E+00
09:30:00,5.165079E-02,4.736409E+02,3.989249E-01,4.412502E+03,4.761182E+03,4.306596E-01,6.080636E+03,5.165079E-02,0.000000E+00,0.000000E+00,3.730654E-01,3.421032E+03,1.215152E+00,1.325243E+04,1.931893E+04,5.136740E-01,1.492394E+04,3.730654E-01,0.000000E+00,0.000000E+00,4.820504E-02,4.420431E+02,4.903650E-02,5.091135E+02,5.463634E+02,1.085997E-01,2.399849E+03,4.820504E-02,0.000000E+00,0.000000E+00,4.820516E-02,4.420442E+02,5.187942E-02,5.408519E+02,5.825516E+02,8.613922E-02,2.149063E+03,4.820516E-02,0.000000E+00,0.000000E+00,3.353389E-02,3.075078E+02,1.735566E-01,1.910387E+03,2.272815E+03,1.292360E-01,2.268932E+03,3.353389E-02,0.000000E+00,0.000000E+00,1.047938E-02,9.609651E+01,2.001996E-01,2.226271E+03,2.708309E+03,2.115347E-01,2.619983E+03,1.047938E-02,0.000000E+00,0.000000E+00,3.772573E-02,3.459472E+02,5.667795E-01,6.296944E+03,7.347587E+03,5.515732E-01,7.087643E+03,3.772573E-02,0.000000E+00,0.000000E+00,0.000000E+00,0.000000E+00,1.433415E-02,1.600370E+02,1.675644E+02,8.703926E-03,9.718016E+01,0.000000E+00,0.000000E+00,0.000000E+00,1.467111E-02,1.345350E+02,2.042162E-01,2.268229E+03,2.363682E+03,7.542129E-02,1.203454E+03,1.467111E-02,0.000000E+00,0.000000E+00,2.724636E-02,2.498508E+02,1.637376E-01,1.805235E+03,2.342093E+03,9.006798E-02,1.676722E+03,2.724636E-02,0.000000E+00,0.000000E+00
09:45:00,5.165079E-02,4.518032E+02,3.982699E-01,4.426990E+03,4.775605E+03,4.280296E-01,6.051272E+03,5.165079E-02,0.000000E+00,0.000000E+00,3.730654E-01,3.263302E+03,1.230171E+00,1.357580E+04,1.967457E+04,5.101251E-01,1.488431E+04,3.730654E-01,0.000000E+00,0.000000E+00,4.820504E-02,4.216623E+02,5.121153E-02,5.537758E+02,5.950347E+02,1.070734E-01,2.382808E+03,4.820504E-02,0.000000E+00,0.000000E+00,4.820516E-02,4.216633E+02,5.336144E-02,5.777775E+02,6.221111E+02,8.460966E-02,2.131985E+03,4.820516E-02,0.000000E+00,0.000000E+00,3.353389E-02,2.933298E+02,1.712172E-01,1.898399E+03,2.259744E+03,1.276501E-01,2.251225E+03,3.353389E-02,0.000000E+00,0.000000E+00,1.047938E-02,9.166589E+01,2.031876E-01,2.263991E+03,2.747752E+03,2.083512E-01,2.584438E+03,1.047938E-02,0.000000E+00,0.000000E+00,3.772573E-02,3.299970E+02,5.695810E-01,6.344056E+03,7.395470E+03,5.427500E-01,6.989130E+03,3.772573E-02,0.000000E+00,0.000000E+00,0.000000E+00,0.000000E+00,1.429569E-02,1.596071E+02,1.671383E+02,8.432648E-03,9.415132E+01,0.000000E+00,0.000000E+00,0.000000E+00,1.467111E-02,1.283321E+02,2.073814E-01,2.309754E+03,2.405953E+03,7.435476E-02,1.191546E+03,1.467111E-02,0.000000E+00,0.000000E+00,2.724636E-02,2.383312E+02,1.625194E-01,1.803062E+03,2.339415E+03,8.877272E-02,1.662260E+03,2.724636E-02,0.000000E+00,0.000000E+00
10:00:00,5.165079E-02,4.299656E+02,3.973935E-01,4.439039E+03,4.787768E+03,4.257006E-01,6.025268E+03,5.165079E-02,0.000000E+00,0.000000E+00,3.730654E-01,3.105572E+03,1.240758E+00,1.385108E+04,1.997302E+04,5.069924E-01,1.484933E+04,3.730654E-01,0.000000E+00,0.000000E+00,4.820504E-02,4.012815E+02,5.336058E-02,5.981481E+02,6.430859E+02,1.057200E-01,2.367697E+03,4.820504E-02,0.000000E+00,0.000000E+00,4.820516E-02,4.012825E+02,5.492091E-02,6.155680E+02,6.625475E+02,8.324994E-02,2.116803E+03,4.820516E-02,0.000000E+00,0.000000E+00,3.353389E-02,2.791519E+02,1.692315E-01,1.890402E+03,2.251029E+03,1.262589E-01,2.235692E+03,3.353389E-02,0.000000E+00,0.000000E+00,1.047938E-02,8.723527E+01,2.064449E-01,2.304766E+03,2.790168E+03,2.055297E-01,2.552935E+03,1.047938E-02,0.000000E+00,0.000000E+00,3.772573E-02,3.140468E+02,5.728840E-01,6.396862E+03,7.450070E+03,5.349036E-01,6.901523E+03,3.772573E-02,0.000000E+00,0.000000E+00,0.000000E+00,0.000000E+00,1.428073E-02,1.594400E+02,1.669775E+02,8.187367E-03,9.141273E+01,0.000000E+00,0.000000E+00,0.000000E+00,1.467111E-02,1.221293E+02,2.094367E-01,2.338899E+03,2.435628E+03,7.341847E-02,1.181092E+03,1.467111E-02,0.000000E+00,0.000000E+00,2.724636E-02,2.268116E+02,1.615854E-01,1.804134E+03,2.340364E+03,8.763558E-02,1.649564E+03,2.724636E-02,0.000000E+00,0.000000E+00
10:15:00,5.165079E-02,4.106971E+02,3.963195E-01,4.446317E+03,4.794963E+03,4.236298E-01,6.002147E+03,5.165079E-02,0.000000E+00,0.000000E+00,3.730654E-01,2.966399E+03,1.246292E+00,1.405190E+04,2.018492E+04,5.042143E-01,1.481832E+04,3.730654E-01,0.000000E+00,0.000000E+00,4.820504E-02,3.832984E+02,5.544804E-02,6.394352E+02,6.876560E+02,1.045180E-01,2.354276E+03,4.820504E-02,0.000000E+00,0.000000E+00,4.820516E-02,3.832994E+02,5.652803E-02,6.514928E+02,7.010260E+02,8.203899E-02,2.103283E+03,4.820516E-02,0.000000E+00,0.000000E+00,3.353389E-02,2.666420E+02,1.677300E-01,1.886149E+03,2.246306E+03,1.250366E-01,2.222045E+03,3.353389E-02,0.000000E+00,0.000000E+00,1.047938E-02,8.332590E+01,2.100307E-01,2.348696E+03,2.835924E+03,2.030243E-01,2.524961E+03,1.047938E-02,0.000000E+00,0.000000E+00,3.772573E-02,2.999731E+02,5.770531E-01,6.457473E+03,7.513345E+03,5.279151E-01,6.823495E+03,3.772573E-02,0.000000E+00,0.000000E+00,0.000000E+00,0.000000E+00,1.428467E-02,1.594839E+02,1.670296E+02,7.965434E-03,8.893484E+01,0.000000E+00,0.000000E+00,0.000000E+00,1.467111E-02,1.166562E+02,2.101651E-01,2.352504E+03,2.449453E+03,7.259703E-02,1.171920E+03,1.467111E-02,0.000000E+00,0.000000E+00,2.724636E-02,2.166472E+02,1.610037E-01,1.807798E+03,2.344017E+03,8.663610E-02,1.638404E+03,2.724636E-02,0.000000E+00,0.000000E+00
10:30:00,5.165079E-02,3.914285E+02,3.947553E-01,4.448124E+03,4.796333E+03,4.217809E-01,5.981504E+03,5.165079E-02,0.000000E+00,0.000000E+00,3.730654E-01,2.827225E+03,1.246794E+00,1.419679E+04,2.033071E+04,5.017410E-01,1.479070E+04,3.730654E-01,0.000000E+00,0.000000E+00,4.820504E-02,3.653153E+02,5.746454E-02,6.799303E+02,7.311179E+02,1.034486E-01,2.342335E+03,4.820504E-02,0.000000E+00,0.000000E+00,4.820516E-02,3.653162E+02,5.816296E-02,6.877281E+02,7.397372E+02,8.095852E-02,2.091219E+03,4.820516E-02,0.000000E+00,0.000000E+00,3.353389E-02,2.541320E+02,1.667566E-01,1.887791E+03,2.247735E+03,1.239610E-01,2.210034E+03,3.353389E-02,0.000000E+00,0.000000E+00,1.047938E-02,7.941653E+01,2.141383E-01,2.398452E+03,2.887946E+03,2.007953E-01,2.500075E+03,1.047938E-02,0.000000E+00,0.000000E+00,3.772573E-02,2.858993E+02,5.822861E-01,6.529960E+03,7.589118E+03,5.216801E-01,6.753880E+03,3.772573E-02,0.000000E+00,0.000000E+00,0.000000E+00,0.000000E+00,1.430390E-02,1.596986E+02,1.672539E+02,7.764472E-03,8.669107E+01,0.000000E+00,0.000000E+00,0.000000E+00,1.467111E-02,1.111830E+02,2.092002E-01,2.347207E+03,2.444017E+03,7.187525E-02,1.163861E+03,1.467111E-02,0.000000E+00,0.000000E+00,2.724636E-02,2.064828E+02,1.607722E-01,1.815373E+03,2.351640E+03,8.575589E-02,1.628577E+03,2.724636E-02,0.000000E+00,0.000000E+00
10:45:00,5.165079E-02,3.721600E+02,3.924946E-01,4.442156E+03,4.789746E+03,4.201231E-01,5.962993E+03,5.165079E-02,0.000000E+00,0.000000E+00,3.730654E-01,2.688052E+03,1.242297E+00,1.428599E+04,2.041054E+04,4.995317E-01,1.476603E+04,3.730654E-01,0.000000E+00,0.000000E+00,4.820504E-02,3.473323E+02,5.941454E-02,7.196829E+02,7.735726E+02,1.024955E-01,2.331693E+03,4.820504E-02,0.000000E+00,0.000000E+00,4.820516E-02,3.473331E+02,5.980635E-02,7.240578E+02,7.784407E+02,7.999276E-02,2.080436E+03,4.820516E-02,0.000000E+00,0.000000E+00,3.353389E-02,2.416221E+02,1.662824E-01,1.895004E+03,2.255064E+03,1.230127E-01,2.199447E+03,3.353389E-02,0.000000E+00,0.000000E+00,1.047938E-02,7.550716E+01,2.189913E-01,2.456526E+03,2.948686E+03,1.988089E-01,2.477896E+03,1.047938E-02,0.000000E+00,0.000000E+00,3.772573E-02,2.718256E+02,5.885570E-01,6.614032E+03,7.676800E+03,5.161080E-01,6.691668E+03,3.772573E-02,0.000000E+00,0.000000E+00,0.000000E+00,0.000000E+00,1.433537E-02,1.600500E+02,1.676157E+02,7.582360E-03,8.465777E+01,0.000000E+00,0.000000E+00,0.000000E+00,1.467111E-02,1.057099E+02,2.064055E-01,2.321481E+03,2.417885E+03,7.123991E-02,1.156768E+03,1.467111E-02,0.000000E+00,0.000000E+00,2.724636E-02,1.963185E+02,1.608249E-01,1.826119E+03,2.362616E+03,8.497921E-02,1.619905E+03,2.724636E-02,0.000000E+00,0.000000E+00
11:00:00,5.165079E-02,3.528915E+02,3.891532E-01,4.424123E+03,4.770720E+03,4.186299E-01,5.946322E+03,5.165079E-02,0.000000E+00,0.000000E+00,3.730654E-01,2.548878E+03,1.232921E+00,1.432082E+04,2.042512E+04,4.975527E-01,1.474394E+04,3.730654E-01,0.000000E+00,0.000000E+00,4.820504E-02,3.293492E+02,6.131232E-02,7.588528E+02,8.152363E+02,1.016447E-01,2.322194E+03,4.820504E-02,0.000000E+00,0.000000E+00,4.820516E-02,3.293500E+02,6.144150E-02,7.602956E+02,8.169353E+02,7.912808E-02,2.070782E+03,4.820516E-02,0.000000E+00,0.000000E+00,3.353389E-02,2.291121E+02,1.662040E-01,1.906634E+03,2.267074E+03,1.221754E-01,2.190098E+03,3.353389E-02,0.000000E+00,0.000000E+00,1.047938E-02,7.159779E+01,2.248077E-01,2.525354E+03,3.020504E+03,1.970357E-01,2.458098E+03,1.047938E-02,0.000000E+00,0.000000E+00,3.772573E-02,2.577519E+02,5.956086E-01,6.706817E+03,7.773147E+03,5.111206E-01,6.635982E+03,3.772573E-02,0.000000E+00,0.000000E+00,0.000000E+00,0.000000E+00,1.437653E-02,1.605095E+02,1.680864E+02,7.417211E-03,8.281386E+01,0.000000E+00,0.000000E+00,0.000000E+00,1.467111E-02,1.002368E+02,2.017978E-01,2.275516E+03,2.371212E+03,7.067963E-02,1.150512E+03,1.467111E-02,0.000000E+00,0.000000E+00,2.724636E-02,1.861541E+02,1.610407E-01,1.838684E+03,2.375556E+03,8.429259E-02,1.612238E+03,2.724636E-02,0.000000E+00,0.000000E+00
11:15:00,5.165079E-02,3.400458E+02,3.847061E-01,4.387324E+03,4.732377E+03,4.172799E-01,5.931248E+03,5.165079E-02,0.000000E+00,0.000000E+00,3.730654E-01,2.456096E+03,1.218741E+00,1.425574E+04,2.032661E+04,4.957820E-01,1.472417E+04,3.730654E-01,0.000000E+00,0.000000E+00,4.820504E-02,3.173605E+02,6.316561E-02,7.915316E+02,8.501156E+02,1.008867E-01,2.313731E+03,4.820504E-02,0.000000E+00,0.000000E+00,4.820516E-02,3.173613E+02,6.304944E-02,7.902353E+02,8.488789E+02,7.835542E-02,2.062155E+03,4.820516E-02,0.000000E+00,0.000000E+00,3.353389E-02,2.207722E+02,1.664134E-01,1.917306E+03,2.278163E+03,1.214365E-01,2.181848E+03,3.353389E-02,0.000000E+00,0.000000E+00,1.047938E-02,6.899154E+01,2.316216E-01,2.604010E+03,3.102171E+03,1.954556E-01,2.440455E+03,1.047938E-02,0.000000E+00,0.000000E+00,3.772573E-02,2.483694E+02,6.030203E-01,6.798931E+03,7.868217E+03,5.066638E-01,6.586221E+03,3.772573E-02,0.000000E+00,0.000000E+00,0.000000E+00,0.000000E+00,1.442505E-02,1.610511E+02,1.686396E+02,7.267737E-03,8.114497E+01,0.000000E+00,0.000000E+00,0.000000E+00,1.467111E-02,9.658807E+01,1.956268E-01,2.210274E+03,2.304873E+03,7.018572E-02,1.144997E+03,1.467111E-02,0.000000E+00,0.000000E+00,2.724636E-02,1.793779E+02,1.613089E-01,1.848450E+03,2.385610E+03,8.368630E-02,1.605469E+03,2.724636E-02,0.000000E+00,0.000000E+00
11:30:00,5.165079E-02,3.272001E+02,3.794817E-01,4.341847E+03,4.685214E+03,4.160534E-01,5.917555E+03,5.165079E-02,0.000000E+00,0.000000E+00,3.730654E-01,2.363314E+03,1.199938E+00,1.413912E+04,2.016525E+04,4.941946E-01,1.470644E+04,3.730654E-01,0.000000E+00,0.000000E+00,4.820504E-02,3.053718E+02,6.497591E-02,8.237306E+02,8.843681E+02,1.002105E-01,2.306180E+03,4.820504E-02,0.000000E+00,0.000000E+00,4.820516E-02,3.053725E+02,6.461443E-02,8.196955E+02,8.802069E+02,7.766398E-02,2.054435E+03,4.820516E-02,0.000000E+00,0.000000E+00,3.353389E-02,2.124322E+02,1.668532E-01,1.930551E+03,2.291982E+03,1.207835E-01,2.174556E+03,3.353389E-02,0.000000E+00,0.000000E+00,1.047938E-02,6.638529E+01,2.393529E-01,2.692907E+03,3.193977E+03,1.940457E-01,2.424713E+03,1.047938E-02,0.000000E+00,0.000000E+00,3.772573E-02,2.389869E+02,6.104812E-01,6.891596E+03,7.963325E+03,5.026756E-01,6.541692E+03,3.772573E-02,0.000000E+00,0.000000E+00,0.000000E+00,0.000000E+00,1.447869E-02,1.616500E+02,1.692500E+02,7.132384E-03,7.963374E+01,0.000000E+00,0.000000E+00,0.000000E+00,1.467111E-02,9.293933E+01,1.884047E-01,2.133296E+03,2.226548E+03,6.974964E-02,1.140128E+03,1.467111E-02,0.000000E+00,0.000000E+00,2.724636E-02,1.726017E+02,1.615744E-01,1.858185E+03,2.395658E+03,8.315012E-02,1.599482E+03,2.724636E-02,0.000000E+00,0.000000E+00
11:45:00,5.165079E-02,3.143544E+02,3.736331E-01,4.289401E+03,4.630965E+03,4.149340E-01,5.905056E+03,5.165079E-02,0.000000E+00,0.000000E+00,3.730654E-01,2.270532E+03,1.176769E+00,1.397385E+04,1.994369E+04,4.927677E-01,1.469051E+04,3.730654E-01,0.000000E+00,0.000000E+00,4.820504E-02,2.933830E+02,6.673374E-02,8.553438E+02,9.178933E+02,9.960569E-02,2.299428E+03,4.820504E-02,0.000000E+00,0.000000E+00,4.820516E-02,2.933838E+02,6.612198E-02,8.485145E+02,9.107544E+02,7.704379E-02,2.047510E+03,4.820516E-02,0.000000E+00,0.000000E+00,3.353389E-02,2.040922E+02,1.674648E-01,1.945713E+03,2.307833E+03,1.202050E-01,2.168097E+03,3.353389E-02,0.000000E+00,0.000000E+00,1.047938E-02,6.377904E+01,2.478538E-01,2.790393E+03,3.294174E+03,1.927850E-01,2.410637E+03,1.047938E-02,0.000000E+00,0.000000E+00,3.772573E-02,2.296044E+02,6.177191E-01,6.981772E+03,8.055463E+03,4.990986E-01,6.501755E+03,3.772573E-02,0.000000E+00,0.000000E+00,0.000000E+00,0.000000E+00,1.453539E-02,1.622830E+02,1.698944E+02,7.009675E-03,7.826369E+01,0.000000E+00,0.000000E+00,0.000000E+00,1.467111E-02,8.929059E+01,1.804871E-01,2.048553E+03,2.140279E+03,6.936374E-02,1.135820E+03,1.467111E-02,0.000000E+00,0.000000E+00,2.724636E-02,1.658254E+02,1.617928E-01,1.867397E+03,2.405163E+03,8.267483E-02,1.594175E+03,2.724636E-02,0.000000E+00,0.000000E+00
12:00:00,5.165079E-02,3.015088E+02,3.676585E-01,4.235549E+03,4.575490E+03,4.139071E-01,5.893591E+03,5.165079E-02,0.000000E+00,0.000000E+00,3.730654E-01,2.177749E+03,1.149639E+00,1.376442E+04,1.966580E+04,4.914821E-01,1.467616E+04,3.730654E-01,0.000000E+00,0.000000E+00,4.820504E-02,2.813943E+02,6.842411E-02,8.862039E+02,9.505238E+02,9.906385E-02,2.293378E+03,4.820504E-02,0.000000E+00,0.000000E+00,4.820516E-02,2.813950E+02,6.755907E-02,8.765470E+02,9.403777E+02,7.648653E-02,2.041288E+03,4.820516E-02,0.000000E+00,0.000000E+00,3.353389E-02,1.957523E+02,1.681910E-01,1.962155E+03,2.325004E+03,1.196915E-01,2.162363E+03,3.353389E-02,0.000000E+00,0.000000E+00,1.047938E-02,6.117280E+01,2.569422E-01,2.894438E+03,3.400675E+03,1.916559E-01,2.398030E+03,1.047938E-02,0.000000E+00,0.000000E+00,3.772573E-02,2.202220E+02,6.245118E-01,7.066980E+03,8.142144E+03,4.958851E-01,6.465875E+03,3.772573E-02,0.000000E+00,0.000000E+00,0.000000E+00,0.000000E+00,1.459328E-02,1.629294E+02,1.705515E+02,6.898336E-03,7.702058E+01,0.000000E+00,0.000000E+00,0.000000E+00,1.467111E-02,8.564184E+01,1.721418E-01,1.959035E+03,2.049105E+03,6.902157E-02,1.131999E+03,1.467111E-02,0.000000E+00,0.000000E+00,2.724636E-02,1.590492E+02,1.619266E-01,1.875666E+03,2.413632E+03,8.225270E-02,1.589462E+03,2.724636E-02,0.000000E+00,0.000000E+00
12:15:00,5.165079E-02,2.912322E+02,3.620231E-01,4.182914E+03,4.521433E+03,4.129600E-01,5.883016E+03,5.165079E-02,0.000000E+00,0.000000E+00,3.730654E-01,2.103523E+03,1.119270E+00,1.350033E+04,1.932124E+04,4.903157E-01,1.466313E+04,3.730654E-01,0.000000E+00,0.000000E+00,4.820504E-02,2.718034E+02,7.003794E-02,9.138118E+02,9.797181E+02,9.857499E-02,2.287920E+03,4.820504E-02,0.000000E+00,0.000000E+00,4.820516E-02,2.718040E+02,6.891848E-02,9.013144E+02,9.665570E+02,7.598233E-02,2.035659E+03,4.820516E-02,0.000000E+00,0.000000E+00,3.353389E-02,1.890803E+02,1.689971E-01,1.977822E+03,2.341378E+03,1.192329E-01,2.157243E+03,3.353389E-02,0.000000E+00,0.000000E+00,1.047938E-02,5.908780E+01,2.664457E-01,3.002598E+03,3.511044E+03,1.906382E-01,2.386668E+03,1.047938E-02,0.000000E+00,0.000000E+00,3.772573E-02,2.127160E+02,6.307487E-01,7.144110E+03,8.220298E+03,4.929797E-01,6.433436E+03,3.772573E-02,0.000000E+00,0.000000E+00,0.000000E+00,0.000000E+00,1.465074E-02,1.635709E+02,1.712032E+02,6.796839E-03,7.588735E+01,0.000000E+00,0.000000E+00,0.000000E+00,1.467111E-02,8.272285E+01,1.636242E-01,1.866863E+03,1.955186E+03,6.871652E-02,1.128593E+03,1.467111E-02,0.000000E+00,0.000000E+00,2.724636E-02,1.536282E+02,1.619560E-01,1.881416E+03,2.419434E+03,8.187538E-02,1.585249E+03,2.724636E-02,0.000000E+00,0.000000E+00
12:30:00,5.165079E-02,2.809557E+02,3.569151E-01,4.136166E+03,4.473436E+03,4.120823E-01,5.873217E+03,5.165079E-02,0.000000E+00,0.000000E+00,3.730654E-01,2.029298E+03,1.086578E+00,1.321034E+04,1.894098E+04,4.892554E-01,1.465130E+04,3.730654E-01,0.000000E+00,0.000000E+00,4.820504E-02,2.622124E+02,7.156244E-02,9.404225E+02,1.007782E+03,9.813336E-02,2.282989E+03,4.820504E-02,0.000000E+00,0.000000E+00,4.820516E-02,2.622131E+02,7.019264E-02,9.251302E+02,9.916604E+02,7.552556E-02,2.030559E+03,4.820516E-02,0.000000E+00,0.000000E+00,3.353389E-02,1.824083E+02,1.698435E-01,1.993940E+03,2.358215E+03,1.188225E-01,2.152661E+03,3.353389E-02,0.000000E+00,0.000000E+00,1.047938E-02,5.700280E+01,2.761770E-01,3.113302E+03,3.623767E+03,1.897199E-01,2.376414E+03,1.047938E-02,0.000000E+00,0.000000E+00,3.772573E-02,2.052100E+02,6.363600E-01,7.214257E+03,8.291190E+03,4.903493E-01,6.404067E+03,3.772573E-02,0.000000E+00,0.000000E+00,0.000000E+00,0.000000E+00,1.470643E-02,1.641926E+02,1.718341E+02,6.704226E-03,7.485333E+01,0.000000E+00,0.000000E+00,0.000000E+00,1.467111E-02,7.980386E+01,1.551643E-01,1.775335E+03,1.861891E+03,6.844397E-02,1.125550E+03,1.467111E-02,0.000000E+00,0.000000E+00,2.724636E-02,1.482072E+02,1.618608E-01,1.885777E+03,2.423747E+03,8.153751E-02,1.581477E+03,2.724636E-02,0.000000E+00,0.000000E+00
12:45:00,5.165079E-02,2.706791E+02,3.524521E-01,4.096617E+03,4.432892E+03,4.112654E-01,5.864096E+03,5.165079E-02,0.000000E+00,0.000000E+00,3.730654E-01,1.955072E+03,1.052795E+00,1.290817E+04,1.854160E+04,4.882921E-01,1.464054E+04,3.730654E-01,0.000000E+00,0.000000E+00,4.820504E-02,2.526214E+02,7.298698E-02,9.659171E+02,1.034599E+03,9.773451E-02,2.278535E+03,4.820504E-02,0.000000E+00,0.000000E+00,4.820516E-02,2.526221E+02,7.137532E-02,9.479249E+02,1.015625E+03,7.511187E-02,2.025940E+03,4.820516E-02,0.000000E+00,0.000000E+00,3.353389E-02,1.757364E+02,1.706974E-01,2.010140E+03,2.375131E+03,1.184549E-01,2.148557E+03,3.353389E-02,0.000000E+00,0.000000E+00,1.047938E-02,5.491781E+01,2.859559E-01,3.224540E+03,3.736869E+03,1.888912E-01,2.367162E+03,1.047938E-02,0.000000E+00,0.000000E+00,3.772573E-02,1.977040E+02,6.413399E-01,7.277357E+03,8.354871E+03,4.879681E-01,6.377481E+03,3.772573E-02,0.000000E+00,0.000000E+00,0.000000E+00,0.000000E+00,1.475905E-02,1.647801E+02,1.724299E+02,6.619727E-03,7.390989E+01,0.000000E+00,0.000000E+00,0.000000E+00,1.467111E-02,7.688486E+01,1.469898E-01,1.686992E+03,1.771810E+03,6.820016E-02,1.122828E+03,1.467111E-02,0.000000E+00,0.000000E+00,2.724636E-02,1.427862E+02,1.616266E-01,1.888586E+03,2.426400E+03,8.123489E-02,1.578098E+03,2.724636E-02,0.000000E+00,0.000000E+00
13:00:00,5.165079E-02,2.604026E+02,3.484501E-01,4.062214E+03,4.397639E+03,4.105017E-01,5.855569E+03,5.165079E-02,0.000000E+00,0.000000E+00,3.730654E-01,1.880846E+03,1.019491E+00,1.261130E+04,1.814515E+04,4.874166E-01,1.463076E+04,3.730654E-01,0.000000E+00,0.000000E+00,4.820504E-02,2.430304E+02,7.430254E-02,9.901953E+02,1.060074E+03,9.737415E-02,2.274512E+03,4.820504E-02,0.000000E+00,0.000000E+00,4.820516E-02,2.430311E+02,7.246095E-02,9.696360E+02,1.038392E+03,7.473702E-02,2.021754E+03,4.820516E-02,0.000000E+00,0.000000E+00,3.353389E-02,1.690644E+02,1.715310E-01,2.026114E+03,2.391788E+03,1.181252E-01,2.144875E+03,3.353389E-02,0.000000E+00,0.000000E+00,1.047938E-02,5.283281E+01,2.956125E-01,3.334415E+03,3.848469E+03,1.881433E-01,2.358811E+03,1.047938E-02,0.000000E+00,0.000000E+00,3.772573E-02,1.901980E+02,6.457584E-01,7.334191E+03,8.412230E+03,4.858113E-01,6.353399E+03,3.772573E-02,0.000000E+00,0.000000E+00,0.000000E+00,0.000000E+00,1.480739E-02,1.653199E+02,1.729768E+02,6.542603E-03,7.304879E+01,0.000000E+00,0.000000E+00,0.000000E+00,1.467111E-02,7.396587E+01,1.393293E-01,1.604388E+03,1.687553E+03,6.798172E-02,1.120389E+03,1.467111E-02,0.000000E+00,0.000000E+00,2.724636E-02,1.373652E+02,1.612431E-01,1.889730E+03,2.427257E+03,8.096363E-02,1.575069E+03,2.724636E-02,0.000000E+00,0.000000E+00
13:15:00,5.165079E-02,2.539797E+02,3.448190E-01,4.028099E+03,4.362691E+03,4.097848E-01,5.847563E+03,5.165079E-02,0.000000E+00,0.000000E+00,3.730654E-01,1.834455E+03,9.885632E-01,1.231306E+04,1.775121E+04,4.866208E-01,1.462188E+04,3.730654E-01,0.000000E+00,0.000000E+00,4.820504E-02,2.370361E+02,7.549905E-02,1.009548E+03,1.080426E+03,9.704836E-02,2.270874E+03,4.820504E-02,0.000000E+00,0.000000E+00,4.820516E-02,2.370367E+02,7.344300E-02,9.865942E+02,1.056223E+03,7.439716E-02,2.017960E+03,4.820516E-02,0.000000E+00,0.000000E+00,3.353389E-02,1.648944E+02,1.723139E-01,2.039022E+03,2.405250E+03,1.178289E-01,2.141567E+03,3.353389E-02,0.000000E+00,0.000000E+00,1.047938E-02,5.152968E+01,3.049812E-01,3.440296E+03,3.955910E+03,1.874677E-01,2.351268E+03,1.047938E-02,0.000000E+00,0.000000E+00,3.772573E-02,1.855068E+02,6.497382E-01,7.383313E+03,8.461830E+03,4.838562E-01,6.331570E+03,3.772573E-02,0.000000E+00,0.000000E+00,0.000000E+00,0.000000E+00,1.485026E-02,1.657985E+02,1.734612E+02,6.472176E-03,7.226246E+01,0.000000E+00,0.000000E+00,0.000000E+00,1.467111E-02,7.214150E+01,1.324108E-01,1.528973E+03,1.610608E+03,6.778567E-02,1.118200E+03,1.467111E-02,0.000000E+00,0.000000E+00,2.724636E-02,1.339771E+02,1.606999E-01,1.887061E+03,2.424085E+03,8.072026E-02,1.572352E+03,2.724636E-02,0.000000E+00,0.000000E+00
13:30:00,5.165079E-02,2.475569E+02,3.417098E-01,3.999810E+03,4.333829E+03,4.091088E-01,5.840016E+03,5.165079E-02,0.000000E+00,0.000000E+00,3.730654E-01,1.788064E+03,9.621210E-01,1.206476E+04,1.742116E+04,4.858969E-01,1.461380E+04,3.730654E-01,0.000000E+00,0.000000E+00,4.820504E-02,2.310417E+02,7.657185E-02,1.027519E+03,1.099279E+03,9.675360E-02,2.267583E+03,4.820504E-02,0.000000E+00,0.000000E+00,4.820516E-02,2.310423E+02,7.431881E-02,1.002366E+03,1.072765E+03,7.408880E-02,2.014517E+03,4.820516E-02,0.000000E+00,0.000000E+00,3.353389E-02,1.607244E+02,1.730273E-01,2.051154E+03,2.417897E+03,1.175622E-01,2.138589E+03,3.353389E-02,0.000000E+00,0.000000E+00,1.047938E-02,5.022656E+01,3.139185E-01,3.541363E+03,4.058433E+03,1.868572E-01,2.344451E+03,1.047938E-02,0.000000E+00,0.000000E+00,3.772573E-02,1.808155E+02,6.534736E-01,7.429705E+03,8.508895E+03,4.820824E-01,6.311765E+03,3.772573E-02,0.000000E+00,0.000000E+00,0.000000E+00,0.000000E+00,1.488649E-02,1.662030E+02,1.738700E+02,6.407831E-03,7.154405E+01,0.000000E+00,0.000000E+00,0.000000E+00,1.467111E-02,7.031713E+01,1.264349E-01,1.464081E+03,1.544396E+03,6.760939E-02,1.116232E+03,1.467111E-02,0.000000E+00,0.000000E+00,2.724636E-02,1.305890E+02,1.599953E-01,1.882591E+03,2.418992E+03,8.050168E-02,1.569912E+03,2.724636E-02,0.000000E+00,0.000000E+00
13:45:00,5.165079E-02,2.411341E+02,3.393050E-01,3.979385E+03,4.313178E+03,4.084691E-01,5.832874E+03,5.165079E-02,0.000000E+00,0.000000E+00,3.730654E-01,1.741672E+03,9.408682E-01,1.187425E+04,1.716058E+04,4.852383E-01,1.460644E+04,3.730654E-01,0.000000E+00,0.000000E+00,4.820504E-02,2.250474E+02,7.753292E-02,1.044243E+03,1.116788E+03,9.648670E-02,2.264603E+03,4.820504E-02,0.000000E+00,0.000000E+00,4.820516E-02,2.250479E+02,7.510185E-02,1.017103E+03,1.088190E+03,7.380881E-02,2.011391E+03,4.820516E-02,0.000000E+00,0.000000E+00,3.353389E-02,1.565545E+02,1.736725E-01,2.062525E+03,2.429778E+03,1.173216E-01,2.135903E+03,3.353389E-02,0.000000E+00,0.000000E+00,1.047938E-02,4.892344E+01,3.223113E-01,3.636353E+03,4.154802E+03,1.863050E-01,2.338286E+03,1.047938E-02,0.000000E+00,0.000000E+00,3.772573E-02,1.761243E+02,6.570007E-01,7.473773E+03,8.553624E+03,4.804717E-01,6.293782E+03,3.772573E-02,0.000000E+00,0.000000E+00,0.000000E+00,0.000000E+00,1.491505E-02,1.665219E+02,1.741915E+02,6.349011E-03,7.088731E+01,0.000000E+00,0.000000E+00,0.000000E+00,1.467111E-02,6.849275E+01,1.214316E-01,1.410047E+03,1.489223E+03,6.745060E-02,1.114459E+03,1.467111E-02,0.000000E+00,0.000000E+00,2.724636E-02,1.272009E+02,1.591426E-01,1.876468E+03,2.412172E+03,8.030519E-02,1.567718E+03,2.724636E-02,0.000000E+00,0.000000E+00
14:00:00,5.165079E-02,2.347112E+02,3.376833E-01,3.967701E+03,4.301564E+03,4.078614E-01,5.826089E+03,5.165079E-02,0.000000E+00,0.000000E+00,3.730654E-01,1.695281E+03,9.245275E-01,1.173845E+04,1.696708E+04,4.846388E-01,1.459975E+04,3.730654E-01,0.000000E+00,0.000000E+00,4.820504E-02,2.190530E+02,7.841685E-02,1.060106E+03,1.133381E+03,9.624484E-02,2.261903E+03,4.820504E-02,0.000000E+00,0.000000E+00,4.820516E-02,2.190536E+02,7.582759E-02,1.031199E+03,1.102934E+03,7.355439E-02,2.008550E+03,4.820516E-02,0.000000E+00,0.000000E+00,3.353389E-02,1.523845E+02,1.742770E-01,2.073443E+03,2.441218E+03,1.171043E-01,2.133476E+03,3.353389E-02,0.000000E+00,0.000000E+00,1.047938E-02,4.762031E+01,3.300840E-01,3.724423E+03,4.244171E+03,1.858053E-01,2.332707E+03,1.047938E-02,0.000000E+00,0.000000E+00,3.772573E-02,1.714330E+02,6.602716E-01,7.514980E+03,8.595345E+03,4.790079E-01,6.277437E+03,3.772573E-02,0.000000E+00,0.000000E+00,0.000000E+00,0.000000E+00,1.493504E-02,1.667451E+02,1.744156E+02,6.295210E-03,7.028662E+01,0.000000E+00,0.000000E+00,0.000000E+00,1.467111E-02,6.666838E+01,1.173139E-01,1.365899E+03,1.444114E+03,6.730727E-02,1.112859E+03,1.467111E-02,0.000000E+00,0.000000E+00,2.724636E-02,1.238127E+02,1.581734E-01,1.869046E+03,2.403992E+03,8.012836E-02,1.565743E+03,2.724636E-02,0.000000E+00,0.000000E+00
14:15:00,5.165079E-02,2.347112E+02,3.367493E-01,3.957272E+03,4.291222E+03,4.072847E-01,5.819650E+03,5.165079E-02,0.000000E+00,0.000000E+00,3.730654E-01,1.695281E+03,9.119498E-01,1.159817E+04,1.677991E+04,4.840992E-01,1.459372E+04,3.730654E-01,0.000000E+00,0.000000E+00,4.820504E-02,2.190530E+02,7.926675E-02,1.069594E+03,1.143459E+03,9.602806E-02,2.259482E+03,4.820504E-02,0.000000E+00,0.000000E+00,4.820516E-02,2.190536E+02,7.654180E-02,1.039173E+03,1.111435E+03,7.332576E-02,2.005997E+03,4.820516E-02,0.000000E+00,0.000000E+00,3.353389E-02,1.523845E+02,1.748720E-01,2.080083E+03,2.448262E+03,1.169093E-01,2.131300E+03,3.353389E-02,0.000000E+00,0.000000E+00,1.047938E-02,4.762031E+01,3.371712E-01,3.803539E+03,4.324412E+03,1.853577E-01,2.327709E+03,1.047938E-02,0.000000E+00,0.000000E+00,3.772573E-02,1.714330E+02,6.631102E-01,7.546668E+03,8.627134E+03,4.776908E-01,6.262732E+03,3.772573E-02,0.000000E+00,0.000000E+00,0.000000E+00,0.000000E+00,1.494558E-02,1.668628E+02,1.745323E+02,6.246454E-03,6.974226E+01,0.000000E+00,0.000000E+00,0.000000E+00,1.467111E-02,6.666838E+01,1.138924E-01,1.327699E+03,1.405071E+03,6.717878E-02,1.111424E+03,1.467111E-02,0.000000E+00,0.000000E+00,2.724636E-02,1.238127E+02,1.571219E-01,1.857316E+03,2.391317E+03,7.997075E-02,1.563984E+03,2.724636E-02,0.000000E+00,0.000000E+00
14:30:00,5.165079E-02,2.347112E+02,3.363139E-01,3.952411E+03,4.286539E+03,4.067355E-01,5.813518E+03,5.165079E-02,0.000000E+00,0.000000E+00,3.730654E-01,1.695281E+03,9.013707E-01,1.148018E+04,1.662101E+04,4.836136E-01,1.458830E+04,3.730654E-01,0.000000E+00,0.000000E+00,4.820504E-02,2.190530E+02,8.012841E-02,1.079214E+03,1.153686E+03,9.583370E-02,2.257312E+03,4.820504E-02,0.000000E+00,0.000000E+00,4.820516E-02,2.190536E+02,7.729120E-02,1.047539E+03,1.120369E+03,7.312027E-02,2.003703E+03,4.820516E-02,0.000000E+00,0.000000E+00,3.353389E-02,1.523845E+02,1.754940E-01,2.087025E+03,2.455634E+03,1.167343E-01,2.129345E+03,3.353389E-02,0.000000E+00,0.000000E+00,1.047938E-02,4.762031E+01,3.435301E-01,3.874526E+03,4.396403E+03,1.849568E-01,2.323233E+03,1.047938E-02,0.000000E+00,0.000000E+00,3.772573E-02,1.714330E+02,6.652674E-01,7.570752E+03,8.650933E+03,4.765053E-01,6.249496E+03,3.772573E-02,0.000000E+00,0.000000E+00,0.000000E+00,0.000000E+00,1.494585E-02,1.668658E+02,1.745322E+02,6.202289E-03,6.924914E+01,0.000000E+00,0.000000E+00,0.000000E+00,1.467111E-02,6.666838E+01,1.109379E-01,1.294714E+03,1.371354E+03,6.706348E-02,1.110137E+03,1.467111E-02,0.000000E+00,0.000000E+00,2.724636E-02,1.238127E+02,1.560279E-01,1.845113E+03,2.378140E+03,7.983025E-02,1.562415E+03,2.724636E-02,0.000000E+00,0.000000E+00
14:45:00,5.165079E-02,2.347112E+02,3.361361E-01,3.950423E+03,4.284723E+03,4.062103E-01,5.807653E+03,5.165079E-02,0.000000E+00,0.000000E+00,3.730654E-01,1.695281E+03,8.918971E-01,1.137453E+04,1.647798E+04,4.831752E-01,1.458341E+04,3.730654E-01,0.000000E+00,0.000000E+00,4.820504E-02,2.190530E+02,8.102812E-02,1.089259E+03,1.164369E+03,9.565876E-02,2.255359E+03,4.820504E-02,0.000000E+00,0.000000E+00,4.820516E-02,2.190536E+02,7.810347E-02,1.056608E+03,1.130059E+03,7.293489E-02,2.001633E+03,4.820516E-02,0.000000E+00,0.000000E+00,3.353389E-02,1.523845E+02,1.761565E-01,2.094419E+03,2.463481E+03,1.165765E-01,2.127583E+03,3.353389E-02,0.000000E+00,0.000000E+00,1.047938E-02,4.762031E+01,3.491180E-01,3.936907E+03,4.459665E+03,1.845965E-01,2.319209E+03,1.047938E-02,0.000000E+00,0.000000E+00,3.772573E-02,1.714330E+02,6.666143E-01,7.585791E+03,8.665359E+03,4.754344E-01,6.237539E+03,3.772573E-02,0.000000E+00,0.000000E+00,0.000000E+00,0.000000E+00,1.493515E-02,1.667463E+02,1.744075E+02,6.162187E-03,6.880141E+01,0.000000E+00,0.000000E+00,0.000000E+00,1.467111E-02,6.666838E+01,1.083163E-01,1.265445E+03,1.341434E+03,6.695961E-02,1.108977E+03,1.467111E-02,0.000000E+00,0.000000E+00,2.724636E-02,1.238127E+02,1.549172E-01,1.832722E+03,2.364762E+03,7.970458E-02,1.561012E+03,2.724636E-02,0.000000E+00,0.000000E+00
15:00:00,5.165079E-02,2.347112E+02,3.360051E-01,3.948960E+03,4.283322E+03,4.057063E-01,5.802026E+03,5.165079E-02,0.000000E+00,0.000000E+00,3.730654E-01,1.695281E+03,8.830150E-01,1.127551E+04,1.634293E+04,4.827785E-01,1.457898E+04,3.730654E-01,0.000000E+00,0.000000E+00,4.820504E-02,2.190530E+02,8.196441E-02,1.099712E+03,1.175482E+03,9.550095E-02,2.253597E+03,4.820504E-02,0.000000E+00,0.000000E+00,4.820516E-02,2.190536E+02,7.897885E-02,1.066381E+03,1.140499E+03,7.276731E-02,1.999762E+03,4.820516E-02,0.000000E+00,0.000000E+00,3.353389E-02,1.523845E+02,1.768447E-01,2.102099E+03,2.471598E+03,1.164337E-01,2.125989E+03,3.353389E-02,0.000000E+00,0.000000E+00,1.047938E-02,4.762031E+01,3.538696E-01,3.989952E+03,4.513405E+03,1.842720E-01,2.315586E+03,1.047938E-02,0.000000E+00,0.000000E+00,3.772573E-02,1.714330E+02,6.670300E-01,7.590435E+03,8.668999E+03,4.744648E-01,6.226714E+03,3.772573E-02,0.000000E+00,0.000000E+00,0.000000E+00,0.000000E+00,1.491294E-02,1.664984E+02,1.741521E+02,6.125729E-03,6.839435E+01,0.000000E+00,0.000000E+00,0.000000E+00,1.467111E-02,6.666838E+01,1.059376E-01,1.238888E+03,1.314277E+03,6.686577E-02,1.107929E+03,1.467111E-02,0.000000E+00,0.000000E+00,2.724636E-02,1.238127E+02,1.537956E-01,1.820209E+03,2.351209E+03,7.959194E-02,1.559754E+03,2.724636E-02,0.000000E+00,0.000000E+00
15:15:00,5.165079E-02,2.424186E+02,3.357276E-01,3.938154E+03,4.272202E+03,4.052188E-01,5.796583E+03,5.165079E-02,0.000000E+00,0.000000E+00,3.730654E-01,1.750951E+03,8.743088E-01,1.112279E+04,1.615171E+04,4.824125E-01,1.457489E+04,3.730654E-01,0.000000E+00,0.000000E+00,4.820504E-02,2.262463E+02,8.291307E-02,1.103109E+03,1.179387E+03,9.535581E-02,2.251976E+03,4.820504E-02,0.000000E+00,0.000000E+00,4.820516E-02,2.262468E+02,7.989601E-02,1.069427E+03,1.144083E+03,7.261290E-02,1.998038E+03,4.820516E-02,0.000000E+00,0.000000E+00,3.353389E-02,1.573885E+02,1.775134E-01,2.104558E+03,2.474290E+03,1.163023E-01,2.124521E+03,3.353389E-02,0.000000E+00,0.000000E+00,1.047938E-02,4.918406E+01,3.577049E-01,4.031206E+03,4.555075E+03,1.839744E-01,2.312264E+03,1.047938E-02,0.000000E+00,0.000000E+00,3.772573E-02,1.770625E+02,6.663588E-01,7.577318E+03,8.654193E+03,4.735711E-01,6.216735E+03,3.772573E-02,0.000000E+00,0.000000E+00,0.000000E+00,0.000000E+00,1.487875E-02,1.661167E+02,1.737608E+02,6.092066E-03,6.801850E+01,0.000000E+00,0.000000E+00,0.000000E+00,1.467111E-02,6.885763E+01,1.037247E-01,1.211994E+03,1.286758E+03,6.677963E-02,1.106968E+03,1.467111E-02,0.000000E+00,0.000000E+00,2.724636E-02,1.278785E+02,1.526510E-01,1.803374E+03,2.333129E+03,7.948914E-02,1.558606E+03,2.724636E-02,0.000000E+00,0.000000E+00
15:30:00,5.165079E-02,2.501260E+02,3.351970E-01,3.924523E+03,4.258112E+03,4.047462E-01,5.791306E+03,5.165079E-02,0.000000E+00,0.000000E+00,3.730654E-01,1.806620E+03,8.654635E-01,1.096854E+04,1.595740E+04,4.820743E-01,1.457111E+04,3.730654E-01,0.000000E+00,0.000000E+00,4.820504E-02,2.334395E+02,8.384093E-02,1.106275E+03,1.183027E+03,9.522213E-02,2.250484E+03,4.820504E-02,0.000000E+00,0.000000E+00,4.820516E-02,2.334401E+02,8.082369E-02,1.072590E+03,1.147773E+03,7.247041E-02,1.996447E+03,4.820516E-02,0.000000E+00,0.000000E+00,3.353389E-02,1.623924E+02,1.781156E-01,2.106275E+03,2.476197E+03,1.161809E-01,2.123166E+03,3.353389E-02,0.000000E+00,0.000000E+00,1.047938E-02,5.074781E+01,3.605533E-01,4.061444E+03,4.585540E+03,1.837011E-01,2.309212E+03,1.047938E-02,0.000000E+00,0.000000E+00,3.772573E-02,1.826920E+02,6.644790E-01,7.550710E+03,8.625423E+03,4.727459E-01,6.207521E+03,3.772573E-02,0.000000E+00,0.000000E+00,0.000000E+00,0.000000E+00,1.483217E-02,1.655966E+02,1.732286E+02,6.060918E-03,6.767073E+01,0.000000E+00,0.000000E+00,0.000000E+00,1.467111E-02,7.104687E+01,1.016178E-01,1.186282E+03,1.260442E+03,6.670029E-02,1.106082E+03,1.467111E-02,0.000000E+00,0.000000E+00,2.724636E-02,1.319442E+02,1.514681E-01,1.786111E+03,2.314589E+03,7.939512E-02,1.557556E+03,2.724636E-02,0.000000E+00,0.000000E+00
15:45:00,5.165079E-02,2.578334E+02,3.343243E-01,3.907072E+03,4.240054E+03,4.042877E-01,5.786187E+03,5.165079E-02,0.000000E+00,0.000000E+00,3.730654E-01,1.862289E+03,8.562285E-01,1.080997E+04,1.575622E+04,4.817628E-01,1.456764E+04,3.730654E-01,0.000000E+00,0.000000E+00,4.820504E-02,2.406327E+02,8.471097E-02,1.108795E+03,1.185960E+03,9.509949E-02,2.249114E+03,4.820504E-02,0.000000E+00,0.000000E+00,4.820516E-02,2.406333E+02,8.172670E-02,1.075478E+03,1.151145E+03,7.233941E-02,1.994984E+03,4.820516E-02,0.000000E+00,0.000000E+00,3.353389E-02,1.673964E+02,1.786030E-01,2.106711E+03,2.476764E+03,1.160690E-01,2.121917E+03,3.353389E-02,0.000000E+00,0.000000E+00,1.047938E-02,5.231156E+01,3.623427E-01,4.079862E+03,4.603980E+03,1.834508E-01,2.306418E+03,1.047938E-02,0.000000E+00,0.000000E+00,3.772573E-02,1.883215E+02,6.612655E-01,7.509214E+03,8.581288E+03,4.719865E-01,6.199042E+03,3.772573E-02,0.000000E+00,0.000000E+00,0.000000E+00,0.000000E+00,1.477287E-02,1.649345E+02,1.725520E+02,6.032149E-03,6.734952E+01,0.000000E+00,0.000000E+00,0.000000E+00,1.467111E-02,7.323612E+01,9.956801E-02,1.161209E+03,1.234773E+03,6.662725E-02,1.105266E+03,1.467111E-02,0.000000E+00,0.000000E+00,2.724636E-02,1.360100E+02,1.502298E-01,1.768231E+03,2.295391E+03,7.930937E-02,1.556599E+03,2.724636E-02,0.000000E+00,0.000000E+00
16:00:00,5.165079E-02,2.655409E+02,3.330822E-01,3.885498E+03,4.217714E+03,4.038423E-01,5.781214E+03,5.165079E-02,0.000000E+00,0.000000E+00,3.730654E-01,1.917959E+03,8.461236E-01,1.064170E+04,1.553865E+04,4.814766E-01,1.456444E+04,3.730654E-01,0.000000E+00,0.000000E+00,4.820504E-02,2.478259E+02,8.548729E-02,1.110268E+03,1.187764E+03,9.498715E-02,2.247860E+03,4.820504E-02,0.000000E+00,0.000000E+00,4.820516E-02,2.478266E+02,8.257094E-02,1.077710E+03,1.153798E+03,7.221915E-02,1.993642E+03,4.820516E-02,0.000000E+00,0.000000E+00,3.353389E-02,1.724004E+02,1.788912E-01,2.104924E+03,2.474896E+03,1.159658E-01,2.120764E+03,3.353389E-02,0.000000E+00,0.000000E+00,1.047938E-02,5.387531E+01,3.630976E-01,4.086732E+03,4.610735E+03,1.832220E-01,2.303863E+03,1.047938E-02,0.000000E+00,0.000000E+00,3.772573E-02,1.939510E+02,6.565609E-01,7.451074E+03,8.519843E+03,4.712883E-01,6.191247E+03,3.772573E-02,0.000000E+00,0.000000E+00,0.000000E+00,0.000000E+00,1.470063E-02,1.641280E+02,1.717287E+02,6.005585E-03,6.705293E+01,0.000000E+00,0.000000E+00,0.000000E+00,1.467111E-02,7.542537E+01,9.749357E-02,1.135860E+03,1.208788E+03,6.655996E-02,1.104515E+03,1.467111E-02,0.000000E+00,0.000000E+00,2.724636E-02,1.400757E+02,1.488964E-01,1.749290E+03,2.274928E+03,7.923123E-02,1.555727E+03,2.724636E-02,0.000000E+00,0.000000E+00
16:15:00,5.165079E-02,2.758174E+02,3.319246E-01,3.862300E+03,4.193974E+03,4.034090E-01,5.776376E+03,5.165079E-02,0.000000E+00,0.000000E+00,3.730654E-01,1.992185E+03,8.352647E-01,1.044649E+04,1.529021E+04,4.812140E-01,1.456151E+04,3.730654E-01,0.000000E+00,0.000000E+00,4.820504E-02,2.574169E+02,8.614830E-02,1.108057E+03,1.185743E+03,9.488433E-02,2.246712E+03,4.820504E-02,0.000000E+00,0.000000E+00,4.820516E-02,2.574176E+02,8.333320E-02,1.076629E+03,1.153012E+03,7.210882E-02,1.992410E+03,4.820516E-02,0.000000E+00,0.000000E+00,3.353389E-02,1.790724E+02,1.789812E-01,2.099259E+03,2.469040E+03,1.158705E-01,2.119700E+03,3.353389E-02,0.000000E+00,0.000000E+00,1.047938E-02,5.596030E+01,3.627773E-01,4.081079E+03,4.604600E+03,1.830129E-01,2.301529E+03,1.047938E-02,0.000000E+00,0.000000E+00,3.772573E-02,2.014570E+02,6.504035E-01,7.374840E+03,8.439755E+03,4.706468E-01,6.184085E+03,3.772573E-02,0.000000E+00,0.000000E+00,0.000000E+00,0.000000E+00,1.461549E-02,1.631775E+02,1.707589E+02,5.981055E-03,6.677905E+01,0.000000E+00,0.000000E+00,0.000000E+00,1.467111E-02,7.834436E+01,9.540417E-02,1.109615E+03,1.181890E+03,6.649791E-02,1.103822E+03,1.467111E-02,0.000000E+00,0.000000E+00,2.724636E-02,1.454967E+02,1.474788E-01,1.728054E+03,2.252094E+03,7.916006E-02,1.554932E+03,2.724636E-02,0.000000E+00,0.000000E+00
16:30:00,5.165079E-02,2.860939E+02,3.311249E-01,3.843096E+03,4.174525E+03,4.029868E-01,5.771662E+03,5.165079E-02,0.000000E+00,0.000000E+00,3.730654E-01,2.066410E+03,8.236468E-01,1.024283E+04,1.502910E+04,4.809732E-01,1.455882E+04,3.730654E-01,0.000000E+00,0.000000E+00,4.820504E-02,2.670079E+02,8.667020E-02,1.104293E+03,1.182066E+03,9.479025E-02,2.245662E+03,4.820504E-02,0.000000E+00,0.000000E+00,4.820516E-02,2.670085E+02,8.399049E-02,1.074376E+03,1.150965E+03,7.200762E-02,1.991280E+03,4.820516E-02,0.000000E+00,0.000000E+00,3.353389E-02,1.857443E+02,1.788532E-01,2.091160E+03,2.460643E+03,1.157824E-01,2.118716E+03,3.353389E-02,0.000000E+00,0.000000E+00,1.047938E-02,5.804530E+01,3.613523E-01,4.063095E+03,4.585834E+03,1.828219E-01,2.299396E+03,1.047938E-02,0.000000E+00,0.000000E+00,3.772573E-02,2.089630E+02,6.427807E-01,7.282249E+03,8.342796E+03,4.700572E-01,6.177502E+03,3.772573E-02,0.000000E+00,0.000000E+00,0.000000E+00,0.000000E+00,1.451766E-02,1.620852E+02,1.696450E+02,5.958394E-03,6.652603E+01,0.000000E+00,0.000000E+00,0.000000E+00,1.467111E-02,8.126335E+01,9.328856E-02,1.083077E+03,1.154688E+03,6.644060E-02,1.103182E+03,1.467111E-02,0.000000E+00,0.000000E+00,2.724636E-02,1.509177E+02,1.459738E-01,1.705844E+03,2.228212E+03,7.909525E-02,1.554208E+03,2.724636E-02,0.000000E+00,0.000000E+00
16:45:00,5.165079E-02,2.963705E+02,3.308149E-01,3.829358E+03,4.160720E+03,4.025750E-01,5.767065E+03,5.165079E-02,0.000000E+00,0.000000E+00,3.730654E-01,2.140636E+03,8.112539E-01,1.003054E+04,1.475337E+04,4.807526E-01,1.455636E+04,3.730654E-01,0.000000E+00,0.000000E+00,4.820504E-02,2.765988E+02,8.703259E-02,1.098748E+03,1.176494E+03,9.470417E-02,2.244700E+03,4.820504E-02,0.000000E+00,0.000000E+00,4.820516E-02,2.765995E+02,8.452121E-02,1.070710E+03,1.147405E+03,7.191482E-02,1.990244E+03,4.820516E-02,0.000000E+00,0.000000E+00,3.353389E-02,1.924163E+02,1.784890E-01,2.080426E+03,2.449426E+03,1.157008E-01,2.117805E+03,3.353389E-02,0.000000E+00,0.000000E+00,1.047938E-02,6.013030E+01,3.588110E-01,4.032650E+03,4.554395E+03,1.826474E-01,2.297448E+03,1.047938E-02,0.000000E+00,0.000000E+00,3.772573E-02,2.164690E+02,6.336887E-01,7.173257E+03,8.228852E+03,4.695153E-01,6.171451E+03,3.772573E-02,0.000000E+00,0.000000E+00,0.000000E+00,0.000000E+00,1.440736E-02,1.608537E+02,1.683896E+02,5.937451E-03,6.629221E+01,0.000000E+00,0.000000E+00,0.000000E+00,1.467111E-02,8.418235E+01,9.113609E-02,1.056128E+03,1.127045E+03,6.638761E-02,1.102591E+03,1.467111E-02,0.000000E+00,0.000000E+00,2.724636E-02,1.563387E+02,1.443791E-01,1.682633E+03,2.203176E+03,7.903620E-02,1.553549E+03,2.724636E-02,0.000000E+00,0.000000E+00
17:00:00,5.165079E-02,3.066470E+02,3.309445E-01,3.820527E+03,4.151907E+03,4.021730E-01,5.762575E+03,5.165079E-02,0.000000E+00,0.000000E+00,3.730654E-01,2.214862E+03,7.983614E-01,9.812674E+03,1.446794E+04,4.805505E-01,1.455410E+04,3.730654E-01,0.000000E+00,0.000000E+00,4.820504E-02,2.861898E+02,8.721640E-02,1.091209E+03,1.168806E+03,9.462540E-02,2.243821E+03,4.820504E-02,0.000000E+00,0.000000E+00,4.820516E-02,2.861905E+02,8.490359E-02,1.065388E+03,1.142077E+03,7.182970E-02,1.989293E+03,4.820516E-02,0.000000E+00,0.000000E+00,3.353389E-02,1.990883E+02,1.779111E-01,2.067306E+03,2.435683E+03,1.156251E-01,2.116961E+03,3.353389E-02,0.000000E+00,0.000000E+00,1.047938E-02,6.221530E+01,3.550744E-01,3.988863E+03,4.509293E+03,1.824881E-01,2.295669E+03,1.047938E-02,0.000000E+00,0.000000E+00,3.772573E-02,2.239749E+02,6.231874E-01,7.048533E+03,8.098602E+03,4.690170E-01,6.165888E+03,3.772573E-02,0.000000E+00,0.000000E+00,0.000000E+00,0.000000E+00,1.428476E-02,1.594850E+02,1.669946E+02,5.918087E-03,6.607600E+01,0.000000E+00,0.000000E+00,0.000000E+00,1.467111E-02,8.710134E+01,8.898098E-02,1.029149E+03,1.099360E+03,6.633852E-02,1.102042E+03,1.467111E-02,0.000000E+00,0.000000E+00,2.724636E-02,1.617597E+02,1.427165E-01,1.658665E+03,2.177280E+03,7.898241E-02,1.552948E+03,2.724636E-02,0.000000E+00,0.000000E+00
17:15:00,5.165079E-02,3.194927E+02,3.308357E-01,3.806467E+03,4.137377E+03,4.017799E-01,5.758187E+03,5.165079E-02,0.000000E+00,0.000000E+00,3.730654E-01,2.307644E+03,7.848336E-01,9.569175E+03,1.415065E+04,4.803655E-01,1.455204E+04,3.730654E-01,0.000000E+00,0.000000E+00,4.820504E-02,2.981785E+02,8.720250E-02,1.079065E+03,1.156331E+03,9.455331E-02,2.243016E+03,4.820504E-02,0.000000E+00,0.000000E+00,4.820516E-02,2.981793E+02,8.511418E-02,1.055751E+03,1.132261E+03,7.175162E-02,1.988422E+03,4.820516E-02,0.000000E+00,0.000000E+00,3.353389E-02,2.074282E+02,1.770954E-01,2.049865E+03,2.417406E+03,1.155549E-01,2.116176E+03,3.353389E-02,0.000000E+00,0.000000E+00,1.047938E-02,6.482154E+01,3.501850E-01,3.931688E+03,4.450479E+03,1.823424E-01,2.294043E+03,1.047938E-02,0.000000E+00,0.000000E+00,3.772573E-02,2.333574E+02,6.112736E-01,6.906165E+03,7.949992E+03,4.685587E-01,6.160770E+03,3.772573E-02,0.000000E+00,0.000000E+00,0.000000E+00,0.000000E+00,1.415011E-02,1.579817E+02,1.654627E+02,5.900172E-03,6.587599E+01,0.000000E+00,0.000000E+00,0.000000E+00,1.467111E-02,9.075008E+01,8.679969E-02,1.001148E+03,1.070609E+03,6.629299E-02,1.101534E+03,1.467111E-02,0.000000E+00,0.000000E+00,2.724636E-02,1.685359E+02,1.409779E-01,1.632494E+03,2.149003E+03,7.893339E-02,1.552401E+03,2.724636E-02,0.000000E+00,0.000000E+00
17:30:00,5.165079E-02,3.323384E+02,3.301035E-01,3.785445E+03,4.115499E+03,4.013954E-01,5.753893E+03,5.165079E-02,0.000000E+00,0.000000E+00,3.730654E-01,2.400427E+03,7.706149E-01,9.317978E+03,1.381948E+04,4.801960E-01,1.455014E+04,3.730654E-01,0.000000E+00,0.000000E+00,4.820504E-02,3.101672E+02,8.697370E-02,1.064523E+03,1.141312E+03,9.448732E-02,2.242279E+03,4.820504E-02,0.000000E+00,0.000000E+00,4.820516E-02,3.101680E+02,8.513167E-02,1.043957E+03,1.120152E+03,7.168000E-02,1.987622E+03,4.820516E-02,0.000000E+00,0.000000E+00,3.353389E-02,2.157682E+02,1.760320E-01,2.029659E+03,2.396203E+03,1.154895E-01,2.115447E+03,3.353389E-02,0.000000E+00,0.000000E+00,1.047938E-02,6.742779E+01,3.441804E-01,3.862063E+03,4.378912E+03,1.822094E-01,2.292557E+03,1.047938E-02,0.000000E+00,0.000000E+00,3.772573E-02,2.427399E+02,5.979696E-01,6.748278E+03,7.785177E+03,4.681369E-01,6.156061E+03,3.772573E-02,0.000000E+00,0.000000E+00,0.000000E+00,0.000000E+00,1.400375E-02,1.563476E+02,1.637980E+02,5.883589E-03,6.569084E+01,0.000000E+00,0.000000E+00,0.000000E+00,1.467111E-02,9.439883E+01,8.458055E-02,9.727248E+02,1.041407E+03,6.625069E-02,1.101062E+03,1.467111E-02,0.000000E+00,0.000000E+00,2.724636E-02,1.753121E+02,1.391609E-01,1.605448E+03,2.119729E+03,7.888870E-02,1.551902E+03,2.724636E-02,0.000000E+00,0.000000E+00
17:45:00,5.165079E-02,3.451841E+02,3.284594E-01,3.754246E+03,4.083002E+03,4.010189E-01,5.749690E+03,5.165079E-02,0.000000E+00,0.000000E+00,3.730654E-01,2.493209E+03,7.554590E-01,9.056339E+03,1.346874E+04,4.800410E-01,1.454841E+04,3.730654E-01,0.000000E+00,0.000000E+00,4.820504E-02,3.221560E+02,8.651547E-02,1.047418E+03,1.123579E+03,9.442691E-02,2.241605E+03,4.820504E-02,0.000000E+00,0.000000E+00,4.820516E-02,3.221568E+02,8.493867E-02,1.029814E+03,1.105547E+03,7.161429E-02,1.986888E+03,4.820516E-02,0.000000E+00,0.000000E+00,3.353389E-02,2.241082E+02,1.746908E-01,2.006354E+03,2.371669E+03,1.154287E-01,2.114767E+03,3.353389E-02,0.000000E+00,0.000000E+00,1.047938E-02,7.003404E+01,3.371190E-01,3.780642E+03,4.295250E+03,1.820878E-01,2.291200E+03,1.047938E-02,0.000000E+00,0.000000E+00,3.772573E-02,2.521224E+02,5.832178E-01,6.574228E+03,7.603300E+03,4.677486E-01,6.151725E+03,3.772573E-02,0.000000E+00,0.000000E+00,0.000000E+00,0.000000E+00,1.384616E-02,1.545882E+02,1.620056E+02,5.868230E-03,6.551935E+01,0.000000E+00,0.000000E+00,0.000000E+00,1.467111E-02,9.804757E+01,8.228740E-02,9.434752E+02,1.011323E+03,6.621134E-02,1.100622E+03,1.467111E-02,0.000000E+00,0.000000E+00,2.724636E-02,1.820884E+02,1.372493E-01,1.577345E+03,2.089199E+03,7.884795E-02,1.551447E+03,2.724636E-02,0.000000E+00,0.000000E+00
18:00:00,5.165079E-02,3.580298E+02,3.258846E-01,3.712657E+03,4.039736E+03,4.006500E-01,5.745571E+03,5.165079E-02,0.000000E+00,0.000000E+00,3.730654E-01,2.585991E+03,7.394830E-01,8.785566E+03,1.310179E+04,4.798990E-01,1.454683E+04,3.730654E-01,0.000000E+00,0.000000E+00,4.820504E-02,3.341447E+02,8.581603E-02,1.027621E+03,1.102989E+03,9.437158E-02,2.240987E+03,4.820504E-02,0.000000E+00,0.000000E+00,4.820516E-02,3.341455E+02,8.452226E-02,1.013177E+03,1.088293E+03,7.155398E-02,1.986215E+03,4.820516E-02,0.000000E+00,0.000000E+00,3.353389E-02,2.324481E+02,1.730899E-01,1.980149E+03,2.344104E+03,1.153719E-01,2.114134E+03,3.353389E-02,0.000000E+00,0.000000E+00,1.047938E-02,7.264028E+01,3.290735E-01,3.688236E+03,4.200280E+03,1.819766E-01,2.289958E+03,1.047938E-02,0.000000E+00,0.000000E+00,3.772573E-02,2.615049E+02,5.671501E-01,6.385490E+03,7.406051E+03,4.673909E-01,6.147732E+03,3.772573E-02,0.000000E+00,0.000000E+00,0.000000E+00,0.000000E+00,1.367787E-02,1.527092E+02,1.600918E+02,5.853995E-03,6.536041E+01,0.000000E+00,0.000000E+00,0.000000E+00,1.467111E-02,1.016963E+02,7.992983E-02,9.135066E+02,9.804873E+02,6.617468E-02,1.100213E+03,1.467111E-02,0.000000E+00,0.000000E+00,2.724636E-02,1.888646E+02,1.352509E-01,1.548276E+03,2.057600E+03,7.881078E-02,1.551032E+03,2.724636E-02,0.000000E+00,0.000000E+00
18:15:00,5.165079E-02,3.772983E+02,3.225126E-01,3.655746E+03,3.980701E+03,4.002883E-01,5.741532E+03,5.165079E-02,0.000000E+00,0.000000E+00,3.730654E-01,2.725165E+03,7.226757E-01,8.459141E+03,1.266910E+04,4.797690E-01,1.454538E+04,3.730654E-01,0.000000E+00,0.000000E+00,4.820504E-02,3.521277E+02,8.485617E-02,9.989224E+02,1.073191E+03,9.432091E-02,2.240421E+03,4.820504E-02,0.000000E+00,0.000000E+00,4.820516E-02,3.521286E+02,8.386554E-02,9.878623E+02,1.062070E+03,7.149864E-02,1.985597E+03,4.820516E-02,0.000000E+00,0.000000E+00,3.353389E-02,2.449581E+02,1.712187E-01,1.946758E+03,2.309028E+03,1.153189E-01,2.113542E+03,3.353389E-02,0.000000E+00,0.000000E+00,1.047938E-02,7.654965E+01,3.201154E-01,3.584340E+03,4.093429E+03,1.818750E-01,2.288824E+03,1.047938E-02,0.000000E+00,0.000000E+00,3.772573E-02,2.755786E+02,5.498361E-01,6.178148E+03,7.189246E+03,4.670613E-01,6.144052E+03,3.772573E-02,0.000000E+00,0.000000E+00,0.000000E+00,0.000000E+00,1.349935E-02,1.507161E+02,1.580618E+02,5.840793E-03,6.521301E+01,0.000000E+00,0.000000E+00,0.000000E+00,1.467111E-02,1.071694E+02,7.750081E-02,8.809159E+02,9.469417E+02,6.614048E-02,1.099831E+03,1.467111E-02,0.000000E+00,0.000000E+00,2.724636E-02,1.990290E+02,1.331594E-01,1.514779E+03,2.021291E+03,7.877687E-02,1.550653E+03,2.724636E-02,0.000000E+00,0.000000E+00
18:30:00,5.165079E-02,3.965668E+02,3.183111E-01,3.589574E+03,3.912062E+03,3.999334E-01,5.737570E+03,5.165079E-02,0.000000E+00,0.000000E+00,3.730654E-01,2.864338E+03,7.050709E-01,8.123831E+03,1.221754E+04,4.796501E-01,1.454405E+04,3.730654E-01,0.000000E+00,0.000000E+00,4.820504E-02,3.701108E+02,8.361973E-02,9.671358E+02,1.040101E+03,9.427449E-02,2.239903E+03,4.820504E-02,0.000000E+00,0.000000E+00,4.820516E-02,3.701117E+02,8.295190E-02,9.596796E+02,1.032790E+03,7.144784E-02,1.985030E+03,4.820516E-02,0.000000E+00,0.000000E+00,3.353389E-02,2.574680E+02,1.690714E-01,1.910286E+03,2.270626E+03,1.152693E-01,2.112988E+03,3.353389E-02,0.000000E+00,0.000000E+00,1.047938E-02,8.045902E+01,3.103547E-01,3.471485E+03,3.977333E+03,1.817821E-01,2.287786E+03,1.047938E-02,0.000000E+00,0.000000E+00,3.772573E-02,2.896523E+02,5.314008E-01,5.958289E+03,6.959056E+03,4.667574E-01,6.140659E+03,3.772573E-02,0.000000E+00,0.000000E+00,0.000000E+00,0.000000E+00,1.331105E-02,1.486138E+02,1.559206E+02,5.828542E-03,6.507622E+01,0.000000E+00,0.000000E+00,0.000000E+00,1.467111E-02,1.126425E+02,7.500165E-02,8.475422E+02,9.125568E+02,6.610854E-02,1.099475E+03,1.467111E-02,0.000000E+00,0.000000E+00,2.724636E-02,2.091933E+02,1.309759E-01,1.480256E+03,1.983763E+03,7.874591E-02,1.550308E+03,2.724636E-02,0.000000E+00,0.000000E+00
18:45:00,5.165079E-02,4.158353E+02,3.132705E-01,3.514035E+03,3.833704E+03,3.995851E-01,5.733681E+03,5.165079E-02,0.000000E+00,0.000000E+00,3.730654E-01,3.003512E+03,6.869464E-01,7.782731E+03,1.175199E+04,4.795413E-01,1.454283E+04,3.730654E-01,0.000000E+00,0.000000E+00,4.820504E-02,3.880939E+02,8.208837E-02,9.320568E+02,1.003491E+03,9.423195E-02,2.239428E+03,4.820504E-02,0.000000E+00,0.000000E+00,4.820516E-02,3.880949E+02,8.176259E-02,9.284191E+02,1.000222E+03,7.140120E-02,1.984509E+03,4.820516E-02,0.000000E+00,0.000000E+00,3.353389E-02,2.699779E+02,1.666628E-01,1.870898E+03,2.229095E+03,1.152229E-01,2.112470E+03,3.353389E-02,0.000000E+00,0.000000E+00,1.047938E-02,8.436840E+01,2.999132E-01,3.351030E+03,3.853363E+03,1.816971E-01,2.286837E+03,1.047938E-02,0.000000E+00,0.000000E+00,3.772573E-02,3.037261E+02,5.121007E-01,5.728775E+03,6.718529E+03,4.664772E-01,6.137530E+03,3.772573E-02,0.000000E+00,0.000000E+00,0.000000E+00,0.000000E+00,1.311356E-02,1.464089E+02,1.536750E+02,5.817165E-03,6.494920E+01,0.000000E+00,0.000000E+00,0.000000E+00,1.467111E-02,1.181157E+02,7.246592E-02,8.137603E+02,8.777275E+02,6.607866E-02,1.099141E+03,1.467111E-02,0.000000E+00,0.000000E+00,2.724636E-02,2.193577E+02,1.287193E-01,1.444917E+03,1.945283E+03,7.871765E-02,1.549992E+03,2.724636E-02,0.000000E+00,0.000000E+00
19:00:00,5.165079E-02,4.351038E+02,3.072371E-01,3.427413E+03,3.743750E+03,3.992431E-01,5.729862E+03,5.165079E-02,0.000000E+00,0.000000E+00,3.730654E-01,3.142685E+03,6.682461E-01,7.435212E+03,1.126978E+04,4.794417E-01,1.454172E+04,3.730654E-01,0.000000E+00,0.000000E+00,4.820504E-02,4.060769E+02,8.023996E-02,8.934382E+02,9.630782E+02,9.419297E-02,2.238993E+03,4.820504E-02,0.000000E+00,0.000000E+00,4.820516E-02,4.060780E+02,8.027438E-02,8.938217E+02,9.640778E+02,7.135837E-02,1.984031E+03,4.820516E-02,0.000000E+00,0.000000E+00,3.353389E-02,2.824879E+02,1.639536E-01,1.828155E+03,2.183901E+03,1.151794E-01,2.111984E+03,3.353389E-02,0.000000E+00,0.000000E+00,1.047938E-02,8.827777E+01,2.889374E-01,3.224611E+03,3.723150E+03,1.816193E-01,2.285969E+03,1.047938E-02,0.000000E+00,0.000000E+00,3.772573E-02,3.177998E+02,4.920548E-01,5.490936E+03,6.468864E+03,4.662186E-01,6.134643E+03,3.772573E-02,0.000000E+00,0.000000E+00,0.000000E+00,0.000000E+00,1.290768E-02,1.441103E+02,1.513341E+02,5.806593E-03,6.483117E+01,0.000000E+00,0.000000E+00,0.000000E+00,1.467111E-02,1.235888E+02,6.988650E-02,7.794905E+02,8.423568E+02,6.605068E-02,1.098829E+03,1.467111E-02,0.000000E+00,0.000000E+00,2.724636E-02,2.295221E+02,1.263870E-01,1.408734E+03,1.905756E+03,7.869185E-02,1.549704E+03,2.724636E-02,0.000000E+00,0.000000E+00
19:15:00,5.165079E-02,4.492341E+02,3.002527E-01,3.335325E+03,3.649377E+03,3.989071E-01,5.726111E+03,5.165079E-02,0.000000E+00,0.000000E+00,3.730654E-01,3.244746E+03,6.488796E-01,7.117656E+03,1.083460E+04,4.793506E-01,1.454070E+04,3.730654E-01,0.000000E+00,0.000000E+00,4.820504E-02,4.192645E+02,7.807265E-02,8.560560E+02,9.238926E+02,9.415724E-02,2.238594E+03,4.820504E-02,0.000000E+00,0.000000E+00,4.820516E-02,4.192656E+02,7.847439E-02,8.605404E+02,9.292322E+02,7.131905E-02,1.983592E+03,4.820516E-02,0.000000E+00,0.000000E+00,3.353389E-02,2.916618E+02,1.609404E-01,1.785379E+03,2.140261E+03,1.151385E-01,2.111527E+03,3.353389E-02,0.000000E+00,0.000000E+00,1.047938E-02,9.114464E+01,2.776431E-01,3.095706E+03,3.595547E+03,1.815482E-01,2.285175E+03,1.047938E-02,0.000000E+00,0.000000E+00,3.772573E-02,3.281205E+02,4.715925E-01,5.252241E+03,6.227120E+03,4.659799E-01,6.131977E+03,3.772573E-02,0.000000E+00,0.000000E+00,0.000000E+00,0.000000E+00,1.269474E-02,1.417330E+02,1.489360E+02,5.796763E-03,6.472141E+01,0.000000E+00,0.000000E+00,0.000000E+00,1.467111E-02,1.276024E+02,6.730390E-02,7.466470E+02,8.088429E+02,6.602445E-02,1.098536E+03,1.467111E-02,0.000000E+00,0.000000E+00,2.724636E-02,2.369759E+02,1.239901E-01,1.374575E+03,1.870796E+03,7.866827E-02,1.549441E+03,2.724636E-02,0.000000E+00,0.000000E+00
19:30:00,5.165079E-02,4.633643E+02,2.920808E-01,3.229993E+03,3.539747E+03,3.985770E-01,5.722424E+03,5.165079E-02,0.000000E+00,0.000000E+00,3.730654E-01,3.346806E+03,6.293872E-01,6.798949E+03,1.036069E+04,4.792672E-01,1.453977E+04,3.730654E-01,0.000000E+00,0.000000E+00,4.820504E-02,4.324521E+02,7.557638E-02,8.150021E+02,8.805392E+02,9.412449E-02,2.238228E+03,4.820504E-02,0.000000E+00,0.000000E+00,4.820516E-02,4.324532E+02,7.634968E-02,8.236348E+02,8.903191E+02,7.128294E-02,1.983189E+03,4.820516E-02,0.000000E+00,0.000000E+00,3.353389E-02,3.008358E+02,1.575981E-01,1.738956E+03,2.091056E+03,1.151001E-01,2.111099E+03,3.353389E-02,0.000000E+00,0.000000E+00,1.047938E-02,9.401151E+01,2.662228E-01,2.965423E+03,3.461237E+03,1.814831E-01,2.284448E+03,1.047938E-02,0.000000E+00,0.000000E+00,3.772573E-02,3.384413E+02,4.509574E-01,5.011651E+03,5.972596E+03,4.657594E-01,6.129516E+03,3.772573E-02,0.000000E+00,0.000000E+00,0.000000E+00,0.000000E+00,1.247716E-02,1.393041E+02,1.464612E+02,5.787616E-03,6.461929E+01,0.000000E+00,0.000000E+00,0.000000E+00,1.467111E-02,1.316160E+02,6.472854E-02,7.138865E+02,7.749102E+02,6.599983E-02,1.098261E+03,1.467111E-02,0.000000E+00,0.000000E+00,2.724636E-02,2.444298E+02,1.215728E-01,1.340227E+03,1.832962E+03,7.864674E-02,1.549200E+03,2.724636E-02,0.000000E+00,0.000000E+00
19:45:00,5.165079E-02,4.774946E+02,2.826599E-01,3.110715E+03,3.415983E+03,3.982524E-01,5.718801E+03,5.165079E-02,0.000000E+00,0.000000E+00,3.730654E-01,3.448867E+03,6.099945E-01,6.481284E+03,9.886319E+03,4.791909E-01,1.453892E+04,3.730654E-01,0.000000E+00,0.000000E+00,4.820504E-02,4.456397E+02,7.273350E-02,7.700781E+02,8.329968E+02,9.409446E-02,2.237893E+03,4.820504E-02,0.000000E+00,0.000000E+00,4.820516E-02,4.456408E+02,7.387854E-02,7.828612E+02,8.472397E+02,7.124977E-02,1.982818E+03,4.820516E-02,0.000000E+00,0.000000E+00,3.353389E-02,3.100098E+02,1.538862E-01,1.688409E+03,2.037646E+03,1.150640E-01,2.110695E+03,3.353389E-02,0.000000E+00,0.000000E+00,1.047938E-02,9.687838E+01,2.548604E-01,2.835782E+03,3.328561E+03,1.814236E-01,2.283783E+03,1.047938E-02,0.000000E+00,0.000000E+00,3.772573E-02,3.487620E+02,4.304461E-01,4.772435E+03,5.722530E+03,4.655557E-01,6.127242E+03,3.772573E-02,0.000000E+00,0.000000E+00,0.000000E+00,0.000000E+00,1.225750E-02,1.368521E+02,1.439712E+02,5.779100E-03,6.452420E+01,0.000000E+00,0.000000E+00,0.000000E+00,1.467111E-02,1.356296E+02,6.218883E-02,6.815235E+02,7.414817E+02,6.597670E-02,1.098003E+03,1.467111E-02,0.000000E+00,0.000000E+00,2.724636E-02,2.518836E+02,1.191603E-01,1.305932E+03,1.795540E+03,7.862705E-02,1.548981E+03,2.724636E-02,0.000000E+00,0.000000E+00
20:00:00,5.165079E-02,4.916248E+02,2.722028E-01,2.979867E+03,3.279940E+03,3.979333E-01,5.715238E+03,5.165079E-02,0.000000E+00,0.000000E+00,3.730654E-01,3.550927E+03,5.907615E-01,6.165315E+03,9.401307E+03,4.791212E-01,1.453814E+04,3.730654E-01,0.000000E+00,0.000000E+00,4.820504E-02,4.588273E+02,6.952854E-02,7.211113E+02,7.809411E+02,9.406692E-02,2.237585E+03,4.820504E-02,0.000000E+00,0.000000E+00,4.820516E-02,4.588284E+02,7.104074E-02,7.379936E+02,7.996317E+02,7.121931E-02,1.982478E+03,4.820516E-02,0.000000E+00,0.000000E+00,3.353389E-02,3.191837E+02,1.497346E-01,1.632950E+03,1.978543E+03,1.150300E-01,2.110315E+03,3.353389E-02,0.000000E+00,0.000000E+00,1.047938E-02,9.974525E+01,2.436766E-01,2.708128E+03,3.196964E+03,1.813690E-01,2.283174E+03,1.047938E-02,0.000000E+00,0.000000E+00,3.772573E-02,3.590827E+02,4.101828E-01,4.535978E+03,5.473795E+03,4.653674E-01,6.125139E+03,3.772573E-02,0.000000E+00,0.000000E+00,0.000000E+00,0.000000E+00,1.203850E-02,1.344073E+02,1.414866E+02,5.771164E-03,6.443560E+01,0.000000E+00,0.000000E+00,0.000000E+00,1.467111E-02,1.396432E+02,5.969983E-02,6.497262E+02,7.085411E+02,6.595494E-02,1.097760E+03,1.467111E-02,0.000000E+00,0.000000E+00,2.724636E-02,2.593375E+02,1.167632E-01,1.271805E+03,1.757763E+03,7.860906E-02,1.548780E+03,2.724636E-02,0.000000E+00,0.000000E+00
20:15:00,5.165079E-02,5.031860E+02,2.617404E-01,2.851514E+03,3.146541E+03,3.976195E-01,5.711734E+03,5.165079E-02,0.000000E+00,0.000000E+00,3.730654E-01,3.634431E+03,5.727070E-01,5.880761E+03,8.950944E+03,4.790573E-01,1.453743E+04,3.730654E-01,0.000000E+00,0.000000E+00,4.820504E-02,4.696171E+02,6.598885E-02,6.708038E+02,7.270898E+02,9.404167E-02,2.237303E+03,4.820504E-02,0.000000E+00,0.000000E+00,4.820516E-02,4.696183E+02,6.786138E-02,6.917091E+02,7.501960E+02,7.119132E-02,1.982166E+03,4.820516E-02,0.000000E+00,0.000000E+00,3.353389E-02,3.266897E+02,1.451990E-01,1.574849E+03,1.916393E+03,1.149979E-01,2.109957E+03,3.353389E-02,0.000000E+00,0.000000E+00,1.047938E-02,1.020909E+02,2.328517E-01,2.584973E+03,3.069702E+03,1.813191E-01,2.282617E+03,1.047938E-02,0.000000E+00,0.000000E+00,3.772573E-02,3.675270E+02,3.905675E-01,4.308592E+03,5.233799E+03,4.651933E-01,6.123196E+03,3.772573E-02,0.000000E+00,0.000000E+00,0.000000E+00,0.000000E+00,1.182382E-02,1.320106E+02,1.390504E+02,5.763765E-03,6.435299E+01,0.000000E+00,0.000000E+00,0.000000E+00,1.467111E-02,1.429271E+02,5.732352E-02,6.199145E+02,6.776019E+02,6.593447E-02,1.097531E+03,1.467111E-02,0.000000E+00,0.000000E+00,2.724636E-02,2.654361E+02,1.144613E-01,1.240060E+03,1.722511E+03,7.859261E-02,1.548596E+03,2.724636E-02,0.000000E+00,0.000000E+00
20:30:00,5.165079E-02,5.147471E+02,2.519715E-01,2.730891E+03,3.021024E+03,3.973108E-01,5.708287E+03,5.165079E-02,0.000000E+00,0.000000E+00,3.730654E-01,3.717935E+03,5.560151E-01,5.611150E+03,8.518940E+03,4.789990E-01,1.453678E+04,3.730654E-01,0.000000E+00,0.000000E+00,4.820504E-02,4.804070E+02,6.223157E-02,6.180660E+02,6.703504E+02,9.401852E-02,2.237045E+03,4.820504E-02,0.000000E+00,0.000000E+00,4.820516E-02,4.804082E+02,6.445166E-02,6.428518E+02,6.977790E+02,7.116562E-02,1.981879E+03,4.820516E-02,0.000000E+00,0.000000E+00,3.353389E-02,3.341957E+02,1.404167E-01,1.513968E+03,1.851015E+03,1.149677E-01,2.109620E+03,3.353389E-02,0.000000E+00,0.000000E+00,1.047938E-02,1.044365E+02,2.225707E-01,2.467861E+03,2.948500E+03,1.812735E-01,2.282107E+03,1.047938E-02,0.000000E+00,0.000000E+00,3.772573E-02,3.759712E+02,3.720350E-01,4.093259E+03,5.006157E+03,4.650323E-01,6.121398E+03,3.772573E-02,0.000000E+00,0.000000E+00,0.000000E+00,0.000000E+00,1.161732E-02,1.297051E+02,1.367074E+02,5.756862E-03,6.427592E+01,0.000000E+00,0.000000E+00,0.000000E+00,1.467111E-02,1.462110E+02,5.512122E-02,5.920434E+02,6.486409E+02,6.591517E-02,1.097316E+03,1.467111E-02,0.000000E+00,0.000000E+00,2.724636E-02,2.715347E+02,1.122826E-01,1.209652E+03,1.688613E+03,7.857757E-02,1.548428E+03,2.724636E-02,0.000000E+00,0.000000E+00
20:45:00,5.165079E-02,5.263082E+02,2.433469E-01,2.623041E+03,2.908771E+03,3.970070E-01,5.704896E+03,5.165079E-02,0.000000E+00,0.000000E+00,3.730654E-01,3.801439E+03,5.410186E-01,5.360430E+03,8.113614E+03,4.789456E-01,1.453618E+04,3.730654E-01,0.000000E+00,0.000000E+00,4.820504E-02,4.911968E+02,5.843338E-02,5.648715E+02,6.128083E+02,9.399728E-02,2.236808E+03,4.820504E-02,0.000000E+00,0.000000E+00,4.820516E-02,4.911980E+02,6.098172E-02,5.933219E+02,6.443929E+02,7.114200E-02,1.981615E+03,4.820516E-02,0.000000E+00,0.000000E+00,3.353389E-02,3.417016E+02,1.355933E-01,1.452627E+03,1.784742E+03,1.149391E-01,2.109301E+03,3.353389E-02,0.000000E+00,0.000000E+00,1.047938E-02,1.067821E+02,2.129952E-01,2.358623E+03,2.835220E+03,1.812316E-01,2.281640E+03,1.047938E-02,0.000000E+00,0.000000E+00,3.772573E-02,3.844154E+02,3.548651E-01,3.893136E+03,4.794255E+03,4.648833E-01,6.119734E+03,3.772573E-02,0.000000E+00,0.000000E+00,0.000000E+00,0.000000E+00,1.142190E-02,1.275233E+02,1.344906E+02,5.750417E-03,6.420395E+01,0.000000E+00,0.000000E+00,0.000000E+00,1.467111E-02,1.494948E+02,5.312025E-02,5.664200E+02,6.219797E+02,6.589698E-02,1.097113E+03,1.467111E-02,0.000000E+00,0.000000E+00,2.724636E-02,2.776333E+02,1.102581E-01,1.180961E+03,1.656440E+03,7.856382E-02,1.548275E+03,2.724636E-02,0.000000E+00,0.000000E+00
21:00:00,5.165079E-02,5.378693E+02,2.360745E-01,2.530289E+03,2.811752E+03,3.967082E-01,5.701559E+03,5.165079E-02,0.000000E+00,0.000000E+00,3.730654E-01,3.884943E+03,5.286214E-01,5.138694E+03,7.754128E+03,4.788968E-01,1.453564E+04,3.730654E-01,0.000000E+00,0.000000E+00,4.820504E-02,5.019866E+02,5.478879E-02,5.133918E+02,5.567573E+02,9.397780E-02,2.236590E+03,4.820504E-02,0.000000E+00,0.000000E+00,4.820516E-02,5.019879E+02,5.764038E-02,5.452279E+02,5.922468E+02,7.112030E-02,1.981373E+03,4.820516E-02,0.000000E+00,0.000000E+00,3.353389E-02,3.492076E+02,1.310099E-01,1.393963E+03,1.719802E+03,1.149121E-01,2.108999E+03,3.353389E-02,0.000000E+00,0.000000E+00,1.047938E-02,1.091277E+02,2.043180E-01,2.259415E+03,2.730013E+03,1.811933E-01,2.281213E+03,1.047938E-02,0.000000E+00,0.000000E+00,3.772573E-02,3.928597E+02,3.394470E-01,3.712570E+03,4.599074E+03,4.647453E-01,6.118193E+03,3.772573E-02,0.000000E+00,0.000000E+00,0.000000E+00,0.000000E+00,1.123938E-02,1.254855E+02,1.324103E+02,5.744395E-03,6.413672E+01,0.000000E+00,0.000000E+00,0.000000E+00,1.467111E-02,1.527787E+02,5.135168E-02,5.433913E+02,5.978566E+02,6.587981E-02,1.096921E+03,1.467111E-02,0.000000E+00,0.000000E+00,2.724636E-02,2.837320E+02,1.084585E-01,1.154781E+03,1.626267E+03,7.855124E-02,1.548134E+03,2.724636E-02,0.000000E+00,0.000000E+00
21:15:00,5.165079E-02,5.494304E+02,2.294464E-01,2.444712E+03,2.721567E+03,3.964140E-01,5.698274E+03,5.165079E-02,0.000000E+00,0.000000E+00,3.730654E-01,3.968447E+03,5.174281E-01,4.930089E+03,7.408646E+03,4.788521E-01,1.453514E+04,3.730654E-01,0.000000E+00,0.000000E+00,4.820504E-02,5.127765E+02,5.143041E-02,4.651071E+02,5.039262E+02,9.395993E-02,2.236391E+03,4.820504E-02,0.000000E+00,0.000000E+00,4.820516E-02,5.127778E+02,5.455772E-02,5.000213E+02,5.430222E+02,7.110037E-02,1.981150E+03,4.820516E-02,0.000000E+00,0.000000E+00,3.353389E-02,3.567135E+02,1.267657E-01,1.339052E+03,1.658119E+03,1.148866E-01,2.108715E+03,3.353389E-02,0.000000E+00,0.000000E+00,1.047938E-02,1.114734E+02,1.965170E-01,2.169945E+03,2.633664E+03,1.811583E-01,2.280821E+03,1.047938E-02,0.000000E+00,0.000000E+00,3.772573E-02,4.013039E+02,3.255624E-01,3.549070E+03,4.419097E+03,4.646175E-01,6.116766E+03,3.772573E-02,0.000000E+00,0.000000E+00,0.000000E+00,0.000000E+00,1.106893E-02,1.235821E+02,1.304600E+02,5.738766E-03,6.407387E+01,0.000000E+00,0.000000E+00,0.000000E+00,1.467111E-02,1.560626E+02,4.976485E-02,5.223883E+02,5.757336E+02,6.586360E-02,1.096740E+03,1.467111E-02,0.000000E+00,0.000000E+00,2.724636E-02,2.898306E+02,1.067985E-01,1.130102E+03,1.597065E+03,7.853973E-02,1.548006E+03,2.724636E-02,0.000000E+00,0.000000E+00
21:30:00,5.165079E-02,5.609915E+02,2.233271E-01,2.364814E+03,2.638672E+03,3.961245E-01,5.695042E+03,5.165079E-02,0.000000E+00,0.000000E+00,3.730654E-01,4.051951E+03,5.076210E-01,4.736936E+03,7.104239E+03,4.788114E-01,1.453468E+04,3.730654E-01,0.000000E+00,0.000000E+00,4.820504E-02,5.235663E+02,4.840693E-02,4.205619E+02,4.550091E+02,9.394354E-02,2.236208E+03,4.820504E-02,0.000000E+00,0.000000E+00,4.820516E-02,5.235677E+02,5.178241E-02,4.582465E+02,4.974593E+02,7.108206E-02,1.980946E+03,4.820516E-02,0.000000E+00,0.000000E+00,3.353389E-02,3.642195E+02,1.229260E-01,1.288650E+03,1.603396E+03,1.148625E-01,2.108445E+03,3.353389E-02,0.000000E+00,0.000000E+00,1.047938E-02,1.138190E+02,1.895567E-01,2.089857E+03,2.551001E+03,1.811262E-01,2.280463E+03,1.047938E-02,0.000000E+00,0.000000E+00,3.772573E-02,4.097481E+02,3.130566E-01,3.400963E+03,4.263428E+03,4.644991E-01,6.115445E+03,3.772573E-02,0.000000E+00,0.000000E+00,0.000000E+00,0.000000E+00,1.090865E-02,1.217923E+02,1.286442E+02,5.733499E-03,6.401507E+01,0.000000E+00,0.000000E+00,0.000000E+00,1.467111E-02,1.593464E+02,4.832661E-02,5.030441E+02,5.556066E+02,6.584828E-02,1.096569E+03,1.467111E-02,0.000000E+00,0.000000E+00,2.724636E-02,2.959292E+02,1.052737E-01,1.106922E+03,1.571262E+03,7.852920E-02,1.547888E+03,2.724636E-02,0.000000E+00,0.000000E+00
21:45:00,5.165079E-02,5.725526E+02,2.176530E-01,2.289888E+03,2.560853E+03,3.958394E-01,5.691859E+03,5.165079E-02,0.000000E+00,0.000000E+00,3.730654E-01,4.135456E+03,4.987683E-01,4.554456E+03,6.817659E+03,4.787741E-01,1.453427E+04,3.730654E-01,0.000000E+00,0.000000E+00,4.820504E-02,5.343562E+02,4.820504E-02,4.075180E+02,4.414575E+02,9.392850E-02,2.236040E+03,4.820504E-02,0.000000E+00,0.000000E+00,4.820516E-02,5.343575E+02,4.930262E-02,4.197713E+02,4.553236E+02,7.106524E-02,1.980758E+03,4.820516E-02,0.000000E+00,0.000000E+00,3.353389E-02,3.717255E+02,1.194762E-01,1.242602E+03,1.553326E+03,1.148396E-01,2.108190E+03,3.353389E-02,0.000000E+00,0.000000E+00,1.047938E-02,1.161646E+02,1.833427E-01,2.018100E+03,2.476973E+03,1.810968E-01,2.280135E+03,1.047938E-02,0.000000E+00,0.000000E+00,3.772573E-02,4.181924E+02,3.017019E-01,3.265709E+03,4.121248E+03,4.643894E-01,6.114220E+03,3.772573E-02,0.000000E+00,0.000000E+00,0.000000E+00,0.000000E+00,1.075666E-02,1.200950E+02,1.269223E+02,5.728569E-03,6.396002E+01,0.000000E+00,0.000000E+00,0.000000E+00,1.467111E-02,1.626303E+02,4.700943E-02,4.850515E+02,5.368658E+02,6.583379E-02,1.096407E+03,1.467111E-02,0.000000E+00,0.000000E+00,2.724636E-02,3.020278E+02,1.038569E-01,1.084947E+03,1.546827E+03,7.851957E-02,1.547781E+03,2.724636E-02,0.000000E+00,0.000000E+00
22:00:00,5.165079E-02,5.841137E+02,2.123514E-01,2.219121E+03,2.487258E+03,3.955588E-01,5.688726E+03,5.165079E-02,0.000000E+00,0.000000E+00,3.730654E-01,4.218960E+03,4.901802E-01,4.374960E+03,6.531493E+03,4.787401E-01,1.453389E+04,3.730654E-01,0.000000E+00,0.000000E+00,4.820504E-02,5.451460E+02,4.820504E-02,3.967282E+02,4.304516E+02,9.391471E-02,2.235886E+03,4.820504E-02,0.000000E+00,0.000000E+00,4.820516E-02,5.451474E+02,4.820516E-02,3.967292E+02,4.304527E+02,7.104979E-02,1.980585E+03,4.820516E-02,0.000000E+00,0.000000E+00,3.353389E-02,3.792314E+02,1.163587E-01,1.200264E+03,1.507170E+03,1.148179E-01,2.107948E+03,3.353389E-02,0.000000E+00,0.000000E+00,1.047938E-02,1.185102E+02,1.777513E-01,1.953295E+03,2.410071E+03,1.810699E-01,2.279834E+03,1.047938E-02,0.000000E+00,0.000000E+00,3.772573E-02,4.266366E+02,2.912695E-01,3.140754E+03,3.989630E+03,4.642877E-01,6.113084E+03,3.772573E-02,0.000000E+00,0.000000E+00,0.000000E+00,0.000000E+00,1.061153E-02,1.184744E+02,1.252778E+02,5.723951E-03,6.390846E+01,0.000000E+00,0.000000E+00,0.000000E+00,1.467111E-02,1.659142E+02,4.579006E-02,4.681512E+02,5.192404E+02,6.582008E-02,1.096254E+03,1.467111E-02,0.000000E+00,0.000000E+00,2.724636E-02,3.081264E+02,1.024991E-01,1.063631E+03,1.522977E+03,7.851075E-02,1.547682E+03,2.724636E-02,0.000000E+00,0.000000E+00
22:15:00,5.165079E-02,5.931057E+02,2.074317E-01,2.155204E+03,2.420702E+03,3.952825E-01,5.685641E+03,5.165079E-02,0.000000E+00,0.000000E+00,3.730654E-01,4.283907E+03,4.827346E-01,4.227010E+03,6.289888E+03,4.787090E-01,1.453354E+04,3.730654E-01,0.000000E+00,0.000000E+00,4.820504E-02,5.535381E+02,4.820504E-02,3.883361E+02,4.218914E+02,9.390206E-02,2.235744E+03,4.820504E-02,0.000000E+00,0.000000E+00,4.820516E-02,5.535395E+02,4.820516E-02,3.883371E+02,4.218925E+02,7.103560E-02,1.980427E+03,4.820516E-02,0.000000E+00,0.000000E+00,3.353389E-02,3.850694E+02,1.135751E-01,1.163352E+03,1.466802E+03,1.147974E-01,2.107719E+03,3.353389E-02,0.000000E+00,0.000000E+00,1.047938E-02,1.203346E+02,1.727439E-01,1.895568E+03,2.350525E+03,1.810452E-01,2.279559E+03,1.047938E-02,0.000000E+00,0.000000E+00,3.772573E-02,4.332043E+02,2.817551E-01,3.027971E+03,3.870804E+03,4.641934E-01,6.112031E+03,3.772573E-02,0.000000E+00,0.000000E+00,0.000000E+00,0.000000E+00,1.047295E-02,1.169271E+02,1.237077E+02,5.719622E-03,6.386013E+01,0.000000E+00,0.000000E+00,0.000000E+00,1.467111E-02,1.684683E+02,4.466725E-02,4.530615E+02,5.034773E+02,6.580709E-02,1.096109E+03,1.467111E-02,0.000000E+00,0.000000E+00,2.724636E-02,3.128698E+02,1.012499E-01,1.044937E+03,1.502028E+03,7.850269E-02,1.547592E+03,2.724636E-02,0.000000E+00,0.000000E+00
22:30:00,5.165079E-02,6.020977E+02,2.028317E-01,2.094857E+03,2.357795E+03,3.950105E-01,5.682603E+03,5.165079E-02,0.000000E+00,0.000000E+00,3.730654E-01,4.348855E+03,4.757769E-01,4.084534E+03,6.056576E+03,4.786806E-01,1.453322E+04,3.730654E-01,0.000000E+00,0.000000E+00,4.820504E-02,5.619302E+02,4.820504E-02,3.799440E+02,4.133314E+02,9.389046E-02,2.235615E+03,4.820504E-02,0.000000E+00,0.000000E+00,4.820516E-02,5.619316E+02,4.820516E-02,3.799449E+02,4.133324E+02,7.102256E-02,1.980281E+03,4.820516E-02,0.000000E+00,0.000000E+00,3.353389E-02,3.909074E+02,1.110682E-01,1.129533E+03,1.429749E+03,1.147779E-01,2.107501E+03,3.353389E-02,0.000000E+00,0.000000E+00,1.047938E-02,1.221590E+02,1.682236E-01,1.843282E+03,2.296577E+03,1.810227E-01,2.279307E+03,1.047938E-02,0.000000E+00,0.000000E+00,3.772573E-02,4.397721E+02,2.729922E-01,2.923579E+03,3.760651E+03,4.641058E-01,6.111053E+03,3.772573E-02,0.000000E+00,0.000000E+00,0.000000E+00,0.000000E+00,1.034035E-02,1.154466E+02,1.222055E+02,5.715562E-03,6.381479E+01,0.000000E+00,0.000000E+00,0.000000E+00,1.467111E-02,1.710224E+02,4.362778E-02,4.389025E+02,4.886717E+02,6.579480E-02,1.095972E+03,1.467111E-02,0.000000E+00,0.000000E+00,2.724636E-02,3.176131E+02,1.000756E-01,1.027089E+03,1.481982E+03,7.849530E-02,1.547510E+03,2.724636E-02,0.000000E+00,0.000000E+00
22:45:00,5.165079E-02,6.110897E+02,1.985168E-01,2.037693E+03,2.298142E+03,3.947426E-01,5.679612E+03,5.165079E-02,0.000000E+00,0.000000E+00,3.730654E-01,4.413802E+03,4.694039E-01,3.948582E+03,5.834983E+03,4.786547E-01,1.453293E+04,3.730654E-01,0.000000E+00,0.000000E+00,4.820504E-02,5.703223E+02,4.820504E-02,3.715519E+02,4.047713E+02,9.387981E-02,2.235496E+03,4.820504E-02,0.000000E+00,0.000000E+00,4.820516E-02,5.703238E+02,4.820516E-02,3.715528E+02,4.047723E+02,7.101059E-02,1.980148E+03,4.820516E-02,0.000000E+00,0.000000E+00,3.353389E-02,3.967454E+02,1.088071E-01,1.098458E+03,1.395650E+03,1.147595E-01,2.107295E+03,3.353389E-02,0.000000E+00,0.000000E+00,1.047938E-02,1.239833E+02,1.641316E-01,1.795778E+03,2.247553E+03,1.810020E-01,2.279076E+03,1.047938E-02,0.000000E+00,0.000000E+00,3.772573E-02,4.463398E+02,2.649181E-01,2.826877E+03,3.658491E+03,4.640246E-01,6.110146E+03,3.772573E-02,0.000000E+00,0.000000E+00,0.000000E+00,0.000000E+00,1.021360E-02,1.140314E+02,1.207695E+02,5.711751E-03,6.377225E+01,0.000000E+00,0.000000E+00,0.000000E+00,1.467111E-02,1.735765E+02,4.266455E-02,4.255947E+02,4.747432E+02,6.578314E-02,1.095841E+03,1.467111E-02,0.000000E+00,0.000000E+00,2.724636E-02,3.223565E+02,9.897771E-02,1.010095E+03,1.462881E+03,7.848855E-02,1.547434E+03,2.724636E-02,0.000000E+00,0.000000E+00
23:00:00,5.165079E-02,6.200817E+02,1.944534E-01,1.983337E+03,2.241361E+03,3.944787E-01,5.676666E+03,5.165079E-02,0.000000E+00,0.000000E+00,3.730654E-01,4.478750E+03,4.635236E-01,3.818121E+03,5.623306E+03,4.786310E-01,1.453267E+04,3.730654E-01,0.000000E+00,0.000000E+00,4.820504E-02,5.787144E+02,4.820504E-02,3.631598E+02,3.962113E+02,9.387005E-02,2.235387E+03,4.820504E-02,0.000000E+00,0.000000E+00,4.820516E-02,5.787159E+02,4.820516E-02,3.631607E+02,3.962123E+02,7.099959E-02,1.980025E+03,4.820516E-02,0.000000E+00,0.000000E+00,3.353389E-02,4.025833E+02,1.067600E-01,1.069771E+03,1.364136E+03,1.147419E-01,2.107099E+03,3.353389E-02,0.000000E+00,0.000000E+00,1.047938E-02,1.258077E+02,1.604123E-01,1.752436E+03,2.202816E+03,1.809831E-01,2.278865E+03,1.047938E-02,0.000000E+00,0.000000E+00,3.772573E-02,4.529076E+02,2.574582E-01,2.737032E+03,3.563465E+03,4.639492E-01,6.109304E+03,3.772573E-02,0.000000E+00,0.000000E+00,0.000000E+00,0.000000E+00,1.009250E-02,1.126793E+02,1.193977E+02,5.708173E-03,6.373229E+01,0.000000E+00,0.000000E+00,0.000000E+00,1.467111E-02,1.761307E+02,4.177076E-02,4.130622E+02,4.616161E+02,6.577209E-02,1.095718E+03,1.467111E-02,0.000000E+00,0.000000E+00,2.724636E-02,3.270999E+02,9.794957E-02,9.938803E+02,1.444654E+03,7.848237E-02,1.547365E+03,2.724636E-02,0.000000E+00,0.000000E+00
23:15:00,5.165079E-02,6.290736E+02,1.905853E-01,1.931162E+03,2.186780E+03,3.942188E-01,5.673765E+03,5.165079E-02,0.000000E+00,0.000000E+00,3.730654E-01,4.543698E+03,4.580272E-01,3.691940E+03,5.419140E+03,4.786094E-01,1.453243E+04,3.730654E-01,0.000000E+00,0.000000E+00,4.820504E-02,5.871065E+02,4.820504E-02,3.547677E+02,3.876513E+02,9.386110E-02,2.235287E+03,4.820504E-02,0.000000E+00,0.000000E+00,4.820516E-02,5.871080E+02,4.820516E-02,3.547686E+02,3.876523E+02,7.098950E-02,1.979912E+03,4.820516E-02,0.000000E+00,0.000000E+00,3.353389E-02,4.084213E+02,1.048888E-01,1.043049E+03,1.334736E+03,1.147252E-01,2.106913E+03,3.353389E-02,0.000000E+00,0.000000E+00,1.047938E-02,1.276321E+02,1.570064E-01,1.712592E+03,2.161661E+03,1.809658E-01,2.278672E+03,1.047938E-02,0.000000E+00,0.000000E+00,3.772573E-02,4.594753E+02,2.505138E-01,2.652942E+03,3.474335E+03,4.638791E-01,6.108522E+03,3.772573E-02,0.000000E+00,0.000000E+00,0.000000E+00,0.000000E+00,9.976843E-03,1.113881E+02,1.180878E+02,5.704810E-03,6.369475E+01,0.000000E+00,0.000000E+00,0.000000E+00,1.467111E-02,1.786848E+02,4.093169E-02,4.011407E+02,4.491150E+02,6.576160E-02,1.095601E+03,1.467111E-02,0.000000E+00,0.000000E+00,2.724636E-02,3.318432E+02,9.697921E-02,9.783100E+02,1.427136E+03,7.847671E-02,1.547302E+03,2.724636E-02,0.000000E+00,0.000000E+00
23:30:00,5.165079E-02,6.380656E+02,1.868891E-01,1.880906E+03,2.134136E+03,3.939629E-01,5.670907E+03,5.165079E-02,0.000000E+00,0.000000E+00,3.730654E-01,4.608645E+03,4.528615E-01,3.569444E+03,5.221487E+03,4.785898E-01,1.453221E+04,3.730654E-01,0.000000E+00,0.000000E+00,4.820504E-02,5.954986E+02,4.820504E-02,3.463756E+02,3.790914E+02,9.385289E-02,2.235195E+03,4.820504E-02,0.000000E+00,0.000000E+00,4.820516E-02,5.955001E+02,4.820516E-02,3.463765E+02,3.790924E+02,7.098023E-02,1.979809E+03,4.820516E-02,0.000000E+00,0.000000E+00,3.353389E-02,4.142593E+02,1.031686E-01,1.018011E+03,1.307154E+03,1.147094E-01,2.106736E+03,3.353389E-02,0.000000E+00,0.000000E+00,1.047938E-02,1.294565E+02,1.538715E-01,1.675772E+03,2.123600E+03,1.809499E-01,2.278495E+03,1.047938E-02,0.000000E+00,0.000000E+00,3.772573E-02,4.660430E+02,2.440220E-01,2.573904E+03,3.390358E+03,4.638140E-01,6.107795E+03,3.772573E-02,0.000000E+00,0.000000E+00,0.000000E+00,0.000000E+00,9.866355E-03,1.101545E+02,1.168365E+02,5.701648E-03,6.365945E+01,0.000000E+00,0.000000E+00,0.000000E+00,1.467111E-02,1.812389E+02,4.014058E-02,3.897545E+02,4.371624E+02,6.575165E-02,1.095490E+03,1.467111E-02,0.000000E+00,0.000000E+00,2.724636E-02,3.365866E+02,9.606027E-02,9.633135E+02,1.410254E+03,7.847153E-02,1.547244E+03,2.724636E-02,0.000000E+00,0.000000E+00
23:45:00,5.165079E-02,6.470576E+02,1.833438E-01,1.832334E+03,2.083188E+03,3.937108E-01,5.668092E+03,5.165079E-02,0.000000E+00,0.000000E+00,3.730654E-01,4.673593E+03,4.479767E-01,3.450080E+03,5.029346E+03,4.785719E-01,1.453201E+04,3.730654E-01,0.000000E+00,0.000000E+00,4.820504E-02,6.038907E+02,4.820504E-02,3.379835E+02,3.705315E+02,9.384536E-02,2.235111E+03,4.820504E-02,0.000000E+00,0.000000E+00,4.820516E-02,6.038922E+02,4.820516E-02,3.379843E+02,3.705324E+02,7.097172E-02,1.979714E+03,4.820516E-02,0.000000E+00,0.000000E+00,3.353389E-02,4.200973E+02,1.015774E-01,9.944138E+02,1.281127E+03,1.146944E-01,2.106568E+03,3.353389E-02,0.000000E+00,0.000000E+00,1.047938E-02,1.312808E+02,1.509710E-01,1.641570E+03,2.088214E+03,1.809355E-01,2.278333E+03,1.047938E-02,0.000000E+00,0.000000E+00,3.772573E-02,4.726108E+02,2.379286E-01,2.499314E+03,3.310902E+03,4.637536E-01,6.107120E+03,3.772573E-02,0.000000E+00,0.000000E+00,0.000000E+00,0.000000E+00,9.760753E-03,1.089755E+02,1.156405E+02,5.698674E-03,6.362624E+01,0.000000E+00,0.000000E+00,0.000000E+00,1.467111E-02,1.837930E+02,3.939153E-02,3.788379E+02,4.256908E+02,6.574220E-02,1.095384E+03,1.467111E-02,0.000000E+00,0.000000E+00,2.724636E-02,3.413300E+02,9.518694E-02,9.488260E+02,1.393936E+03,7.846679E-02,1.547191E+03,2.724636E-02,0.000000E+00,0.000000E+00
24:00:00,5.165079E-02,6.560496E+02,1.799308E-01,1.785241E+03,2.033724E+03,3.934625E-01,5.665320E+03,5.165079E-02,0.000000E+00,0.000000E+00,3.730654E-01,4.738540E+03,4.433347E-01,3.333422E+03,4.841951E+03,4.785556E-01,1.453183E+04,3.730654E-01,0.000000E+00,0.000000E+00,4.820504E-02,6.122828E+02,4.820504E-02,3.295914E+02,3.619709E+02,9.383846E-02,2.235034E+03,4.820504E-02,0.000000E+00,0.000000E+00,4.820516E-02,6.122844E+02,4.820516E-02,3.295922E+02,3.619718E+02,7.096391E-02,1.979627E+03,4.820516E-02,0.000000E+00,0.000000E+00,3.353389E-02,4.259352E+02,1.000969E-01,9.720517E+02,1.256432E+03,1.146801E-01,2.106409E+03,3.353389E-02,0.000000E+00,0.000000E+00,1.047938E-02,1.331052E+02,1.482742E-01,1.609641E+03,2.055148E+03,1.809222E-01,2.278185E+03,1.047938E-02,0.000000E+00,0.000000E+00,3.772573E-02,4.791785E+02,2.321883E-01,2.428666E+03,3.235435E+03,4.636973E-01,6.106492E+03,3.772573E-02,0.000000E+00,0.000000E+00,0.000000E+00,0.000000E+00,9.659773E-03,1.078481E+02,1.144971E+02,5.695874E-03,6.359498E+01,0.000000E+00,0.000000E+00,0.000000E+00,1.467111E-02,1.863471E+02,3.867960E-02,3.683357E+02,4.146429E+02,6.573323E-02,1.095284E+03,1.467111E-02,0.000000E+00,0.000000E+00,2.724636E-02,3.460733E+02,9.435407E-02,9.347900E+02,1.378118E+03,7.846246E-02,1.547143E+03,2.724636E-02,0.000000E+00,0.000000E+00
Coinc Peak   ,5.911401E-01,3.989451E-01,8.059114E+03,4.390928E+03,9.186049E-01,1.246794E+00,1.955163E+04,1.419679E+04,2.074052E-01,8.721640E-02,3.527908E+03,1.091209E+03,1.782748E-01,8.513167E-02,3.222851E+03,1.043957E+03,2.330461E-01,1.978416E-01,3.459332E+03,2.033654E+03,4.124071E-01,3.630976E-01,4.925647E+03,4.086732E+03,1.086759E+00,6.670300E-01,1.342704E+04,7.590435E+03,1.708915E-02,2.380272E-02,1.953493E+02,2.680976E+02,1.441560E-01,2.101651E-01,1.991160E+03,2.352504E+03,1.777485E-01,1.816415E-01,2.679271E+03,1.888323E+03
NonCoinc Peak,5.911401E-01,3.989451E-01,8.059114E+03,4.390928E+03,9.186049E-01,1.246794E+00,1.955163E+04,1.419679E+04,2.074052E-01,8.721640E-02,3.527908E+03,1.091209E+03,1.782748E-01,8.513167E-02,3.222851E+03,1.043957E+03,2.330461E-01,1.978416E-01,3.459332E+03,2.033654E+03,4.124071E-01,3.630976E-01,4.925647E+03,4.086732E+03,1.086759E+00,6.670300E-01,1.342704E+04,7.590435E+03,1.708915E-02,2.380272E-02,1.953493E+02,2.680976E+02,1.441560E-01,2.101651E-01,1.991160E+03,2.352504E+03,1.777485E-01,1.816415E-01,2.679271E+03,1.888323E+03
