Time,THERMAL ZONE: L01-102_OFCECOMLPTHP:SEATTLE-KING COUNTY INTL AP-B ANN HTG 99.6% CONDNS DB:Des Heat Load [W],THERMAL ZONE: L01-102_OFCECOMLPTHP:SEATTLE-KING COUNTY INTL AP-B ANN CLG 1% CONDNS DB=>MWB:Des Sens Cool Load [W],THERMAL ZONE: L01-102_OFCECOMLPTHP:SEATTLE-KING COUNTY INTL AP-B ANN HTG 99.6% CONDNS DB:Des Heat Mass Flow [kg/s],THERMAL ZONE: L01-102_OFCECOMLPTHP:SEATTLE-KING COUNTY INTL AP-B ANN CLG 1% CONDNS DB=>MWB:Des Cool Mass Flow [kg/s],THERMAL ZONE: L01-102_OFCECOMLPTHP::Des Latent Heat Load [W],THERMAL ZONE: L01-102_OFCECOMLPTHP::Des Latent Cool Load [W],THERMAL ZONE: L01-102_OFCECOMLPTHP::Des Latent Heat Mass Flow [kg/s],THERMAL ZONE: L01-102_OFCECOMLPTHP::Des Latent Cool Mass Flow [kg/s],THERMAL ZONE: L01-102_OFCECOMLPTHP::Des Heat Load No DOAS [W],THERMAL ZONE: L01-102_OFCECOMLPTHP::Des Sens Cool Load No DOAS [W],THERMAL ZONE: L01-102_OFCECOMLPTHP::Des Latent Heat Load No DOAS [W],THERMAL ZONE: L01-102_OFCECOMLPTHP::Des Latent Cool Load No DOAS [W],THERMAL ZONE: L01-102_OFCECOMLPTHP:SEATTLE-KING COUNTY INTL AP-B ANN HTG 99.6% CONDNS DB:Heating Zone Temperature [C],THERMAL ZONE: L01-102_OFCECOMLPTHP:SEATTLE-KING COUNTY INTL AP-B ANN HTG 99.6% CONDNS DB:Heating Zone Relative Humidity [%],THERMAL ZONE: L01-102_OFCECOMLPTHP:SEATTLE-KING COUNTY INTL AP-B ANN CLG 1% CONDNS DB=>MWB:Cooling Zone Temperature [C],THERMAL ZONE: L01-102_OFCECOMLPTHP:SEATTLE-KING COUNTY INTL AP-B ANN CLG 1% CONDNS DB=>MWB:Cooling Zone Relative Humidity [%],THERMAL ZONE: L02-201_CORRCOMLPTHP:SEATTLE-KING COUNTY INTL AP-B ANN HTG 99.6% CONDNS DB:Des Heat Load [W],THERMAL ZONE: L02-201_CORRCOMLPTHP:SEATTLE-KING COUNTY INTL AP-B ANN CLG 1% CONDNS DB=>MWB:Des Sens Cool Load [W],THERMAL ZONE: L02-201_CORRCOMLPTHP:SEATTLE-KING COUNTY INTL AP-B ANN HTG 99.6% CONDNS DB:Des Heat Mass Flow [kg/s],THERMAL ZONE: L02-201_CORRCOMLPTHP:SEATTLE-KING COUNTY INTL AP-B ANN CLG 1% CONDNS DB=>MWB:Des Cool Mass Flow [kg/s],THERMAL ZONE: L02-201_CORRCOMLPTHP::Des Latent Heat Load [W],THERMAL ZONE: L02-201_CORRCOMLPTHP::Des Latent Cool Load [W],THERMAL ZONE: L02-201_CORRCOMLPTHP::Des Latent Heat Mass Flow [kg/s],THERMAL ZONE: L02-201_CORRCOMLPTHP::Des Latent Cool Mass Flow [kg/s],THERMAL ZONE: L02-201_CORRCOMLPTHP::Des Heat Load No DOAS [W],THERMAL ZONE: L02-201_CORRCOMLPTHP::Des Sens Cool Load No DOAS [W],THERMAL ZONE: L02-201_CORRCOMLPTHP::Des Latent Heat Load No DOAS [W],THERMAL ZONE: L02-201_CORRCOMLPTHP::Des Latent Cool Load No DOAS [W],THERMAL ZONE: L02-201_CORRCOMLPTHP:SEATTLE-KING COUNTY INTL AP-B ANN HTG 99.6% CONDNS DB:Heating Zone Temperature [C],THERMAL ZONE: L02-201_CORRCOMLPTHP:SEATTLE-KING COUNTY INTL AP-B ANN HTG 99.6% CONDNS DB:Heating Zone Relative Humidity [%],THERMAL ZONE: L02-201_CORRCOMLPTHP:SEATTLE-KING COUNTY INTL AP-B ANN CLG 1% CONDNS DB=>MWB:Cooling Zone Temperature [C],THERMAL ZONE: L02-201_CORRCOMLPTHP:SEATTLE-KING COUNTY INTL AP-B ANN CLG 1% CONDNS DB=>MWB:Cooling Zone Relative Humidity [%],THERMAL ZONE: L02-202_OFCECOMLPTHP:SEATTLE-KING COUNTY INTL AP-B ANN HTG 99.6% CONDNS DB:Des Heat Load [W],THERMAL ZONE: L02-202_OFCECOMLPTHP:SEATTLE-KING COUNTY INTL AP-B ANN CLG 1% CONDNS DB=>MWB:Des Sens Cool Load [W],THERMAL ZONE: L02-202_OFCECOMLPTHP:SEATTLE-KING COUNTY INTL AP-B ANN HTG 99.6% CONDNS DB:Des Heat Mass Flow [kg/s],THERMAL ZONE: L02-202_OFCECOMLPTHP:SEATTLE-KING COUNTY INTL AP-B ANN CLG 1% CONDNS DB=>MWB:Des Cool Mass Flow [kg/s],THERMAL ZONE: L02-202_OFCECOMLPTHP::Des Latent Heat Load [W],THERMAL ZONE: L02-202_OFCECOMLPTHP::Des Latent Cool Load [W],THERMAL ZONE: L02-202_OFCECOMLPTHP::Des Latent Heat Mass Flow [kg/s],THERMAL ZONE: L02-202_OFCECOMLPTHP::Des Latent Cool Mass Flow [kg/s],THERMAL ZONE: L02-202_OFCECOMLPTHP::Des Heat Load No DOAS [W],THERMAL ZONE: L02-202_OFCECOMLPTHP::Des Sens Cool Load No DOAS [W],THERMAL ZONE: L02-202_OFCECOMLPTHP::Des Latent Heat Load No DOAS [W],THERMAL ZONE: L02-202_OFCECOMLPTHP::Des Latent Cool Load No DOAS [W],THERMAL ZONE: L02-202_OFCECOMLPTHP:SEATTLE-KING COUNTY INTL AP-B ANN HTG 99.6% CONDNS DB:Heating Zone Temperature [C],THERMAL ZONE: L02-202_OFCECOMLPTHP:SEATTLE-KING COUNTY INTL AP-B ANN HTG 99.6% CONDNS DB:Heating Zone Relative Humidity [%],THERMAL ZONE: L02-202_OFCECOMLPTHP:SEATTLE-KING COUNTY INTL AP-B ANN CLG 1% CONDNS DB=>MWB:Cooling Zone Temperature [C],THERMAL ZONE: L02-202_OFCECOMLPTHP:SEATTLE-KING COUNTY INTL AP-B ANN CLG 1% CONDNS DB=>MWB:Cooling Zone Relative Humidity [%],THERMAL ZONE: L02-203_BRKRCOMLPTHP:SEATTLE-KING COUNTY INTL AP-B ANN HTG 99.6% CONDNS DB:Des Heat Load [W],THERMAL ZONE: L02-203_BRKRCOMLPTHP:SEATTLE-KING COUNTY INTL AP-B ANN CLG 1% CONDNS DB=>MWB:Des Sens Cool Load [W],THERMAL ZONE: L02-203_BRKRCOMLPTHP:SEATTLE-KING COUNTY INTL AP-B ANN HTG 99.6% CONDNS DB:Des Heat Mass Flow [kg/s],THERMAL ZONE: L02-203_BRKRCOMLPTHP:SEATTLE-KING COUNTY INTL AP-B ANN CLG 1% CONDNS DB=>MWB:Des Cool Mass Flow [kg/s],THERMAL ZONE: L02-203_BRKRCOMLPTHP::Des Latent Heat Load [W],THERMAL ZONE: L02-203_BRKRCOMLPTHP::Des Latent Cool Load [W],THERMAL ZONE: L02-203_BRKRCOMLPTHP::Des Latent Heat Mass Flow [kg/s],THERMAL ZONE: L02-203_BRKRCOMLPTHP::Des Latent Cool Mass Flow [kg/s],THERMAL ZONE: L02-203_BRKRCOMLPTHP::Des Heat Load No DOAS [W],THERMAL ZONE: L02-203_BRKRCOMLPTHP::Des Sens Cool Load No DOAS [W],THERMAL ZONE: L02-203_BRKRCOMLPTHP::Des Latent Heat Load No DOAS [W],THERMAL ZONE: L02-203_BRKRCOMLPTHP::Des Latent Cool Load No DOAS [W],THERMAL ZONE: L02-203_BRKRCOMLPTHP:SEATTLE-KING COUNTY INTL AP-B ANN HTG 99.6% CONDNS DB:Heating Zone Temperature [C],THERMAL ZONE: L02-203_BRKRCOMLPTHP:SEATTLE-KING COUNTY INTL AP-B ANN HTG 99.6% CONDNS DB:Heating Zone Relative Humidity [%],THERMAL ZONE: L02-203_BRKRCOMLPTHP:SEATTLE-KING COUNTY INTL AP-B ANN CLG 1% CONDNS DB=>MWB:Cooling Zone Temperature [C],THERMAL ZONE: L02-203_BRKRCOMLPTHP:SEATTLE-KING COUNTY INTL AP-B ANN CLG 1% CONDNS DB=>MWB:Cooling Zone Relative Humidity [%],THERMAL ZONE: L02-204_FITNCOMLPTHP:SEATTLE-KING COUNTY INTL AP-B ANN HTG 99.6% CONDNS DB:Des Heat Load [W],THERMAL ZONE: L02-204_FITNCOMLPTHP:SEATTLE-KING COUNTY INTL AP-B ANN CLG 1% CONDNS DB=>MWB:Des Sens Cool Load [W],THERMAL ZONE: L02-204_FITNCOMLPTHP:SEATTLE-KING COUNTY INTL AP-B ANN HTG 99.6% CONDNS DB:Des Heat Mass Flow [kg/s],THERMAL ZONE: L02-204_FITNCOMLPTHP:SEATTLE-KING COUNTY INTL AP-B ANN CLG 1% CONDNS DB=>MWB:Des Cool Mass Flow [kg/s],THERMAL ZONE: L02-204_FITNCOMLPTHP::Des Latent Heat Load [W],THERMAL ZONE: L02-204_FITNCOMLPTHP::Des Latent Cool Load [W],THERMAL ZONE: L02-204_FITNCOMLPTHP::Des Latent Heat Mass Flow [kg/s],THERMAL ZONE: L02-204_FITNCOMLPTHP::Des Latent Cool Mass Flow [kg/s],THERMAL ZONE: L02-204_FITNCOMLPTHP::Des Heat Load No DOAS [W],THERMAL ZONE: L02-204_FITNCOMLPTHP::Des Sens Cool Load No DOAS [W],THERMAL ZONE: L02-204_FITNCOMLPTHP::Des Latent Heat Load No DOAS [W],THERMAL ZONE: L02-204_FITNCOMLPTHP::Des Latent Cool Load No DOAS [W],THERMAL ZONE: L02-204_FITNCOMLPTHP:SEATTLE-KING COUNTY INTL AP-B ANN HTG 99.6% CONDNS DB:Heating Zone Temperature [C],THERMAL ZONE: L02-204_FITNCOMLPTHP:SEATTLE-KING COUNTY INTL AP-B ANN HTG 99.6% CONDNS DB:Heating Zone Relative Humidity [%],THERMAL ZONE: L02-204_FITNCOMLPTHP:SEATTLE-KING COUNTY INTL AP-B ANN CLG 1% CONDNS DB=>MWB:Cooling Zone Temperature [C],THERMAL ZONE: L02-204_FITNCOMLPTHP:SEATTLE-KING COUNTY INTL AP-B ANN CLG 1% CONDNS DB=>MWB:Cooling Zone Relative Humidity [%],THERMAL ZONE: L02-206_MPRPCOMLPTHP:SEATTLE-KING COUNTY INTL AP-B ANN HTG 99.6% CONDNS DB:Des Heat Load [W],THERMAL ZONE: L02-206_MPRPCOMLPTHP:SEATTLE-KING COUNTY INTL AP-B ANN CLG 1% CONDNS DB=>MWB:Des Sens Cool Load [W],THERMAL ZONE: L02-206_MPRPCOMLPTHP:SEATTLE-KING COUNTY INTL AP-B ANN HTG 99.6% CONDNS DB:Des Heat Mass Flow [kg/s],THERMAL ZONE: L02-206_MPRPCOMLPTHP:SEATTLE-KING COUNTY INTL AP-B ANN CLG 1% CONDNS DB=>MWB:Des Cool Mass Flow [kg/s],THERMAL ZONE: L02-206_MPRPCOMLPTHP::Des Latent Heat Load [W],THERMAL ZONE: L02-206_MPRPCOMLPTHP::Des Latent Cool Load [W],THERMAL ZONE: L02-206_MPRPCOMLPTHP::Des Latent Heat Mass Flow [kg/s],THERMAL ZONE: L02-206_MPRPCOMLPTHP::Des Latent Cool Mass Flow [kg/s],THERMAL ZONE: L02-206_MPRPCOMLPTHP::Des Heat Load No DOAS [W],THERMAL ZONE: L02-206_MPRPCOMLPTHP::Des Sens Cool Load No DOAS [W],THERMAL ZONE: L02-206_MPRPCOMLPTHP::Des Latent Heat Load No DOAS [W],THERMAL ZONE: L02-206_MPRPCOMLPTHP::Des Latent Cool Load No DOAS [W],THERMAL ZONE: L02-206_MPRPCOMLPTHP:SEATTLE-KING COUNTY INTL AP-B ANN HTG 99.6% CONDNS DB:Heating Zone Temperature [C],THERMAL ZONE: L02-206_MPRPCOMLPTHP:SEATTLE-KING COUNTY INTL AP-B ANN HTG 99.6% CONDNS DB:Heating Zone Relative Humidity [%],THERMAL ZONE: L02-206_MPRPCOMLPTHP:SEATTLE-KING COUNTY INTL AP-B ANN CLG 1% CONDNS DB=>MWB:Cooling Zone Temperature [C],THERMAL ZONE: L02-206_MPRPCOMLPTHP:SEATTLE-KING COUNTY INTL AP-B ANN CLG 1% CONDNS DB=>MWB:Cooling Zone Relative Humidity [%],THERMAL ZONE: L02-209_ASTOCOMLPTHP:SEATTLE-KING COUNTY INTL AP-B ANN HTG 99.6% CONDNS DB:Des Heat Load [W],THERMAL ZONE: L02-209_ASTOCOMLPTHP:SEATTLE-KING COUNTY INTL AP-B ANN CLG 1% CONDNS DB=>MWB:Des Sens Cool Load [W],THERMAL ZONE: L02-209_ASTOCOMLPTHP:SEATTLE-KING COUNTY INTL AP-B ANN HTG 99.6% CONDNS DB:Des Heat Mass Flow [kg/s],THERMAL ZONE: L02-209_ASTOCOMLPTHP:SEATTLE-KING COUNTY INTL AP-B ANN CLG 1% CONDNS DB=>MWB:Des Cool Mass Flow [kg/s],THERMAL ZONE: L02-209_ASTOCOMLPTHP::Des Latent Heat Load [W],THERMAL ZONE: L02-209_ASTOCOMLPTHP::Des Latent Cool Load [W],THERMAL ZONE: L02-209_ASTOCOMLPTHP::Des Latent Heat Mass Flow [kg/s],THERMAL ZONE: L02-209_ASTOCOMLPTHP::Des Latent Cool Mass Flow [kg/s],THERMAL ZONE: L02-209_ASTOCOMLPTHP::Des Heat Load No DOAS [W],THERMAL ZONE: L02-209_ASTOCOMLPTHP::Des Sens Cool Load No DOAS [W],THERMAL ZONE: L02-209_ASTOCOMLPTHP::Des Latent Heat Load No DOAS [W],THERMAL ZONE: L02-209_ASTOCOMLPTHP::Des Latent Cool Load No DOAS [W],THERMAL ZONE: L02-209_ASTOCOMLPTHP:SEATTLE-KING COUNTY INTL AP-B ANN HTG 99.6% CONDNS DB:Heating Zone Temperature [C],THERMAL ZONE: L02-209_ASTOCOMLPTHP:SEATTLE-KING COUNTY INTL AP-B ANN HTG 99.6% CONDNS DB:Heating Zone Relative Humidity [%],THERMAL ZONE: L02-209_ASTOCOMLPTHP:SEATTLE-KING COUNTY INTL AP-B ANN CLG 1% CONDNS DB=>MWB:Cooling Zone Temperature [C],THERMAL ZONE: L02-209_ASTOCOMLPTHP:SEATTLE-KING COUNTY INTL AP-B ANN CLG 1% CONDNS DB=>MWB:Cooling Zone Relative Humidity [%],THERMAL ZONE: L02-214_ASTOCOMLPTHP:SEATTLE-KING COUNTY INTL AP-B ANN HTG 99.6% CONDNS DB:Des Heat Load [W],THERMAL ZONE: L02-214_ASTOCOMLPTHP:SEATTLE-KING COUNTY INTL AP-B ANN CLG 1% CONDNS DB=>MWB:Des Sens Cool Load [W],THERMAL ZONE: L02-214_ASTOCOMLPTHP:SEATTLE-KING COUNTY INTL AP-B ANN HTG 99.6% CONDNS DB:Des Heat Mass Flow [kg/s],THERMAL ZONE: L02-214_ASTOCOMLPTHP:SEATTLE-KING COUNTY INTL AP-B ANN CLG 1% CONDNS DB=>MWB:Des Cool Mass Flow [kg/s],THERMAL ZONE: L02-214_ASTOCOMLPTHP::Des Latent Heat Load [W],THERMAL ZONE: L02-214_ASTOCOMLPTHP::Des Latent Cool Load [W],THERMAL ZONE: L02-214_ASTOCOMLPTHP::Des Latent Heat Mass Flow [kg/s],THERMAL ZONE: L02-214_ASTOCOMLPTHP::Des Latent Cool Mass Flow [kg/s],THERMAL ZONE: L02-214_ASTOCOMLPTHP::Des Heat Load No DOAS [W],THERMAL ZONE: L02-214_ASTOCOMLPTHP::Des Sens Cool Load No DOAS [W],THERMAL ZONE: L02-214_ASTOCOMLPTHP::Des Latent Heat Load No DOAS [W],THERMAL ZONE: L02-214_ASTOCOMLPTHP::Des Latent Cool Load No DOAS [W],THERMAL ZONE: L02-214_ASTOCOMLPTHP:SEATTLE-KING COUNTY INTL AP-B ANN HTG 99.6% CONDNS DB:Heating Zone Temperature [C],THERMAL ZONE: L02-214_ASTOCOMLPTHP:SEATTLE-KING COUNTY INTL AP-B ANN HTG 99.6% CONDNS DB:Heating Zone Relative Humidity [%],THERMAL ZONE: L02-214_ASTOCOMLPTHP:SEATTLE-KING COUNTY INTL AP-B ANN CLG 1% CONDNS DB=>MWB:Cooling Zone Temperature [C],THERMAL ZONE: L02-214_ASTOCOMLPTHP:SEATTLE-KING COUNTY INTL AP-B ANN CLG 1% CONDNS DB=>MWB:Cooling Zone Relative Humidity [%],THERMAL ZONE: L02-216_MPRPCOMLPTHP:SEATTLE-KING COUNTY INTL AP-B ANN HTG 99.6% CONDNS DB:Des Heat Load [W],THERMAL ZONE: L02-216_MPRPCOMLPTHP:SEATTLE-KING COUNTY INTL AP-B ANN CLG 1% CONDNS DB=>MWB:Des Sens Cool Load [W],THERMAL ZONE: L02-216_MPRPCOMLPTHP:SEATTLE-KING COUNTY INTL AP-B ANN HTG 99.6% CONDNS DB:Des Heat Mass Flow [kg/s],THERMAL ZONE: L02-216_MPRPCOMLPTHP:SEATTLE-KING COUNTY INTL AP-B ANN CLG 1% CONDNS DB=>MWB:Des Cool Mass Flow [kg/s],THERMAL ZONE: L02-216_MPRPCOMLPTHP::Des Latent Heat Load [W],THERMAL ZONE: L02-216_MPRPCOMLPTHP::Des Latent Cool Load [W],THERMAL ZONE: L02-216_MPRPCOMLPTHP::Des Latent Heat Mass Flow [kg/s],THERMAL ZONE: L02-216_MPRPCOMLPTHP::Des Latent Cool Mass Flow [kg/s],THERMAL ZONE: L02-216_MPRPCOMLPTHP::Des Heat Load No DOAS [W],THERMAL ZONE: L02-216_MPRPCOMLPTHP::Des Sens Cool Load No DOAS [W],THERMAL ZONE: L02-216_MPRPCOMLPTHP::Des Latent Heat Load No DOAS [W],THERMAL ZONE: L02-216_MPRPCOMLPTHP::Des Latent Cool Load No DOAS [W],THERMAL ZONE: L02-216_MPRPCOMLPTHP:SEATTLE-KING COUNTY INTL AP-B ANN HTG 99.6% CONDNS DB:Heating Zone Temperature [C],THERMAL ZONE: L02-216_MPRPCOMLPTHP:SEATTLE-KING COUNTY INTL AP-B ANN HTG 99.6% CONDNS DB:Heating Zone Relative Humidity [%],THERMAL ZONE: L02-216_MPRPCOMLPTHP:SEATTLE-KING COUNTY INTL AP-B ANN CLG 1% CONDNS DB=>MWB:Cooling Zone Temperature [C],THERMAL ZONE: L02-216_MPRPCOMLPTHP:SEATTLE-KING COUNTY INTL AP-B ANN CLG 1% CONDNS DB=>MWB:Cooling Zone Relative Humidity [%],THERMAL ZONE: L02-218_MECHCOMLPTHP:SEATTLE-KING COUNTY INTL AP-B ANN HTG 99.6% CONDNS DB:Des Heat Load [W],THERMAL ZONE: L02-218_MECHCOMLPTHP:SEATTLE-KING COUNTY INTL AP-B ANN CLG 1% CONDNS DB=>MWB:Des Sens Cool Load [W],THERMAL ZONE: L02-218_MECHCOMLPTHP:SEATTLE-KING COUNTY INTL AP-B ANN HTG 99.6% CONDNS DB:Des Heat Mass Flow [kg/s],THERMAL ZONE: L02-218_MECHCOMLPTHP:SEATTLE-KING COUNTY INTL AP-B ANN CLG 1% CONDNS DB=>MWB:Des Cool Mass Flow [kg/s],THERMAL ZONE: L02-218_MECHCOMLPTHP::Des Latent Heat Load [W],THERMAL ZONE: L02-218_MECHCOMLPTHP::Des Latent Cool Load [W],THERMAL ZONE: L02-218_MECHCOMLPTHP::Des Latent Heat Mass Flow [kg/s],THERMAL ZONE: L02-218_MECHCOMLPTHP::Des Latent Cool Mass Flow [kg/s],THERMAL ZONE: L02-218_MECHCOMLPTHP::Des Heat Load No DOAS [W],THERMAL ZONE: L02-218_MECHCOMLPTHP::Des Sens Cool Load No DOAS [W],THERMAL ZONE: L02-218_MECHCOMLPTHP::Des Latent Heat Load No DOAS [W],THERMAL ZONE: L02-218_MECHCOMLPTHP::Des Latent Cool Load No DOAS [W],THERMAL ZONE: L02-218_MECHCOMLPTHP:SEATTLE-KING COUNTY INTL AP-B ANN HTG 99.6% CONDNS DB:Heating Zone Temperature [C],THERMAL ZONE: L02-218_MECHCOMLPTHP:SEATTLE-KING COUNTY INTL AP-B ANN HTG 99.6% CONDNS DB:Heating Zone Relative Humidity [%],THERMAL ZONE: L02-218_MECHCOMLPTHP:SEATTLE-KING COUNTY INTL AP-B ANN CLG 1% CONDNS DB=>MWB:Cooling Zone Temperature [C],THERMAL ZONE: L02-218_MECHCOMLPTHP:SEATTLE-KING COUNTY INTL AP-B ANN CLG 1% CONDNS DB=>MWB:Cooling Zone Relative Humidity [%]
00:15:00,3.342433E+03,1.515970E+03,2.950040E-01,1.336780E-01,0.000000E+00,0.000000E+00,0.000000E+00,0.000000E+00,0.000000E+00,0.000000E+00,0.000000E+00,0.000000E+00,1.890451E+01,5.813500E+01,2.493924E+01,4.656811E+01,3.940077E+03,1.950719E+03,3.477522E-01,1.720141E-01,0.000000E+00,0.000000E+00,0.000000E+00,0.000000E+00,0.000000E+00,0.000000E+00,0.000000E+00,0.000000E+00,1.973449E+01,5.529097E+01,2.463257E+01,5.263201E+01,5.585367E+02,3.259861E+02,4.929659E-02,2.874542E-02,0.000000E+00,0.000000E+00,0.000000E+00,0.000000E+00,0.000000E+00,0.000000E+00,0.000000E+00,0.000000E+00,1.931623E+01,5.659259E+01,2.509569E+01,4.585552E+01,6.667242E+02,7.990051E+02,5.884524E-02,7.045617E-02,0.000000E+00,0.000000E+00,0.000000E+00,0.000000E+00,0.000000E+00,0.000000E+00,0.000000E+00,0.000000E+00,1.936240E+01,5.617348E+01,2.619417E+01,5.502837E+01,4.066504E+03,3.751178E+03,3.589107E-01,3.307784E-01,0.000000E+00,0.000000E+00,0.000000E+00,0.000000E+00,0.000000E+00,0.000000E+00,0.000000E+00,0.000000E+00,1.933574E+01,5.645317E+01,2.567129E+01,8.194705E+01,1.537348E+03,1.249824E+03,1.356868E-01,1.102093E-01,0.000000E+00,0.000000E+00,0.000000E+00,0.000000E+00,0.000000E+00,0.000000E+00,0.000000E+00,0.000000E+00,1.942543E+01,5.592703E+01,2.539475E+01,4.910778E+01,6.029900E+02,2.977857E+02,5.322005E-02,2.625871E-02,0.000000E+00,0.000000E+00,0.000000E+00,0.000000E+00,0.000000E+00,0.000000E+00,0.000000E+00,0.000000E+00,1.984186E+01,5.473974E+01,2.456214E+01,4.818072E+01,7.973726E+02,2.550968E+02,7.037630E-02,2.249440E-02,0.000000E+00,0.000000E+00,0.000000E+00,0.000000E+00,0.000000E+00,0.000000E+00,0.000000E+00,0.000000E+00,1.946421E+01,5.565305E+01,2.447407E+01,4.869169E+01,9.744447E+02,8.451564E+02,8.600473E-02,7.452578E-02,0.000000E+00,0.000000E+00,0.000000E+00,0.000000E+00,0.000000E+00,0.000000E+00,0.000000E+00,0.000000E+00,1.904252E+01,5.690165E+01,2.593295E+01,4.971246E+01,4.838948E+01,8.173378E+01,4.270867E-03,7.207275E-03,0.000000E+00,0.000000E+00,0.000000E+00,0.000000E+00,0.000000E+00,0.000000E+00,0.000000E+00,0.000000E+00,2.048076E+01,5.327787E+01,2.498049E+01,4.425208E+01
00:30:00,2.256265E+03,1.001268E+03,1.991385E-01,8.829172E-02,0.000000E+00,0.000000E+00,0.000000E+00,0.000000E+00,0.000000E+00,0.000000E+00,0.000000E+00,0.000000E+00,1.632425E+01,6.802275E+01,2.581441E+01,4.472089E+01,2.626569E+03,1.285003E+03,2.318216E-01,1.133114E-01,0.000000E+00,0.000000E+00,0.000000E+00,0.000000E+00,0.000000E+00,0.000000E+00,0.000000E+00,0.000000E+00,1.812237E+01,6.093946E+01,2.528731E+01,5.160661E+01,3.723335E+02,2.153895E+02,3.286225E-02,1.899301E-02,0.000000E+00,0.000000E+00,0.000000E+00,0.000000E+00,0.000000E+00,0.000000E+00,0.000000E+00,0.000000E+00,1.746213E+01,6.319278E+01,2.600050E+01,4.399028E+01,4.444714E+02,5.304004E+02,3.922916E-02,4.677064E-02,0.000000E+00,0.000000E+00,0.000000E+00,0.000000E+00,0.000000E+00,0.000000E+00,0.000000E+00,0.000000E+00,1.761965E+01,6.214360E+01,2.788215E+01,5.412092E+01,2.710960E+03,2.488166E+03,2.392700E-01,2.194062E-01,0.000000E+00,0.000000E+00,0.000000E+00,0.000000E+00,0.000000E+00,0.000000E+00,0.000000E+00,0.000000E+00,1.705792E+01,6.476221E+01,2.735693E+01,8.258818E+01,1.024864E+03,8.260269E+02,9.045477E-02,7.283895E-02,0.000000E+00,0.000000E+00,0.000000E+00,0.000000E+00,0.000000E+00,0.000000E+00,0.000000E+00,0.000000E+00,1.775697E+01,6.157836E+01,2.655827E+01,4.735087E+01,4.019728E+02,1.957447E+02,3.547822E-02,1.726075E-02,0.000000E+00,0.000000E+00,0.000000E+00,0.000000E+00,0.000000E+00,0.000000E+00,0.000000E+00,0.000000E+00,1.843083E+01,5.950776E+01,2.512885E+01,4.702394E+01,5.315636E+02,1.669690E+02,4.691594E-02,1.472330E-02,0.000000E+00,0.000000E+00,0.000000E+00,0.000000E+00,0.000000E+00,0.000000E+00,0.000000E+00,0.000000E+00,1.770661E+01,6.158275E+01,2.495449E+01,4.774117E+01,6.495910E+02,5.594869E+02,5.733306E-02,4.933549E-02,0.000000E+00,0.000000E+00,0.000000E+00,0.000000E+00,0.000000E+00,0.000000E+00,0.000000E+00,0.000000E+00,1.703611E+01,6.369067E+01,2.739318E+01,4.794315E+01,3.225212E+01,5.421363E+01,2.846580E-03,4.780551E-03,0.000000E+00,0.000000E+00,0.000000E+00,0.000000E+00,0.000000E+00,0.000000E+00,0.000000E+00,0.000000E+00,1.993228E+01,5.511610E+01,2.569758E+01,4.263418E+01
00:45:00,1.283019E+03,4.960468E+02,1.132396E-01,4.374134E-02,0.000000E+00,0.000000E+00,0.000000E+00,0.000000E+00,0.000000E+00,0.000000E+00,0.000000E+00,0.000000E+00,1.567034E+01,7.072727E+01,2.635258E+01,4.378286E+01,1.313213E+03,6.350420E+02,1.159045E-01,5.599792E-02,0.000000E+00,0.000000E+00,0.000000E+00,0.000000E+00,0.000000E+00,0.000000E+00,0.000000E+00,0.000000E+00,1.754364E+01,6.308003E+01,2.569099E+01,5.128474E+01,1.861550E+02,1.067564E+02,1.643009E-02,9.413768E-03,0.000000E+00,0.000000E+00,0.000000E+00,0.000000E+00,0.000000E+00,0.000000E+00,0.000000E+00,0.000000E+00,1.684773E+01,6.547856E+01,2.647752E+01,4.325001E+01,2.222304E+02,2.640970E+02,1.961411E-02,2.328804E-02,0.000000E+00,0.000000E+00,0.000000E+00,0.000000E+00,0.000000E+00,0.000000E+00,0.000000E+00,0.000000E+00,1.702422E+01,6.422992E+01,2.878091E+01,5.513443E+01,1.398363E+03,1.237956E+03,1.234199E-01,1.091628E-01,0.000000E+00,0.000000E+00,0.000000E+00,0.000000E+00,0.000000E+00,0.000000E+00,0.000000E+00,0.000000E+00,1.617273E+01,6.828975E+01,2.845658E+01,8.476815E+01,5.124158E+02,4.095737E+02,4.522594E-02,3.611616E-02,0.000000E+00,0.000000E+00,0.000000E+00,0.000000E+00,0.000000E+00,0.000000E+00,0.000000E+00,0.000000E+00,1.718919E+01,6.353167E+01,2.718521E+01,4.698732E+01,2.009767E+02,9.654494E+01,1.773826E-02,8.513320E-03,0.000000E+00,0.000000E+00,0.000000E+00,0.000000E+00,0.000000E+00,0.000000E+00,0.000000E+00,0.000000E+00,1.793284E+01,6.124388E+01,2.548208E+01,4.645227E+01,2.657733E+02,8.200398E+01,2.345722E-02,7.231101E-03,0.000000E+00,0.000000E+00,0.000000E+00,0.000000E+00,0.000000E+00,0.000000E+00,0.000000E+00,0.000000E+00,1.709137E+01,6.370675E+01,2.524372E+01,4.731362E+01,3.247767E+02,2.778502E+02,2.866488E-02,2.450080E-02,0.000000E+00,0.000000E+00,0.000000E+00,0.000000E+00,0.000000E+00,0.000000E+00,0.000000E+00,0.000000E+00,1.637727E+01,6.591177E+01,2.814984E+01,4.791897E+01,1.612245E+01,2.697305E+01,1.422971E-03,2.378480E-03,0.000000E+00,0.000000E+00,0.000000E+00,0.000000E+00,0.000000E+00,0.000000E+00,0.000000E+00,0.000000E+00,1.976613E+01,5.568694E+01,2.602572E+01,4.202443E+01
01:00:00,3.867072E+02,0.000000E+00,3.413088E-02,0.000000E+00,0.000000E+00,0.000000E+00,0.000000E+00,0.000000E+00,0.000000E+00,0.000000E+00,0.000000E+00,0.000000E+00,1.555685E+01,7.111857E+01,2.670983E+01,4.331246E+01,0.000000E+00,0.000000E+00,0.000000E+00,0.000000E+00,0.000000E+00,0.000000E+00,0.000000E+00,0.000000E+00,0.000000E+00,0.000000E+00,0.000000E+00,0.000000E+00,1.719113E+01,6.439564E+01,2.596218E+01,5.133396E+01,0.000000E+00,0.000000E+00,0.000000E+00,0.000000E+00,0.000000E+00,0.000000E+00,0.000000E+00,0.000000E+00,0.000000E+00,0.000000E+00,0.000000E+00,0.000000E+00,1.649842E+01,6.675686E+01,2.677227E+01,4.296724E+01,0.000000E+00,2.455478E+01,0.000000E+00,2.165237E-03,0.000000E+00,0.000000E+00,0.000000E+00,0.000000E+00,0.000000E+00,0.000000E+00,0.000000E+00,0.000000E+00,1.666313E+01,6.546092E+01,2.928329E+01,5.688186E+01,3.457658E+02,2.136981E+02,3.051738E-02,1.884387E-02,0.000000E+00,0.000000E+00,0.000000E+00,0.000000E+00,0.000000E+00,0.000000E+00,0.000000E+00,0.000000E+00,1.571796E+01,7.013676E+01,2.916480E+01,8.767405E+01,0.000000E+00,0.000000E+00,0.000000E+00,0.000000E+00,0.000000E+00,0.000000E+00,0.000000E+00,0.000000E+00,0.000000E+00,0.000000E+00,0.000000E+00,0.000000E+00,1.684510E+01,6.467738E+01,2.757722E+01,4.720251E+01,0.000000E+00,0.000000E+00,0.000000E+00,0.000000E+00,0.000000E+00,0.000000E+00,0.000000E+00,0.000000E+00,0.000000E+00,0.000000E+00,0.000000E+00,0.000000E+00,1.762700E+01,6.230159E+01,2.572283E+01,4.618405E+01,0.000000E+00,0.000000E+00,0.000000E+00,0.000000E+00,0.000000E+00,0.000000E+00,0.000000E+00,0.000000E+00,0.000000E+00,0.000000E+00,0.000000E+00,0.000000E+00,1.670925E+01,6.499494E+01,2.543573E+01,4.714872E+01,2.670425E+00,0.000000E+00,2.356924E-04,0.000000E+00,0.000000E+00,0.000000E+00,0.000000E+00,0.000000E+00,0.000000E+00,0.000000E+00,0.000000E+00,0.000000E+00,1.598883E+01,6.713284E+01,2.862023E+01,4.854820E+01,0.000000E+00,0.000000E+00,0.000000E+00,0.000000E+00,0.000000E+00,0.000000E+00,0.000000E+00,0.000000E+00,0.000000E+00,0.000000E+00,0.000000E+00,0.000000E+00,1.967694E+01,5.599614E+01,2.621406E+01,4.176399E+01
01:15:00,6.205792E+02,0.000000E+00,5.477247E-02,0.000000E+00,0.000000E+00,0.000000E+00,0.000000E+00,0.000000E+00,0.000000E+00,0.000000E+00,0.000000E+00,0.000000E+00,1.555546E+01,7.095549E+01,2.696532E+01,4.313154E+01,0.000000E+00,0.000000E+00,0.000000E+00,0.000000E+00,0.000000E+00,0.000000E+00,0.000000E+00,0.000000E+00,0.000000E+00,0.000000E+00,0.000000E+00,0.000000E+00,1.671479E+01,6.617645E+01,2.616588E+01,5.163666E+01,0.000000E+00,0.000000E+00,0.000000E+00,0.000000E+00,0.000000E+00,0.000000E+00,0.000000E+00,0.000000E+00,0.000000E+00,0.000000E+00,0.000000E+00,0.000000E+00,1.603684E+01,6.840038E+01,2.698522E+01,4.291944E+01,0.000000E+00,8.244755E+01,0.000000E+00,7.270215E-03,0.000000E+00,0.000000E+00,0.000000E+00,0.000000E+00,0.000000E+00,0.000000E+00,0.000000E+00,0.000000E+00,1.616520E+01,6.709846E+01,2.943036E+01,5.886304E+01,7.492554E+02,6.275129E+02,6.612947E-02,5.533401E-02,0.000000E+00,0.000000E+00,0.000000E+00,0.000000E+00,0.000000E+00,0.000000E+00,0.000000E+00,0.000000E+00,1.555709E+01,7.069818E+01,2.940404E+01,9.057656E+01,0.000000E+00,0.000000E+00,0.000000E+00,0.000000E+00,0.000000E+00,0.000000E+00,0.000000E+00,0.000000E+00,0.000000E+00,0.000000E+00,0.000000E+00,0.000000E+00,1.637250E+01,6.618509E+01,2.786699E+01,4.775128E+01,0.000000E+00,0.000000E+00,0.000000E+00,0.000000E+00,0.000000E+00,0.000000E+00,0.000000E+00,0.000000E+00,0.000000E+00,0.000000E+00,0.000000E+00,0.000000E+00,1.720625E+01,6.373550E+01,2.590447E+01,4.610328E+01,0.000000E+00,0.000000E+00,0.000000E+00,0.000000E+00,0.000000E+00,0.000000E+00,0.000000E+00,0.000000E+00,0.000000E+00,0.000000E+00,0.000000E+00,0.000000E+00,1.617636E+01,6.673470E+01,2.557562E+01,4.715119E+01,4.518679E+01,0.000000E+00,3.988198E-03,0.000000E+00,0.000000E+00,0.000000E+00,0.000000E+00,0.000000E+00,0.000000E+00,0.000000E+00,0.000000E+00,0.000000E+00,1.562012E+01,6.805051E+01,2.896505E+01,4.957707E+01,0.000000E+00,0.000000E+00,0.000000E+00,0.000000E+00,0.000000E+00,0.000000E+00,0.000000E+00,0.000000E+00,0.000000E+00,0.000000E+00,0.000000E+00,0.000000E+00,1.956015E+01,5.640392E+01,2.635269E+01,4.164227E+01
01:30:00,8.507477E+02,0.000000E+00,7.508720E-02,0.000000E+00,0.000000E+00,0.000000E+00,0.000000E+00,0.000000E+00,0.000000E+00,0.000000E+00,0.000000E+00,0.000000E+00,1.555541E+01,7.079537E+01,2.718151E+01,4.319656E+01,0.000000E+00,0.000000E+00,0.000000E+00,0.000000E+00,0.000000E+00,0.000000E+00,0.000000E+00,0.000000E+00,0.000000E+00,0.000000E+00,0.000000E+00,0.000000E+00,1.629394E+01,6.773013E+01,2.635204E+01,5.227953E+01,1.334926E+01,0.000000E+00,1.178209E-03,0.000000E+00,0.000000E+00,0.000000E+00,0.000000E+00,0.000000E+00,0.000000E+00,0.000000E+00,0.000000E+00,0.000000E+00,1.566324E+01,6.963094E+01,2.717860E+01,4.307303E+01,1.228732E+01,1.542143E+02,1.084482E-03,1.359859E-02,0.000000E+00,0.000000E+00,0.000000E+00,0.000000E+00,0.000000E+00,0.000000E+00,0.000000E+00,0.000000E+00,1.571402E+01,6.847551E+01,2.944032E+01,6.083225E+01,1.260932E+03,1.077979E+03,1.112902E-01,9.505602E-02,0.000000E+00,0.000000E+00,0.000000E+00,0.000000E+00,0.000000E+00,0.000000E+00,0.000000E+00,0.000000E+00,1.555539E+01,7.061448E+01,2.943357E+01,9.339419E+01,0.000000E+00,0.000000E+00,0.000000E+00,0.000000E+00,0.000000E+00,0.000000E+00,0.000000E+00,0.000000E+00,0.000000E+00,0.000000E+00,0.000000E+00,0.000000E+00,1.594812E+01,6.742417E+01,2.813181E+01,4.876411E+01,0.000000E+00,0.000000E+00,0.000000E+00,0.000000E+00,0.000000E+00,0.000000E+00,0.000000E+00,0.000000E+00,0.000000E+00,0.000000E+00,0.000000E+00,0.000000E+00,1.682764E+01,6.497911E+01,2.607052E+01,4.619681E+01,1.815529E+01,0.000000E+00,1.602391E-03,0.000000E+00,0.000000E+00,0.000000E+00,0.000000E+00,0.000000E+00,0.000000E+00,0.000000E+00,0.000000E+00,0.000000E+00,1.570611E+01,6.815011E+01,2.569847E+01,4.732330E+01,1.106961E+02,7.406666E+00,9.770061E-03,6.531189E-04,0.000000E+00,0.000000E+00,0.000000E+00,0.000000E+00,0.000000E+00,0.000000E+00,0.000000E+00,0.000000E+00,1.555607E+01,6.779159E+01,2.928260E+01,5.123381E+01,0.000000E+00,0.000000E+00,0.000000E+00,0.000000E+00,0.000000E+00,0.000000E+00,0.000000E+00,0.000000E+00,0.000000E+00,0.000000E+00,0.000000E+00,0.000000E+00,1.945200E+01,5.678448E+01,2.648160E+01,4.161722E+01
01:45:00,9.866552E+02,0.000000E+00,8.708244E-02,0.000000E+00,0.000000E+00,0.000000E+00,0.000000E+00,0.000000E+00,0.000000E+00,0.000000E+00,0.000000E+00,0.000000E+00,1.555538E+01,7.068878E+01,2.727441E+01,4.349682E+01,0.000000E+00,0.000000E+00,0.000000E+00,0.000000E+00,0.000000E+00,0.000000E+00,0.000000E+00,0.000000E+00,0.000000E+00,0.000000E+00,0.000000E+00,0.000000E+00,1.596172E+01,6.893507E+01,2.645679E+01,5.302348E+01,3.969313E+01,0.000000E+00,3.503325E-03,0.000000E+00,0.000000E+00,0.000000E+00,0.000000E+00,0.000000E+00,0.000000E+00,0.000000E+00,0.000000E+00,0.000000E+00,1.555579E+01,6.979220E+01,2.730380E+01,4.331720E+01,3.979072E+01,2.433336E+02,3.511939E-03,2.145713E-02,0.000000E+00,0.000000E+00,0.000000E+00,0.000000E+00,0.000000E+00,0.000000E+00,0.000000E+00,0.000000E+00,1.555650E+01,6.871036E+01,2.943590E+01,6.135626E+01,1.806009E+03,1.602948E+03,1.593988E-01,1.413478E-01,0.000000E+00,0.000000E+00,0.000000E+00,0.000000E+00,0.000000E+00,0.000000E+00,0.000000E+00,0.000000E+00,1.555533E+01,7.061137E+01,2.942329E+01,9.434134E+01,3.944240E+01,0.000000E+00,3.481196E-03,0.000000E+00,0.000000E+00,0.000000E+00,0.000000E+00,0.000000E+00,0.000000E+00,0.000000E+00,0.000000E+00,0.000000E+00,1.564159E+01,6.820115E+01,2.830639E+01,4.978658E+01,0.000000E+00,0.000000E+00,0.000000E+00,0.000000E+00,0.000000E+00,0.000000E+00,0.000000E+00,0.000000E+00,0.000000E+00,0.000000E+00,0.000000E+00,0.000000E+00,1.652384E+01,6.593761E+01,2.616302E+01,4.642463E+01,5.348867E+01,0.000000E+00,4.720923E-03,0.000000E+00,0.000000E+00,0.000000E+00,0.000000E+00,0.000000E+00,0.000000E+00,0.000000E+00,0.000000E+00,0.000000E+00,1.555559E+01,6.833026E+01,2.576043E+01,4.759905E+01,1.960036E+02,4.613832E+01,1.729932E-02,4.068472E-03,0.000000E+00,0.000000E+00,0.000000E+00,0.000000E+00,0.000000E+00,0.000000E+00,0.000000E+00,0.000000E+00,1.555517E+01,6.759821E+01,2.944319E+01,5.275633E+01,0.000000E+00,0.000000E+00,0.000000E+00,0.000000E+00,0.000000E+00,0.000000E+00,0.000000E+00,0.000000E+00,0.000000E+00,0.000000E+00,0.000000E+00,0.000000E+00,1.935202E+01,5.713889E+01,2.658227E+01,4.162970E+01
02:00:00,1.066233E+03,0.000000E+00,9.410603E-02,0.000000E+00,0.000000E+00,0.000000E+00,0.000000E+00,0.000000E+00,0.000000E+00,0.000000E+00,0.000000E+00,0.000000E+00,1.555537E+01,7.062673E+01,2.737077E+01,4.408721E+01,5.603996E+01,0.000000E+00,4.946101E-03,0.000000E+00,0.000000E+00,0.000000E+00,0.000000E+00,0.000000E+00,0.000000E+00,0.000000E+00,0.000000E+00,0.000000E+00,1.570230E+01,6.987128E+01,2.658394E+01,5.429581E+01,7.684880E+01,0.000000E+00,6.782695E-03,0.000000E+00,0.000000E+00,0.000000E+00,0.000000E+00,0.000000E+00,0.000000E+00,0.000000E+00,0.000000E+00,0.000000E+00,1.555543E+01,6.962704E+01,2.746285E+01,4.378532E+01,8.118971E+01,3.196686E+02,7.165824E-03,2.818833E-02,0.000000E+00,0.000000E+00,0.000000E+00,0.000000E+00,0.000000E+00,0.000000E+00,0.000000E+00,0.000000E+00,1.555540E+01,6.846645E+01,2.943328E+01,6.139895E+01,2.154323E+03,1.958414E+03,1.901411E-01,1.726927E-01,0.000000E+00,0.000000E+00,0.000000E+00,0.000000E+00,0.000000E+00,0.000000E+00,0.000000E+00,0.000000E+00,1.555531E+01,7.065395E+01,2.941857E+01,9.485793E+01,1.193606E+02,0.000000E+00,1.053479E-02,0.000000E+00,0.000000E+00,0.000000E+00,0.000000E+00,0.000000E+00,0.000000E+00,0.000000E+00,0.000000E+00,0.000000E+00,1.555546E+01,6.819784E+01,2.852643E+01,5.149179E+01,0.000000E+00,0.000000E+00,0.000000E+00,0.000000E+00,0.000000E+00,0.000000E+00,0.000000E+00,0.000000E+00,0.000000E+00,0.000000E+00,0.000000E+00,0.000000E+00,1.628533E+01,6.667586E+01,2.627500E+01,4.686881E+01,1.049053E+02,0.000000E+00,9.258971E-03,0.000000E+00,0.000000E+00,0.000000E+00,0.000000E+00,0.000000E+00,0.000000E+00,0.000000E+00,0.000000E+00,0.000000E+00,1.555538E+01,6.806488E+01,2.583159E+01,4.809761E+01,2.938582E+02,9.217059E+01,2.593600E-02,8.127591E-03,0.000000E+00,0.000000E+00,0.000000E+00,0.000000E+00,0.000000E+00,0.000000E+00,0.000000E+00,0.000000E+00,1.555510E+01,6.763291E+01,2.944178E+01,5.488154E+01,0.000000E+00,0.000000E+00,0.000000E+00,0.000000E+00,0.000000E+00,0.000000E+00,0.000000E+00,0.000000E+00,0.000000E+00,0.000000E+00,0.000000E+00,0.000000E+00,1.926766E+01,5.743986E+01,2.671589E+01,4.171079E+01
02:15:00,1.147908E+03,0.000000E+00,1.013147E-01,0.000000E+00,0.000000E+00,0.000000E+00,0.000000E+00,0.000000E+00,0.000000E+00,0.000000E+00,0.000000E+00,0.000000E+00,1.555523E+01,7.060173E+01,2.742610E+01,4.479721E+01,2.686385E+02,0.000000E+00,2.371010E-02,0.000000E+00,0.000000E+00,0.000000E+00,0.000000E+00,0.000000E+00,0.000000E+00,0.000000E+00,0.000000E+00,0.000000E+00,1.555653E+01,7.036465E+01,2.668408E+01,5.568512E+01,1.244221E+02,0.000000E+00,1.098153E-02,0.000000E+00,0.000000E+00,0.000000E+00,0.000000E+00,0.000000E+00,0.000000E+00,0.000000E+00,0.000000E+00,0.000000E+00,1.555528E+01,6.958399E+01,2.760080E+01,4.431647E+01,1.372118E+02,3.721140E+02,1.211035E-02,3.281297E-02,0.000000E+00,0.000000E+00,0.000000E+00,0.000000E+00,0.000000E+00,0.000000E+00,0.000000E+00,0.000000E+00,1.555519E+01,6.839401E+01,2.943149E+01,6.048755E+01,2.453873E+03,2.143770E+03,2.165794E-01,1.890374E-01,0.000000E+00,0.000000E+00,0.000000E+00,0.000000E+00,0.000000E+00,0.000000E+00,0.000000E+00,0.000000E+00,1.555514E+01,7.072168E+01,2.941565E+01,9.418674E+01,2.205064E+02,0.000000E+00,1.946195E-02,0.000000E+00,0.000000E+00,0.000000E+00,0.000000E+00,0.000000E+00,0.000000E+00,0.000000E+00,0.000000E+00,0.000000E+00,1.555525E+01,6.803197E+01,2.871619E+01,5.327864E+01,0.000000E+00,0.000000E+00,0.000000E+00,0.000000E+00,0.000000E+00,0.000000E+00,0.000000E+00,0.000000E+00,0.000000E+00,0.000000E+00,0.000000E+00,0.000000E+00,1.607863E+01,6.732770E+01,2.636270E+01,4.739392E+01,1.744906E+02,0.000000E+00,1.540058E-02,0.000000E+00,0.000000E+00,0.000000E+00,0.000000E+00,0.000000E+00,0.000000E+00,0.000000E+00,0.000000E+00,0.000000E+00,1.555518E+01,6.797295E+01,2.588257E+01,4.866026E+01,3.631867E+02,1.541194E+02,3.205495E-02,1.359023E-02,0.000000E+00,0.000000E+00,0.000000E+00,0.000000E+00,0.000000E+00,0.000000E+00,0.000000E+00,0.000000E+00,1.555473E+01,6.780087E+01,2.944086E+01,5.611173E+01,0.000000E+00,0.000000E+00,0.000000E+00,0.000000E+00,0.000000E+00,0.000000E+00,0.000000E+00,0.000000E+00,0.000000E+00,0.000000E+00,0.000000E+00,0.000000E+00,1.918746E+01,5.772767E+01,2.684105E+01,4.182547E+01
02:30:00,1.222069E+03,0.000000E+00,1.078601E-01,0.000000E+00,0.000000E+00,0.000000E+00,0.000000E+00,0.000000E+00,0.000000E+00,0.000000E+00,0.000000E+00,0.000000E+00,1.555521E+01,7.059121E+01,2.746356E+01,4.553806E+01,5.018712E+02,0.000000E+00,4.429528E-02,0.000000E+00,0.000000E+00,0.000000E+00,0.000000E+00,0.000000E+00,0.000000E+00,0.000000E+00,0.000000E+00,0.000000E+00,1.555545E+01,7.023523E+01,2.677161E+01,5.708652E+01,1.651870E+02,0.000000E+00,1.457945E-02,0.000000E+00,0.000000E+00,0.000000E+00,0.000000E+00,0.000000E+00,0.000000E+00,0.000000E+00,0.000000E+00,0.000000E+00,1.555518E+01,6.961979E+01,2.772802E+01,4.485227E+01,1.893404E+02,4.185529E+02,1.671123E-02,3.690794E-02,0.000000E+00,0.000000E+00,0.000000E+00,0.000000E+00,0.000000E+00,0.000000E+00,0.000000E+00,0.000000E+00,1.555504E+01,6.843803E+01,2.943046E+01,5.902826E+01,2.688031E+03,2.315948E+03,2.372463E-01,2.042200E-01,0.000000E+00,0.000000E+00,0.000000E+00,0.000000E+00,0.000000E+00,0.000000E+00,0.000000E+00,0.000000E+00,1.555512E+01,7.082420E+01,2.941406E+01,9.278458E+01,3.495634E+02,0.000000E+00,3.085255E-02,0.000000E+00,0.000000E+00,0.000000E+00,0.000000E+00,0.000000E+00,0.000000E+00,0.000000E+00,0.000000E+00,0.000000E+00,1.555515E+01,6.796575E+01,2.889038E+01,5.502094E+01,5.803584E-01,0.000000E+00,5.122258E-05,0.000000E+00,0.000000E+00,0.000000E+00,0.000000E+00,0.000000E+00,0.000000E+00,0.000000E+00,0.000000E+00,0.000000E+00,1.580950E+01,6.818152E+01,2.643930E+01,4.793633E+01,2.372589E+02,0.000000E+00,2.094053E-02,0.000000E+00,0.000000E+00,0.000000E+00,0.000000E+00,0.000000E+00,0.000000E+00,0.000000E+00,0.000000E+00,0.000000E+00,1.555503E+01,6.799169E+01,2.592431E+01,4.923021E+01,4.195277E+02,2.190710E+02,3.702762E-02,1.931766E-02,0.000000E+00,0.000000E+00,0.000000E+00,0.000000E+00,0.000000E+00,0.000000E+00,0.000000E+00,0.000000E+00,1.555461E+01,6.808806E+01,2.943931E+01,5.637372E+01,0.000000E+00,0.000000E+00,0.000000E+00,0.000000E+00,0.000000E+00,0.000000E+00,0.000000E+00,0.000000E+00,0.000000E+00,0.000000E+00,0.000000E+00,0.000000E+00,1.907970E+01,5.811689E+01,2.696217E+01,4.194777E+01
02:45:00,1.294445E+03,0.000000E+00,1.142481E-01,0.000000E+00,0.000000E+00,0.000000E+00,0.000000E+00,0.000000E+00,0.000000E+00,0.000000E+00,0.000000E+00,0.000000E+00,1.555519E+01,7.060431E+01,2.749573E+01,4.627123E+01,8.131070E+02,0.000000E+00,7.176503E-02,0.000000E+00,0.000000E+00,0.000000E+00,0.000000E+00,0.000000E+00,0.000000E+00,0.000000E+00,0.000000E+00,0.000000E+00,1.555540E+01,7.016699E+01,2.685539E+01,5.845916E+01,1.989355E+02,0.000000E+00,1.755809E-02,0.000000E+00,0.000000E+00,0.000000E+00,0.000000E+00,0.000000E+00,0.000000E+00,0.000000E+00,0.000000E+00,0.000000E+00,1.555511E+01,6.973118E+01,2.785083E+01,4.537024E+01,2.343898E+02,4.542766E+02,2.068731E-02,4.005806E-02,0.000000E+00,0.000000E+00,0.000000E+00,0.000000E+00,0.000000E+00,0.000000E+00,0.000000E+00,0.000000E+00,1.555494E+01,6.859854E+01,2.943001E+01,5.739853E+01,2.881734E+03,2.432151E+03,2.543425E-01,2.144668E-01,0.000000E+00,0.000000E+00,0.000000E+00,0.000000E+00,0.000000E+00,0.000000E+00,0.000000E+00,0.000000E+00,1.555512E+01,7.093058E+01,2.941327E+01,9.107345E+01,4.600163E+02,0.000000E+00,4.060115E-02,0.000000E+00,0.000000E+00,0.000000E+00,0.000000E+00,0.000000E+00,0.000000E+00,0.000000E+00,0.000000E+00,0.000000E+00,1.555501E+01,6.806214E+01,2.905829E+01,5.667680E+01,2.993763E+01,0.000000E+00,2.642302E-03,0.000000E+00,0.000000E+00,0.000000E+00,0.000000E+00,0.000000E+00,0.000000E+00,0.000000E+00,0.000000E+00,0.000000E+00,1.555566E+01,6.898459E+01,2.651300E+01,4.846759E+01,2.912714E+02,0.000000E+00,2.570769E-02,0.000000E+00,0.000000E+00,0.000000E+00,0.000000E+00,0.000000E+00,0.000000E+00,0.000000E+00,0.000000E+00,0.000000E+00,1.555493E+01,6.813657E+01,2.596301E+01,4.978469E+01,4.670960E+02,2.613955E+02,4.122601E-02,2.304983E-02,0.000000E+00,0.000000E+00,0.000000E+00,0.000000E+00,0.000000E+00,0.000000E+00,0.000000E+00,0.000000E+00,1.555458E+01,6.840476E+01,2.943829E+01,5.589941E+01,0.000000E+00,0.000000E+00,0.000000E+00,0.000000E+00,0.000000E+00,0.000000E+00,0.000000E+00,0.000000E+00,0.000000E+00,0.000000E+00,0.000000E+00,0.000000E+00,1.897130E+01,5.851144E+01,2.708320E+01,4.206470E+01
03:00:00,1.361823E+03,0.000000E+00,1.201949E-01,0.000000E+00,0.000000E+00,0.000000E+00,0.000000E+00,0.000000E+00,0.000000E+00,0.000000E+00,0.000000E+00,0.000000E+00,1.555518E+01,7.063477E+01,2.752505E+01,4.699224E+01,1.118447E+03,0.000000E+00,9.871437E-02,0.000000E+00,0.000000E+00,0.000000E+00,0.000000E+00,0.000000E+00,0.000000E+00,0.000000E+00,0.000000E+00,0.000000E+00,1.555534E+01,7.016177E+01,2.693717E+01,5.980085E+01,2.284560E+02,0.000000E+00,2.016358E-02,0.000000E+00,0.000000E+00,0.000000E+00,0.000000E+00,0.000000E+00,0.000000E+00,0.000000E+00,0.000000E+00,0.000000E+00,1.555507E+01,6.988459E+01,2.796988E+01,4.587115E+01,2.747124E+02,4.838839E+02,2.424619E-02,4.266882E-02,0.000000E+00,0.000000E+00,0.000000E+00,0.000000E+00,0.000000E+00,0.000000E+00,0.000000E+00,0.000000E+00,1.555491E+01,6.882607E+01,2.942994E+01,5.584034E+01,3.042569E+03,2.519302E+03,2.685379E-01,2.221517E-01,0.000000E+00,0.000000E+00,0.000000E+00,0.000000E+00,0.000000E+00,0.000000E+00,0.000000E+00,0.000000E+00,1.555512E+01,7.103120E+01,2.941302E+01,8.933023E+01,5.479745E+02,0.000000E+00,4.836437E-02,0.000000E+00,0.000000E+00,0.000000E+00,0.000000E+00,0.000000E+00,0.000000E+00,0.000000E+00,0.000000E+00,0.000000E+00,1.555494E+01,6.826888E+01,2.922111E+01,5.825159E+01,5.943795E+01,0.000000E+00,5.246009E-03,0.000000E+00,0.000000E+00,0.000000E+00,0.000000E+00,0.000000E+00,0.000000E+00,0.000000E+00,0.000000E+00,0.000000E+00,1.555538E+01,6.880654E+01,2.658551E+01,4.898446E+01,3.386114E+02,0.000000E+00,2.988593E-02,0.000000E+00,0.000000E+00,0.000000E+00,0.000000E+00,0.000000E+00,0.000000E+00,0.000000E+00,0.000000E+00,0.000000E+00,1.555486E+01,6.835089E+01,2.599989E+01,5.032205E+01,5.095700E+02,3.037326E+02,4.497478E-02,2.678310E-02,0.000000E+00,0.000000E+00,0.000000E+00,0.000000E+00,0.000000E+00,0.000000E+00,0.000000E+00,0.000000E+00,1.555460E+01,6.872451E+01,2.943761E+01,5.498067E+01,0.000000E+00,0.000000E+00,0.000000E+00,0.000000E+00,0.000000E+00,0.000000E+00,0.000000E+00,0.000000E+00,0.000000E+00,0.000000E+00,0.000000E+00,0.000000E+00,1.886289E+01,5.890900E+01,2.720423E+01,4.217668E+01
03:15:00,1.424081E+03,0.000000E+00,1.256897E-01,0.000000E+00,0.000000E+00,0.000000E+00,0.000000E+00,0.000000E+00,0.000000E+00,0.000000E+00,0.000000E+00,0.000000E+00,1.555517E+01,7.067695E+01,2.755048E+01,4.770685E+01,1.309434E+03,0.000000E+00,1.155710E-01,0.000000E+00,0.000000E+00,0.000000E+00,0.000000E+00,0.000000E+00,0.000000E+00,0.000000E+00,0.000000E+00,0.000000E+00,1.555530E+01,7.020535E+01,2.701609E+01,6.111975E+01,2.540400E+02,0.000000E+00,2.242163E-02,0.000000E+00,0.000000E+00,0.000000E+00,0.000000E+00,0.000000E+00,0.000000E+00,0.000000E+00,0.000000E+00,0.000000E+00,1.555507E+01,7.006213E+01,2.808428E+01,4.636056E+01,3.089473E+02,5.088763E+02,2.726777E-02,4.487265E-02,0.000000E+00,0.000000E+00,0.000000E+00,0.000000E+00,0.000000E+00,0.000000E+00,0.000000E+00,0.000000E+00,1.555490E+01,6.909429E+01,2.943006E+01,5.446633E+01,3.177436E+03,2.588716E+03,2.804413E-01,2.282726E-01,0.000000E+00,0.000000E+00,0.000000E+00,0.000000E+00,0.000000E+00,0.000000E+00,0.000000E+00,0.000000E+00,1.555514E+01,7.112133E+01,2.941304E+01,8.769615E+01,6.312129E+02,2.125233E+01,5.571101E-02,1.874028E-03,0.000000E+00,0.000000E+00,0.000000E+00,0.000000E+00,0.000000E+00,0.000000E+00,0.000000E+00,0.000000E+00,1.555488E+01,6.853718E+01,2.937790E+01,5.975914E+01,1.018781E+02,0.000000E+00,8.991786E-03,0.000000E+00,0.000000E+00,0.000000E+00,0.000000E+00,0.000000E+00,0.000000E+00,0.000000E+00,0.000000E+00,0.000000E+00,1.555536E+01,6.871676E+01,2.665608E+01,4.949138E+01,3.766804E+02,0.000000E+00,3.324590E-02,0.000000E+00,0.000000E+00,0.000000E+00,0.000000E+00,0.000000E+00,0.000000E+00,0.000000E+00,0.000000E+00,0.000000E+00,1.555485E+01,6.860289E+01,2.603450E+01,5.084626E+01,5.500770E+02,3.363613E+02,4.854994E-02,2.966030E-02,0.000000E+00,0.000000E+00,0.000000E+00,0.000000E+00,0.000000E+00,0.000000E+00,0.000000E+00,0.000000E+00,1.555463E+01,6.903137E+01,2.943722E+01,5.385363E+01,0.000000E+00,0.000000E+00,0.000000E+00,0.000000E+00,0.000000E+00,0.000000E+00,0.000000E+00,0.000000E+00,0.000000E+00,0.000000E+00,0.000000E+00,0.000000E+00,1.875333E+01,5.931387E+01,2.732430E+01,4.228706E+01
03:30:00,1.481421E+03,0.000000E+00,1.307506E-01,0.000000E+00,0.000000E+00,0.000000E+00,0.000000E+00,0.000000E+00,0.000000E+00,0.000000E+00,0.000000E+00,0.000000E+00,1.555516E+01,7.072613E+01,2.757147E+01,4.841843E+01,1.519864E+03,0.000000E+00,1.341436E-01,0.000000E+00,0.000000E+00,0.000000E+00,0.000000E+00,0.000000E+00,0.000000E+00,0.000000E+00,0.000000E+00,0.000000E+00,1.555527E+01,7.028217E+01,2.709166E+01,6.242098E+01,2.791845E+02,0.000000E+00,2.464089E-02,0.000000E+00,0.000000E+00,0.000000E+00,0.000000E+00,0.000000E+00,0.000000E+00,0.000000E+00,0.000000E+00,0.000000E+00,1.555507E+01,7.025190E+01,2.819390E+01,4.684091E+01,3.426792E+02,5.301924E+02,3.024495E-02,4.675230E-02,0.000000E+00,0.000000E+00,0.000000E+00,0.000000E+00,0.000000E+00,0.000000E+00,0.000000E+00,0.000000E+00,1.555490E+01,6.938109E+01,2.943026E+01,5.330609E+01,3.291876E+03,2.644840E+03,2.905418E-01,2.332216E-01,0.000000E+00,0.000000E+00,0.000000E+00,0.000000E+00,0.000000E+00,0.000000E+00,0.000000E+00,0.000000E+00,1.555515E+01,7.119939E+01,2.941322E+01,8.622998E+01,7.041606E+02,6.273095E+01,6.214939E-02,5.531607E-03,0.000000E+00,0.000000E+00,0.000000E+00,0.000000E+00,0.000000E+00,0.000000E+00,0.000000E+00,0.000000E+00,1.555488E+01,6.883137E+01,2.944288E+01,6.109097E+01,1.520099E+02,0.000000E+00,1.341643E-02,0.000000E+00,0.000000E+00,0.000000E+00,0.000000E+00,0.000000E+00,0.000000E+00,0.000000E+00,0.000000E+00,0.000000E+00,1.555527E+01,6.872011E+01,2.672429E+01,4.999100E+01,4.117802E+02,0.000000E+00,3.634383E-02,0.000000E+00,0.000000E+00,0.000000E+00,0.000000E+00,0.000000E+00,0.000000E+00,0.000000E+00,0.000000E+00,0.000000E+00,1.555485E+01,6.887244E+01,2.606667E+01,5.135945E+01,5.891800E+02,3.639349E+02,5.200118E-02,3.209173E-02,0.000000E+00,0.000000E+00,0.000000E+00,0.000000E+00,0.000000E+00,0.000000E+00,0.000000E+00,0.000000E+00,1.555467E+01,6.931351E+01,2.943704E+01,5.267687E+01,0.000000E+00,0.000000E+00,0.000000E+00,0.000000E+00,0.000000E+00,0.000000E+00,0.000000E+00,0.000000E+00,0.000000E+00,0.000000E+00,0.000000E+00,0.000000E+00,1.864223E+01,5.972767E+01,2.744313E+01,4.239713E+01
03:45:00,1.534141E+03,0.000000E+00,1.354037E-01,0.000000E+00,0.000000E+00,0.000000E+00,0.000000E+00,0.000000E+00,0.000000E+00,0.000000E+00,0.000000E+00,0.000000E+00,1.555516E+01,7.077859E+01,2.758854E+01,4.912668E+01,1.696200E+03,0.000000E+00,1.497071E-01,0.000000E+00,0.000000E+00,0.000000E+00,0.000000E+00,0.000000E+00,0.000000E+00,0.000000E+00,0.000000E+00,0.000000E+00,1.555525E+01,7.038066E+01,2.716428E+01,6.370486E+01,3.040320E+02,0.000000E+00,2.683394E-02,0.000000E+00,0.000000E+00,0.000000E+00,0.000000E+00,0.000000E+00,0.000000E+00,0.000000E+00,0.000000E+00,0.000000E+00,1.555508E+01,7.044278E+01,2.829918E+01,4.731227E+01,3.755075E+02,5.484820E+02,3.314238E-02,4.836507E-02,0.000000E+00,0.000000E+00,0.000000E+00,0.000000E+00,0.000000E+00,0.000000E+00,0.000000E+00,0.000000E+00,1.555491E+01,6.966632E+01,2.943047E+01,5.234706E+01,3.389917E+03,2.690866E+03,2.991949E-01,2.372802E-01,0.000000E+00,0.000000E+00,0.000000E+00,0.000000E+00,0.000000E+00,0.000000E+00,0.000000E+00,0.000000E+00,1.555516E+01,7.126562E+01,2.941346E+01,8.494609E+01,7.727933E+02,1.184882E+02,6.820693E-02,1.044827E-02,0.000000E+00,0.000000E+00,0.000000E+00,0.000000E+00,0.000000E+00,0.000000E+00,0.000000E+00,0.000000E+00,1.555489E+01,6.913276E+01,2.944223E+01,6.191989E+01,1.799696E+02,0.000000E+00,1.588416E-02,0.000000E+00,0.000000E+00,0.000000E+00,0.000000E+00,0.000000E+00,0.000000E+00,0.000000E+00,0.000000E+00,0.000000E+00,1.555521E+01,6.879971E+01,2.679041E+01,5.048325E+01,4.462355E+02,0.000000E+00,3.938486E-02,0.000000E+00,0.000000E+00,0.000000E+00,0.000000E+00,0.000000E+00,0.000000E+00,0.000000E+00,0.000000E+00,0.000000E+00,1.555486E+01,6.914403E+01,2.609672E+01,5.186169E+01,6.251389E+02,3.874022E+02,5.517492E-02,3.416108E-02,0.000000E+00,0.000000E+00,0.000000E+00,0.000000E+00,0.000000E+00,0.000000E+00,0.000000E+00,0.000000E+00,1.555470E+01,6.956353E+01,2.943701E+01,5.154379E+01,0.000000E+00,0.000000E+00,0.000000E+00,0.000000E+00,0.000000E+00,0.000000E+00,0.000000E+00,0.000000E+00,0.000000E+00,0.000000E+00,0.000000E+00,0.000000E+00,1.852994E+01,6.014914E+01,2.756083E+01,4.250684E+01
04:00:00,1.582544E+03,0.000000E+00,1.396757E-01,0.000000E+00,0.000000E+00,0.000000E+00,0.000000E+00,0.000000E+00,0.000000E+00,0.000000E+00,0.000000E+00,0.000000E+00,1.555516E+01,7.083159E+01,2.760241E+01,4.983015E+01,1.864030E+03,0.000000E+00,1.645197E-01,0.000000E+00,0.000000E+00,0.000000E+00,0.000000E+00,0.000000E+00,0.000000E+00,0.000000E+00,0.000000E+00,0.000000E+00,1.555525E+01,7.049490E+01,2.723426E+01,6.497129E+01,3.275413E+02,0.000000E+00,2.890887E-02,0.000000E+00,0.000000E+00,0.000000E+00,0.000000E+00,0.000000E+00,0.000000E+00,0.000000E+00,0.000000E+00,0.000000E+00,1.555510E+01,7.062512E+01,2.840047E+01,4.777451E+01,4.057552E+02,5.642658E+02,3.581205E-02,4.975689E-02,0.000000E+00,0.000000E+00,0.000000E+00,0.000000E+00,0.000000E+00,0.000000E+00,0.000000E+00,0.000000E+00,1.555494E+01,6.993409E+01,2.943065E+01,5.156238E+01,3.474617E+03,2.728748E+03,3.066706E-01,2.406206E-01,0.000000E+00,0.000000E+00,0.000000E+00,0.000000E+00,0.000000E+00,0.000000E+00,0.000000E+00,0.000000E+00,1.555517E+01,7.132113E+01,2.941372E+01,8.383902E+01,8.388609E+02,1.898964E+02,7.403807E-02,1.674504E-02,0.000000E+00,0.000000E+00,0.000000E+00,0.000000E+00,0.000000E+00,0.000000E+00,0.000000E+00,0.000000E+00,1.555491E+01,6.942734E+01,2.944135E+01,6.206952E+01,2.150981E+02,0.000000E+00,1.898461E-02,0.000000E+00,0.000000E+00,0.000000E+00,0.000000E+00,0.000000E+00,0.000000E+00,0.000000E+00,0.000000E+00,0.000000E+00,1.555516E+01,6.893175E+01,2.685482E+01,5.096740E+01,4.784718E+02,0.000000E+00,4.223004E-02,0.000000E+00,0.000000E+00,0.000000E+00,0.000000E+00,0.000000E+00,0.000000E+00,0.000000E+00,0.000000E+00,0.000000E+00,1.555488E+01,6.940529E+01,2.612498E+01,5.235256E+01,6.581727E+02,4.075392E+02,5.809049E-02,3.593675E-02,0.000000E+00,0.000000E+00,0.000000E+00,0.000000E+00,0.000000E+00,0.000000E+00,0.000000E+00,0.000000E+00,1.555474E+01,6.977874E+01,2.943707E+01,5.050459E+01,0.000000E+00,0.000000E+00,0.000000E+00,0.000000E+00,0.000000E+00,0.000000E+00,0.000000E+00,0.000000E+00,0.000000E+00,0.000000E+00,0.000000E+00,0.000000E+00,1.841699E+01,6.057653E+01,2.767738E+01,4.261626E+01
04:15:00,1.627142E+03,0.000000E+00,1.436119E-01,0.000000E+00,0.000000E+00,0.000000E+00,0.000000E+00,0.000000E+00,0.000000E+00,0.000000E+00,0.000000E+00,0.000000E+00,1.555517E+01,7.088328E+01,2.761361E+01,5.052792E+01,2.028896E+03,0.000000E+00,1.790709E-01,0.000000E+00,0.000000E+00,0.000000E+00,0.000000E+00,0.000000E+00,0.000000E+00,0.000000E+00,0.000000E+00,0.000000E+00,1.555525E+01,7.061932E+01,2.730201E+01,6.621955E+01,3.493845E+02,0.000000E+00,3.083676E-02,0.000000E+00,0.000000E+00,0.000000E+00,0.000000E+00,0.000000E+00,0.000000E+00,0.000000E+00,0.000000E+00,0.000000E+00,1.555511E+01,7.079198E+01,2.849792E+01,4.822797E+01,4.334417E+02,5.779868E+02,3.825567E-02,5.096680E-02,0.000000E+00,0.000000E+00,0.000000E+00,0.000000E+00,0.000000E+00,0.000000E+00,0.000000E+00,0.000000E+00,1.555496E+01,7.017433E+01,2.943079E+01,5.092254E+01,3.548548E+03,2.760460E+03,3.131957E-01,2.434170E-01,0.000000E+00,0.000000E+00,0.000000E+00,0.000000E+00,0.000000E+00,0.000000E+00,0.000000E+00,0.000000E+00,1.555518E+01,7.136734E+01,2.941397E+01,8.289506E+01,9.027124E+02,2.519469E+02,7.967363E-02,2.221665E-02,0.000000E+00,0.000000E+00,0.000000E+00,0.000000E+00,0.000000E+00,0.000000E+00,0.000000E+00,0.000000E+00,1.555493E+01,6.970376E+01,2.944042E+01,6.162377E+01,2.445335E+02,0.000000E+00,2.158259E-02,0.000000E+00,0.000000E+00,0.000000E+00,0.000000E+00,0.000000E+00,0.000000E+00,0.000000E+00,0.000000E+00,0.000000E+00,1.555514E+01,6.910171E+01,2.691771E+01,5.144322E+01,5.084342E+02,0.000000E+00,4.487453E-02,0.000000E+00,0.000000E+00,0.000000E+00,0.000000E+00,0.000000E+00,0.000000E+00,0.000000E+00,0.000000E+00,0.000000E+00,1.555490E+01,6.964736E+01,2.615163E+01,5.283205E+01,6.884114E+02,4.249740E+02,6.075936E-02,3.747415E-02,0.000000E+00,0.000000E+00,0.000000E+00,0.000000E+00,0.000000E+00,0.000000E+00,0.000000E+00,0.000000E+00,1.555477E+01,6.996014E+01,2.943718E+01,4.958134E+01,0.000000E+00,0.000000E+00,0.000000E+00,0.000000E+00,0.000000E+00,0.000000E+00,0.000000E+00,0.000000E+00,0.000000E+00,0.000000E+00,0.000000E+00,0.000000E+00,1.830370E+01,6.100860E+01,2.779270E+01,4.272565E+01
04:30:00,1.668371E+03,0.000000E+00,1.472509E-01,0.000000E+00,0.000000E+00,0.000000E+00,0.000000E+00,0.000000E+00,0.000000E+00,0.000000E+00,0.000000E+00,0.000000E+00,1.555517E+01,7.093251E+01,2.762313E+01,5.121749E+01,2.190377E+03,0.000000E+00,1.933232E-01,0.000000E+00,0.000000E+00,0.000000E+00,0.000000E+00,0.000000E+00,0.000000E+00,0.000000E+00,0.000000E+00,0.000000E+00,1.555525E+01,7.074803E+01,2.736779E+01,6.744945E+01,3.695271E+02,0.000000E+00,3.261456E-02,0.000000E+00,0.000000E+00,0.000000E+00,0.000000E+00,0.000000E+00,0.000000E+00,0.000000E+00,0.000000E+00,0.000000E+00,1.555513E+01,7.093956E+01,2.859238E+01,4.867099E+01,4.586384E+02,5.899525E+02,4.047954E-02,5.202193E-02,0.000000E+00,0.000000E+00,0.000000E+00,0.000000E+00,0.000000E+00,0.000000E+00,0.000000E+00,0.000000E+00,1.555499E+01,7.038253E+01,2.943088E+01,5.039996E+01,3.613571E+03,2.787191E+03,3.189347E-01,2.457742E-01,0.000000E+00,0.000000E+00,0.000000E+00,0.000000E+00,0.000000E+00,0.000000E+00,0.000000E+00,0.000000E+00,1.555519E+01,7.140574E+01,2.941419E+01,8.209439E+01,9.621326E+02,3.039735E+02,8.491807E-02,2.680435E-02,0.000000E+00,0.000000E+00,0.000000E+00,0.000000E+00,0.000000E+00,0.000000E+00,0.000000E+00,0.000000E+00,1.555496E+01,6.995411E+01,2.943977E+01,6.074357E+01,2.725480E+02,0.000000E+00,2.405516E-02,0.000000E+00,0.000000E+00,0.000000E+00,0.000000E+00,0.000000E+00,0.000000E+00,0.000000E+00,0.000000E+00,0.000000E+00,1.555513E+01,6.929918E+01,2.697923E+01,5.191058E+01,5.361088E+02,0.000000E+00,4.731710E-02,0.000000E+00,0.000000E+00,0.000000E+00,0.000000E+00,0.000000E+00,0.000000E+00,0.000000E+00,0.000000E+00,0.000000E+00,1.555492E+01,6.986500E+01,2.617701E+01,5.329965E+01,7.160124E+02,4.401245E+02,6.319543E-02,3.881012E-02,0.000000E+00,0.000000E+00,0.000000E+00,0.000000E+00,0.000000E+00,0.000000E+00,0.000000E+00,0.000000E+00,1.555480E+01,7.011110E+01,2.943731E+01,4.877811E+01,0.000000E+00,0.000000E+00,0.000000E+00,0.000000E+00,0.000000E+00,0.000000E+00,0.000000E+00,0.000000E+00,0.000000E+00,0.000000E+00,0.000000E+00,0.000000E+00,1.819031E+01,6.144451E+01,2.790672E+01,4.283520E+01
04:45:00,1.706568E+03,0.000000E+00,1.506221E-01,0.000000E+00,0.000000E+00,0.000000E+00,0.000000E+00,0.000000E+00,0.000000E+00,0.000000E+00,0.000000E+00,0.000000E+00,1.555518E+01,7.097860E+01,2.763111E+01,5.189890E+01,2.342052E+03,0.000000E+00,2.067101E-01,0.000000E+00,0.000000E+00,0.000000E+00,0.000000E+00,0.000000E+00,0.000000E+00,0.000000E+00,0.000000E+00,0.000000E+00,1.555525E+01,7.087566E+01,2.743186E+01,6.866073E+01,3.879981E+02,0.000000E+00,3.424481E-02,0.000000E+00,0.000000E+00,0.000000E+00,0.000000E+00,0.000000E+00,0.000000E+00,0.000000E+00,0.000000E+00,0.000000E+00,1.555515E+01,7.106676E+01,2.868396E+01,4.910393E+01,4.814743E+02,6.066341E+02,4.249505E-02,5.349292E-02,0.000000E+00,0.000000E+00,0.000000E+00,0.000000E+00,0.000000E+00,0.000000E+00,0.000000E+00,0.000000E+00,1.555502E+01,7.055842E+01,2.943095E+01,4.997129E+01,3.671168E+03,2.843201E+03,3.240182E-01,2.507131E-01,0.000000E+00,0.000000E+00,0.000000E+00,0.000000E+00,0.000000E+00,0.000000E+00,0.000000E+00,0.000000E+00,1.555520E+01,7.143769E+01,2.941438E+01,8.141713E+01,1.017159E+03,3.517184E+02,8.977472E-02,3.101448E-02,0.000000E+00,0.000000E+00,0.000000E+00,0.000000E+00,0.000000E+00,0.000000E+00,0.000000E+00,0.000000E+00,1.555498E+01,7.017431E+01,2.943931E+01,5.958668E+01,3.003799E+02,0.000000E+00,2.651160E-02,0.000000E+00,0.000000E+00,0.000000E+00,0.000000E+00,0.000000E+00,0.000000E+00,0.000000E+00,0.000000E+00,0.000000E+00,1.555513E+01,6.951349E+01,2.703942E+01,5.236966E+01,5.615759E+02,0.000000E+00,4.956483E-02,0.000000E+00,0.000000E+00,0.000000E+00,0.000000E+00,0.000000E+00,0.000000E+00,0.000000E+00,0.000000E+00,0.000000E+00,1.555495E+01,7.005616E+01,2.620125E+01,5.375546E+01,7.411480E+02,4.619576E+02,6.541391E-02,4.073536E-02,0.000000E+00,0.000000E+00,0.000000E+00,0.000000E+00,0.000000E+00,0.000000E+00,0.000000E+00,0.000000E+00,1.555482E+01,7.023591E+01,2.943744E+01,4.808939E+01,0.000000E+00,0.000000E+00,0.000000E+00,0.000000E+00,0.000000E+00,0.000000E+00,0.000000E+00,0.000000E+00,0.000000E+00,0.000000E+00,0.000000E+00,0.000000E+00,1.807704E+01,6.188347E+01,2.801946E+01,4.294495E+01
05:00:00,1.742090E+03,0.000000E+00,1.537573E-01,0.000000E+00,0.000000E+00,0.000000E+00,0.000000E+00,0.000000E+00,0.000000E+00,0.000000E+00,0.000000E+00,0.000000E+00,1.555518E+01,7.102124E+01,2.778280E+01,5.229878E+01,2.483653E+03,0.000000E+00,2.192078E-01,0.000000E+00,0.000000E+00,0.000000E+00,0.000000E+00,0.000000E+00,0.000000E+00,0.000000E+00,0.000000E+00,0.000000E+00,1.555526E+01,7.099786E+01,2.759084E+01,6.981751E+01,4.048675E+02,0.000000E+00,3.573370E-02,0.000000E+00,0.000000E+00,0.000000E+00,0.000000E+00,0.000000E+00,0.000000E+00,0.000000E+00,0.000000E+00,0.000000E+00,1.555517E+01,7.117432E+01,2.895817E+01,4.916390E+01,5.021114E+02,6.319389E+02,4.431648E-02,5.572429E-02,0.000000E+00,0.000000E+00,0.000000E+00,0.000000E+00,0.000000E+00,0.000000E+00,0.000000E+00,0.000000E+00,1.555505E+01,7.070441E+01,2.943252E+01,4.929356E+01,3.722546E+03,2.953273E+03,3.285528E-01,2.604192E-01,0.000000E+00,0.000000E+00,0.000000E+00,0.000000E+00,0.000000E+00,0.000000E+00,0.000000E+00,0.000000E+00,1.555520E+01,7.146439E+01,2.941853E+01,8.013919E+01,1.067896E+03,3.931496E+02,9.425277E-02,3.466788E-02,0.000000E+00,0.000000E+00,0.000000E+00,0.000000E+00,0.000000E+00,0.000000E+00,0.000000E+00,0.000000E+00,1.555501E+01,7.036363E+01,2.943981E+01,5.789489E+01,3.268790E+02,0.000000E+00,2.885042E-02,0.000000E+00,0.000000E+00,0.000000E+00,0.000000E+00,0.000000E+00,0.000000E+00,0.000000E+00,0.000000E+00,0.000000E+00,1.555513E+01,6.973409E+01,2.711882E+01,5.291376E+01,5.849434E+02,0.000000E+00,5.162725E-02,0.000000E+00,0.000000E+00,0.000000E+00,0.000000E+00,0.000000E+00,0.000000E+00,0.000000E+00,0.000000E+00,0.000000E+00,1.555497E+01,7.022113E+01,2.623458E+01,5.429486E+01,7.639726E+02,4.970688E+02,6.742841E-02,4.383146E-02,0.000000E+00,0.000000E+00,0.000000E+00,0.000000E+00,0.000000E+00,0.000000E+00,0.000000E+00,0.000000E+00,1.555484E+01,7.033898E+01,2.943807E+01,4.711104E+01,0.000000E+00,0.000000E+00,0.000000E+00,0.000000E+00,0.000000E+00,0.000000E+00,0.000000E+00,0.000000E+00,0.000000E+00,0.000000E+00,0.000000E+00,0.000000E+00,1.796410E+01,6.232466E+01,2.817137E+01,4.305040E+01
05:15:00,3.820877E+03,1.420196E+03,3.372316E-01,1.252327E-01,0.000000E+00,0.000000E+00,0.000000E+00,0.000000E+00,0.000000E+00,0.000000E+00,0.000000E+00,0.000000E+00,2.050379E+01,5.266955E+01,2.411579E+01,5.621066E+01,6.670892E+03,2.610980E+03,5.887746E-01,2.302359E-01,0.000000E+00,0.000000E+00,0.000000E+00,0.000000E+00,0.000000E+00,0.000000E+00,0.000000E+00,0.000000E+00,2.050018E+01,5.274311E+01,2.409765E+01,6.820895E+01,8.788171E+02,4.465392E+02,7.756462E-02,3.937577E-02,0.000000E+00,0.000000E+00,0.000000E+00,0.000000E+00,0.000000E+00,0.000000E+00,0.000000E+00,0.000000E+00,2.048770E+01,5.282549E+01,2.439340E+01,5.262000E+01,1.089499E+03,1.121874E+03,9.615945E-02,9.892667E-02,0.000000E+00,0.000000E+00,0.000000E+00,0.000000E+00,0.000000E+00,0.000000E+00,0.000000E+00,0.000000E+00,2.048717E+01,5.269260E+01,2.446055E+01,5.465317E+01,7.121385E+03,5.749943E+03,6.285352E-01,5.070292E-01,0.000000E+00,0.000000E+00,0.000000E+00,0.000000E+00,0.000000E+00,0.000000E+00,0.000000E+00,0.000000E+00,2.049025E+01,5.284745E+01,2.440292E+01,7.522796E+01,2.456805E+03,1.646940E+03,2.168382E-01,1.452270E-01,0.000000E+00,0.000000E+00,0.000000E+00,0.000000E+00,0.000000E+00,0.000000E+00,0.000000E+00,0.000000E+00,2.048796E+01,5.260771E+01,2.443517E+01,5.724496E+01,1.018876E+03,3.464550E+02,8.992629E-02,3.055036E-02,0.000000E+00,0.000000E+00,0.000000E+00,0.000000E+00,0.000000E+00,0.000000E+00,0.000000E+00,0.000000E+00,2.050296E+01,5.239987E+01,2.401127E+01,5.681067E+01,1.317092E+03,2.401303E+02,1.162469E-01,2.117466E-02,0.000000E+00,0.000000E+00,0.000000E+00,0.000000E+00,0.000000E+00,0.000000E+00,0.000000E+00,0.000000E+00,2.048887E+01,5.253179E+01,2.390298E+01,5.770628E+01,1.491784E+03,1.152404E+03,1.316653E-01,1.016189E-01,0.000000E+00,0.000000E+00,0.000000E+00,0.000000E+00,0.000000E+00,0.000000E+00,0.000000E+00,0.000000E+00,2.048538E+01,5.254007E+01,2.445991E+01,5.224268E+01,5.378557E+01,9.620001E+01,4.747127E-03,8.482904E-03,0.000000E+00,0.000000E+00,0.000000E+00,0.000000E+00,0.000000E+00,0.000000E+00,0.000000E+00,0.000000E+00,2.091574E+01,5.186899E+01,2.428133E+01,4.904890E+01
05:30:00,4.279484E+03,1.538180E+03,3.777083E-01,1.356366E-01,0.000000E+00,0.000000E+00,0.000000E+00,0.000000E+00,0.000000E+00,0.000000E+00,0.000000E+00,0.000000E+00,2.111106E+01,5.084030E+01,2.388832E+01,5.456833E+01,7.867504E+03,2.892095E+03,6.943879E-01,2.550246E-01,0.000000E+00,0.000000E+00,0.000000E+00,0.000000E+00,0.000000E+00,0.000000E+00,0.000000E+00,0.000000E+00,2.111107E+01,5.093898E+01,2.388765E+01,6.379163E+01,1.075138E+03,5.909397E+02,9.489196E-02,5.210899E-02,0.000000E+00,0.000000E+00,0.000000E+00,0.000000E+00,0.000000E+00,0.000000E+00,0.000000E+00,0.000000E+00,2.111106E+01,5.094907E+01,2.388821E+01,5.064989E+01,1.338857E+03,1.338664E+03,1.181678E-01,1.180432E-01,0.000000E+00,0.000000E+00,0.000000E+00,0.000000E+00,0.000000E+00,0.000000E+00,0.000000E+00,0.000000E+00,2.111104E+01,5.085710E+01,2.388725E+01,5.516700E+01,7.619487E+03,6.106333E+03,6.724978E-01,5.384556E-01,0.000000E+00,0.000000E+00,0.000000E+00,0.000000E+00,0.000000E+00,0.000000E+00,0.000000E+00,0.000000E+00,2.111107E+01,5.092839E+01,2.388577E+01,7.392042E+01,3.052269E+03,1.965265E+03,2.693940E-01,1.732968E-01,0.000000E+00,0.000000E+00,0.000000E+00,0.000000E+00,0.000000E+00,0.000000E+00,0.000000E+00,0.000000E+00,2.111104E+01,5.081573E+01,2.388772E+01,5.399428E+01,1.249269E+03,3.591317E+02,1.102608E-01,3.166819E-02,0.000000E+00,0.000000E+00,0.000000E+00,0.000000E+00,0.000000E+00,0.000000E+00,0.000000E+00,0.000000E+00,2.111105E+01,5.075168E+01,2.388838E+01,5.522827E+01,1.567466E+03,2.401303E+02,1.383450E-01,2.117466E-02,0.000000E+00,0.000000E+00,0.000000E+00,0.000000E+00,0.000000E+00,0.000000E+00,0.000000E+00,0.000000E+00,2.111103E+01,5.074501E+01,2.388849E+01,5.638354E+01,1.799057E+03,1.387906E+03,1.587852E-01,1.223854E-01,0.000000E+00,0.000000E+00,0.000000E+00,0.000000E+00,0.000000E+00,0.000000E+00,0.000000E+00,0.000000E+00,2.111101E+01,5.070485E+01,2.388784E+01,5.198059E+01,8.918347E+01,1.404709E+02,7.871355E-03,1.238670E-02,0.000000E+00,0.000000E+00,0.000000E+00,0.000000E+00,0.000000E+00,0.000000E+00,0.000000E+00,0.000000E+00,2.111111E+01,5.124987E+01,2.388853E+01,4.831573E+01
05:45:00,5.634917E+03,2.534002E+03,4.973392E-01,2.234480E-01,0.000000E+00,0.000000E+00,0.000000E+00,0.000000E+00,0.000000E+00,0.000000E+00,0.000000E+00,0.000000E+00,2.111091E+01,5.108671E+01,2.388809E+01,4.986646E+01,1.044525E+04,4.622492E+03,9.219008E-01,4.076108E-01,0.000000E+00,0.000000E+00,0.000000E+00,0.000000E+00,0.000000E+00,0.000000E+00,0.000000E+00,0.000000E+00,2.111096E+01,5.119570E+01,2.388687E+01,5.438457E+01,1.393854E+03,9.202754E+02,1.230219E-01,8.114977E-02,0.000000E+00,0.000000E+00,0.000000E+00,0.000000E+00,0.000000E+00,0.000000E+00,0.000000E+00,0.000000E+00,2.111091E+01,5.114754E+01,2.388672E+01,4.502960E+01,1.726391E+03,1.736102E+03,1.523717E-01,1.530892E-01,0.000000E+00,0.000000E+00,0.000000E+00,0.000000E+00,0.000000E+00,0.000000E+00,0.000000E+00,0.000000E+00,2.111085E+01,5.111489E+01,2.388131E+01,5.086077E+01,9.303227E+03,7.975452E+03,8.211051E-01,7.032743E-01,0.000000E+00,0.000000E+00,0.000000E+00,0.000000E+00,0.000000E+00,0.000000E+00,0.000000E+00,0.000000E+00,2.111095E+01,5.108096E+01,2.387536E+01,6.025853E+01,3.980362E+03,2.712889E+03,3.513077E-01,2.392222E-01,0.000000E+00,0.000000E+00,0.000000E+00,0.000000E+00,0.000000E+00,0.000000E+00,0.000000E+00,0.000000E+00,2.111083E+01,5.112750E+01,2.388532E+01,4.544536E+01,1.694996E+03,5.707582E+02,1.496008E-01,5.032939E-02,0.000000E+00,0.000000E+00,0.000000E+00,0.000000E+00,0.000000E+00,0.000000E+00,0.000000E+00,0.000000E+00,2.111087E+01,5.122228E+01,2.388860E+01,5.173395E+01,2.019897E+03,3.796956E+02,1.782766E-01,3.348151E-02,0.000000E+00,0.000000E+00,0.000000E+00,0.000000E+00,0.000000E+00,0.000000E+00,0.000000E+00,0.000000E+00,2.111081E+01,5.108341E+01,2.380843E+01,5.439479E+01,2.279220E+03,1.858601E+03,2.011645E-01,1.638912E-01,0.000000E+00,0.000000E+00,0.000000E+00,0.000000E+00,0.000000E+00,0.000000E+00,0.000000E+00,0.000000E+00,2.111072E+01,5.099613E+01,2.388471E+01,4.812269E+01,1.469848E+02,2.114356E+02,1.297291E-02,1.864437E-02,0.000000E+00,0.000000E+00,0.000000E+00,0.000000E+00,0.000000E+00,0.000000E+00,0.000000E+00,0.000000E+00,2.111111E+01,5.124987E+01,2.388777E+01,4.597757E+01
06:00:00,6.697693E+03,3.371006E+03,5.911401E-01,2.972549E-01,0.000000E+00,0.000000E+00,0.000000E+00,0.000000E+00,0.000000E+00,0.000000E+00,0.000000E+00,0.000000E+00,2.111093E+01,5.108785E+01,2.388706E+01,4.755415E+01,1.231312E+04,6.001907E+03,1.086759E+00,5.292474E-01,0.000000E+00,0.000000E+00,0.000000E+00,0.000000E+00,0.000000E+00,0.000000E+00,0.000000E+00,0.000000E+00,2.111104E+01,5.120888E+01,2.388530E+01,4.939458E+01,1.633306E+03,1.224485E+03,1.441560E-01,1.079750E-01,0.000000E+00,0.000000E+00,0.000000E+00,0.000000E+00,0.000000E+00,0.000000E+00,0.000000E+00,0.000000E+00,2.111097E+01,5.112563E+01,2.388960E+01,4.453458E+01,2.013913E+03,2.059898E+03,1.777485E-01,1.816415E-01,0.000000E+00,0.000000E+00,0.000000E+00,0.000000E+00,0.000000E+00,0.000000E+00,0.000000E+00,0.000000E+00,2.111093E+01,5.107980E+01,2.388237E+01,5.145905E+01,1.040791E+04,9.437327E+03,9.186049E-01,8.321823E-01,0.000000E+00,0.000000E+00,0.000000E+00,0.000000E+00,0.000000E+00,0.000000E+00,0.000000E+00,0.000000E+00,2.111094E+01,5.105430E+01,2.387425E+01,6.083314E+01,4.672626E+03,3.274412E+03,4.124071E-01,2.887372E-01,0.000000E+00,0.000000E+00,0.000000E+00,0.000000E+00,0.000000E+00,0.000000E+00,0.000000E+00,0.000000E+00,2.111094E+01,5.109679E+01,2.388900E+01,4.518119E+01,2.019877E+03,7.199262E+02,1.782748E-01,6.348300E-02,0.000000E+00,0.000000E+00,0.000000E+00,0.000000E+00,0.000000E+00,0.000000E+00,0.000000E+00,0.000000E+00,2.111104E+01,5.125929E+01,2.388699E+01,4.943369E+01,2.349928E+03,4.815241E+02,2.074052E-01,4.246073E-02,0.000000E+00,0.000000E+00,0.000000E+00,0.000000E+00,0.000000E+00,0.000000E+00,0.000000E+00,0.000000E+00,2.111090E+01,5.105597E+01,2.388303E+01,5.221248E+01,2.640442E+03,2.243614E+03,2.330461E-01,1.978416E-01,0.000000E+00,0.000000E+00,0.000000E+00,0.000000E+00,0.000000E+00,0.000000E+00,0.000000E+00,0.000000E+00,2.111078E+01,5.093430E+01,2.388609E+01,4.862581E+01,1.936222E+02,2.699337E+02,1.708915E-02,2.380272E-02,0.000000E+00,0.000000E+00,0.000000E+00,0.000000E+00,0.000000E+00,0.000000E+00,0.000000E+00,0.000000E+00,2.111111E+01,5.124987E+01,2.388890E+01,4.544017E+01
06:15:00,5.647301E+03,2.828592E+03,4.984322E-01,2.494249E-01,0.000000E+00,0.000000E+00,0.000000E+00,0.000000E+00,0.000000E+00,0.000000E+00,0.000000E+00,0.000000E+00,2.111095E+01,5.100149E+01,2.388826E+01,4.739936E+01,9.887336E+03,4.786019E+03,8.726587E-01,4.220306E-01,0.000000E+00,0.000000E+00,0.000000E+00,0.000000E+00,0.000000E+00,0.000000E+00,0.000000E+00,0.000000E+00,2.111107E+01,5.111948E+01,2.388772E+01,4.899187E+01,1.382513E+03,1.101621E+03,1.220210E-01,9.714079E-02,0.000000E+00,0.000000E+00,0.000000E+00,0.000000E+00,0.000000E+00,0.000000E+00,0.000000E+00,0.000000E+00,2.111099E+01,5.103553E+01,2.388978E+01,4.563789E+01,1.692245E+03,1.909836E+03,1.493580E-01,1.684091E-01,0.000000E+00,0.000000E+00,0.000000E+00,0.000000E+00,0.000000E+00,0.000000E+00,0.000000E+00,0.000000E+00,2.111095E+01,5.095626E+01,2.388333E+01,5.240816E+01,7.984364E+03,8.274330E+03,7.047020E-01,7.296294E-01,0.000000E+00,0.000000E+00,0.000000E+00,0.000000E+00,0.000000E+00,0.000000E+00,0.000000E+00,0.000000E+00,2.111094E+01,5.096785E+01,2.387732E+01,6.347983E+01,3.929239E+03,2.569795E+03,3.467956E-01,2.266042E-01,0.000000E+00,0.000000E+00,0.000000E+00,0.000000E+00,0.000000E+00,0.000000E+00,0.000000E+00,0.000000E+00,2.111096E+01,5.095626E+01,2.388912E+01,4.701312E+01,1.634927E+03,5.153405E+02,1.442990E-01,4.544266E-02,0.000000E+00,0.000000E+00,0.000000E+00,0.000000E+00,0.000000E+00,0.000000E+00,0.000000E+00,0.000000E+00,2.111110E+01,5.110694E+01,2.388807E+01,4.902060E+01,1.925240E+03,3.394727E+02,1.699222E-01,2.993466E-02,0.000000E+00,0.000000E+00,0.000000E+00,0.000000E+00,0.000000E+00,0.000000E+00,0.000000E+00,0.000000E+00,2.111093E+01,5.090292E+01,2.388781E+01,5.162468E+01,2.247781E+03,2.001631E+03,1.983897E-01,1.765035E-01,0.000000E+00,0.000000E+00,0.000000E+00,0.000000E+00,0.000000E+00,0.000000E+00,0.000000E+00,0.000000E+00,2.111078E+01,5.078261E+01,2.388640E+01,4.956049E+01,1.831352E+02,2.283543E+02,1.616356E-02,2.013625E-02,0.000000E+00,0.000000E+00,0.000000E+00,0.000000E+00,0.000000E+00,0.000000E+00,0.000000E+00,0.000000E+00,2.111111E+01,5.124987E+01,2.388913E+01,4.580556E+01
06:30:00,6.165574E+03,3.627762E+03,5.441751E-01,3.198956E-01,0.000000E+00,0.000000E+00,0.000000E+00,0.000000E+00,0.000000E+00,0.000000E+00,0.000000E+00,0.000000E+00,2.111090E+01,5.094009E+01,2.388803E+01,4.765968E+01,1.026850E+04,5.919174E+03,9.063003E-01,5.219520E-01,0.000000E+00,0.000000E+00,0.000000E+00,0.000000E+00,0.000000E+00,0.000000E+00,0.000000E+00,0.000000E+00,2.111103E+01,5.105029E+01,2.388737E+01,4.955427E+01,1.384309E+03,1.303982E+03,1.221795E-01,1.149850E-01,0.000000E+00,0.000000E+00,0.000000E+00,0.000000E+00,0.000000E+00,0.000000E+00,0.000000E+00,0.000000E+00,2.111093E+01,5.097766E+01,2.388904E+01,4.652966E+01,1.677125E+03,2.026744E+03,1.480234E-01,1.787180E-01,0.000000E+00,0.000000E+00,0.000000E+00,0.000000E+00,0.000000E+00,0.000000E+00,0.000000E+00,0.000000E+00,2.111087E+01,5.087703E+01,2.388149E+01,5.298945E+01,8.341976E+03,9.624880E+03,7.362649E-01,8.487207E-01,0.000000E+00,0.000000E+00,0.000000E+00,0.000000E+00,0.000000E+00,0.000000E+00,0.000000E+00,0.000000E+00,2.111090E+01,5.089962E+01,2.387174E+01,6.528725E+01,3.907148E+03,2.759988E+03,3.448458E-01,2.433754E-01,0.000000E+00,0.000000E+00,0.000000E+00,0.000000E+00,0.000000E+00,0.000000E+00,0.000000E+00,0.000000E+00,2.111088E+01,5.086615E+01,2.388797E+01,4.874089E+01,1.678558E+03,6.391317E+02,1.481500E-01,5.635856E-02,0.000000E+00,0.000000E+00,0.000000E+00,0.000000E+00,0.000000E+00,0.000000E+00,0.000000E+00,0.000000E+00,2.111103E+01,5.099035E+01,2.388796E+01,4.906987E+01,1.949012E+03,4.368120E+02,1.720203E-01,3.851803E-02,0.000000E+00,0.000000E+00,0.000000E+00,0.000000E+00,0.000000E+00,0.000000E+00,0.000000E+00,0.000000E+00,2.111085E+01,5.079652E+01,2.388764E+01,5.136800E+01,2.239544E+03,2.175522E+03,1.976627E-01,1.918372E-01,0.000000E+00,0.000000E+00,0.000000E+00,0.000000E+00,0.000000E+00,0.000000E+00,0.000000E+00,0.000000E+00,2.111069E+01,5.068972E+01,2.388511E+01,5.014541E+01,1.881310E+02,2.356218E+02,1.660449E-02,2.077710E-02,0.000000E+00,0.000000E+00,0.000000E+00,0.000000E+00,0.000000E+00,0.000000E+00,0.000000E+00,0.000000E+00,2.111111E+01,5.124987E+01,2.388892E+01,4.620651E+01
06:45:00,5.743903E+03,3.587408E+03,5.069583E-01,3.163371E-01,0.000000E+00,0.000000E+00,0.000000E+00,0.000000E+00,0.000000E+00,0.000000E+00,0.000000E+00,0.000000E+00,2.111085E+01,5.091742E+01,2.388807E+01,4.772906E+01,9.118688E+03,5.627668E+03,8.048177E-01,4.962471E-01,0.000000E+00,0.000000E+00,0.000000E+00,0.000000E+00,0.000000E+00,0.000000E+00,0.000000E+00,0.000000E+00,2.111098E+01,5.101991E+01,2.388746E+01,4.976712E+01,1.243378E+03,1.346812E+03,1.097408E-01,1.187617E-01,0.000000E+00,0.000000E+00,0.000000E+00,0.000000E+00,0.000000E+00,0.000000E+00,0.000000E+00,0.000000E+00,2.111089E+01,5.095499E+01,2.388836E+01,4.680919E+01,1.498653E+03,1.953311E+03,1.322715E-01,1.722427E-01,0.000000E+00,0.000000E+00,0.000000E+00,0.000000E+00,0.000000E+00,0.000000E+00,0.000000E+00,0.000000E+00,2.111082E+01,5.084506E+01,2.388207E+01,5.317604E+01,7.426002E+03,9.529948E+03,6.554208E-01,8.403496E-01,0.000000E+00,0.000000E+00,0.000000E+00,0.000000E+00,0.000000E+00,0.000000E+00,0.000000E+00,0.000000E+00,2.111086E+01,5.086124E+01,2.387323E+01,6.565176E+01,3.494513E+03,2.488672E+03,3.084265E-01,2.194508E-01,0.000000E+00,0.000000E+00,0.000000E+00,0.000000E+00,0.000000E+00,0.000000E+00,0.000000E+00,0.000000E+00,2.111082E+01,5.083220E+01,2.388722E+01,4.966142E+01,1.479935E+03,5.604330E+02,1.306194E-01,4.941891E-02,0.000000E+00,0.000000E+00,0.000000E+00,0.000000E+00,0.000000E+00,0.000000E+00,0.000000E+00,0.000000E+00,2.111095E+01,5.094306E+01,2.388817E+01,4.906183E+01,1.744094E+03,3.946726E+02,1.539341E-01,3.480218E-02,0.000000E+00,0.000000E+00,0.000000E+00,0.000000E+00,0.000000E+00,0.000000E+00,0.000000E+00,0.000000E+00,2.111078E+01,5.075109E+01,2.388798E+01,5.110768E+01,2.029438E+03,2.103496E+03,1.791187E-01,1.854860E-01,0.000000E+00,0.000000E+00,0.000000E+00,0.000000E+00,0.000000E+00,0.000000E+00,0.000000E+00,0.000000E+00,2.111062E+01,5.065257E+01,2.388522E+01,5.033118E+01,1.682301E+02,2.137161E+02,1.484803E-02,1.884546E-02,0.000000E+00,0.000000E+00,0.000000E+00,0.000000E+00,0.000000E+00,0.000000E+00,0.000000E+00,0.000000E+00,2.111111E+01,5.124987E+01,2.388873E+01,4.639285E+01
07:00:00,5.578152E+03,3.739839E+03,4.923291E-01,3.297785E-01,0.000000E+00,0.000000E+00,0.000000E+00,0.000000E+00,0.000000E+00,0.000000E+00,0.000000E+00,0.000000E+00,2.111083E+01,5.091292E+01,2.388803E+01,4.773428E+01,8.552713E+03,5.711782E+03,7.548645E-01,5.036642E-01,0.000000E+00,0.000000E+00,0.000000E+00,0.000000E+00,0.000000E+00,0.000000E+00,0.000000E+00,0.000000E+00,2.111096E+01,5.100956E+01,2.388737E+01,4.988098E+01,1.164819E+03,1.440586E+03,1.028072E-01,1.270307E-01,0.000000E+00,0.000000E+00,0.000000E+00,0.000000E+00,0.000000E+00,0.000000E+00,0.000000E+00,0.000000E+00,2.111088E+01,5.094492E+01,2.388814E+01,4.683312E+01,1.399510E+03,1.940830E+03,1.235211E-01,1.711422E-01,0.000000E+00,0.000000E+00,0.000000E+00,0.000000E+00,0.000000E+00,0.000000E+00,0.000000E+00,0.000000E+00,2.111080E+01,5.082999E+01,2.388204E+01,5.321970E+01,7.021856E+03,9.891781E+03,6.197508E-01,8.722560E-01,0.000000E+00,0.000000E+00,0.000000E+00,0.000000E+00,0.000000E+00,0.000000E+00,0.000000E+00,0.000000E+00,2.111084E+01,5.084015E+01,2.387295E+01,6.524824E+01,3.269783E+03,2.378416E+03,2.885919E-01,2.097284E-01,0.000000E+00,0.000000E+00,0.000000E+00,0.000000E+00,0.000000E+00,0.000000E+00,0.000000E+00,0.000000E+00,2.111080E+01,5.081890E+01,2.388680E+01,5.020907E+01,1.379523E+03,5.419809E+02,1.217571E-01,4.779181E-02,0.000000E+00,0.000000E+00,0.000000E+00,0.000000E+00,0.000000E+00,0.000000E+00,0.000000E+00,0.000000E+00,2.111092E+01,5.093072E+01,2.388819E+01,4.907129E+01,1.639506E+03,3.914266E+02,1.447032E-01,3.451595E-02,0.000000E+00,0.000000E+00,0.000000E+00,0.000000E+00,0.000000E+00,0.000000E+00,0.000000E+00,0.000000E+00,2.111075E+01,5.073231E+01,2.388804E+01,5.086229E+01,1.914351E+03,2.100155E+03,1.689611E-01,1.851914E-01,0.000000E+00,0.000000E+00,0.000000E+00,0.000000E+00,0.000000E+00,0.000000E+00,0.000000E+00,0.000000E+00,2.111059E+01,5.063338E+01,2.388513E+01,5.036367E+01,1.573155E+02,2.022732E+02,1.388470E-02,1.783642E-02,0.000000E+00,0.000000E+00,0.000000E+00,0.000000E+00,0.000000E+00,0.000000E+00,0.000000E+00,0.000000E+00,2.111111E+01,5.124987E+01,2.388866E+01,4.649170E+01
07:15:00,5.448097E+03,3.885736E+03,4.808504E-01,3.426437E-01,0.000000E+00,0.000000E+00,0.000000E+00,0.000000E+00,0.000000E+00,0.000000E+00,0.000000E+00,0.000000E+00,2.111082E+01,5.091055E+01,2.388802E+01,4.770508E+01,8.116502E+03,5.806589E+03,7.163645E-01,5.120243E-01,0.000000E+00,0.000000E+00,0.000000E+00,0.000000E+00,0.000000E+00,0.000000E+00,0.000000E+00,0.000000E+00,2.111096E+01,5.100299E+01,2.388733E+01,4.991745E+01,1.103662E+03,1.542063E+03,9.740951E-02,1.359789E-01,0.000000E+00,0.000000E+00,0.000000E+00,0.000000E+00,0.000000E+00,0.000000E+00,0.000000E+00,0.000000E+00,2.111088E+01,5.093419E+01,2.388810E+01,4.679164E+01,1.323465E+03,1.934532E+03,1.168093E-01,1.705868E-01,0.000000E+00,0.000000E+00,0.000000E+00,0.000000E+00,0.000000E+00,0.000000E+00,0.000000E+00,0.000000E+00,2.111079E+01,5.081421E+01,2.388203E+01,5.323832E+01,6.739992E+03,1.030480E+04,5.948734E-01,9.086757E-01,0.000000E+00,0.000000E+00,0.000000E+00,0.000000E+00,0.000000E+00,0.000000E+00,0.000000E+00,0.000000E+00,2.111083E+01,5.082510E+01,2.387288E+01,6.455929E+01,3.097930E+03,2.299679E+03,2.734241E-01,2.027854E-01,0.000000E+00,0.000000E+00,0.000000E+00,0.000000E+00,0.000000E+00,0.000000E+00,0.000000E+00,0.000000E+00,2.111079E+01,5.080491E+01,2.388666E+01,5.051324E+01,1.302324E+03,5.298703E+02,1.149435E-01,4.672390E-02,0.000000E+00,0.000000E+00,0.000000E+00,0.000000E+00,0.000000E+00,0.000000E+00,0.000000E+00,0.000000E+00,2.111092E+01,5.092411E+01,2.388819E+01,4.909298E+01,1.560163E+03,3.942839E+02,1.377004E-01,3.476790E-02,0.000000E+00,0.000000E+00,0.000000E+00,0.000000E+00,0.000000E+00,0.000000E+00,0.000000E+00,0.000000E+00,2.111074E+01,5.071623E+01,2.388806E+01,5.066205E+01,1.825869E+03,2.100454E+03,1.611517E-01,1.852178E-01,0.000000E+00,0.000000E+00,0.000000E+00,0.000000E+00,0.000000E+00,0.000000E+00,0.000000E+00,0.000000E+00,2.111059E+01,5.061242E+01,2.388512E+01,5.036810E+01,1.478185E+02,1.930909E+02,1.304650E-02,1.702673E-02,0.000000E+00,0.000000E+00,0.000000E+00,0.000000E+00,0.000000E+00,0.000000E+00,0.000000E+00,0.000000E+00,2.111111E+01,5.124987E+01,2.388863E+01,4.654573E+01
07:30:00,5.339684E+03,4.022650E+03,4.712818E-01,3.547167E-01,0.000000E+00,0.000000E+00,0.000000E+00,0.000000E+00,0.000000E+00,0.000000E+00,0.000000E+00,0.000000E+00,2.111083E+01,5.090561E+01,2.388801E+01,4.766291E+01,7.760131E+03,5.907111E+03,6.849111E-01,5.208883E-01,0.000000E+00,0.000000E+00,0.000000E+00,0.000000E+00,0.000000E+00,0.000000E+00,0.000000E+00,0.000000E+00,2.111096E+01,5.099451E+01,2.388731E+01,4.991112E+01,1.053975E+03,1.647463E+03,9.302408E-02,1.452731E-01,0.000000E+00,0.000000E+00,0.000000E+00,0.000000E+00,0.000000E+00,0.000000E+00,0.000000E+00,0.000000E+00,2.111088E+01,5.092078E+01,2.388810E+01,4.674529E+01,1.262362E+03,1.931465E+03,1.114164E-01,1.703163E-01,0.000000E+00,0.000000E+00,0.000000E+00,0.000000E+00,0.000000E+00,0.000000E+00,0.000000E+00,0.000000E+00,2.111079E+01,5.079513E+01,2.388202E+01,5.325096E+01,6.530023E+03,1.075911E+04,5.763414E-01,9.487366E-01,0.000000E+00,0.000000E+00,0.000000E+00,0.000000E+00,0.000000E+00,0.000000E+00,0.000000E+00,0.000000E+00,2.111082E+01,5.081158E+01,2.387291E+01,6.380895E+01,2.959618E+03,2.244905E+03,2.612166E-01,1.979555E-01,0.000000E+00,0.000000E+00,0.000000E+00,0.000000E+00,0.000000E+00,0.000000E+00,0.000000E+00,0.000000E+00,2.111079E+01,5.078664E+01,2.388659E+01,5.070697E+01,1.239546E+03,5.232124E+02,1.094026E-01,4.613680E-02,0.000000E+00,0.000000E+00,0.000000E+00,0.000000E+00,0.000000E+00,0.000000E+00,0.000000E+00,0.000000E+00,2.111092E+01,5.091330E+01,2.388819E+01,4.911594E+01,1.496170E+03,4.011158E+02,1.320523E-01,3.537034E-02,0.000000E+00,0.000000E+00,0.000000E+00,0.000000E+00,0.000000E+00,0.000000E+00,0.000000E+00,0.000000E+00,2.111074E+01,5.069671E+01,2.388807E+01,5.048657E+01,1.754322E+03,2.101032E+03,1.548369E-01,1.852687E-01,0.000000E+00,0.000000E+00,0.000000E+00,0.000000E+00,0.000000E+00,0.000000E+00,0.000000E+00,0.000000E+00,2.111058E+01,5.058800E+01,2.388511E+01,5.037185E+01,1.395200E+02,1.856957E+02,1.231407E-02,1.637462E-02,0.000000E+00,0.000000E+00,0.000000E+00,0.000000E+00,0.000000E+00,0.000000E+00,0.000000E+00,0.000000E+00,2.111111E+01,5.124987E+01,2.388862E+01,4.658338E+01
07:45:00,5.248335E+03,4.147098E+03,4.632194E-01,3.656906E-01,0.000000E+00,0.000000E+00,0.000000E+00,0.000000E+00,0.000000E+00,0.000000E+00,0.000000E+00,0.000000E+00,2.111083E+01,5.089915E+01,2.388801E+01,4.761744E+01,7.461772E+03,6.005500E+03,6.585779E-01,5.295642E-01,0.000000E+00,0.000000E+00,0.000000E+00,0.000000E+00,0.000000E+00,0.000000E+00,0.000000E+00,0.000000E+00,2.111096E+01,5.098442E+01,2.388730E+01,4.988032E+01,1.012852E+03,1.753574E+03,8.939456E-02,1.546299E-01,0.000000E+00,0.000000E+00,0.000000E+00,0.000000E+00,0.000000E+00,0.000000E+00,0.000000E+00,0.000000E+00,2.111087E+01,5.090677E+01,2.388810E+01,4.669869E+01,1.212168E+03,1.928689E+03,1.069863E-01,1.700716E-01,0.000000E+00,0.000000E+00,0.000000E+00,0.000000E+00,0.000000E+00,0.000000E+00,0.000000E+00,0.000000E+00,2.111079E+01,5.077548E+01,2.388202E+01,5.326038E+01,6.368336E+03,1.122506E+04,5.620709E-01,9.898241E-01,0.000000E+00,0.000000E+00,0.000000E+00,0.000000E+00,0.000000E+00,0.000000E+00,0.000000E+00,0.000000E+00,2.111082E+01,5.079908E+01,2.387298E+01,6.306749E+01,2.845481E+03,2.209148E+03,2.511429E-01,1.948024E-01,0.000000E+00,0.000000E+00,0.000000E+00,0.000000E+00,0.000000E+00,0.000000E+00,0.000000E+00,0.000000E+00,2.111079E+01,5.076716E+01,2.388654E+01,5.083060E+01,1.187191E+03,5.210202E+02,1.047818E-01,4.594350E-02,0.000000E+00,0.000000E+00,0.000000E+00,0.000000E+00,0.000000E+00,0.000000E+00,0.000000E+00,0.000000E+00,2.111092E+01,5.089903E+01,2.388819E+01,4.913325E+01,1.443073E+03,4.118703E+02,1.273660E-01,3.631867E-02,0.000000E+00,0.000000E+00,0.000000E+00,0.000000E+00,0.000000E+00,0.000000E+00,0.000000E+00,0.000000E+00,2.111074E+01,5.067573E+01,2.388808E+01,5.032280E+01,1.695109E+03,2.099165E+03,1.496107E-01,1.851041E-01,0.000000E+00,0.000000E+00,0.000000E+00,0.000000E+00,0.000000E+00,0.000000E+00,0.000000E+00,0.000000E+00,2.111058E+01,5.056377E+01,2.388511E+01,5.037706E+01,1.321925E+02,1.797518E+02,1.166734E-02,1.585049E-02,0.000000E+00,0.000000E+00,0.000000E+00,0.000000E+00,0.000000E+00,0.000000E+00,0.000000E+00,0.000000E+00,2.111111E+01,5.124987E+01,2.388862E+01,4.661119E+01
08:00:00,5.170483E+03,4.258444E+03,4.563481E-01,3.755090E-01,0.000000E+00,0.000000E+00,0.000000E+00,0.000000E+00,0.000000E+00,0.000000E+00,0.000000E+00,0.000000E+00,2.111082E+01,5.089291E+01,2.388802E+01,4.757507E+01,7.207861E+03,6.098491E+03,6.361676E-01,5.377642E-01,0.000000E+00,0.000000E+00,0.000000E+00,0.000000E+00,0.000000E+00,0.000000E+00,0.000000E+00,0.000000E+00,2.111096E+01,5.097422E+01,2.388729E+01,4.983829E+01,9.783586E+02,1.858463E+03,8.635018E-02,1.638790E-01,0.000000E+00,0.000000E+00,0.000000E+00,0.000000E+00,0.000000E+00,0.000000E+00,0.000000E+00,0.000000E+00,2.111087E+01,5.089382E+01,2.388811E+01,4.665698E+01,1.170272E+03,1.925020E+03,1.032885E-01,1.697480E-01,0.000000E+00,0.000000E+00,0.000000E+00,0.000000E+00,0.000000E+00,0.000000E+00,0.000000E+00,0.000000E+00,2.111079E+01,5.075740E+01,2.388202E+01,5.327530E+01,6.240387E+03,1.169069E+04,5.507781E-01,1.030883E+00,0.000000E+00,0.000000E+00,0.000000E+00,0.000000E+00,0.000000E+00,0.000000E+00,0.000000E+00,0.000000E+00,2.111081E+01,5.078807E+01,2.387309E+01,6.238141E+01,2.749578E+03,2.188671E+03,2.426785E-01,1.929968E-01,0.000000E+00,0.000000E+00,0.000000E+00,0.000000E+00,0.000000E+00,0.000000E+00,0.000000E+00,0.000000E+00,2.111079E+01,5.074905E+01,2.388651E+01,5.090586E+01,1.142776E+03,5.227095E+02,1.008617E-01,4.609245E-02,0.000000E+00,0.000000E+00,0.000000E+00,0.000000E+00,0.000000E+00,0.000000E+00,0.000000E+00,0.000000E+00,2.111092E+01,5.088416E+01,2.388818E+01,4.914093E+01,1.398168E+03,4.261162E+02,1.234027E-01,3.757487E-02,0.000000E+00,0.000000E+00,0.000000E+00,0.000000E+00,0.000000E+00,0.000000E+00,0.000000E+00,0.000000E+00,2.111073E+01,5.065582E+01,2.388808E+01,5.016341E+01,1.645311E+03,2.093715E+03,1.452155E-01,1.846235E-01,0.000000E+00,0.000000E+00,0.000000E+00,0.000000E+00,0.000000E+00,0.000000E+00,0.000000E+00,0.000000E+00,2.111057E+01,5.054205E+01,2.388512E+01,5.039004E+01,1.256800E+02,1.750059E+02,1.109255E-02,1.543199E-02,0.000000E+00,0.000000E+00,0.000000E+00,0.000000E+00,0.000000E+00,0.000000E+00,0.000000E+00,0.000000E+00,2.111111E+01,5.124987E+01,2.388861E+01,4.663272E+01
08:15:00,5.103635E+03,4.351745E+03,4.504481E-01,3.837363E-01,0.000000E+00,0.000000E+00,0.000000E+00,0.000000E+00,0.000000E+00,0.000000E+00,0.000000E+00,0.000000E+00,2.111082E+01,5.088757E+01,2.388803E+01,4.753890E+01,6.989313E+03,6.181336E+03,6.168785E-01,5.450694E-01,0.000000E+00,0.000000E+00,0.000000E+00,0.000000E+00,0.000000E+00,0.000000E+00,0.000000E+00,0.000000E+00,2.111096E+01,5.096475E+01,2.388730E+01,4.979370E+01,9.491362E+02,1.958941E+03,8.377100E-02,1.727392E-01,0.000000E+00,0.000000E+00,0.000000E+00,0.000000E+00,0.000000E+00,0.000000E+00,0.000000E+00,0.000000E+00,2.111087E+01,5.088236E+01,2.388812E+01,4.662157E+01,1.134886E+03,1.919128E+03,1.001653E-01,1.692285E-01,0.000000E+00,0.000000E+00,0.000000E+00,0.000000E+00,0.000000E+00,0.000000E+00,0.000000E+00,0.000000E+00,2.111078E+01,5.074142E+01,2.388202E+01,5.329982E+01,6.136865E+03,1.213984E+04,5.416412E-01,1.070489E+00,0.000000E+00,0.000000E+00,0.000000E+00,0.000000E+00,0.000000E+00,0.000000E+00,0.000000E+00,0.000000E+00,2.111081E+01,5.077872E+01,2.387320E+01,6.177133E+01,2.667916E+03,2.180569E+03,2.354710E-01,1.922823E-01,0.000000E+00,0.000000E+00,0.000000E+00,0.000000E+00,0.000000E+00,0.000000E+00,0.000000E+00,0.000000E+00,2.111078E+01,5.073301E+01,2.388648E+01,5.094538E+01,1.104644E+03,5.276963E+02,9.749611E-02,4.653220E-02,0.000000E+00,0.000000E+00,0.000000E+00,0.000000E+00,0.000000E+00,0.000000E+00,0.000000E+00,0.000000E+00,2.111092E+01,5.087029E+01,2.388817E+01,4.913683E+01,1.359693E+03,4.432357E+02,1.200068E-01,3.908447E-02,0.000000E+00,0.000000E+00,0.000000E+00,0.000000E+00,0.000000E+00,0.000000E+00,0.000000E+00,0.000000E+00,2.111073E+01,5.063795E+01,2.388808E+01,5.000443E+01,1.602956E+03,2.083298E+03,1.414773E-01,1.837050E-01,0.000000E+00,0.000000E+00,0.000000E+00,0.000000E+00,0.000000E+00,0.000000E+00,0.000000E+00,0.000000E+00,2.111057E+01,5.052305E+01,2.388512E+01,5.041369E+01,1.198664E+02,1.712564E+02,1.057944E-02,1.510137E-02,0.000000E+00,0.000000E+00,0.000000E+00,0.000000E+00,0.000000E+00,0.000000E+00,0.000000E+00,0.000000E+00,2.111111E+01,5.124987E+01,2.388861E+01,4.664991E+01
08:30:00,5.045901E+03,4.425689E+03,4.453525E-01,3.902567E-01,0.000000E+00,0.000000E+00,0.000000E+00,0.000000E+00,0.000000E+00,0.000000E+00,0.000000E+00,0.000000E+00,2.111082E+01,5.088309E+01,2.388803E+01,4.750993E+01,6.799650E+03,6.252280E+03,6.001388E-01,5.513252E-01,0.000000E+00,0.000000E+00,0.000000E+00,0.000000E+00,0.000000E+00,0.000000E+00,0.000000E+00,0.000000E+00,2.111095E+01,5.095617E+01,2.388730E+01,4.975143E+01,9.241883E+02,2.052814E+03,8.156909E-02,1.810169E-01,0.000000E+00,0.000000E+00,0.000000E+00,0.000000E+00,0.000000E+00,0.000000E+00,0.000000E+00,0.000000E+00,2.111086E+01,5.087217E+01,2.388812E+01,4.659197E+01,1.104728E+03,1.910568E+03,9.750357E-02,1.684736E-01,0.000000E+00,0.000000E+00,0.000000E+00,0.000000E+00,0.000000E+00,0.000000E+00,0.000000E+00,0.000000E+00,2.111078E+01,5.072721E+01,2.388202E+01,5.333478E+01,6.051360E+03,1.256173E+04,5.340946E-01,1.107691E+00,0.000000E+00,0.000000E+00,0.000000E+00,0.000000E+00,0.000000E+00,0.000000E+00,0.000000E+00,0.000000E+00,2.111081E+01,5.077088E+01,2.387331E+01,6.124091E+01,2.597674E+03,2.182905E+03,2.292713E-01,1.924883E-01,0.000000E+00,0.000000E+00,0.000000E+00,0.000000E+00,0.000000E+00,0.000000E+00,0.000000E+00,0.000000E+00,2.111078E+01,5.071872E+01,2.388647E+01,5.095657E+01,1.071615E+03,5.355359E+02,9.458101E-02,4.722349E-02,0.000000E+00,0.000000E+00,0.000000E+00,0.000000E+00,0.000000E+00,0.000000E+00,0.000000E+00,0.000000E+00,2.111091E+01,5.085773E+01,2.388816E+01,4.912001E+01,1.326421E+03,4.627716E+02,1.170702E-01,4.080714E-02,0.000000E+00,0.000000E+00,0.000000E+00,0.000000E+00,0.000000E+00,0.000000E+00,0.000000E+00,0.000000E+00,2.111072E+01,5.062198E+01,2.388808E+01,4.984417E+01,1.566639E+03,2.067667E+03,1.382720E-01,1.823266E-01,0.000000E+00,0.000000E+00,0.000000E+00,0.000000E+00,0.000000E+00,0.000000E+00,0.000000E+00,0.000000E+00,2.111056E+01,5.050620E+01,2.388513E+01,5.044835E+01,1.146606E+02,1.683376E+02,1.011997E-02,1.484399E-02,0.000000E+00,0.000000E+00,0.000000E+00,0.000000E+00,0.000000E+00,0.000000E+00,0.000000E+00,0.000000E+00,2.111111E+01,5.124987E+01,2.388861E+01,4.666372E+01
08:45:00,4.995565E+03,4.477636E+03,4.409098E-01,3.948374E-01,0.000000E+00,0.000000E+00,0.000000E+00,0.000000E+00,0.000000E+00,0.000000E+00,0.000000E+00,0.000000E+00,2.111082E+01,5.087922E+01,2.388803E+01,4.749017E+01,6.634332E+03,6.310714E+03,5.855478E-01,5.564780E-01,0.000000E+00,0.000000E+00,0.000000E+00,0.000000E+00,0.000000E+00,0.000000E+00,0.000000E+00,0.000000E+00,2.111095E+01,5.094836E+01,2.388730E+01,4.971827E+01,9.027720E+02,2.136199E+03,7.967888E-02,1.883698E-01,0.000000E+00,0.000000E+00,0.000000E+00,0.000000E+00,0.000000E+00,0.000000E+00,0.000000E+00,0.000000E+00,2.111086E+01,5.086297E+01,2.388813E+01,4.657090E+01,1.078864E+03,1.899629E+03,9.522081E-02,1.675090E-01,0.000000E+00,0.000000E+00,0.000000E+00,0.000000E+00,0.000000E+00,0.000000E+00,0.000000E+00,0.000000E+00,2.111077E+01,5.071439E+01,2.388203E+01,5.337080E+01,5.979621E+03,1.294430E+04,5.277628E-01,1.141427E+00,0.000000E+00,0.000000E+00,0.000000E+00,0.000000E+00,0.000000E+00,0.000000E+00,0.000000E+00,0.000000E+00,2.111081E+01,5.076421E+01,2.387331E+01,6.084734E+01,2.536868E+03,2.194769E+03,2.239046E-01,1.935344E-01,0.000000E+00,0.000000E+00,0.000000E+00,0.000000E+00,0.000000E+00,0.000000E+00,0.000000E+00,0.000000E+00,2.111077E+01,5.070575E+01,2.388646E+01,5.095011E+01,1.042847E+03,5.458958E+02,9.204195E-02,4.813703E-02,0.000000E+00,0.000000E+00,0.000000E+00,0.000000E+00,0.000000E+00,0.000000E+00,0.000000E+00,0.000000E+00,2.111091E+01,5.084628E+01,2.388815E+01,4.909662E+01,1.297485E+03,4.843282E+02,1.145164E-01,4.270800E-02,0.000000E+00,0.000000E+00,0.000000E+00,0.000000E+00,0.000000E+00,0.000000E+00,0.000000E+00,0.000000E+00,2.111072E+01,5.060751E+01,2.388807E+01,4.970442E+01,1.535364E+03,2.047332E+03,1.355116E-01,1.805334E-01,0.000000E+00,0.000000E+00,0.000000E+00,0.000000E+00,0.000000E+00,0.000000E+00,0.000000E+00,0.000000E+00,2.111056E+01,5.049100E+01,2.388513E+01,5.048459E+01,1.099913E+02,1.661160E+02,9.707855E-03,1.464808E-02,0.000000E+00,0.000000E+00,0.000000E+00,0.000000E+00,0.000000E+00,0.000000E+00,0.000000E+00,0.000000E+00,2.111111E+01,5.124987E+01,2.388861E+01,4.667358E+01
09:00:00,4.951651E+03,4.509956E+03,4.370339E-01,3.976873E-01,0.000000E+00,0.000000E+00,0.000000E+00,0.000000E+00,0.000000E+00,0.000000E+00,0.000000E+00,0.000000E+00,2.111082E+01,5.087577E+01,2.388766E+01,4.747997E+01,6.489458E+03,6.357500E+03,5.727612E-01,5.606035E-01,0.000000E+00,0.000000E+00,0.000000E+00,0.000000E+00,0.000000E+00,0.000000E+00,0.000000E+00,0.000000E+00,2.111095E+01,5.094118E+01,2.388657E+01,4.969557E+01,8.843409E+02,2.208486E+03,7.805215E-02,1.947440E-01,0.000000E+00,0.000000E+00,0.000000E+00,0.000000E+00,0.000000E+00,0.000000E+00,0.000000E+00,0.000000E+00,2.111086E+01,5.085460E+01,2.388791E+01,4.655650E+01,1.056579E+03,1.886364E+03,9.325390E-02,1.663393E-01,0.000000E+00,0.000000E+00,0.000000E+00,0.000000E+00,0.000000E+00,0.000000E+00,0.000000E+00,0.000000E+00,2.111077E+01,5.070273E+01,2.387979E+01,5.341698E+01,5.918541E+03,1.327579E+04,5.223719E-01,1.170658E+00,0.000000E+00,0.000000E+00,0.000000E+00,0.000000E+00,0.000000E+00,0.000000E+00,0.000000E+00,0.000000E+00,2.111080E+01,5.075846E+01,2.386728E+01,6.057212E+01,2.483893E+03,2.214132E+03,2.192291E-01,1.952418E-01,0.000000E+00,0.000000E+00,0.000000E+00,0.000000E+00,0.000000E+00,0.000000E+00,0.000000E+00,0.000000E+00,2.111077E+01,5.069385E+01,2.388542E+01,5.093074E+01,1.017661E+03,5.583580E+02,8.981904E-02,4.923594E-02,0.000000E+00,0.000000E+00,0.000000E+00,0.000000E+00,0.000000E+00,0.000000E+00,0.000000E+00,0.000000E+00,2.111091E+01,5.083571E+01,2.388776E+01,4.906807E+01,1.272195E+03,5.073800E+02,1.122842E-01,4.474071E-02,0.000000E+00,0.000000E+00,0.000000E+00,0.000000E+00,0.000000E+00,0.000000E+00,0.000000E+00,0.000000E+00,2.111072E+01,5.059427E+01,2.388762E+01,4.958367E+01,1.508291E+03,2.022985E+03,1.331221E-01,1.783865E-01,0.000000E+00,0.000000E+00,0.000000E+00,0.000000E+00,0.000000E+00,0.000000E+00,0.000000E+00,0.000000E+00,2.111055E+01,5.047723E+01,2.388385E+01,5.052892E+01,1.057957E+02,1.644737E+02,9.337553E-03,1.450327E-02,0.000000E+00,0.000000E+00,0.000000E+00,0.000000E+00,0.000000E+00,0.000000E+00,0.000000E+00,0.000000E+00,2.111111E+01,5.124987E+01,2.388851E+01,4.668067E+01
09:15:00,4.913207E+03,4.524219E+03,4.336409E-01,3.989451E-01,0.000000E+00,0.000000E+00,0.000000E+00,0.000000E+00,0.000000E+00,0.000000E+00,0.000000E+00,0.000000E+00,2.111082E+01,5.087267E+01,2.388760E+01,4.747091E+01,6.361966E+03,6.395274E+03,5.615087E-01,5.639345E-01,0.000000E+00,0.000000E+00,0.000000E+00,0.000000E+00,0.000000E+00,0.000000E+00,0.000000E+00,0.000000E+00,2.111095E+01,5.093454E+01,2.388647E+01,4.966827E+01,8.683894E+02,2.268644E+03,7.664427E-02,2.000487E-01,0.000000E+00,0.000000E+00,0.000000E+00,0.000000E+00,0.000000E+00,0.000000E+00,0.000000E+00,0.000000E+00,2.111086E+01,5.084702E+01,2.388784E+01,4.654118E+01,1.037273E+03,1.871723E+03,9.155001E-02,1.650483E-01,0.000000E+00,0.000000E+00,0.000000E+00,0.000000E+00,0.000000E+00,0.000000E+00,0.000000E+00,0.000000E+00,2.111077E+01,5.069214E+01,2.387922E+01,5.347674E+01,5.865825E+03,1.355589E+04,5.177192E-01,1.195356E+00,0.000000E+00,0.000000E+00,0.000000E+00,0.000000E+00,0.000000E+00,0.000000E+00,0.000000E+00,0.000000E+00,2.111080E+01,5.075343E+01,2.386558E+01,6.026826E+01,2.437504E+03,2.239733E+03,2.151347E-01,1.974994E-01,0.000000E+00,0.000000E+00,0.000000E+00,0.000000E+00,0.000000E+00,0.000000E+00,0.000000E+00,0.000000E+00,2.111077E+01,5.068291E+01,2.388523E+01,5.088911E+01,9.955137E+02,5.726190E+02,8.786428E-02,5.049347E-02,0.000000E+00,0.000000E+00,0.000000E+00,0.000000E+00,0.000000E+00,0.000000E+00,0.000000E+00,0.000000E+00,2.111091E+01,5.082589E+01,2.388771E+01,4.902021E+01,1.249997E+03,5.314641E+02,1.103250E-01,4.686444E-02,0.000000E+00,0.000000E+00,0.000000E+00,0.000000E+00,0.000000E+00,0.000000E+00,0.000000E+00,0.000000E+00,2.111072E+01,5.058212E+01,2.388757E+01,4.942385E+01,1.484765E+03,1.996001E+03,1.310458E-01,1.760071E-01,0.000000E+00,0.000000E+00,0.000000E+00,0.000000E+00,0.000000E+00,0.000000E+00,0.000000E+00,0.000000E+00,2.111055E+01,5.046476E+01,2.388355E+01,5.058908E+01,1.020196E+02,1.633155E+02,9.004275E-03,1.440114E-02,0.000000E+00,0.000000E+00,0.000000E+00,0.000000E+00,0.000000E+00,0.000000E+00,0.000000E+00,0.000000E+00,2.111111E+01,5.124987E+01,2.388849E+01,4.668786E+01
09:30:00,4.879428E+03,4.523991E+03,4.306596E-01,3.989249E-01,0.000000E+00,0.000000E+00,0.000000E+00,0.000000E+00,0.000000E+00,0.000000E+00,0.000000E+00,0.000000E+00,2.111082E+01,5.086988E+01,2.388760E+01,4.746734E+01,6.249395E+03,6.427538E+03,5.515732E-01,5.667795E-01,0.000000E+00,0.000000E+00,0.000000E+00,0.000000E+00,0.000000E+00,0.000000E+00,0.000000E+00,0.000000E+00,2.111095E+01,5.092839E+01,2.388646E+01,4.964569E+01,8.545330E+02,2.315905E+03,7.542129E-02,2.042162E-01,0.000000E+00,0.000000E+00,0.000000E+00,0.000000E+00,0.000000E+00,0.000000E+00,0.000000E+00,0.000000E+00,2.111085E+01,5.084014E+01,2.388783E+01,4.652938E+01,1.020482E+03,1.856859E+03,9.006798E-02,1.637376E-01,0.000000E+00,0.000000E+00,0.000000E+00,0.000000E+00,0.000000E+00,0.000000E+00,0.000000E+00,0.000000E+00,2.111077E+01,5.068253E+01,2.387906E+01,5.353921E+01,5.819993E+03,1.378037E+04,5.136740E-01,1.215152E+00,0.000000E+00,0.000000E+00,0.000000E+00,0.000000E+00,0.000000E+00,0.000000E+00,0.000000E+00,0.000000E+00,2.111080E+01,5.074898E+01,2.386522E+01,6.002941E+01,2.396716E+03,2.270354E+03,2.115347E-01,2.001996E-01,0.000000E+00,0.000000E+00,0.000000E+00,0.000000E+00,0.000000E+00,0.000000E+00,0.000000E+00,0.000000E+00,2.111077E+01,5.067287E+01,2.388519E+01,5.083465E+01,9.759685E+02,5.883362E+02,8.613922E-02,5.187942E-02,0.000000E+00,0.000000E+00,0.000000E+00,0.000000E+00,0.000000E+00,0.000000E+00,0.000000E+00,0.000000E+00,2.111091E+01,5.081676E+01,2.388769E+01,4.896288E+01,1.230448E+03,5.560963E+02,1.085997E-01,4.903650E-02,0.000000E+00,0.000000E+00,0.000000E+00,0.000000E+00,0.000000E+00,0.000000E+00,0.000000E+00,0.000000E+00,2.111071E+01,5.057097E+01,2.388758E+01,4.926785E+01,1.464260E+03,1.968211E+03,1.292360E-01,1.735566E-01,0.000000E+00,0.000000E+00,0.000000E+00,0.000000E+00,0.000000E+00,0.000000E+00,0.000000E+00,0.000000E+00,2.111055E+01,5.045350E+01,2.388347E+01,5.065367E+01,9.861660E+01,1.625559E+02,8.703926E-03,1.433415E-02,0.000000E+00,0.000000E+00,0.000000E+00,0.000000E+00,0.000000E+00,0.000000E+00,0.000000E+00,0.000000E+00,2.111111E+01,5.124987E+01,2.388849E+01,4.669307E+01
09:45:00,4.849631E+03,4.516563E+03,4.280296E-01,3.982699E-01,0.000000E+00,0.000000E+00,0.000000E+00,0.000000E+00,0.000000E+00,0.000000E+00,0.000000E+00,0.000000E+00,2.111082E+01,5.086739E+01,2.388760E+01,4.746781E+01,6.149427E+03,6.459308E+03,5.427500E-01,5.695810E-01,0.000000E+00,0.000000E+00,0.000000E+00,0.000000E+00,0.000000E+00,0.000000E+00,0.000000E+00,0.000000E+00,2.111095E+01,5.092270E+01,2.388646E+01,4.962612E+01,8.424491E+02,2.351800E+03,7.435476E-02,2.073814E-01,0.000000E+00,0.000000E+00,0.000000E+00,0.000000E+00,0.000000E+00,0.000000E+00,0.000000E+00,0.000000E+00,2.111085E+01,5.083392E+01,2.388783E+01,4.652078E+01,1.005806E+03,1.843044E+03,8.877272E-02,1.625194E-01,0.000000E+00,0.000000E+00,0.000000E+00,0.000000E+00,0.000000E+00,0.000000E+00,0.000000E+00,0.000000E+00,2.111076E+01,5.067382E+01,2.387899E+01,5.359893E+01,5.779784E+03,1.395070E+04,5.101251E-01,1.230171E+00,0.000000E+00,0.000000E+00,0.000000E+00,0.000000E+00,0.000000E+00,0.000000E+00,0.000000E+00,0.000000E+00,2.111080E+01,5.074504E+01,2.386525E+01,5.984805E+01,2.360646E+03,2.304240E+03,2.083512E-01,2.031876E-01,0.000000E+00,0.000000E+00,0.000000E+00,0.000000E+00,0.000000E+00,0.000000E+00,0.000000E+00,0.000000E+00,2.111077E+01,5.066367E+01,2.388518E+01,5.077133E+01,9.586383E+02,6.051430E+02,8.460966E-02,5.336144E-02,0.000000E+00,0.000000E+00,0.000000E+00,0.000000E+00,0.000000E+00,0.000000E+00,0.000000E+00,0.000000E+00,2.111091E+01,5.080828E+01,2.388769E+01,4.889816E+01,1.213155E+03,5.807622E+02,1.070734E-01,5.121153E-02,0.000000E+00,0.000000E+00,0.000000E+00,0.000000E+00,0.000000E+00,0.000000E+00,0.000000E+00,0.000000E+00,2.111071E+01,5.056076E+01,2.388759E+01,4.911831E+01,1.446292E+03,1.941682E+03,1.276501E-01,1.712172E-01,0.000000E+00,0.000000E+00,0.000000E+00,0.000000E+00,0.000000E+00,0.000000E+00,0.000000E+00,0.000000E+00,2.111054E+01,5.044335E+01,2.388344E+01,5.071845E+01,9.554299E+01,1.621197E+02,8.432648E-03,1.429569E-02,0.000000E+00,0.000000E+00,0.000000E+00,0.000000E+00,0.000000E+00,0.000000E+00,0.000000E+00,0.000000E+00,2.111111E+01,5.124987E+01,2.388849E+01,4.669659E+01
10:00:00,4.823242E+03,4.506624E+03,4.257006E-01,3.973935E-01,0.000000E+00,0.000000E+00,0.000000E+00,0.000000E+00,0.000000E+00,0.000000E+00,0.000000E+00,0.000000E+00,2.111081E+01,5.086515E+01,2.388761E+01,4.747058E+01,6.060526E+03,6.496766E+03,5.349036E-01,5.728840E-01,0.000000E+00,0.000000E+00,0.000000E+00,0.000000E+00,0.000000E+00,0.000000E+00,0.000000E+00,0.000000E+00,2.111095E+01,5.091745E+01,2.388646E+01,4.960699E+01,8.318407E+02,2.375108E+03,7.341847E-02,2.094367E-01,0.000000E+00,0.000000E+00,0.000000E+00,0.000000E+00,0.000000E+00,0.000000E+00,0.000000E+00,0.000000E+00,2.111085E+01,5.082830E+01,2.388784E+01,4.651536E+01,9.929224E+02,1.832453E+03,8.763558E-02,1.615854E-01,0.000000E+00,0.000000E+00,0.000000E+00,0.000000E+00,0.000000E+00,0.000000E+00,0.000000E+00,0.000000E+00,2.111076E+01,5.066594E+01,2.387895E+01,5.364859E+01,5.744289E+03,1.407076E+04,5.069924E-01,1.240758E+00,0.000000E+00,0.000000E+00,0.000000E+00,0.000000E+00,0.000000E+00,0.000000E+00,0.000000E+00,0.000000E+00,2.111080E+01,5.074153E+01,2.386540E+01,5.972199E+01,2.328678E+03,2.341179E+03,2.055297E-01,2.064449E-01,0.000000E+00,0.000000E+00,0.000000E+00,0.000000E+00,0.000000E+00,0.000000E+00,0.000000E+00,0.000000E+00,2.111076E+01,5.065524E+01,2.388518E+01,5.070204E+01,9.432326E+02,6.228282E+02,8.324994E-02,5.492091E-02,0.000000E+00,0.000000E+00,0.000000E+00,0.000000E+00,0.000000E+00,0.000000E+00,0.000000E+00,0.000000E+00,2.111090E+01,5.080043E+01,2.388768E+01,4.882819E+01,1.197822E+03,6.051334E+02,1.057200E-01,5.336058E-02,0.000000E+00,0.000000E+00,0.000000E+00,0.000000E+00,0.000000E+00,0.000000E+00,0.000000E+00,0.000000E+00,2.111071E+01,5.055143E+01,2.388761E+01,4.897741E+01,1.430529E+03,1.919163E+03,1.262589E-01,1.692315E-01,0.000000E+00,0.000000E+00,0.000000E+00,0.000000E+00,0.000000E+00,0.000000E+00,0.000000E+00,0.000000E+00,2.111054E+01,5.043421E+01,2.388341E+01,5.077758E+01,9.276392E+01,1.619500E+02,8.187367E-03,1.428073E-02,0.000000E+00,0.000000E+00,0.000000E+00,0.000000E+00,0.000000E+00,0.000000E+00,0.000000E+00,0.000000E+00,2.111111E+01,5.124987E+01,2.388848E+01,4.669868E+01
10:15:00,4.799780E+03,4.494444E+03,4.236298E-01,3.963195E-01,0.000000E+00,0.000000E+00,0.000000E+00,0.000000E+00,0.000000E+00,0.000000E+00,0.000000E+00,0.000000E+00,2.111081E+01,5.086315E+01,2.388761E+01,4.747354E+01,5.981346E+03,6.544045E+03,5.279151E-01,5.770531E-01,0.000000E+00,0.000000E+00,0.000000E+00,0.000000E+00,0.000000E+00,0.000000E+00,0.000000E+00,0.000000E+00,2.111095E+01,5.091261E+01,2.388646E+01,4.958525E+01,8.225337E+02,2.383368E+03,7.259703E-02,2.101651E-01,0.000000E+00,0.000000E+00,0.000000E+00,0.000000E+00,0.000000E+00,0.000000E+00,0.000000E+00,0.000000E+00,2.111085E+01,5.082322E+01,2.388785E+01,4.651310E+01,9.815981E+02,1.825855E+03,8.663610E-02,1.610037E-01,0.000000E+00,0.000000E+00,0.000000E+00,0.000000E+00,0.000000E+00,0.000000E+00,0.000000E+00,0.000000E+00,2.111076E+01,5.065881E+01,2.387889E+01,5.367995E+01,5.712813E+03,1.413352E+04,5.042143E-01,1.246292E+00,0.000000E+00,0.000000E+00,0.000000E+00,0.000000E+00,0.000000E+00,0.000000E+00,0.000000E+00,0.000000E+00,2.111080E+01,5.073838E+01,2.386556E+01,5.965135E+01,2.300291E+03,2.381844E+03,2.030243E-01,2.100307E-01,0.000000E+00,0.000000E+00,0.000000E+00,0.000000E+00,0.000000E+00,0.000000E+00,0.000000E+00,0.000000E+00,2.111076E+01,5.064754E+01,2.388518E+01,5.062879E+01,9.295124E+02,6.410536E+02,8.203899E-02,5.652803E-02,0.000000E+00,0.000000E+00,0.000000E+00,0.000000E+00,0.000000E+00,0.000000E+00,0.000000E+00,0.000000E+00,2.111090E+01,5.079316E+01,2.388768E+01,4.875499E+01,1.184203E+03,6.288060E+02,1.045180E-01,5.544804E-02,0.000000E+00,0.000000E+00,0.000000E+00,0.000000E+00,0.000000E+00,0.000000E+00,0.000000E+00,0.000000E+00,2.111071E+01,5.054290E+01,2.388762E+01,4.884681E+01,1.416681E+03,1.902135E+03,1.250366E-01,1.677300E-01,0.000000E+00,0.000000E+00,0.000000E+00,0.000000E+00,0.000000E+00,0.000000E+00,0.000000E+00,0.000000E+00,2.111054E+01,5.042599E+01,2.388336E+01,5.082404E+01,9.024940E+01,1.619947E+02,7.965434E-03,1.428467E-02,0.000000E+00,0.000000E+00,0.000000E+00,0.000000E+00,0.000000E+00,0.000000E+00,0.000000E+00,0.000000E+00,2.111111E+01,5.124987E+01,2.388848E+01,4.669958E+01
10:30:00,4.778832E+03,4.476705E+03,4.217809E-01,3.947553E-01,0.000000E+00,0.000000E+00,0.000000E+00,0.000000E+00,0.000000E+00,0.000000E+00,0.000000E+00,0.000000E+00,2.111081E+01,5.086134E+01,2.388761E+01,4.747705E+01,5.910702E+03,6.603390E+03,5.216801E-01,5.822861E-01,0.000000E+00,0.000000E+00,0.000000E+00,0.000000E+00,0.000000E+00,0.000000E+00,0.000000E+00,0.000000E+00,2.111094E+01,5.090815E+01,2.388645E+01,4.955849E+01,8.143559E+02,2.372426E+03,7.187525E-02,2.092002E-01,0.000000E+00,0.000000E+00,0.000000E+00,0.000000E+00,0.000000E+00,0.000000E+00,0.000000E+00,0.000000E+00,2.111085E+01,5.081864E+01,2.388786E+01,4.651495E+01,9.716253E+02,1.823230E+03,8.575589E-02,1.607722E-01,0.000000E+00,0.000000E+00,0.000000E+00,0.000000E+00,0.000000E+00,0.000000E+00,0.000000E+00,0.000000E+00,2.111076E+01,5.065237E+01,2.387884E+01,5.369131E+01,5.684790E+03,1.413922E+04,5.017410E-01,1.246794E+00,0.000000E+00,0.000000E+00,0.000000E+00,0.000000E+00,0.000000E+00,0.000000E+00,0.000000E+00,0.000000E+00,2.111080E+01,5.073556E+01,2.386573E+01,5.963722E+01,2.275037E+03,2.428426E+03,2.007953E-01,2.141383E-01,0.000000E+00,0.000000E+00,0.000000E+00,0.000000E+00,0.000000E+00,0.000000E+00,0.000000E+00,0.000000E+00,2.111076E+01,5.064049E+01,2.388518E+01,5.054995E+01,9.172705E+02,6.595946E+02,8.095852E-02,5.816296E-02,0.000000E+00,0.000000E+00,0.000000E+00,0.000000E+00,0.000000E+00,0.000000E+00,0.000000E+00,0.000000E+00,2.111090E+01,5.078645E+01,2.388768E+01,4.868050E+01,1.172086E+03,6.516741E+02,1.034486E-01,5.746454E-02,0.000000E+00,0.000000E+00,0.000000E+00,0.000000E+00,0.000000E+00,0.000000E+00,0.000000E+00,0.000000E+00,2.111071E+01,5.053511E+01,2.388764E+01,4.872751E+01,1.404494E+03,1.891096E+03,1.239610E-01,1.667566E-01,0.000000E+00,0.000000E+00,0.000000E+00,0.000000E+00,0.000000E+00,0.000000E+00,0.000000E+00,0.000000E+00,2.111054E+01,5.041860E+01,2.388332E+01,5.085474E+01,8.797247E+01,1.622128E+02,7.764472E-03,1.430390E-02,0.000000E+00,0.000000E+00,0.000000E+00,0.000000E+00,0.000000E+00,0.000000E+00,0.000000E+00,0.000000E+00,2.111111E+01,5.124987E+01,2.388848E+01,4.669949E+01
10:45:00,4.760048E+03,4.451068E+03,4.201231E-01,3.924946E-01,0.000000E+00,0.000000E+00,0.000000E+00,0.000000E+00,0.000000E+00,0.000000E+00,0.000000E+00,0.000000E+00,2.111081E+01,5.085971E+01,2.388761E+01,4.748332E+01,5.847571E+03,6.674505E+03,5.161080E-01,5.885570E-01,0.000000E+00,0.000000E+00,0.000000E+00,0.000000E+00,0.000000E+00,0.000000E+00,0.000000E+00,0.000000E+00,2.111094E+01,5.090406E+01,2.388645E+01,4.952607E+01,8.071573E+02,2.340732E+03,7.123991E-02,2.064055E-01,0.000000E+00,0.000000E+00,0.000000E+00,0.000000E+00,0.000000E+00,0.000000E+00,0.000000E+00,0.000000E+00,2.111085E+01,5.081452E+01,2.388787E+01,4.652270E+01,9.628254E+02,1.823828E+03,8.497921E-02,1.608249E-01,0.000000E+00,0.000000E+00,0.000000E+00,0.000000E+00,0.000000E+00,0.000000E+00,0.000000E+00,0.000000E+00,2.111076E+01,5.064656E+01,2.387881E+01,5.368836E+01,5.659759E+03,1.408822E+04,4.995317E-01,1.242297E+00,0.000000E+00,0.000000E+00,0.000000E+00,0.000000E+00,0.000000E+00,0.000000E+00,0.000000E+00,0.000000E+00,2.111080E+01,5.073302E+01,2.386588E+01,5.967855E+01,2.252530E+03,2.483461E+03,1.988089E-01,2.189913E-01,0.000000E+00,0.000000E+00,0.000000E+00,0.000000E+00,0.000000E+00,0.000000E+00,0.000000E+00,0.000000E+00,2.111076E+01,5.063406E+01,2.388517E+01,5.046088E+01,9.063283E+02,6.782313E+02,7.999276E-02,5.980635E-02,0.000000E+00,0.000000E+00,0.000000E+00,0.000000E+00,0.000000E+00,0.000000E+00,0.000000E+00,0.000000E+00,2.111090E+01,5.078026E+01,2.388769E+01,4.860635E+01,1.161287E+03,6.737880E+02,1.024955E-01,5.941454E-02,0.000000E+00,0.000000E+00,0.000000E+00,0.000000E+00,0.000000E+00,0.000000E+00,0.000000E+00,0.000000E+00,2.111070E+01,5.052801E+01,2.388766E+01,4.861953E+01,1.393750E+03,1.885718E+03,1.230127E-01,1.662824E-01,0.000000E+00,0.000000E+00,0.000000E+00,0.000000E+00,0.000000E+00,0.000000E+00,0.000000E+00,0.000000E+00,2.111053E+01,5.041196E+01,2.388329E+01,5.087123E+01,8.590912E+01,1.625697E+02,7.582360E-03,1.433537E-02,0.000000E+00,0.000000E+00,0.000000E+00,0.000000E+00,0.000000E+00,0.000000E+00,0.000000E+00,0.000000E+00,2.111111E+01,5.124987E+01,2.388848E+01,4.669860E+01
11:00:00,4.743131E+03,4.413175E+03,4.186299E-01,3.891532E-01,0.000000E+00,0.000000E+00,0.000000E+00,0.000000E+00,0.000000E+00,0.000000E+00,0.000000E+00,0.000000E+00,2.111081E+01,5.085824E+01,2.388762E+01,4.749341E+01,5.791063E+03,6.754473E+03,5.111206E-01,5.956086E-01,0.000000E+00,0.000000E+00,0.000000E+00,0.000000E+00,0.000000E+00,0.000000E+00,0.000000E+00,0.000000E+00,2.111094E+01,5.090029E+01,2.388644E+01,4.948875E+01,8.008093E+02,2.288479E+03,7.067963E-02,2.017978E-01,0.000000E+00,0.000000E+00,0.000000E+00,0.000000E+00,0.000000E+00,0.000000E+00,0.000000E+00,0.000000E+00,2.111085E+01,5.081081E+01,2.388789E+01,4.653637E+01,9.550460E+02,1.826275E+03,8.429259E-02,1.610407E-01,0.000000E+00,0.000000E+00,0.000000E+00,0.000000E+00,0.000000E+00,0.000000E+00,0.000000E+00,0.000000E+00,2.111076E+01,5.064131E+01,2.387879E+01,5.367778E+01,5.637336E+03,1.398188E+04,4.975527E-01,1.232921E+00,0.000000E+00,0.000000E+00,0.000000E+00,0.000000E+00,0.000000E+00,0.000000E+00,0.000000E+00,0.000000E+00,2.111080E+01,5.073073E+01,2.386601E+01,5.977349E+01,2.232440E+03,2.549422E+03,1.970357E-01,2.248077E-01,0.000000E+00,0.000000E+00,0.000000E+00,0.000000E+00,0.000000E+00,0.000000E+00,0.000000E+00,0.000000E+00,2.111076E+01,5.062819E+01,2.388516E+01,5.035760E+01,8.965313E+02,6.967747E+02,7.912808E-02,6.144150E-02,0.000000E+00,0.000000E+00,0.000000E+00,0.000000E+00,0.000000E+00,0.000000E+00,0.000000E+00,0.000000E+00,2.111090E+01,5.077456E+01,2.388769E+01,4.853387E+01,1.151647E+03,6.953097E+02,1.016447E-01,6.131232E-02,0.000000E+00,0.000000E+00,0.000000E+00,0.000000E+00,0.000000E+00,0.000000E+00,0.000000E+00,0.000000E+00,2.111070E+01,5.052154E+01,2.388768E+01,4.852194E+01,1.384263E+03,1.884829E+03,1.221754E-01,1.662040E-01,0.000000E+00,0.000000E+00,0.000000E+00,0.000000E+00,0.000000E+00,0.000000E+00,0.000000E+00,0.000000E+00,2.111053E+01,5.040600E+01,2.388326E+01,5.087623E+01,8.403795E+01,1.630364E+02,7.417211E-03,1.437653E-02,0.000000E+00,0.000000E+00,0.000000E+00,0.000000E+00,0.000000E+00,0.000000E+00,0.000000E+00,0.000000E+00,2.111111E+01,5.124987E+01,2.388848E+01,4.669707E+01
11:15:00,4.727835E+03,4.362743E+03,4.172799E-01,3.847061E-01,0.000000E+00,0.000000E+00,0.000000E+00,0.000000E+00,0.000000E+00,0.000000E+00,0.000000E+00,0.000000E+00,2.111081E+01,5.085689E+01,2.388763E+01,4.750738E+01,5.740566E+03,6.838526E+03,5.066638E-01,6.030203E-01,0.000000E+00,0.000000E+00,0.000000E+00,0.000000E+00,0.000000E+00,0.000000E+00,0.000000E+00,0.000000E+00,2.111094E+01,5.089684E+01,2.388644E+01,4.944802E+01,7.952133E+02,2.218497E+03,7.018572E-02,1.956268E-01,0.000000E+00,0.000000E+00,0.000000E+00,0.000000E+00,0.000000E+00,0.000000E+00,0.000000E+00,0.000000E+00,2.111085E+01,5.080747E+01,2.388790E+01,4.655492E+01,9.481766E+02,1.829317E+03,8.368630E-02,1.613089E-01,0.000000E+00,0.000000E+00,0.000000E+00,0.000000E+00,0.000000E+00,0.000000E+00,0.000000E+00,0.000000E+00,2.111076E+01,5.063658E+01,2.387878E+01,5.366390E+01,5.617274E+03,1.382107E+04,4.957820E-01,1.218741E+00,0.000000E+00,0.000000E+00,0.000000E+00,0.000000E+00,0.000000E+00,0.000000E+00,0.000000E+00,0.000000E+00,2.111080E+01,5.072867E+01,2.386613E+01,5.992121E+01,2.214537E+03,2.626694E+03,1.954556E-01,2.316216E-01,0.000000E+00,0.000000E+00,0.000000E+00,0.000000E+00,0.000000E+00,0.000000E+00,0.000000E+00,0.000000E+00,2.111076E+01,5.062284E+01,2.388515E+01,5.023925E+01,8.877770E+02,7.150094E+02,7.835542E-02,6.304944E-02,0.000000E+00,0.000000E+00,0.000000E+00,0.000000E+00,0.000000E+00,0.000000E+00,0.000000E+00,0.000000E+00,2.111090E+01,5.076931E+01,2.388770E+01,4.846403E+01,1.143059E+03,7.163268E+02,1.008867E-01,6.316561E-02,0.000000E+00,0.000000E+00,0.000000E+00,0.000000E+00,0.000000E+00,0.000000E+00,0.000000E+00,0.000000E+00,2.111070E+01,5.051564E+01,2.388769E+01,4.843346E+01,1.375891E+03,1.887204E+03,1.214365E-01,1.664134E-01,0.000000E+00,0.000000E+00,0.000000E+00,0.000000E+00,0.000000E+00,0.000000E+00,0.000000E+00,0.000000E+00,2.111053E+01,5.040065E+01,2.388324E+01,5.087179E+01,8.234439E+01,1.635866E+02,7.267737E-03,1.442505E-02,0.000000E+00,0.000000E+00,0.000000E+00,0.000000E+00,0.000000E+00,0.000000E+00,0.000000E+00,0.000000E+00,2.111111E+01,5.124987E+01,2.388848E+01,4.669504E+01
11:30:00,4.713939E+03,4.303496E+03,4.160534E-01,3.794817E-01,0.000000E+00,0.000000E+00,0.000000E+00,0.000000E+00,0.000000E+00,0.000000E+00,0.000000E+00,0.000000E+00,2.111081E+01,5.085567E+01,2.388763E+01,4.752539E+01,5.695379E+03,6.923136E+03,5.026756E-01,6.104812E-01,0.000000E+00,0.000000E+00,0.000000E+00,0.000000E+00,0.000000E+00,0.000000E+00,0.000000E+00,0.000000E+00,2.111094E+01,5.089369E+01,2.388644E+01,4.940614E+01,7.902724E+02,2.136595E+03,6.974964E-02,1.884047E-01,0.000000E+00,0.000000E+00,0.000000E+00,0.000000E+00,0.000000E+00,0.000000E+00,0.000000E+00,0.000000E+00,2.111085E+01,5.080448E+01,2.388790E+01,4.657770E+01,9.421016E+02,1.832327E+03,8.315012E-02,1.615744E-01,0.000000E+00,0.000000E+00,0.000000E+00,0.000000E+00,0.000000E+00,0.000000E+00,0.000000E+00,0.000000E+00,2.111075E+01,5.063232E+01,2.387878E+01,5.365057E+01,5.599289E+03,1.360784E+04,4.941946E-01,1.199938E+00,0.000000E+00,0.000000E+00,0.000000E+00,0.000000E+00,0.000000E+00,0.000000E+00,0.000000E+00,0.000000E+00,2.111080E+01,5.072680E+01,2.386624E+01,6.012574E+01,2.198563E+03,2.714372E+03,1.940457E-01,2.393529E-01,0.000000E+00,0.000000E+00,0.000000E+00,0.000000E+00,0.000000E+00,0.000000E+00,0.000000E+00,0.000000E+00,2.111076E+01,5.061798E+01,2.388515E+01,5.010889E+01,8.799429E+02,7.327572E+02,7.766398E-02,6.461443E-02,0.000000E+00,0.000000E+00,0.000000E+00,0.000000E+00,0.000000E+00,0.000000E+00,0.000000E+00,0.000000E+00,2.111090E+01,5.076449E+01,2.388771E+01,4.839773E+01,1.135398E+03,7.368565E+02,1.002105E-01,6.497591E-02,0.000000E+00,0.000000E+00,0.000000E+00,0.000000E+00,0.000000E+00,0.000000E+00,0.000000E+00,0.000000E+00,2.111070E+01,5.051029E+01,2.388771E+01,4.835312E+01,1.368493E+03,1.892191E+03,1.207835E-01,1.668532E-01,0.000000E+00,0.000000E+00,0.000000E+00,0.000000E+00,0.000000E+00,0.000000E+00,0.000000E+00,0.000000E+00,2.111053E+01,5.039586E+01,2.388322E+01,5.086073E+01,8.081083E+01,1.641949E+02,7.132384E-03,1.447869E-02,0.000000E+00,0.000000E+00,0.000000E+00,0.000000E+00,0.000000E+00,0.000000E+00,0.000000E+00,0.000000E+00,2.111111E+01,5.124987E+01,2.388848E+01,4.669262E+01
11:45:00,4.701255E+03,4.237170E+03,4.149340E-01,3.736331E-01,0.000000E+00,0.000000E+00,0.000000E+00,0.000000E+00,0.000000E+00,0.000000E+00,0.000000E+00,0.000000E+00,2.111081E+01,5.085455E+01,2.388764E+01,4.754699E+01,5.654852E+03,7.005216E+03,4.990986E-01,6.177191E-01,0.000000E+00,0.000000E+00,0.000000E+00,0.000000E+00,0.000000E+00,0.000000E+00,0.000000E+00,0.000000E+00,2.111094E+01,5.089080E+01,2.388645E+01,4.936503E+01,7.859001E+02,2.046806E+03,6.936374E-02,1.804871E-01,0.000000E+00,0.000000E+00,0.000000E+00,0.000000E+00,0.000000E+00,0.000000E+00,0.000000E+00,0.000000E+00,2.111085E+01,5.080180E+01,2.388790E+01,4.660442E+01,9.367164E+02,1.834804E+03,8.267483E-02,1.617928E-01,0.000000E+00,0.000000E+00,0.000000E+00,0.000000E+00,0.000000E+00,0.000000E+00,0.000000E+00,0.000000E+00,2.111075E+01,5.062851E+01,2.387879E+01,5.363979E+01,5.583121E+03,1.334510E+04,4.927677E-01,1.176769E+00,0.000000E+00,0.000000E+00,0.000000E+00,0.000000E+00,0.000000E+00,0.000000E+00,0.000000E+00,0.000000E+00,2.111080E+01,5.072511E+01,2.386634E+01,6.038933E+01,2.184279E+03,2.810775E+03,1.927850E-01,2.478538E-01,0.000000E+00,0.000000E+00,0.000000E+00,0.000000E+00,0.000000E+00,0.000000E+00,0.000000E+00,0.000000E+00,2.111075E+01,5.061357E+01,2.388515E+01,4.997109E+01,8.729161E+02,7.498534E+02,7.704379E-02,6.612198E-02,0.000000E+00,0.000000E+00,0.000000E+00,0.000000E+00,0.000000E+00,0.000000E+00,0.000000E+00,0.000000E+00,2.111090E+01,5.076008E+01,2.388772E+01,4.833559E+01,1.128545E+03,7.567911E+02,9.960569E-02,6.673374E-02,0.000000E+00,0.000000E+00,0.000000E+00,0.000000E+00,0.000000E+00,0.000000E+00,0.000000E+00,0.000000E+00,2.111070E+01,5.050544E+01,2.388772E+01,4.828016E+01,1.361938E+03,1.899127E+03,1.202050E-01,1.674648E-01,0.000000E+00,0.000000E+00,0.000000E+00,0.000000E+00,0.000000E+00,0.000000E+00,0.000000E+00,0.000000E+00,2.111053E+01,5.039158E+01,2.388321E+01,5.084481E+01,7.942052E+01,1.648380E+02,7.009675E-03,1.453539E-02,0.000000E+00,0.000000E+00,0.000000E+00,0.000000E+00,0.000000E+00,0.000000E+00,0.000000E+00,0.000000E+00,2.111111E+01,5.124987E+01,2.388848E+01,4.668996E+01
12:00:00,4.689621E+03,4.169415E+03,4.139071E-01,3.676585E-01,0.000000E+00,0.000000E+00,0.000000E+00,0.000000E+00,0.000000E+00,0.000000E+00,0.000000E+00,0.000000E+00,2.111081E+01,5.085352E+01,2.388764E+01,4.757139E+01,5.618443E+03,7.082249E+03,4.958851E-01,6.245118E-01,0.000000E+00,0.000000E+00,0.000000E+00,0.000000E+00,0.000000E+00,0.000000E+00,0.000000E+00,0.000000E+00,2.111094E+01,5.088817E+01,2.388645E+01,4.932601E+01,7.820233E+02,1.952167E+03,6.902157E-02,1.721418E-01,0.000000E+00,0.000000E+00,0.000000E+00,0.000000E+00,0.000000E+00,0.000000E+00,0.000000E+00,0.000000E+00,2.111084E+01,5.079939E+01,2.388790E+01,4.663494E+01,9.319337E+02,1.836322E+03,8.225270E-02,1.619266E-01,0.000000E+00,0.000000E+00,0.000000E+00,0.000000E+00,0.000000E+00,0.000000E+00,0.000000E+00,0.000000E+00,2.111075E+01,5.062508E+01,2.387880E+01,5.363259E+01,5.568556E+03,1.303743E+04,4.914821E-01,1.149639E+00,0.000000E+00,0.000000E+00,0.000000E+00,0.000000E+00,0.000000E+00,0.000000E+00,0.000000E+00,0.000000E+00,2.111079E+01,5.072359E+01,2.386642E+01,6.071219E+01,2.171486E+03,2.913841E+03,1.916559E-01,2.569422E-01,0.000000E+00,0.000000E+00,0.000000E+00,0.000000E+00,0.000000E+00,0.000000E+00,0.000000E+00,0.000000E+00,2.111075E+01,5.060956E+01,2.388517E+01,4.983052E+01,8.666022E+02,7.661507E+02,7.648653E-02,6.755907E-02,0.000000E+00,0.000000E+00,0.000000E+00,0.000000E+00,0.000000E+00,0.000000E+00,0.000000E+00,0.000000E+00,2.111090E+01,5.075604E+01,2.388773E+01,4.827798E+01,1.122406E+03,7.759607E+02,9.906385E-02,6.842411E-02,0.000000E+00,0.000000E+00,0.000000E+00,0.000000E+00,0.000000E+00,0.000000E+00,0.000000E+00,0.000000E+00,2.111070E+01,5.050104E+01,2.388773E+01,4.821392E+01,1.356120E+03,1.907362E+03,1.196915E-01,1.681910E-01,0.000000E+00,0.000000E+00,0.000000E+00,0.000000E+00,0.000000E+00,0.000000E+00,0.000000E+00,0.000000E+00,2.111053E+01,5.038774E+01,2.388321E+01,5.082521E+01,7.815903E+01,1.654945E+02,6.898336E-03,1.459328E-02,0.000000E+00,0.000000E+00,0.000000E+00,0.000000E+00,0.000000E+00,0.000000E+00,0.000000E+00,0.000000E+00,2.111111E+01,5.124987E+01,2.388848E+01,4.668716E+01
12:15:00,4.678890E+03,4.105507E+03,4.129600E-01,3.620231E-01,0.000000E+00,0.000000E+00,0.000000E+00,0.000000E+00,0.000000E+00,0.000000E+00,0.000000E+00,0.000000E+00,2.111081E+01,5.085256E+01,2.388764E+01,4.759626E+01,5.585524E+03,7.152978E+03,4.929797E-01,6.307487E-01,0.000000E+00,0.000000E+00,0.000000E+00,0.000000E+00,0.000000E+00,0.000000E+00,0.000000E+00,0.000000E+00,2.111094E+01,5.088575E+01,2.388646E+01,4.928989E+01,7.785671E+02,1.855573E+03,6.871652E-02,1.636242E-01,0.000000E+00,0.000000E+00,0.000000E+00,0.000000E+00,0.000000E+00,0.000000E+00,0.000000E+00,0.000000E+00,2.111084E+01,5.079722E+01,2.388790E+01,4.666904E+01,9.276586E+02,1.836655E+03,8.187538E-02,1.619560E-01,0.000000E+00,0.000000E+00,0.000000E+00,0.000000E+00,0.000000E+00,0.000000E+00,0.000000E+00,0.000000E+00,2.111075E+01,5.062198E+01,2.387881E+01,5.362979E+01,5.555340E+03,1.269303E+04,4.903157E-01,1.119270E+00,0.000000E+00,0.000000E+00,0.000000E+00,0.000000E+00,0.000000E+00,0.000000E+00,0.000000E+00,0.000000E+00,2.111079E+01,5.072220E+01,2.386648E+01,6.109276E+01,2.159956E+03,3.021615E+03,1.906382E-01,2.664457E-01,0.000000E+00,0.000000E+00,0.000000E+00,0.000000E+00,0.000000E+00,0.000000E+00,0.000000E+00,0.000000E+00,2.111075E+01,5.060591E+01,2.388519E+01,4.969135E+01,8.608896E+02,7.815670E+02,7.598233E-02,6.891848E-02,0.000000E+00,0.000000E+00,0.000000E+00,0.000000E+00,0.000000E+00,0.000000E+00,0.000000E+00,0.000000E+00,2.111090E+01,5.075233E+01,2.388774E+01,4.822502E+01,1.116867E+03,7.942622E+02,9.857499E-02,7.003794E-02,0.000000E+00,0.000000E+00,0.000000E+00,0.000000E+00,0.000000E+00,0.000000E+00,0.000000E+00,0.000000E+00,2.111070E+01,5.049703E+01,2.388775E+01,4.815390E+01,1.350924E+03,1.916504E+03,1.192329E-01,1.689971E-01,0.000000E+00,0.000000E+00,0.000000E+00,0.000000E+00,0.000000E+00,0.000000E+00,0.000000E+00,0.000000E+00,2.111053E+01,5.038429E+01,2.388321E+01,5.080296E+01,7.700906E+01,1.661461E+02,6.796839E-03,1.465074E-02,0.000000E+00,0.000000E+00,0.000000E+00,0.000000E+00,0.000000E+00,0.000000E+00,0.000000E+00,0.000000E+00,2.111111E+01,5.124987E+01,2.388848E+01,4.668431E+01
12:30:00,4.668946E+03,4.047580E+03,4.120823E-01,3.569151E-01,0.000000E+00,0.000000E+00,0.000000E+00,0.000000E+00,0.000000E+00,0.000000E+00,0.000000E+00,0.000000E+00,2.111081E+01,5.085168E+01,2.388763E+01,4.761974E+01,5.555721E+03,7.216613E+03,4.903493E-01,6.363600E-01,0.000000E+00,0.000000E+00,0.000000E+00,0.000000E+00,0.000000E+00,0.000000E+00,0.000000E+00,0.000000E+00,2.111094E+01,5.088354E+01,2.388647E+01,4.925736E+01,7.754790E+02,1.759634E+03,6.844397E-02,1.551643E-01,0.000000E+00,0.000000E+00,0.000000E+00,0.000000E+00,0.000000E+00,0.000000E+00,0.000000E+00,0.000000E+00,2.111084E+01,5.079527E+01,2.388790E+01,4.670652E+01,9.238305E+02,1.835576E+03,8.153751E-02,1.618608E-01,0.000000E+00,0.000000E+00,0.000000E+00,0.000000E+00,0.000000E+00,0.000000E+00,0.000000E+00,0.000000E+00,2.111075E+01,5.061918E+01,2.387882E+01,5.363281E+01,5.543327E+03,1.232230E+04,4.892554E-01,1.086578E+00,0.000000E+00,0.000000E+00,0.000000E+00,0.000000E+00,0.000000E+00,0.000000E+00,0.000000E+00,0.000000E+00,2.111079E+01,5.072094E+01,2.386652E+01,6.152837E+01,2.149550E+03,3.131973E+03,1.897199E-01,2.761770E-01,0.000000E+00,0.000000E+00,0.000000E+00,0.000000E+00,0.000000E+00,0.000000E+00,0.000000E+00,0.000000E+00,2.111075E+01,5.060258E+01,2.388522E+01,4.955722E+01,8.557143E+02,7.960165E+02,7.552556E-02,7.019264E-02,0.000000E+00,0.000000E+00,0.000000E+00,0.000000E+00,0.000000E+00,0.000000E+00,0.000000E+00,0.000000E+00,2.111090E+01,5.074892E+01,2.388775E+01,4.817677E+01,1.111864E+03,8.115507E+02,9.813336E-02,7.156244E-02,0.000000E+00,0.000000E+00,0.000000E+00,0.000000E+00,0.000000E+00,0.000000E+00,0.000000E+00,0.000000E+00,2.111070E+01,5.049337E+01,2.388776E+01,4.809976E+01,1.346274E+03,1.926103E+03,1.188225E-01,1.698435E-01,0.000000E+00,0.000000E+00,0.000000E+00,0.000000E+00,0.000000E+00,0.000000E+00,0.000000E+00,0.000000E+00,2.111053E+01,5.038118E+01,2.388321E+01,5.077962E+01,7.595975E+01,1.667776E+02,6.704226E-03,1.470643E-02,0.000000E+00,0.000000E+00,0.000000E+00,0.000000E+00,0.000000E+00,0.000000E+00,0.000000E+00,0.000000E+00,2.111111E+01,5.124987E+01,2.388848E+01,4.668150E+01
12:45:00,4.659690E+03,3.996968E+03,4.112654E-01,3.524521E-01,0.000000E+00,0.000000E+00,0.000000E+00,0.000000E+00,0.000000E+00,0.000000E+00,0.000000E+00,0.000000E+00,2.111081E+01,5.085086E+01,2.388763E+01,4.764139E+01,5.528742E+03,7.273087E+03,4.879681E-01,6.413399E-01,0.000000E+00,0.000000E+00,0.000000E+00,0.000000E+00,0.000000E+00,0.000000E+00,0.000000E+00,0.000000E+00,2.111094E+01,5.088152E+01,2.388648E+01,4.922865E+01,7.727166E+02,1.666931E+03,6.820016E-02,1.469898E-01,0.000000E+00,0.000000E+00,0.000000E+00,0.000000E+00,0.000000E+00,0.000000E+00,0.000000E+00,0.000000E+00,2.111084E+01,5.079351E+01,2.388789E+01,4.674677E+01,9.204018E+02,1.832919E+03,8.123489E-02,1.616266E-01,0.000000E+00,0.000000E+00,0.000000E+00,0.000000E+00,0.000000E+00,0.000000E+00,0.000000E+00,0.000000E+00,2.111075E+01,5.061665E+01,2.387883E+01,5.364242E+01,5.532412E+03,1.193918E+04,4.882921E-01,1.052795E+00,0.000000E+00,0.000000E+00,0.000000E+00,0.000000E+00,0.000000E+00,0.000000E+00,0.000000E+00,0.000000E+00,2.111079E+01,5.071979E+01,2.386652E+01,6.201069E+01,2.140162E+03,3.242871E+03,1.888912E-01,2.859559E-01,0.000000E+00,0.000000E+00,0.000000E+00,0.000000E+00,0.000000E+00,0.000000E+00,0.000000E+00,0.000000E+00,2.111075E+01,5.059954E+01,2.388525E+01,4.943070E+01,8.510271E+02,8.094287E+02,7.511187E-02,7.137532E-02,0.000000E+00,0.000000E+00,0.000000E+00,0.000000E+00,0.000000E+00,0.000000E+00,0.000000E+00,0.000000E+00,2.111090E+01,5.074579E+01,2.388776E+01,4.813314E+01,1.107345E+03,8.277056E+02,9.773451E-02,7.298698E-02,0.000000E+00,0.000000E+00,0.000000E+00,0.000000E+00,0.000000E+00,0.000000E+00,0.000000E+00,0.000000E+00,2.111070E+01,5.049003E+01,2.388777E+01,4.805119E+01,1.342109E+03,1.935787E+03,1.184549E-01,1.706974E-01,0.000000E+00,0.000000E+00,0.000000E+00,0.000000E+00,0.000000E+00,0.000000E+00,0.000000E+00,0.000000E+00,2.111053E+01,5.037837E+01,2.388321E+01,5.075622E+01,7.500236E+01,1.673744E+02,6.619727E-03,1.475905E-02,0.000000E+00,0.000000E+00,0.000000E+00,0.000000E+00,0.000000E+00,0.000000E+00,0.000000E+00,0.000000E+00,2.111111E+01,5.124987E+01,2.388848E+01,4.667879E+01
13:00:00,4.651038E+03,3.951583E+03,4.105017E-01,3.484501E-01,0.000000E+00,0.000000E+00,0.000000E+00,0.000000E+00,0.000000E+00,0.000000E+00,0.000000E+00,0.000000E+00,2.111081E+01,5.085008E+01,2.388762E+01,4.766150E+01,5.504305E+03,7.323195E+03,4.858113E-01,6.457584E-01,0.000000E+00,0.000000E+00,0.000000E+00,0.000000E+00,0.000000E+00,0.000000E+00,0.000000E+00,0.000000E+00,2.111094E+01,5.087966E+01,2.388649E+01,4.920355E+01,7.702416E+02,1.580058E+03,6.798172E-02,1.393293E-01,0.000000E+00,0.000000E+00,0.000000E+00,0.000000E+00,0.000000E+00,0.000000E+00,0.000000E+00,0.000000E+00,2.111084E+01,5.079192E+01,2.388789E+01,4.678881E+01,9.173284E+02,1.828570E+03,8.096363E-02,1.612431E-01,0.000000E+00,0.000000E+00,0.000000E+00,0.000000E+00,0.000000E+00,0.000000E+00,0.000000E+00,0.000000E+00,2.111075E+01,5.061437E+01,2.387884E+01,5.365896E+01,5.522493E+03,1.156149E+04,4.874166E-01,1.019491E+00,0.000000E+00,0.000000E+00,0.000000E+00,0.000000E+00,0.000000E+00,0.000000E+00,0.000000E+00,0.000000E+00,2.111079E+01,5.071873E+01,2.386647E+01,6.252342E+01,2.131687E+03,3.352381E+03,1.881433E-01,2.956125E-01,0.000000E+00,0.000000E+00,0.000000E+00,0.000000E+00,0.000000E+00,0.000000E+00,0.000000E+00,0.000000E+00,2.111075E+01,5.059677E+01,2.388529E+01,4.931341E+01,8.467801E+02,8.217403E+02,7.473702E-02,7.246095E-02,0.000000E+00,0.000000E+00,0.000000E+00,0.000000E+00,0.000000E+00,0.000000E+00,0.000000E+00,0.000000E+00,2.111089E+01,5.074292E+01,2.388777E+01,4.809400E+01,1.103262E+03,8.426248E+02,9.737415E-02,7.430254E-02,0.000000E+00,0.000000E+00,0.000000E+00,0.000000E+00,0.000000E+00,0.000000E+00,0.000000E+00,0.000000E+00,2.111070E+01,5.048699E+01,2.388778E+01,4.800786E+01,1.338373E+03,1.945239E+03,1.181252E-01,1.715310E-01,0.000000E+00,0.000000E+00,0.000000E+00,0.000000E+00,0.000000E+00,0.000000E+00,0.000000E+00,0.000000E+00,2.111053E+01,5.037583E+01,2.388322E+01,5.073336E+01,7.412854E+01,1.679226E+02,6.542603E-03,1.480739E-02,0.000000E+00,0.000000E+00,0.000000E+00,0.000000E+00,0.000000E+00,0.000000E+00,0.000000E+00,0.000000E+00,2.111111E+01,5.124987E+01,2.388848E+01,4.667626E+01
13:15:00,4.642914E+03,3.910404E+03,4.097848E-01,3.448190E-01,0.000000E+00,0.000000E+00,0.000000E+00,0.000000E+00,0.000000E+00,0.000000E+00,0.000000E+00,0.000000E+00,2.111081E+01,5.084936E+01,2.388762E+01,4.768021E+01,5.482153E+03,7.368328E+03,4.838562E-01,6.497382E-01,0.000000E+00,0.000000E+00,0.000000E+00,0.000000E+00,0.000000E+00,0.000000E+00,0.000000E+00,0.000000E+00,2.111094E+01,5.087796E+01,2.388650E+01,4.918141E+01,7.680204E+02,1.501599E+03,6.778567E-02,1.324108E-01,0.000000E+00,0.000000E+00,0.000000E+00,0.000000E+00,0.000000E+00,0.000000E+00,0.000000E+00,0.000000E+00,2.111084E+01,5.079049E+01,2.388788E+01,4.683113E+01,9.145709E+02,1.822410E+03,8.072026E-02,1.606999E-01,0.000000E+00,0.000000E+00,0.000000E+00,0.000000E+00,0.000000E+00,0.000000E+00,0.000000E+00,0.000000E+00,2.111075E+01,5.061230E+01,2.387885E+01,5.368252E+01,5.513476E+03,1.121076E+04,4.866208E-01,9.885632E-01,0.000000E+00,0.000000E+00,0.000000E+00,0.000000E+00,0.000000E+00,0.000000E+00,0.000000E+00,0.000000E+00,2.111079E+01,5.071778E+01,2.386635E+01,6.304020E+01,2.124033E+03,3.458626E+03,1.874677E-01,3.049812E-01,0.000000E+00,0.000000E+00,0.000000E+00,0.000000E+00,0.000000E+00,0.000000E+00,0.000000E+00,0.000000E+00,2.111075E+01,5.059424E+01,2.388532E+01,4.920624E+01,8.429294E+02,8.328771E+02,7.439716E-02,7.344300E-02,0.000000E+00,0.000000E+00,0.000000E+00,0.000000E+00,0.000000E+00,0.000000E+00,0.000000E+00,0.000000E+00,2.111089E+01,5.074028E+01,2.388777E+01,4.805915E+01,1.099570E+03,8.561937E+02,9.704836E-02,7.549905E-02,0.000000E+00,0.000000E+00,0.000000E+00,0.000000E+00,0.000000E+00,0.000000E+00,0.000000E+00,0.000000E+00,2.111070E+01,5.048422E+01,2.388779E+01,4.796943E+01,1.335016E+03,1.954118E+03,1.178289E-01,1.723139E-01,0.000000E+00,0.000000E+00,0.000000E+00,0.000000E+00,0.000000E+00,0.000000E+00,0.000000E+00,0.000000E+00,2.111052E+01,5.037354E+01,2.388322E+01,5.071149E+01,7.333059E+01,1.684087E+02,6.472176E-03,1.485026E-02,0.000000E+00,0.000000E+00,0.000000E+00,0.000000E+00,0.000000E+00,0.000000E+00,0.000000E+00,0.000000E+00,2.111111E+01,5.124987E+01,2.388848E+01,4.667395E+01
13:30:00,4.635256E+03,3.875145E+03,4.091088E-01,3.417098E-01,0.000000E+00,0.000000E+00,0.000000E+00,0.000000E+00,0.000000E+00,0.000000E+00,0.000000E+00,0.000000E+00,2.111081E+01,5.084868E+01,2.388761E+01,4.769747E+01,5.462056E+03,7.410688E+03,4.820824E-01,6.534736E-01,0.000000E+00,0.000000E+00,0.000000E+00,0.000000E+00,0.000000E+00,0.000000E+00,0.000000E+00,0.000000E+00,2.111094E+01,5.087640E+01,2.388650E+01,4.916163E+01,7.660231E+02,1.433830E+03,6.760939E-02,1.264349E-01,0.000000E+00,0.000000E+00,0.000000E+00,0.000000E+00,0.000000E+00,0.000000E+00,0.000000E+00,0.000000E+00,2.111084E+01,5.078919E+01,2.388786E+01,4.687183E+01,9.120944E+02,1.814420E+03,8.050168E-02,1.599953E-01,0.000000E+00,0.000000E+00,0.000000E+00,0.000000E+00,0.000000E+00,0.000000E+00,0.000000E+00,0.000000E+00,2.111075E+01,5.061043E+01,2.387886E+01,5.371421E+01,5.505275E+03,1.091089E+04,4.858969E-01,9.621210E-01,0.000000E+00,0.000000E+00,0.000000E+00,0.000000E+00,0.000000E+00,0.000000E+00,0.000000E+00,0.000000E+00,2.111079E+01,5.071690E+01,2.386615E+01,6.352489E+01,2.117116E+03,3.559980E+03,1.868572E-01,3.139185E-01,0.000000E+00,0.000000E+00,0.000000E+00,0.000000E+00,0.000000E+00,0.000000E+00,0.000000E+00,0.000000E+00,2.111075E+01,5.059194E+01,2.388536E+01,4.910992E+01,8.394356E+02,8.428092E+02,7.408880E-02,7.431881E-02,0.000000E+00,0.000000E+00,0.000000E+00,0.000000E+00,0.000000E+00,0.000000E+00,0.000000E+00,0.000000E+00,2.111089E+01,5.073786E+01,2.388778E+01,4.802846E+01,1.096231E+03,8.683597E+02,9.675360E-02,7.657185E-02,0.000000E+00,0.000000E+00,0.000000E+00,0.000000E+00,0.000000E+00,0.000000E+00,0.000000E+00,0.000000E+00,2.111069E+01,5.048169E+01,2.388779E+01,4.793572E+01,1.331995E+03,1.962208E+03,1.175622E-01,1.730273E-01,0.000000E+00,0.000000E+00,0.000000E+00,0.000000E+00,0.000000E+00,0.000000E+00,0.000000E+00,0.000000E+00,2.111052E+01,5.037147E+01,2.388323E+01,5.069180E+01,7.260155E+01,1.688196E+02,6.407831E-03,1.488649E-02,0.000000E+00,0.000000E+00,0.000000E+00,0.000000E+00,0.000000E+00,0.000000E+00,0.000000E+00,0.000000E+00,2.111111E+01,5.124987E+01,2.388848E+01,4.667191E+01
13:45:00,4.628008E+03,3.847874E+03,4.084691E-01,3.393050E-01,0.000000E+00,0.000000E+00,0.000000E+00,0.000000E+00,0.000000E+00,0.000000E+00,0.000000E+00,0.000000E+00,2.111081E+01,5.084803E+01,2.388761E+01,4.771245E+01,5.443807E+03,7.450688E+03,4.804717E-01,6.570007E-01,0.000000E+00,0.000000E+00,0.000000E+00,0.000000E+00,0.000000E+00,0.000000E+00,0.000000E+00,0.000000E+00,2.111094E+01,5.087497E+01,2.388651E+01,4.914325E+01,7.642240E+02,1.377090E+03,6.745060E-02,1.214316E-01,0.000000E+00,0.000000E+00,0.000000E+00,0.000000E+00,0.000000E+00,0.000000E+00,0.000000E+00,0.000000E+00,2.111084E+01,5.078802E+01,2.388784E+01,4.690865E+01,9.098681E+02,1.804750E+03,8.030519E-02,1.591426E-01,0.000000E+00,0.000000E+00,0.000000E+00,0.000000E+00,0.000000E+00,0.000000E+00,0.000000E+00,0.000000E+00,2.111075E+01,5.060874E+01,2.387887E+01,5.375415E+01,5.497813E+03,1.066987E+04,4.852383E-01,9.408682E-01,0.000000E+00,0.000000E+00,0.000000E+00,0.000000E+00,0.000000E+00,0.000000E+00,0.000000E+00,0.000000E+00,2.111079E+01,5.071610E+01,2.386587E+01,6.393082E+01,2.110860E+03,3.655157E+03,1.863050E-01,3.223113E-01,0.000000E+00,0.000000E+00,0.000000E+00,0.000000E+00,0.000000E+00,0.000000E+00,0.000000E+00,0.000000E+00,2.111075E+01,5.058985E+01,2.388540E+01,4.902455E+01,8.362633E+02,8.516892E+02,7.380881E-02,7.510185E-02,0.000000E+00,0.000000E+00,0.000000E+00,0.000000E+00,0.000000E+00,0.000000E+00,0.000000E+00,0.000000E+00,2.111089E+01,5.073563E+01,2.388779E+01,4.800175E+01,1.093207E+03,8.792587E+02,9.648670E-02,7.753292E-02,0.000000E+00,0.000000E+00,0.000000E+00,0.000000E+00,0.000000E+00,0.000000E+00,0.000000E+00,0.000000E+00,2.111069E+01,5.047938E+01,2.388780E+01,4.790647E+01,1.329269E+03,1.969525E+03,1.173216E-01,1.736725E-01,0.000000E+00,0.000000E+00,0.000000E+00,0.000000E+00,0.000000E+00,0.000000E+00,0.000000E+00,0.000000E+00,2.111052E+01,5.036960E+01,2.388324E+01,5.067470E+01,7.193511E+01,1.691435E+02,6.349011E-03,1.491505E-02,0.000000E+00,0.000000E+00,0.000000E+00,0.000000E+00,0.000000E+00,0.000000E+00,0.000000E+00,0.000000E+00,2.111111E+01,5.124987E+01,2.388848E+01,4.667022E+01
14:00:00,4.621123E+03,3.829482E+03,4.078614E-01,3.376833E-01,0.000000E+00,0.000000E+00,0.000000E+00,0.000000E+00,0.000000E+00,0.000000E+00,0.000000E+00,0.000000E+00,2.111081E+01,5.084741E+01,2.388760E+01,4.772402E+01,5.427221E+03,7.487782E+03,4.790079E-01,6.602716E-01,0.000000E+00,0.000000E+00,0.000000E+00,0.000000E+00,0.000000E+00,0.000000E+00,0.000000E+00,0.000000E+00,2.111094E+01,5.087366E+01,2.388651E+01,4.912603E+01,7.626001E+02,1.330393E+03,6.730727E-02,1.173139E-01,0.000000E+00,0.000000E+00,0.000000E+00,0.000000E+00,0.000000E+00,0.000000E+00,0.000000E+00,0.000000E+00,2.111084E+01,5.078695E+01,2.388783E+01,4.694102E+01,9.078647E+02,1.793759E+03,8.012836E-02,1.581734E-01,0.000000E+00,0.000000E+00,0.000000E+00,0.000000E+00,0.000000E+00,0.000000E+00,0.000000E+00,0.000000E+00,2.111075E+01,5.060722E+01,2.387887E+01,5.380093E+01,5.491020E+03,1.048456E+04,4.846388E-01,9.245275E-01,0.000000E+00,0.000000E+00,0.000000E+00,0.000000E+00,0.000000E+00,0.000000E+00,0.000000E+00,0.000000E+00,2.111079E+01,5.071537E+01,2.386559E+01,6.424898E+01,2.105198E+03,3.743303E+03,1.858053E-01,3.300840E-01,0.000000E+00,0.000000E+00,0.000000E+00,0.000000E+00,0.000000E+00,0.000000E+00,0.000000E+00,0.000000E+00,2.111075E+01,5.058794E+01,2.388543E+01,4.894962E+01,8.333808E+02,8.599194E+02,7.355439E-02,7.582759E-02,0.000000E+00,0.000000E+00,0.000000E+00,0.000000E+00,0.000000E+00,0.000000E+00,0.000000E+00,0.000000E+00,2.111089E+01,5.073360E+01,2.388780E+01,4.797842E+01,1.090466E+03,8.892828E+02,9.624484E-02,7.841685E-02,0.000000E+00,0.000000E+00,0.000000E+00,0.000000E+00,0.000000E+00,0.000000E+00,0.000000E+00,0.000000E+00,2.111069E+01,5.047728E+01,2.388781E+01,4.788102E+01,1.326806E+03,1.976381E+03,1.171043E-01,1.742770E-01,0.000000E+00,0.000000E+00,0.000000E+00,0.000000E+00,0.000000E+00,0.000000E+00,0.000000E+00,0.000000E+00,2.111052E+01,5.036790E+01,2.388325E+01,5.065939E+01,7.132554E+01,1.693702E+02,6.295210E-03,1.493504E-02,0.000000E+00,0.000000E+00,0.000000E+00,0.000000E+00,0.000000E+00,0.000000E+00,0.000000E+00,0.000000E+00,2.111111E+01,5.124987E+01,2.388848E+01,4.666890E+01
14:15:00,4.614588E+03,3.818890E+03,4.072847E-01,3.367493E-01,0.000000E+00,0.000000E+00,0.000000E+00,0.000000E+00,0.000000E+00,0.000000E+00,0.000000E+00,0.000000E+00,2.111081E+01,5.084683E+01,2.388759E+01,4.773165E+01,5.412298E+03,7.519972E+03,4.776908E-01,6.631102E-01,0.000000E+00,0.000000E+00,0.000000E+00,0.000000E+00,0.000000E+00,0.000000E+00,0.000000E+00,0.000000E+00,2.111094E+01,5.087247E+01,2.388652E+01,4.911036E+01,7.611443E+02,1.291591E+03,6.717878E-02,1.138924E-01,0.000000E+00,0.000000E+00,0.000000E+00,0.000000E+00,0.000000E+00,0.000000E+00,0.000000E+00,0.000000E+00,2.111084E+01,5.078599E+01,2.388781E+01,4.696967E+01,9.060789E+02,1.781834E+03,7.997075E-02,1.571219E-01,0.000000E+00,0.000000E+00,0.000000E+00,0.000000E+00,0.000000E+00,0.000000E+00,0.000000E+00,0.000000E+00,2.111075E+01,5.060584E+01,2.387887E+01,5.385182E+01,5.484906E+03,1.034193E+04,4.840992E-01,9.119498E-01,0.000000E+00,0.000000E+00,0.000000E+00,0.000000E+00,0.000000E+00,0.000000E+00,0.000000E+00,0.000000E+00,2.111079E+01,5.071471E+01,2.386537E+01,6.450060E+01,2.100127E+03,3.823675E+03,1.853577E-01,3.371712E-01,0.000000E+00,0.000000E+00,0.000000E+00,0.000000E+00,0.000000E+00,0.000000E+00,0.000000E+00,0.000000E+00,2.111075E+01,5.058620E+01,2.388546E+01,4.888416E+01,8.307904E+02,8.680189E+02,7.332576E-02,7.654180E-02,0.000000E+00,0.000000E+00,0.000000E+00,0.000000E+00,0.000000E+00,0.000000E+00,0.000000E+00,0.000000E+00,2.111089E+01,5.073173E+01,2.388780E+01,4.795735E+01,1.088010E+03,8.989211E+02,9.602806E-02,7.926675E-02,0.000000E+00,0.000000E+00,0.000000E+00,0.000000E+00,0.000000E+00,0.000000E+00,0.000000E+00,0.000000E+00,2.111069E+01,5.047537E+01,2.388781E+01,4.785824E+01,1.324598E+03,1.983128E+03,1.169093E-01,1.748720E-01,0.000000E+00,0.000000E+00,0.000000E+00,0.000000E+00,0.000000E+00,0.000000E+00,0.000000E+00,0.000000E+00,2.111052E+01,5.036636E+01,2.388325E+01,5.064413E+01,7.077313E+01,1.694898E+02,6.246454E-03,1.494558E-02,0.000000E+00,0.000000E+00,0.000000E+00,0.000000E+00,0.000000E+00,0.000000E+00,0.000000E+00,0.000000E+00,2.111111E+01,5.124987E+01,2.388848E+01,4.666799E+01
14:30:00,4.608366E+03,3.813954E+03,4.067355E-01,3.363139E-01,0.000000E+00,0.000000E+00,0.000000E+00,0.000000E+00,0.000000E+00,0.000000E+00,0.000000E+00,0.000000E+00,2.111081E+01,5.084627E+01,2.388759E+01,4.773624E+01,5.398867E+03,7.544436E+03,4.765053E-01,6.652674E-01,0.000000E+00,0.000000E+00,0.000000E+00,0.000000E+00,0.000000E+00,0.000000E+00,0.000000E+00,0.000000E+00,2.111094E+01,5.087138E+01,2.388652E+01,4.909734E+01,7.598379E+02,1.258087E+03,6.706348E-02,1.109379E-01,0.000000E+00,0.000000E+00,0.000000E+00,0.000000E+00,0.000000E+00,0.000000E+00,0.000000E+00,0.000000E+00,2.111084E+01,5.078512E+01,2.388780E+01,4.699594E+01,9.044871E+02,1.769428E+03,7.983025E-02,1.560279E-01,0.000000E+00,0.000000E+00,0.000000E+00,0.000000E+00,0.000000E+00,0.000000E+00,0.000000E+00,0.000000E+00,2.111075E+01,5.060460E+01,2.387886E+01,5.390580E+01,5.479405E+03,1.022196E+04,4.836136E-01,9.013707E-01,0.000000E+00,0.000000E+00,0.000000E+00,0.000000E+00,0.000000E+00,0.000000E+00,0.000000E+00,0.000000E+00,2.111079E+01,5.071411E+01,2.386523E+01,6.471557E+01,2.095584E+03,3.895788E+03,1.849568E-01,3.435301E-01,0.000000E+00,0.000000E+00,0.000000E+00,0.000000E+00,0.000000E+00,0.000000E+00,0.000000E+00,0.000000E+00,2.111075E+01,5.058464E+01,2.388549E+01,4.882777E+01,8.284620E+02,8.765175E+02,7.312027E-02,7.729120E-02,0.000000E+00,0.000000E+00,0.000000E+00,0.000000E+00,0.000000E+00,0.000000E+00,0.000000E+00,0.000000E+00,2.111089E+01,5.073003E+01,2.388780E+01,4.793731E+01,1.085808E+03,9.086927E+02,9.583370E-02,8.012841E-02,0.000000E+00,0.000000E+00,0.000000E+00,0.000000E+00,0.000000E+00,0.000000E+00,0.000000E+00,0.000000E+00,2.111069E+01,5.047364E+01,2.388782E+01,4.783699E+01,1.322615E+03,1.990182E+03,1.167343E-01,1.754940E-01,0.000000E+00,0.000000E+00,0.000000E+00,0.000000E+00,0.000000E+00,0.000000E+00,0.000000E+00,0.000000E+00,2.111052E+01,5.036497E+01,2.388326E+01,5.062841E+01,7.027273E+01,1.694928E+02,6.202289E-03,1.494585E-02,0.000000E+00,0.000000E+00,0.000000E+00,0.000000E+00,0.000000E+00,0.000000E+00,0.000000E+00,0.000000E+00,2.111111E+01,5.124987E+01,2.388848E+01,4.666753E+01
14:45:00,4.602415E+03,3.811937E+03,4.062103E-01,3.361361E-01,0.000000E+00,0.000000E+00,0.000000E+00,0.000000E+00,0.000000E+00,0.000000E+00,0.000000E+00,0.000000E+00,2.111081E+01,5.084574E+01,2.388758E+01,4.773885E+01,5.386733E+03,7.559710E+03,4.754344E-01,6.666143E-01,0.000000E+00,0.000000E+00,0.000000E+00,0.000000E+00,0.000000E+00,0.000000E+00,0.000000E+00,0.000000E+00,2.111094E+01,5.087039E+01,2.388653E+01,4.908779E+01,7.586610E+02,1.228357E+03,6.695961E-02,1.083163E-01,0.000000E+00,0.000000E+00,0.000000E+00,0.000000E+00,0.000000E+00,0.000000E+00,0.000000E+00,0.000000E+00,2.111084E+01,5.078434E+01,2.388779E+01,4.702061E+01,9.030632E+02,1.756832E+03,7.970458E-02,1.549172E-01,0.000000E+00,0.000000E+00,0.000000E+00,0.000000E+00,0.000000E+00,0.000000E+00,0.000000E+00,0.000000E+00,2.111075E+01,5.060350E+01,2.387884E+01,5.396159E+01,5.474438E+03,1.011452E+04,4.831752E-01,8.918971E-01,0.000000E+00,0.000000E+00,0.000000E+00,0.000000E+00,0.000000E+00,0.000000E+00,0.000000E+00,0.000000E+00,2.111079E+01,5.071357E+01,2.386513E+01,6.491235E+01,2.091502E+03,3.959158E+03,1.845965E-01,3.491180E-01,0.000000E+00,0.000000E+00,0.000000E+00,0.000000E+00,0.000000E+00,0.000000E+00,0.000000E+00,0.000000E+00,2.111075E+01,5.058323E+01,2.388552E+01,4.877994E+01,8.263617E+02,8.857290E+02,7.293489E-02,7.810347E-02,0.000000E+00,0.000000E+00,0.000000E+00,0.000000E+00,0.000000E+00,0.000000E+00,0.000000E+00,0.000000E+00,2.111089E+01,5.072850E+01,2.388780E+01,4.791727E+01,1.083826E+03,9.188959E+02,9.565876E-02,8.102812E-02,0.000000E+00,0.000000E+00,0.000000E+00,0.000000E+00,0.000000E+00,0.000000E+00,0.000000E+00,0.000000E+00,2.111069E+01,5.047209E+01,2.388782E+01,4.781633E+01,1.320827E+03,1.997695E+03,1.165765E-01,1.761565E-01,0.000000E+00,0.000000E+00,0.000000E+00,0.000000E+00,0.000000E+00,0.000000E+00,0.000000E+00,0.000000E+00,2.111052E+01,5.036373E+01,2.388326E+01,5.061177E+01,6.981838E+01,1.693714E+02,6.162187E-03,1.493515E-02,0.000000E+00,0.000000E+00,0.000000E+00,0.000000E+00,0.000000E+00,0.000000E+00,0.000000E+00,0.000000E+00,2.111111E+01,5.124987E+01,2.388849E+01,4.666757E+01
15:00:00,4.596705E+03,3.810451E+03,4.057063E-01,3.360051E-01,0.000000E+00,0.000000E+00,0.000000E+00,0.000000E+00,0.000000E+00,0.000000E+00,0.000000E+00,0.000000E+00,2.111081E+01,5.084523E+01,2.388758E+01,4.774030E+01,5.375748E+03,7.564424E+03,4.744648E-01,6.670300E-01,0.000000E+00,0.000000E+00,0.000000E+00,0.000000E+00,0.000000E+00,0.000000E+00,0.000000E+00,0.000000E+00,2.111094E+01,5.086950E+01,2.388654E+01,4.908213E+01,7.575978E+02,1.201381E+03,6.686577E-02,1.059376E-01,0.000000E+00,0.000000E+00,0.000000E+00,0.000000E+00,0.000000E+00,0.000000E+00,0.000000E+00,0.000000E+00,2.111084E+01,5.078363E+01,2.388779E+01,4.704401E+01,9.017869E+02,1.744112E+03,7.959194E-02,1.537956E-01,0.000000E+00,0.000000E+00,0.000000E+00,0.000000E+00,0.000000E+00,0.000000E+00,0.000000E+00,0.000000E+00,2.111075E+01,5.060251E+01,2.387883E+01,5.401824E+01,5.469943E+03,1.001379E+04,4.827785E-01,8.830150E-01,0.000000E+00,0.000000E+00,0.000000E+00,0.000000E+00,0.000000E+00,0.000000E+00,0.000000E+00,0.000000E+00,2.111079E+01,5.071307E+01,2.386506E+01,6.509943E+01,2.087825E+03,4.013042E+03,1.842720E-01,3.538696E-01,0.000000E+00,0.000000E+00,0.000000E+00,0.000000E+00,0.000000E+00,0.000000E+00,0.000000E+00,0.000000E+00,2.111075E+01,5.058196E+01,2.388554E+01,4.874016E+01,8.244630E+02,8.956563E+02,7.276731E-02,7.897885E-02,0.000000E+00,0.000000E+00,0.000000E+00,0.000000E+00,0.000000E+00,0.000000E+00,0.000000E+00,0.000000E+00,2.111089E+01,5.072710E+01,2.388780E+01,4.789662E+01,1.082038E+03,9.295139E+02,9.550095E-02,8.196441E-02,0.000000E+00,0.000000E+00,0.000000E+00,0.000000E+00,0.000000E+00,0.000000E+00,0.000000E+00,0.000000E+00,2.111069E+01,5.047068E+01,2.388782E+01,4.779571E+01,1.319209E+03,2.005500E+03,1.164337E-01,1.768447E-01,0.000000E+00,0.000000E+00,0.000000E+00,0.000000E+00,0.000000E+00,0.000000E+00,0.000000E+00,0.000000E+00,2.111052E+01,5.036260E+01,2.388326E+01,5.059414E+01,6.940530E+01,1.691196E+02,6.125729E-03,1.491294E-02,0.000000E+00,0.000000E+00,0.000000E+00,0.000000E+00,0.000000E+00,0.000000E+00,0.000000E+00,0.000000E+00,2.111111E+01,5.124987E+01,2.388849E+01,4.666813E+01
15:15:00,4.591181E+03,3.807304E+03,4.052188E-01,3.357276E-01,0.000000E+00,0.000000E+00,0.000000E+00,0.000000E+00,0.000000E+00,0.000000E+00,0.000000E+00,0.000000E+00,2.111081E+01,5.084473E+01,2.388758E+01,4.774124E+01,5.365621E+03,7.556813E+03,4.735711E-01,6.663588E-01,0.000000E+00,0.000000E+00,0.000000E+00,0.000000E+00,0.000000E+00,0.000000E+00,0.000000E+00,0.000000E+00,2.111094E+01,5.086867E+01,2.388654E+01,4.908059E+01,7.566218E+02,1.176285E+03,6.677963E-02,1.037247E-01,0.000000E+00,0.000000E+00,0.000000E+00,0.000000E+00,0.000000E+00,0.000000E+00,0.000000E+00,0.000000E+00,2.111084E+01,5.078299E+01,2.388778E+01,4.706637E+01,9.006222E+02,1.731132E+03,7.948914E-02,1.526510E-01,0.000000E+00,0.000000E+00,0.000000E+00,0.000000E+00,0.000000E+00,0.000000E+00,0.000000E+00,0.000000E+00,2.111075E+01,5.060161E+01,2.387881E+01,5.407551E+01,5.465796E+03,9.915061E+03,4.824125E-01,8.743088E-01,0.000000E+00,0.000000E+00,0.000000E+00,0.000000E+00,0.000000E+00,0.000000E+00,0.000000E+00,0.000000E+00,2.111079E+01,5.071263E+01,2.386500E+01,6.528144E+01,2.084454E+03,4.056537E+03,1.839744E-01,3.577049E-01,0.000000E+00,0.000000E+00,0.000000E+00,0.000000E+00,0.000000E+00,0.000000E+00,0.000000E+00,0.000000E+00,2.111075E+01,5.058080E+01,2.388557E+01,4.870814E+01,8.227135E+02,9.060572E+02,7.261290E-02,7.989601E-02,0.000000E+00,0.000000E+00,0.000000E+00,0.000000E+00,0.000000E+00,0.000000E+00,0.000000E+00,0.000000E+00,2.111089E+01,5.072582E+01,2.388780E+01,4.787526E+01,1.080394E+03,9.402721E+02,9.535581E-02,8.291307E-02,0.000000E+00,0.000000E+00,0.000000E+00,0.000000E+00,0.000000E+00,0.000000E+00,0.000000E+00,0.000000E+00,2.111069E+01,5.046940E+01,2.388782E+01,4.777499E+01,1.317720E+03,2.013083E+03,1.163023E-01,1.775134E-01,0.000000E+00,0.000000E+00,0.000000E+00,0.000000E+00,0.000000E+00,0.000000E+00,0.000000E+00,0.000000E+00,2.111052E+01,5.036156E+01,2.388327E+01,5.057593E+01,6.902389E+01,1.687319E+02,6.092066E-03,1.487875E-02,0.000000E+00,0.000000E+00,0.000000E+00,0.000000E+00,0.000000E+00,0.000000E+00,0.000000E+00,0.000000E+00,2.111111E+01,5.124987E+01,2.388849E+01,4.666923E+01
15:30:00,4.585827E+03,3.801288E+03,4.047462E-01,3.351970E-01,0.000000E+00,0.000000E+00,0.000000E+00,0.000000E+00,0.000000E+00,0.000000E+00,0.000000E+00,0.000000E+00,2.111081E+01,5.084425E+01,2.388758E+01,4.774302E+01,5.356272E+03,7.535495E+03,4.727459E-01,6.644790E-01,0.000000E+00,0.000000E+00,0.000000E+00,0.000000E+00,0.000000E+00,0.000000E+00,0.000000E+00,0.000000E+00,2.111094E+01,5.086792E+01,2.388655E+01,4.908417E+01,7.557229E+02,1.152392E+03,6.670029E-02,1.016178E-01,0.000000E+00,0.000000E+00,0.000000E+00,0.000000E+00,0.000000E+00,0.000000E+00,0.000000E+00,0.000000E+00,2.111084E+01,5.078240E+01,2.388777E+01,4.708853E+01,8.995569E+02,1.717717E+03,7.939512E-02,1.514681E-01,0.000000E+00,0.000000E+00,0.000000E+00,0.000000E+00,0.000000E+00,0.000000E+00,0.000000E+00,0.000000E+00,2.111075E+01,5.060078E+01,2.387880E+01,5.413588E+01,5.461964E+03,9.814751E+03,4.820743E-01,8.654635E-01,0.000000E+00,0.000000E+00,0.000000E+00,0.000000E+00,0.000000E+00,0.000000E+00,0.000000E+00,0.000000E+00,2.111079E+01,5.071221E+01,2.386497E+01,6.546868E+01,2.081357E+03,4.088839E+03,1.837011E-01,3.605533E-01,0.000000E+00,0.000000E+00,0.000000E+00,0.000000E+00,0.000000E+00,0.000000E+00,0.000000E+00,0.000000E+00,2.111075E+01,5.057974E+01,2.388559E+01,4.868436E+01,8.210991E+02,9.165776E+02,7.247041E-02,8.082369E-02,0.000000E+00,0.000000E+00,0.000000E+00,0.000000E+00,0.000000E+00,0.000000E+00,0.000000E+00,0.000000E+00,2.111089E+01,5.072464E+01,2.388781E+01,4.785357E+01,1.078879E+03,9.507944E+02,9.522213E-02,8.384093E-02,0.000000E+00,0.000000E+00,0.000000E+00,0.000000E+00,0.000000E+00,0.000000E+00,0.000000E+00,0.000000E+00,2.111069E+01,5.046822E+01,2.388782E+01,4.775466E+01,1.316345E+03,2.019912E+03,1.161809E-01,1.781156E-01,0.000000E+00,0.000000E+00,0.000000E+00,0.000000E+00,0.000000E+00,0.000000E+00,0.000000E+00,0.000000E+00,2.111052E+01,5.036061E+01,2.388327E+01,5.055953E+01,6.867098E+01,1.682036E+02,6.060918E-03,1.483217E-02,0.000000E+00,0.000000E+00,0.000000E+00,0.000000E+00,0.000000E+00,0.000000E+00,0.000000E+00,0.000000E+00,2.111111E+01,5.124987E+01,2.388849E+01,4.667091E+01
15:45:00,4.580632E+03,3.791390E+03,4.042877E-01,3.343243E-01,0.000000E+00,0.000000E+00,0.000000E+00,0.000000E+00,0.000000E+00,0.000000E+00,0.000000E+00,0.000000E+00,2.111081E+01,5.084379E+01,2.388758E+01,4.774631E+01,5.347667E+03,7.499053E+03,4.719865E-01,6.612655E-01,0.000000E+00,0.000000E+00,0.000000E+00,0.000000E+00,0.000000E+00,0.000000E+00,0.000000E+00,0.000000E+00,2.111094E+01,5.086722E+01,2.388656E+01,4.909362E+01,7.548953E+02,1.129147E+03,6.662725E-02,9.956801E-02,0.000000E+00,0.000000E+00,0.000000E+00,0.000000E+00,0.000000E+00,0.000000E+00,0.000000E+00,0.000000E+00,2.111084E+01,5.078185E+01,2.388777E+01,4.711099E+01,8.985853E+02,1.703675E+03,7.930937E-02,1.502298E-01,0.000000E+00,0.000000E+00,0.000000E+00,0.000000E+00,0.000000E+00,0.000000E+00,0.000000E+00,0.000000E+00,2.111075E+01,5.060003E+01,2.387879E+01,5.420058E+01,5.458435E+03,9.710022E+03,4.817628E-01,8.562285E-01,0.000000E+00,0.000000E+00,0.000000E+00,0.000000E+00,0.000000E+00,0.000000E+00,0.000000E+00,0.000000E+00,2.111079E+01,5.071183E+01,2.386496E+01,6.566790E+01,2.078521E+03,4.109132E+03,1.834508E-01,3.623427E-01,0.000000E+00,0.000000E+00,0.000000E+00,0.000000E+00,0.000000E+00,0.000000E+00,0.000000E+00,0.000000E+00,2.111075E+01,5.057876E+01,2.388561E+01,4.866896E+01,8.196149E+02,9.268181E+02,7.233941E-02,8.172670E-02,0.000000E+00,0.000000E+00,0.000000E+00,0.000000E+00,0.000000E+00,0.000000E+00,0.000000E+00,0.000000E+00,2.111089E+01,5.072356E+01,2.388781E+01,4.783218E+01,1.077489E+03,9.606610E+02,9.509949E-02,8.471097E-02,0.000000E+00,0.000000E+00,0.000000E+00,0.000000E+00,0.000000E+00,0.000000E+00,0.000000E+00,0.000000E+00,2.111069E+01,5.046713E+01,2.388783E+01,4.773532E+01,1.315077E+03,2.025440E+03,1.160690E-01,1.786030E-01,0.000000E+00,0.000000E+00,0.000000E+00,0.000000E+00,0.000000E+00,0.000000E+00,0.000000E+00,0.000000E+00,2.111052E+01,5.035973E+01,2.388328E+01,5.054630E+01,6.834503E+01,1.675311E+02,6.032149E-03,1.477287E-02,0.000000E+00,0.000000E+00,0.000000E+00,0.000000E+00,0.000000E+00,0.000000E+00,0.000000E+00,0.000000E+00,2.111111E+01,5.124987E+01,2.388849E+01,4.667318E+01
16:00:00,4.575585E+03,3.777304E+03,4.038423E-01,3.330822E-01,0.000000E+00,0.000000E+00,0.000000E+00,0.000000E+00,0.000000E+00,0.000000E+00,0.000000E+00,0.000000E+00,2.111081E+01,5.084333E+01,2.388759E+01,4.775125E+01,5.339758E+03,7.445700E+03,4.712883E-01,6.565609E-01,0.000000E+00,0.000000E+00,0.000000E+00,0.000000E+00,0.000000E+00,0.000000E+00,0.000000E+00,0.000000E+00,2.111094E+01,5.086658E+01,2.388657E+01,4.910937E+01,7.541329E+02,1.105622E+03,6.655996E-02,9.749357E-02,0.000000E+00,0.000000E+00,0.000000E+00,0.000000E+00,0.000000E+00,0.000000E+00,0.000000E+00,0.000000E+00,2.111084E+01,5.078134E+01,2.388777E+01,4.713397E+01,8.977001E+02,1.688553E+03,7.923123E-02,1.488964E-01,0.000000E+00,0.000000E+00,0.000000E+00,0.000000E+00,0.000000E+00,0.000000E+00,0.000000E+00,0.000000E+00,2.111075E+01,5.059934E+01,2.387879E+01,5.426986E+01,5.455192E+03,9.595428E+03,4.814766E-01,8.461236E-01,0.000000E+00,0.000000E+00,0.000000E+00,0.000000E+00,0.000000E+00,0.000000E+00,0.000000E+00,0.000000E+00,2.111079E+01,5.071148E+01,2.386495E+01,6.588236E+01,2.075929E+03,4.117693E+03,1.832220E-01,3.630976E-01,0.000000E+00,0.000000E+00,0.000000E+00,0.000000E+00,0.000000E+00,0.000000E+00,0.000000E+00,0.000000E+00,2.111075E+01,5.057786E+01,2.388563E+01,4.866185E+01,8.182523E+02,9.363921E+02,7.221915E-02,8.257094E-02,0.000000E+00,0.000000E+00,0.000000E+00,0.000000E+00,0.000000E+00,0.000000E+00,0.000000E+00,0.000000E+00,2.111089E+01,5.072256E+01,2.388781E+01,4.781173E+01,1.076217E+03,9.694648E+02,9.498715E-02,8.548729E-02,0.000000E+00,0.000000E+00,0.000000E+00,0.000000E+00,0.000000E+00,0.000000E+00,0.000000E+00,0.000000E+00,2.111069E+01,5.046613E+01,2.388783E+01,4.771752E+01,1.313907E+03,2.028708E+03,1.159658E-01,1.788912E-01,0.000000E+00,0.000000E+00,0.000000E+00,0.000000E+00,0.000000E+00,0.000000E+00,0.000000E+00,0.000000E+00,2.111052E+01,5.035891E+01,2.388330E+01,5.053684E+01,6.804406E+01,1.667119E+02,6.005585E-03,1.470063E-02,0.000000E+00,0.000000E+00,0.000000E+00,0.000000E+00,0.000000E+00,0.000000E+00,0.000000E+00,0.000000E+00,2.111111E+01,5.124987E+01,2.388849E+01,4.667608E+01
16:15:00,4.570676E+03,3.764177E+03,4.034090E-01,3.319246E-01,0.000000E+00,0.000000E+00,0.000000E+00,0.000000E+00,0.000000E+00,0.000000E+00,0.000000E+00,0.000000E+00,2.111081E+01,5.084289E+01,2.388759E+01,4.775766E+01,5.332489E+03,7.375872E+03,4.706468E-01,6.504035E-01,0.000000E+00,0.000000E+00,0.000000E+00,0.000000E+00,0.000000E+00,0.000000E+00,0.000000E+00,0.000000E+00,2.111094E+01,5.086599E+01,2.388658E+01,4.913196E+01,7.534299E+02,1.081927E+03,6.649791E-02,9.540417E-02,0.000000E+00,0.000000E+00,0.000000E+00,0.000000E+00,0.000000E+00,0.000000E+00,0.000000E+00,0.000000E+00,2.111084E+01,5.078088E+01,2.388777E+01,4.715837E+01,8.968937E+02,1.672477E+03,7.916006E-02,1.474788E-01,0.000000E+00,0.000000E+00,0.000000E+00,0.000000E+00,0.000000E+00,0.000000E+00,0.000000E+00,0.000000E+00,2.111075E+01,5.059872E+01,2.387878E+01,5.434594E+01,5.452217E+03,9.472283E+03,4.812140E-01,8.352647E-01,0.000000E+00,0.000000E+00,0.000000E+00,0.000000E+00,0.000000E+00,0.000000E+00,0.000000E+00,0.000000E+00,2.111079E+01,5.071116E+01,2.386496E+01,6.612361E+01,2.073560E+03,4.114061E+03,1.830129E-01,3.627773E-01,0.000000E+00,0.000000E+00,0.000000E+00,0.000000E+00,0.000000E+00,0.000000E+00,0.000000E+00,0.000000E+00,2.111075E+01,5.057704E+01,2.388565E+01,4.866197E+01,8.170022E+02,9.450365E+02,7.210882E-02,8.333320E-02,0.000000E+00,0.000000E+00,0.000000E+00,0.000000E+00,0.000000E+00,0.000000E+00,0.000000E+00,0.000000E+00,2.111089E+01,5.072164E+01,2.388782E+01,4.779280E+01,1.075052E+03,9.769610E+02,9.488433E-02,8.614830E-02,0.000000E+00,0.000000E+00,0.000000E+00,0.000000E+00,0.000000E+00,0.000000E+00,0.000000E+00,0.000000E+00,2.111069E+01,5.046522E+01,2.388784E+01,4.770176E+01,1.312828E+03,2.029729E+03,1.158705E-01,1.789812E-01,0.000000E+00,0.000000E+00,0.000000E+00,0.000000E+00,0.000000E+00,0.000000E+00,0.000000E+00,0.000000E+00,2.111052E+01,5.035816E+01,2.388331E+01,5.053303E+01,6.776612E+01,1.657464E+02,5.981055E-03,1.461549E-02,0.000000E+00,0.000000E+00,0.000000E+00,0.000000E+00,0.000000E+00,0.000000E+00,0.000000E+00,0.000000E+00,2.111111E+01,5.124987E+01,2.388849E+01,4.667963E+01
16:30:00,4.565893E+03,3.755108E+03,4.029868E-01,3.311249E-01,0.000000E+00,0.000000E+00,0.000000E+00,0.000000E+00,0.000000E+00,0.000000E+00,0.000000E+00,0.000000E+00,2.111081E+01,5.084246E+01,2.388758E+01,4.776358E+01,5.325809E+03,7.289426E+03,4.700572E-01,6.427807E-01,0.000000E+00,0.000000E+00,0.000000E+00,0.000000E+00,0.000000E+00,0.000000E+00,0.000000E+00,0.000000E+00,2.111094E+01,5.086544E+01,2.388659E+01,4.916183E+01,7.527806E+02,1.057935E+03,6.644060E-02,9.328856E-02,0.000000E+00,0.000000E+00,0.000000E+00,0.000000E+00,0.000000E+00,0.000000E+00,0.000000E+00,0.000000E+00,2.111084E+01,5.078045E+01,2.388776E+01,4.718432E+01,8.961593E+02,1.655409E+03,7.909525E-02,1.459738E-01,0.000000E+00,0.000000E+00,0.000000E+00,0.000000E+00,0.000000E+00,0.000000E+00,0.000000E+00,0.000000E+00,2.111075E+01,5.059814E+01,2.387877E+01,5.442900E+01,5.449489E+03,9.340530E+03,4.809732E-01,8.236468E-01,0.000000E+00,0.000000E+00,0.000000E+00,0.000000E+00,0.000000E+00,0.000000E+00,0.000000E+00,0.000000E+00,2.111079E+01,5.071087E+01,2.386497E+01,6.639176E+01,2.071396E+03,4.097900E+03,1.828219E-01,3.613523E-01,0.000000E+00,0.000000E+00,0.000000E+00,0.000000E+00,0.000000E+00,0.000000E+00,0.000000E+00,0.000000E+00,2.111075E+01,5.057628E+01,2.388567E+01,4.866993E+01,8.158556E+02,9.524905E+02,7.200762E-02,8.399049E-02,0.000000E+00,0.000000E+00,0.000000E+00,0.000000E+00,0.000000E+00,0.000000E+00,0.000000E+00,0.000000E+00,2.111089E+01,5.072079E+01,2.388782E+01,4.777585E+01,1.073986E+03,9.828796E+02,9.479025E-02,8.667020E-02,0.000000E+00,0.000000E+00,0.000000E+00,0.000000E+00,0.000000E+00,0.000000E+00,0.000000E+00,0.000000E+00,2.111069E+01,5.046437E+01,2.388784E+01,4.768845E+01,1.311829E+03,2.028277E+03,1.157824E-01,1.788532E-01,0.000000E+00,0.000000E+00,0.000000E+00,0.000000E+00,0.000000E+00,0.000000E+00,0.000000E+00,0.000000E+00,2.111052E+01,5.035746E+01,2.388332E+01,5.053507E+01,6.750937E+01,1.646369E+02,5.958394E-03,1.451766E-02,0.000000E+00,0.000000E+00,0.000000E+00,0.000000E+00,0.000000E+00,0.000000E+00,0.000000E+00,0.000000E+00,2.111111E+01,5.124987E+01,2.388849E+01,4.668383E+01
16:45:00,4.561227E+03,3.751592E+03,4.025750E-01,3.308149E-01,0.000000E+00,0.000000E+00,0.000000E+00,0.000000E+00,0.000000E+00,0.000000E+00,0.000000E+00,0.000000E+00,2.111081E+01,5.084204E+01,2.388758E+01,4.776706E+01,5.319669E+03,7.186319E+03,4.695153E-01,6.336887E-01,0.000000E+00,0.000000E+00,0.000000E+00,0.000000E+00,0.000000E+00,0.000000E+00,0.000000E+00,0.000000E+00,2.111094E+01,5.086494E+01,2.388660E+01,4.919928E+01,7.521801E+02,1.033525E+03,6.638761E-02,9.113609E-02,0.000000E+00,0.000000E+00,0.000000E+00,0.000000E+00,0.000000E+00,0.000000E+00,0.000000E+00,0.000000E+00,2.111084E+01,5.078005E+01,2.388776E+01,4.721163E+01,8.954904E+02,1.637325E+03,7.903620E-02,1.443791E-01,0.000000E+00,0.000000E+00,0.000000E+00,0.000000E+00,0.000000E+00,0.000000E+00,0.000000E+00,0.000000E+00,2.111075E+01,5.059762E+01,2.387876E+01,5.451826E+01,5.446989E+03,9.199990E+03,4.807526E-01,8.112539E-01,0.000000E+00,0.000000E+00,0.000000E+00,0.000000E+00,0.000000E+00,0.000000E+00,0.000000E+00,0.000000E+00,2.111079E+01,5.071059E+01,2.386496E+01,6.668269E+01,2.069419E+03,4.069081E+03,1.826474E-01,3.588110E-01,0.000000E+00,0.000000E+00,0.000000E+00,0.000000E+00,0.000000E+00,0.000000E+00,0.000000E+00,0.000000E+00,2.111075E+01,5.057559E+01,2.388568E+01,4.868655E+01,8.148041E+02,9.585091E+02,7.191482E-02,8.452121E-02,0.000000E+00,0.000000E+00,0.000000E+00,0.000000E+00,0.000000E+00,0.000000E+00,0.000000E+00,0.000000E+00,2.111089E+01,5.072000E+01,2.388782E+01,4.776129E+01,1.073010E+03,9.869893E+02,9.470417E-02,8.703259E-02,0.000000E+00,0.000000E+00,0.000000E+00,0.000000E+00,0.000000E+00,0.000000E+00,0.000000E+00,0.000000E+00,2.111069E+01,5.046360E+01,2.388785E+01,4.767794E+01,1.310905E+03,2.024147E+03,1.157008E-01,1.784890E-01,0.000000E+00,0.000000E+00,0.000000E+00,0.000000E+00,0.000000E+00,0.000000E+00,0.000000E+00,0.000000E+00,2.111052E+01,5.035681E+01,2.388333E+01,5.054246E+01,6.727208E+01,1.633860E+02,5.937451E-03,1.440736E-02,0.000000E+00,0.000000E+00,0.000000E+00,0.000000E+00,0.000000E+00,0.000000E+00,0.000000E+00,0.000000E+00,2.111111E+01,5.124987E+01,2.388849E+01,4.668870E+01
17:00:00,4.556671E+03,3.753061E+03,4.021730E-01,3.309445E-01,0.000000E+00,0.000000E+00,0.000000E+00,0.000000E+00,0.000000E+00,0.000000E+00,0.000000E+00,0.000000E+00,2.111081E+01,5.084163E+01,2.388757E+01,4.776776E+01,5.314023E+03,7.067230E+03,4.690170E-01,6.231874E-01,0.000000E+00,0.000000E+00,0.000000E+00,0.000000E+00,0.000000E+00,0.000000E+00,0.000000E+00,0.000000E+00,2.111094E+01,5.086447E+01,2.388661E+01,4.924459E+01,7.516240E+02,1.009085E+03,6.633852E-02,8.898098E-02,0.000000E+00,0.000000E+00,0.000000E+00,0.000000E+00,0.000000E+00,0.000000E+00,0.000000E+00,0.000000E+00,2.111084E+01,5.077968E+01,2.388776E+01,4.724026E+01,8.948809E+02,1.618471E+03,7.898241E-02,1.427165E-01,0.000000E+00,0.000000E+00,0.000000E+00,0.000000E+00,0.000000E+00,0.000000E+00,0.000000E+00,0.000000E+00,2.111075E+01,5.059715E+01,2.387874E+01,5.461339E+01,5.444699E+03,9.053782E+03,4.805505E-01,7.983614E-01,0.000000E+00,0.000000E+00,0.000000E+00,0.000000E+00,0.000000E+00,0.000000E+00,0.000000E+00,0.000000E+00,2.111079E+01,5.071035E+01,2.386495E+01,6.699533E+01,2.067613E+03,4.026706E+03,1.824881E-01,3.550744E-01,0.000000E+00,0.000000E+00,0.000000E+00,0.000000E+00,0.000000E+00,0.000000E+00,0.000000E+00,0.000000E+00,2.111075E+01,5.057496E+01,2.388570E+01,4.871221E+01,8.138397E+02,9.628454E+02,7.182970E-02,8.490359E-02,0.000000E+00,0.000000E+00,0.000000E+00,0.000000E+00,0.000000E+00,0.000000E+00,0.000000E+00,0.000000E+00,2.111089E+01,5.071929E+01,2.388783E+01,4.774948E+01,1.072118E+03,9.890738E+02,9.462540E-02,8.721640E-02,0.000000E+00,0.000000E+00,0.000000E+00,0.000000E+00,0.000000E+00,0.000000E+00,0.000000E+00,0.000000E+00,2.111069E+01,5.046289E+01,2.388785E+01,4.767052E+01,1.310048E+03,2.017593E+03,1.156251E-01,1.779111E-01,0.000000E+00,0.000000E+00,0.000000E+00,0.000000E+00,0.000000E+00,0.000000E+00,0.000000E+00,0.000000E+00,2.111052E+01,5.035621E+01,2.388334E+01,5.055517E+01,6.705269E+01,1.619958E+02,5.918087E-03,1.428476E-02,0.000000E+00,0.000000E+00,0.000000E+00,0.000000E+00,0.000000E+00,0.000000E+00,0.000000E+00,0.000000E+00,2.111111E+01,5.124987E+01,2.388849E+01,4.669425E+01
17:15:00,4.552218E+03,3.751828E+03,4.017799E-01,3.308357E-01,0.000000E+00,0.000000E+00,0.000000E+00,0.000000E+00,0.000000E+00,0.000000E+00,0.000000E+00,0.000000E+00,2.111081E+01,5.084123E+01,2.388757E+01,4.776705E+01,5.308830E+03,6.932122E+03,4.685587E-01,6.112736E-01,0.000000E+00,0.000000E+00,0.000000E+00,0.000000E+00,0.000000E+00,0.000000E+00,0.000000E+00,0.000000E+00,2.111094E+01,5.086404E+01,2.388662E+01,4.929817E+01,7.511081E+02,9.843481E+02,6.629299E-02,8.679969E-02,0.000000E+00,0.000000E+00,0.000000E+00,0.000000E+00,0.000000E+00,0.000000E+00,0.000000E+00,0.000000E+00,2.111084E+01,5.077934E+01,2.388775E+01,4.727037E+01,8.943255E+02,1.598754E+03,7.893339E-02,1.409779E-01,0.000000E+00,0.000000E+00,0.000000E+00,0.000000E+00,0.000000E+00,0.000000E+00,0.000000E+00,0.000000E+00,2.111075E+01,5.059671E+01,2.387873E+01,5.471469E+01,5.442603E+03,8.900371E+03,4.803655E-01,7.848336E-01,0.000000E+00,0.000000E+00,0.000000E+00,0.000000E+00,0.000000E+00,0.000000E+00,0.000000E+00,0.000000E+00,2.111079E+01,5.071012E+01,2.386493E+01,6.733155E+01,2.065963E+03,3.971258E+03,1.823424E-01,3.501850E-01,0.000000E+00,0.000000E+00,0.000000E+00,0.000000E+00,0.000000E+00,0.000000E+00,0.000000E+00,0.000000E+00,2.111075E+01,5.057438E+01,2.388571E+01,4.874715E+01,8.129551E+02,9.652337E+02,7.175162E-02,8.511418E-02,0.000000E+00,0.000000E+00,0.000000E+00,0.000000E+00,0.000000E+00,0.000000E+00,0.000000E+00,0.000000E+00,2.111089E+01,5.071862E+01,2.388784E+01,4.774080E+01,1.071301E+03,9.889162E+02,9.455331E-02,8.720250E-02,0.000000E+00,0.000000E+00,0.000000E+00,0.000000E+00,0.000000E+00,0.000000E+00,0.000000E+00,0.000000E+00,2.111069E+01,5.046225E+01,2.388786E+01,4.766646E+01,1.309252E+03,2.008343E+03,1.155549E-01,1.770954E-01,0.000000E+00,0.000000E+00,0.000000E+00,0.000000E+00,0.000000E+00,0.000000E+00,0.000000E+00,0.000000E+00,2.111052E+01,5.035566E+01,2.388335E+01,5.057359E+01,6.684971E+01,1.604687E+02,5.900172E-03,1.415011E-02,0.000000E+00,0.000000E+00,0.000000E+00,0.000000E+00,0.000000E+00,0.000000E+00,0.000000E+00,0.000000E+00,2.111111E+01,5.124987E+01,2.388849E+01,4.670051E+01
17:30:00,4.547862E+03,3.743524E+03,4.013954E-01,3.301035E-01,0.000000E+00,0.000000E+00,0.000000E+00,0.000000E+00,0.000000E+00,0.000000E+00,0.000000E+00,0.000000E+00,2.111081E+01,5.084084E+01,2.388758E+01,4.776827E+01,5.304051E+03,6.781248E+03,4.681369E-01,5.979696E-01,0.000000E+00,0.000000E+00,0.000000E+00,0.000000E+00,0.000000E+00,0.000000E+00,0.000000E+00,0.000000E+00,2.111094E+01,5.086365E+01,2.388663E+01,4.936078E+01,7.506289E+02,9.591820E+02,6.625069E-02,8.458055E-02,0.000000E+00,0.000000E+00,0.000000E+00,0.000000E+00,0.000000E+00,0.000000E+00,0.000000E+00,0.000000E+00,2.111084E+01,5.077902E+01,2.388775E+01,4.730241E+01,8.938192E+02,1.578149E+03,7.888870E-02,1.391609E-01,0.000000E+00,0.000000E+00,0.000000E+00,0.000000E+00,0.000000E+00,0.000000E+00,0.000000E+00,0.000000E+00,2.111075E+01,5.059631E+01,2.387871E+01,5.482325E+01,5.440683E+03,8.739125E+03,4.801960E-01,7.706149E-01,0.000000E+00,0.000000E+00,0.000000E+00,0.000000E+00,0.000000E+00,0.000000E+00,0.000000E+00,0.000000E+00,2.111079E+01,5.070991E+01,2.386492E+01,6.769641E+01,2.064456E+03,3.903162E+03,1.822094E-01,3.441804E-01,0.000000E+00,0.000000E+00,0.000000E+00,0.000000E+00,0.000000E+00,0.000000E+00,0.000000E+00,0.000000E+00,2.111075E+01,5.057385E+01,2.388572E+01,4.879184E+01,8.121437E+02,9.654320E+02,7.168000E-02,8.513167E-02,0.000000E+00,0.000000E+00,0.000000E+00,0.000000E+00,0.000000E+00,0.000000E+00,0.000000E+00,0.000000E+00,2.111089E+01,5.071802E+01,2.388784E+01,4.773564E+01,1.070554E+03,9.863215E+02,9.448732E-02,8.697370E-02,0.000000E+00,0.000000E+00,0.000000E+00,0.000000E+00,0.000000E+00,0.000000E+00,0.000000E+00,0.000000E+00,2.111069E+01,5.046165E+01,2.388786E+01,4.766608E+01,1.308511E+03,1.996283E+03,1.154895E-01,1.760320E-01,0.000000E+00,0.000000E+00,0.000000E+00,0.000000E+00,0.000000E+00,0.000000E+00,0.000000E+00,0.000000E+00,2.111052E+01,5.035514E+01,2.388336E+01,5.059853E+01,6.666183E+01,1.588090E+02,5.883589E-03,1.400375E-02,0.000000E+00,0.000000E+00,0.000000E+00,0.000000E+00,0.000000E+00,0.000000E+00,0.000000E+00,0.000000E+00,2.111111E+01,5.124987E+01,2.388849E+01,4.670749E+01
17:45:00,4.543596E+03,3.724879E+03,4.010189E-01,3.284594E-01,0.000000E+00,0.000000E+00,0.000000E+00,0.000000E+00,0.000000E+00,0.000000E+00,0.000000E+00,0.000000E+00,2.111081E+01,5.084046E+01,2.388758E+01,4.777330E+01,5.299652E+03,6.613956E+03,4.677486E-01,5.832178E-01,0.000000E+00,0.000000E+00,0.000000E+00,0.000000E+00,0.000000E+00,0.000000E+00,0.000000E+00,0.000000E+00,2.111094E+01,5.086329E+01,2.388664E+01,4.943312E+01,7.501830E+02,9.331766E+02,6.621134E-02,8.228740E-02,0.000000E+00,0.000000E+00,0.000000E+00,0.000000E+00,0.000000E+00,0.000000E+00,0.000000E+00,0.000000E+00,2.111084E+01,5.077872E+01,2.388775E+01,4.733671E+01,8.933575E+02,1.556469E+03,7.884795E-02,1.372493E-01,0.000000E+00,0.000000E+00,0.000000E+00,0.000000E+00,0.000000E+00,0.000000E+00,0.000000E+00,0.000000E+00,2.111075E+01,5.059595E+01,2.387870E+01,5.493962E+01,5.438926E+03,8.567249E+03,4.800410E-01,7.554590E-01,0.000000E+00,0.000000E+00,0.000000E+00,0.000000E+00,0.000000E+00,0.000000E+00,0.000000E+00,0.000000E+00,2.111079E+01,5.070971E+01,2.386492E+01,6.809339E+01,2.063078E+03,3.823083E+03,1.820878E-01,3.371190E-01,0.000000E+00,0.000000E+00,0.000000E+00,0.000000E+00,0.000000E+00,0.000000E+00,0.000000E+00,0.000000E+00,2.111075E+01,5.057337E+01,2.388573E+01,4.884673E+01,8.113991E+02,9.632433E+02,7.161429E-02,8.493867E-02,0.000000E+00,0.000000E+00,0.000000E+00,0.000000E+00,0.000000E+00,0.000000E+00,0.000000E+00,0.000000E+00,2.111089E+01,5.071745E+01,2.388785E+01,4.773436E+01,1.069869E+03,9.811249E+02,9.442691E-02,8.651547E-02,0.000000E+00,0.000000E+00,0.000000E+00,0.000000E+00,0.000000E+00,0.000000E+00,0.000000E+00,0.000000E+00,2.111069E+01,5.046111E+01,2.388787E+01,4.766970E+01,1.307822E+03,1.981074E+03,1.154287E-01,1.746908E-01,0.000000E+00,0.000000E+00,0.000000E+00,0.000000E+00,0.000000E+00,0.000000E+00,0.000000E+00,0.000000E+00,2.111052E+01,5.035466E+01,2.388337E+01,5.063026E+01,6.648780E+01,1.570218E+02,5.868230E-03,1.384616E-02,0.000000E+00,0.000000E+00,0.000000E+00,0.000000E+00,0.000000E+00,0.000000E+00,0.000000E+00,0.000000E+00,2.111111E+01,5.124987E+01,2.388849E+01,4.671520E+01
18:00:00,4.539416E+03,3.695680E+03,4.006500E-01,3.258846E-01,0.000000E+00,0.000000E+00,0.000000E+00,0.000000E+00,0.000000E+00,0.000000E+00,0.000000E+00,0.000000E+00,2.111081E+01,5.084008E+01,2.388759E+01,4.778290E+01,5.295599E+03,6.431740E+03,4.673909E-01,5.671501E-01,0.000000E+00,0.000000E+00,0.000000E+00,0.000000E+00,0.000000E+00,0.000000E+00,0.000000E+00,0.000000E+00,2.111094E+01,5.086295E+01,2.388665E+01,4.951650E+01,7.497677E+02,9.064407E+02,6.617468E-02,7.992983E-02,0.000000E+00,0.000000E+00,0.000000E+00,0.000000E+00,0.000000E+00,0.000000E+00,0.000000E+00,0.000000E+00,2.111084E+01,5.077845E+01,2.388775E+01,4.737415E+01,8.929363E+02,1.533807E+03,7.881078E-02,1.352509E-01,0.000000E+00,0.000000E+00,0.000000E+00,0.000000E+00,0.000000E+00,0.000000E+00,0.000000E+00,0.000000E+00,2.111075E+01,5.059562E+01,2.387868E+01,5.506566E+01,5.437317E+03,8.386074E+03,4.798990E-01,7.394830E-01,0.000000E+00,0.000000E+00,0.000000E+00,0.000000E+00,0.000000E+00,0.000000E+00,0.000000E+00,0.000000E+00,2.111079E+01,5.070954E+01,2.386493E+01,6.853378E+01,2.061819E+03,3.731843E+03,1.819766E-01,3.290735E-01,0.000000E+00,0.000000E+00,0.000000E+00,0.000000E+00,0.000000E+00,0.000000E+00,0.000000E+00,0.000000E+00,2.111075E+01,5.057292E+01,2.388574E+01,4.891212E+01,8.107159E+02,9.585210E+02,7.155398E-02,8.452226E-02,0.000000E+00,0.000000E+00,0.000000E+00,0.000000E+00,0.000000E+00,0.000000E+00,0.000000E+00,0.000000E+00,2.111089E+01,5.071694E+01,2.388785E+01,4.773728E+01,1.069242E+03,9.731929E+02,9.437158E-02,8.581603E-02,0.000000E+00,0.000000E+00,0.000000E+00,0.000000E+00,0.000000E+00,0.000000E+00,0.000000E+00,0.000000E+00,2.111069E+01,5.046060E+01,2.388788E+01,4.767759E+01,1.307179E+03,1.962919E+03,1.153719E-01,1.730899E-01,0.000000E+00,0.000000E+00,0.000000E+00,0.000000E+00,0.000000E+00,0.000000E+00,0.000000E+00,0.000000E+00,2.111052E+01,5.035421E+01,2.388337E+01,5.067002E+01,6.632651E+01,1.551133E+02,5.853995E-03,1.367787E-02,0.000000E+00,0.000000E+00,0.000000E+00,0.000000E+00,0.000000E+00,0.000000E+00,0.000000E+00,0.000000E+00,2.111111E+01,5.124987E+01,2.388849E+01,4.672366E+01
18:15:00,4.535318E+03,3.657440E+03,4.002883E-01,3.225126E-01,0.000000E+00,0.000000E+00,0.000000E+00,0.000000E+00,0.000000E+00,0.000000E+00,0.000000E+00,0.000000E+00,2.111081E+01,5.083971E+01,2.388760E+01,4.779671E+01,5.291865E+03,6.235392E+03,4.670613E-01,5.498361E-01,0.000000E+00,0.000000E+00,0.000000E+00,0.000000E+00,0.000000E+00,0.000000E+00,0.000000E+00,0.000000E+00,2.111094E+01,5.086264E+01,2.388666E+01,4.961135E+01,7.493802E+02,8.788946E+02,6.614048E-02,7.750081E-02,0.000000E+00,0.000000E+00,0.000000E+00,0.000000E+00,0.000000E+00,0.000000E+00,0.000000E+00,0.000000E+00,2.111084E+01,5.077819E+01,2.388775E+01,4.741476E+01,8.925521E+02,1.510089E+03,7.877687E-02,1.331594E-01,0.000000E+00,0.000000E+00,0.000000E+00,0.000000E+00,0.000000E+00,0.000000E+00,0.000000E+00,0.000000E+00,2.111075E+01,5.059532E+01,2.387866E+01,5.520080E+01,5.435845E+03,8.195472E+03,4.797690E-01,7.226757E-01,0.000000E+00,0.000000E+00,0.000000E+00,0.000000E+00,0.000000E+00,0.000000E+00,0.000000E+00,0.000000E+00,2.111079E+01,5.070938E+01,2.386492E+01,6.901622E+01,2.060667E+03,3.630255E+03,1.818750E-01,3.201154E-01,0.000000E+00,0.000000E+00,0.000000E+00,0.000000E+00,0.000000E+00,0.000000E+00,0.000000E+00,0.000000E+00,2.111075E+01,5.057252E+01,2.388575E+01,4.898839E+01,8.100888E+02,9.510735E+02,7.149864E-02,8.386554E-02,0.000000E+00,0.000000E+00,0.000000E+00,0.000000E+00,0.000000E+00,0.000000E+00,0.000000E+00,0.000000E+00,2.111089E+01,5.071647E+01,2.388786E+01,4.774467E+01,1.068668E+03,9.623077E+02,9.432091E-02,8.485617E-02,0.000000E+00,0.000000E+00,0.000000E+00,0.000000E+00,0.000000E+00,0.000000E+00,0.000000E+00,0.000000E+00,2.111069E+01,5.046015E+01,2.388788E+01,4.769003E+01,1.306578E+03,1.941698E+03,1.153189E-01,1.712187E-01,0.000000E+00,0.000000E+00,0.000000E+00,0.000000E+00,0.000000E+00,0.000000E+00,0.000000E+00,0.000000E+00,2.111052E+01,5.035379E+01,2.388338E+01,5.071713E+01,6.617694E+01,1.530888E+02,5.840793E-03,1.349935E-02,0.000000E+00,0.000000E+00,0.000000E+00,0.000000E+00,0.000000E+00,0.000000E+00,0.000000E+00,0.000000E+00,2.111111E+01,5.124987E+01,2.388849E+01,4.673289E+01
18:30:00,4.531297E+03,3.609793E+03,3.999334E-01,3.183111E-01,0.000000E+00,0.000000E+00,0.000000E+00,0.000000E+00,0.000000E+00,0.000000E+00,0.000000E+00,0.000000E+00,2.111081E+01,5.083934E+01,2.388760E+01,4.781505E+01,5.288422E+03,6.026328E+03,4.667574E-01,5.314008E-01,0.000000E+00,0.000000E+00,0.000000E+00,0.000000E+00,0.000000E+00,0.000000E+00,0.000000E+00,0.000000E+00,2.111094E+01,5.086235E+01,2.388667E+01,4.971850E+01,7.490182E+02,8.505530E+02,6.610854E-02,7.500165E-02,0.000000E+00,0.000000E+00,0.000000E+00,0.000000E+00,0.000000E+00,0.000000E+00,0.000000E+00,0.000000E+00,2.111084E+01,5.077795E+01,2.388775E+01,4.745885E+01,8.922013E+02,1.485327E+03,7.874591E-02,1.309759E-01,0.000000E+00,0.000000E+00,0.000000E+00,0.000000E+00,0.000000E+00,0.000000E+00,0.000000E+00,0.000000E+00,2.111075E+01,5.059504E+01,2.387864E+01,5.534609E+01,5.434498E+03,7.995825E+03,4.796501E-01,7.050709E-01,0.000000E+00,0.000000E+00,0.000000E+00,0.000000E+00,0.000000E+00,0.000000E+00,0.000000E+00,0.000000E+00,2.111079E+01,5.070923E+01,2.386491E+01,6.954200E+01,2.059614E+03,3.519564E+03,1.817821E-01,3.103547E-01,0.000000E+00,0.000000E+00,0.000000E+00,0.000000E+00,0.000000E+00,0.000000E+00,0.000000E+00,0.000000E+00,2.111075E+01,5.057214E+01,2.388575E+01,4.907649E+01,8.095132E+02,9.407124E+02,7.144784E-02,8.295190E-02,0.000000E+00,0.000000E+00,0.000000E+00,0.000000E+00,0.000000E+00,0.000000E+00,0.000000E+00,0.000000E+00,2.111089E+01,5.071603E+01,2.388787E+01,4.775693E+01,1.068142E+03,9.482858E+02,9.427449E-02,8.361973E-02,0.000000E+00,0.000000E+00,0.000000E+00,0.000000E+00,0.000000E+00,0.000000E+00,0.000000E+00,0.000000E+00,2.111069E+01,5.045972E+01,2.388789E+01,4.770757E+01,1.306016E+03,1.917347E+03,1.152693E-01,1.690714E-01,0.000000E+00,0.000000E+00,0.000000E+00,0.000000E+00,0.000000E+00,0.000000E+00,0.000000E+00,0.000000E+00,2.111052E+01,5.035339E+01,2.388338E+01,5.077225E+01,6.603813E+01,1.509534E+02,5.828542E-03,1.331105E-02,0.000000E+00,0.000000E+00,0.000000E+00,0.000000E+00,0.000000E+00,0.000000E+00,0.000000E+00,0.000000E+00,2.111111E+01,5.124987E+01,2.388849E+01,4.674289E+01
18:45:00,4.527351E+03,3.552630E+03,3.995851E-01,3.132705E-01,0.000000E+00,0.000000E+00,0.000000E+00,0.000000E+00,0.000000E+00,0.000000E+00,0.000000E+00,0.000000E+00,2.111081E+01,5.083898E+01,2.388761E+01,4.783835E+01,5.285247E+03,5.807455E+03,4.664772E-01,5.121007E-01,0.000000E+00,0.000000E+00,0.000000E+00,0.000000E+00,0.000000E+00,0.000000E+00,0.000000E+00,0.000000E+00,2.111094E+01,5.086209E+01,2.388668E+01,4.983866E+01,7.486797E+02,8.217966E+02,6.607866E-02,7.246592E-02,0.000000E+00,0.000000E+00,0.000000E+00,0.000000E+00,0.000000E+00,0.000000E+00,0.000000E+00,0.000000E+00,2.111084E+01,5.077773E+01,2.388774E+01,4.750666E+01,8.918812E+02,1.459735E+03,7.871765E-02,1.287193E-01,0.000000E+00,0.000000E+00,0.000000E+00,0.000000E+00,0.000000E+00,0.000000E+00,0.000000E+00,0.000000E+00,2.111075E+01,5.059479E+01,2.387862E+01,5.550196E+01,5.433265E+03,7.790286E+03,4.795413E-01,6.869464E-01,0.000000E+00,0.000000E+00,0.000000E+00,0.000000E+00,0.000000E+00,0.000000E+00,0.000000E+00,0.000000E+00,2.111079E+01,5.070909E+01,2.386489E+01,7.011269E+01,2.058651E+03,3.401153E+03,1.816971E-01,2.999132E-01,0.000000E+00,0.000000E+00,0.000000E+00,0.000000E+00,0.000000E+00,0.000000E+00,0.000000E+00,0.000000E+00,2.111075E+01,5.057181E+01,2.388576E+01,4.917693E+01,8.089848E+02,9.272251E+02,7.140120E-02,8.176259E-02,0.000000E+00,0.000000E+00,0.000000E+00,0.000000E+00,0.000000E+00,0.000000E+00,0.000000E+00,0.000000E+00,2.111089E+01,5.071563E+01,2.388788E+01,4.777464E+01,1.067660E+03,9.309196E+02,9.423195E-02,8.208837E-02,0.000000E+00,0.000000E+00,0.000000E+00,0.000000E+00,0.000000E+00,0.000000E+00,0.000000E+00,0.000000E+00,2.111069E+01,5.045934E+01,2.388790E+01,4.773081E+01,1.305490E+03,1.890032E+03,1.152229E-01,1.666628E-01,0.000000E+00,0.000000E+00,0.000000E+00,0.000000E+00,0.000000E+00,0.000000E+00,0.000000E+00,0.000000E+00,2.111052E+01,5.035302E+01,2.388338E+01,5.083607E+01,6.590923E+01,1.487138E+02,5.817165E-03,1.311356E-02,0.000000E+00,0.000000E+00,0.000000E+00,0.000000E+00,0.000000E+00,0.000000E+00,0.000000E+00,0.000000E+00,2.111111E+01,5.124987E+01,2.388849E+01,4.675371E+01
19:00:00,4.523476E+03,3.484209E+03,3.992431E-01,3.072371E-01,0.000000E+00,0.000000E+00,0.000000E+00,0.000000E+00,0.000000E+00,0.000000E+00,0.000000E+00,0.000000E+00,2.111081E+01,5.083863E+01,2.388762E+01,4.786717E+01,5.282317E+03,5.580126E+03,4.662186E-01,4.920548E-01,0.000000E+00,0.000000E+00,0.000000E+00,0.000000E+00,0.000000E+00,0.000000E+00,0.000000E+00,0.000000E+00,2.111094E+01,5.086185E+01,2.388669E+01,4.997244E+01,7.483627E+02,7.925448E+02,6.605068E-02,6.988650E-02,0.000000E+00,0.000000E+00,0.000000E+00,0.000000E+00,0.000000E+00,0.000000E+00,0.000000E+00,0.000000E+00,2.111084E+01,5.077752E+01,2.388774E+01,4.755837E+01,8.915888E+02,1.433286E+03,7.869185E-02,1.263870E-01,0.000000E+00,0.000000E+00,0.000000E+00,0.000000E+00,0.000000E+00,0.000000E+00,0.000000E+00,0.000000E+00,2.111075E+01,5.059456E+01,2.387859E+01,5.566829E+01,5.432136E+03,7.578216E+03,4.794417E-01,6.682461E-01,0.000000E+00,0.000000E+00,0.000000E+00,0.000000E+00,0.000000E+00,0.000000E+00,0.000000E+00,0.000000E+00,2.111079E+01,5.070897E+01,2.386486E+01,7.072989E+01,2.057771E+03,3.276682E+03,1.816193E-01,2.889374E-01,0.000000E+00,0.000000E+00,0.000000E+00,0.000000E+00,0.000000E+00,0.000000E+00,0.000000E+00,0.000000E+00,2.111075E+01,5.057149E+01,2.388576E+01,4.928986E+01,8.084996E+02,9.103481E+02,7.135837E-02,8.027438E-02,0.000000E+00,0.000000E+00,0.000000E+00,0.000000E+00,0.000000E+00,0.000000E+00,0.000000E+00,0.000000E+00,2.111089E+01,5.071526E+01,2.388788E+01,4.779843E+01,1.067218E+03,9.099577E+02,9.419297E-02,8.023996E-02,0.000000E+00,0.000000E+00,0.000000E+00,0.000000E+00,0.000000E+00,0.000000E+00,0.000000E+00,0.000000E+00,2.111069E+01,5.045898E+01,2.388791E+01,4.776047E+01,1.304997E+03,1.859309E+03,1.151794E-01,1.639536E-01,0.000000E+00,0.000000E+00,0.000000E+00,0.000000E+00,0.000000E+00,0.000000E+00,0.000000E+00,0.000000E+00,2.111052E+01,5.035268E+01,2.388339E+01,5.090946E+01,6.578945E+01,1.463790E+02,5.806593E-03,1.290768E-02,0.000000E+00,0.000000E+00,0.000000E+00,0.000000E+00,0.000000E+00,0.000000E+00,0.000000E+00,0.000000E+00,2.111111E+01,5.124987E+01,2.388849E+01,4.676536E+01
19:15:00,4.519669E+03,3.405003E+03,3.989071E-01,3.002527E-01,0.000000E+00,0.000000E+00,0.000000E+00,0.000000E+00,0.000000E+00,0.000000E+00,0.000000E+00,0.000000E+00,2.111081E+01,5.083828E+01,2.388783E+01,4.791350E+01,5.279612E+03,5.348074E+03,4.659799E-01,4.715925E-01,0.000000E+00,0.000000E+00,0.000000E+00,0.000000E+00,0.000000E+00,0.000000E+00,0.000000E+00,0.000000E+00,2.111094E+01,5.086163E+01,2.388706E+01,5.016372E+01,7.480655E+02,7.632569E+02,6.602445E-02,6.730390E-02,0.000000E+00,0.000000E+00,0.000000E+00,0.000000E+00,0.000000E+00,0.000000E+00,0.000000E+00,0.000000E+00,2.111084E+01,5.077732E+01,2.388791E+01,4.763075E+01,8.913217E+02,1.406104E+03,7.866827E-02,1.239901E-01,0.000000E+00,0.000000E+00,0.000000E+00,0.000000E+00,0.000000E+00,0.000000E+00,0.000000E+00,0.000000E+00,2.111075E+01,5.059435E+01,2.387996E+01,5.589820E+01,5.431104E+03,7.358591E+03,4.793506E-01,6.488796E-01,0.000000E+00,0.000000E+00,0.000000E+00,0.000000E+00,0.000000E+00,0.000000E+00,0.000000E+00,0.000000E+00,2.111079E+01,5.070886E+01,2.386876E+01,7.159634E+01,2.056965E+03,3.148599E+03,1.815482E-01,2.776431E-01,0.000000E+00,0.000000E+00,0.000000E+00,0.000000E+00,0.000000E+00,0.000000E+00,0.000000E+00,0.000000E+00,2.111075E+01,5.057121E+01,2.388618E+01,4.945506E+01,8.080540E+02,8.899354E+02,7.131905E-02,7.847439E-02,0.000000E+00,0.000000E+00,0.000000E+00,0.000000E+00,0.000000E+00,0.000000E+00,0.000000E+00,0.000000E+00,2.111089E+01,5.071493E+01,2.388805E+01,4.783913E+01,1.066814E+03,8.853795E+02,9.415724E-02,7.807265E-02,0.000000E+00,0.000000E+00,0.000000E+00,0.000000E+00,0.000000E+00,0.000000E+00,0.000000E+00,0.000000E+00,2.111069E+01,5.045866E+01,2.388807E+01,4.780931E+01,1.304534E+03,1.825138E+03,1.151385E-01,1.609404E-01,0.000000E+00,0.000000E+00,0.000000E+00,0.000000E+00,0.000000E+00,0.000000E+00,0.000000E+00,0.000000E+00,2.111052E+01,5.035236E+01,2.388413E+01,5.102139E+01,6.567807E+01,1.439641E+02,5.796763E-03,1.269474E-02,0.000000E+00,0.000000E+00,0.000000E+00,0.000000E+00,0.000000E+00,0.000000E+00,0.000000E+00,0.000000E+00,2.111111E+01,5.124987E+01,2.388854E+01,4.678144E+01
19:30:00,4.515928E+03,3.312330E+03,3.985770E-01,2.920808E-01,0.000000E+00,0.000000E+00,0.000000E+00,0.000000E+00,0.000000E+00,0.000000E+00,0.000000E+00,0.000000E+00,2.111081E+01,5.083794E+01,2.388807E+01,4.795667E+01,5.277114E+03,5.114062E+03,4.657594E-01,4.509574E-01,0.000000E+00,0.000000E+00,0.000000E+00,0.000000E+00,0.000000E+00,0.000000E+00,0.000000E+00,0.000000E+00,2.111094E+01,5.086142E+01,2.388744E+01,5.032092E+01,7.477865E+02,7.340512E+02,6.599983E-02,6.472854E-02,0.000000E+00,0.000000E+00,0.000000E+00,0.000000E+00,0.000000E+00,0.000000E+00,0.000000E+00,0.000000E+00,2.111084E+01,5.077714E+01,2.388809E+01,4.768929E+01,8.910776E+02,1.378691E+03,7.864674E-02,1.215728E-01,0.000000E+00,0.000000E+00,0.000000E+00,0.000000E+00,0.000000E+00,0.000000E+00,0.000000E+00,0.000000E+00,2.111075E+01,5.059416E+01,2.388164E+01,5.608187E+01,5.430159E+03,7.137538E+03,4.792672E-01,6.293872E-01,0.000000E+00,0.000000E+00,0.000000E+00,0.000000E+00,0.000000E+00,0.000000E+00,0.000000E+00,0.000000E+00,2.111079E+01,5.070875E+01,2.387325E+01,7.230285E+01,2.056227E+03,3.019088E+03,1.814831E-01,2.662228E-01,0.000000E+00,0.000000E+00,0.000000E+00,0.000000E+00,0.000000E+00,0.000000E+00,0.000000E+00,0.000000E+00,2.111075E+01,5.057095E+01,2.388665E+01,4.959319E+01,8.076449E+02,8.658402E+02,7.128294E-02,7.634968E-02,0.000000E+00,0.000000E+00,0.000000E+00,0.000000E+00,0.000000E+00,0.000000E+00,0.000000E+00,0.000000E+00,2.111089E+01,5.071461E+01,2.388823E+01,4.787849E+01,1.066443E+03,8.570706E+02,9.412449E-02,7.557638E-02,0.000000E+00,0.000000E+00,0.000000E+00,0.000000E+00,0.000000E+00,0.000000E+00,0.000000E+00,0.000000E+00,2.111069E+01,5.045836E+01,2.388824E+01,4.785521E+01,1.304099E+03,1.787234E+03,1.151001E-01,1.575981E-01,0.000000E+00,0.000000E+00,0.000000E+00,0.000000E+00,0.000000E+00,0.000000E+00,0.000000E+00,0.000000E+00,2.111052E+01,5.035205E+01,2.388502E+01,5.112072E+01,6.557444E+01,1.414966E+02,5.787616E-03,1.247716E-02,0.000000E+00,0.000000E+00,0.000000E+00,0.000000E+00,0.000000E+00,0.000000E+00,0.000000E+00,0.000000E+00,2.111111E+01,5.124987E+01,2.388860E+01,4.679429E+01
19:45:00,4.512251E+03,3.205492E+03,3.982524E-01,2.826599E-01,0.000000E+00,0.000000E+00,0.000000E+00,0.000000E+00,0.000000E+00,0.000000E+00,0.000000E+00,0.000000E+00,2.111081E+01,5.083760E+01,2.388808E+01,4.801487E+01,5.274806E+03,4.881455E+03,4.655557E-01,4.304461E-01,0.000000E+00,0.000000E+00,0.000000E+00,0.000000E+00,0.000000E+00,0.000000E+00,0.000000E+00,0.000000E+00,2.111094E+01,5.086122E+01,2.388744E+01,5.051076E+01,7.475245E+02,7.052497E+02,6.597670E-02,6.218883E-02,0.000000E+00,0.000000E+00,0.000000E+00,0.000000E+00,0.000000E+00,0.000000E+00,0.000000E+00,0.000000E+00,2.111084E+01,5.077696E+01,2.388809E+01,4.775786E+01,8.908546E+02,1.351332E+03,7.862705E-02,1.191603E-01,0.000000E+00,0.000000E+00,0.000000E+00,0.000000E+00,0.000000E+00,0.000000E+00,0.000000E+00,0.000000E+00,2.111075E+01,5.059398E+01,2.388173E+01,5.628841E+01,5.429295E+03,6.917616E+03,4.791909E-01,6.099945E-01,0.000000E+00,0.000000E+00,0.000000E+00,0.000000E+00,0.000000E+00,0.000000E+00,0.000000E+00,0.000000E+00,2.111079E+01,5.070866E+01,2.387343E+01,7.312239E+01,2.055552E+03,2.890234E+03,1.814236E-01,2.548604E-01,0.000000E+00,0.000000E+00,0.000000E+00,0.000000E+00,0.000000E+00,0.000000E+00,0.000000E+00,0.000000E+00,2.111075E+01,5.057071E+01,2.388666E+01,4.975325E+01,8.072691E+02,8.378164E+02,7.124977E-02,7.387854E-02,0.000000E+00,0.000000E+00,0.000000E+00,0.000000E+00,0.000000E+00,0.000000E+00,0.000000E+00,0.000000E+00,2.111089E+01,5.071433E+01,2.388824E+01,4.793192E+01,1.066102E+03,8.248310E+02,9.409446E-02,7.273350E-02,0.000000E+00,0.000000E+00,0.000000E+00,0.000000E+00,0.000000E+00,0.000000E+00,0.000000E+00,0.000000E+00,2.111069E+01,5.045809E+01,2.388825E+01,4.791638E+01,1.303690E+03,1.745139E+03,1.150640E-01,1.538862E-01,0.000000E+00,0.000000E+00,0.000000E+00,0.000000E+00,0.000000E+00,0.000000E+00,0.000000E+00,0.000000E+00,2.111052E+01,5.035176E+01,2.388509E+01,5.124412E+01,6.547794E+01,1.390057E+02,5.779100E-03,1.225750E-02,0.000000E+00,0.000000E+00,0.000000E+00,0.000000E+00,0.000000E+00,0.000000E+00,0.000000E+00,0.000000E+00,2.111111E+01,5.124987E+01,2.388860E+01,4.680935E+01
20:00:00,4.508636E+03,3.086904E+03,3.979333E-01,2.722028E-01,0.000000E+00,0.000000E+00,0.000000E+00,0.000000E+00,0.000000E+00,0.000000E+00,0.000000E+00,0.000000E+00,2.111081E+01,5.083727E+01,2.388808E+01,4.808300E+01,5.272673E+03,4.651660E+03,4.653674E-01,4.101828E-01,0.000000E+00,0.000000E+00,0.000000E+00,0.000000E+00,0.000000E+00,0.000000E+00,0.000000E+00,0.000000E+00,2.111094E+01,5.086105E+01,2.388744E+01,5.071008E+01,7.472780E+02,6.770233E+02,6.595494E-02,5.969983E-02,0.000000E+00,0.000000E+00,0.000000E+00,0.000000E+00,0.000000E+00,0.000000E+00,0.000000E+00,0.000000E+00,2.111084E+01,5.077680E+01,2.388809E+01,4.782805E+01,8.906508E+02,1.324148E+03,7.860906E-02,1.167632E-01,0.000000E+00,0.000000E+00,0.000000E+00,0.000000E+00,0.000000E+00,0.000000E+00,0.000000E+00,0.000000E+00,2.111075E+01,5.059382E+01,2.388171E+01,5.649240E+01,5.428505E+03,6.699506E+03,4.791212E-01,5.907615E-01,0.000000E+00,0.000000E+00,0.000000E+00,0.000000E+00,0.000000E+00,0.000000E+00,0.000000E+00,0.000000E+00,2.111079E+01,5.070857E+01,2.387339E+01,7.395082E+01,2.054935E+03,2.763404E+03,1.813690E-01,2.436766E-01,0.000000E+00,0.000000E+00,0.000000E+00,0.000000E+00,0.000000E+00,0.000000E+00,0.000000E+00,0.000000E+00,2.111075E+01,5.057049E+01,2.388665E+01,4.991749E+01,8.069239E+02,8.056344E+02,7.121931E-02,7.104074E-02,0.000000E+00,0.000000E+00,0.000000E+00,0.000000E+00,0.000000E+00,0.000000E+00,0.000000E+00,0.000000E+00,2.111089E+01,5.071406E+01,2.388825E+01,4.799549E+01,1.065790E+03,7.884854E+02,9.406692E-02,6.952854E-02,0.000000E+00,0.000000E+00,0.000000E+00,0.000000E+00,0.000000E+00,0.000000E+00,0.000000E+00,0.000000E+00,2.111069E+01,5.045784E+01,2.388826E+01,4.798815E+01,1.303304E+03,1.698059E+03,1.150300E-01,1.497346E-01,0.000000E+00,0.000000E+00,0.000000E+00,0.000000E+00,0.000000E+00,0.000000E+00,0.000000E+00,0.000000E+00,2.111052E+01,5.035149E+01,2.388509E+01,5.138329E+01,6.538803E+01,1.365221E+02,5.771164E-03,1.203850E-02,0.000000E+00,0.000000E+00,0.000000E+00,0.000000E+00,0.000000E+00,0.000000E+00,0.000000E+00,0.000000E+00,2.111111E+01,5.124987E+01,2.388860E+01,4.682454E+01
20:15:00,4.505080E+03,2.968256E+03,3.976195E-01,2.617404E-01,0.000000E+00,0.000000E+00,0.000000E+00,0.000000E+00,0.000000E+00,0.000000E+00,0.000000E+00,0.000000E+00,2.111081E+01,5.083695E+01,2.388808E+01,4.815896E+01,5.270701E+03,4.429213E+03,4.651933E-01,3.905675E-01,0.000000E+00,0.000000E+00,0.000000E+00,0.000000E+00,0.000000E+00,0.000000E+00,0.000000E+00,0.000000E+00,2.111094E+01,5.086088E+01,2.388745E+01,5.092035E+01,7.470460E+02,6.500748E+02,6.593447E-02,5.732352E-02,0.000000E+00,0.000000E+00,0.000000E+00,0.000000E+00,0.000000E+00,0.000000E+00,0.000000E+00,0.000000E+00,2.111084E+01,5.077664E+01,2.388809E+01,4.790040E+01,8.904644E+02,1.298043E+03,7.859261E-02,1.144613E-01,0.000000E+00,0.000000E+00,0.000000E+00,0.000000E+00,0.000000E+00,0.000000E+00,0.000000E+00,0.000000E+00,2.111075E+01,5.059367E+01,2.388168E+01,5.669829E+01,5.427781E+03,6.494758E+03,4.790573E-01,5.727070E-01,0.000000E+00,0.000000E+00,0.000000E+00,0.000000E+00,0.000000E+00,0.000000E+00,0.000000E+00,0.000000E+00,2.111079E+01,5.070849E+01,2.387332E+01,7.479667E+01,2.054369E+03,2.640645E+03,1.813191E-01,2.328517E-01,0.000000E+00,0.000000E+00,0.000000E+00,0.000000E+00,0.000000E+00,0.000000E+00,0.000000E+00,0.000000E+00,2.111075E+01,5.057029E+01,2.388664E+01,5.008937E+01,8.066069E+02,7.695790E+02,7.119132E-02,6.786138E-02,0.000000E+00,0.000000E+00,0.000000E+00,0.000000E+00,0.000000E+00,0.000000E+00,0.000000E+00,0.000000E+00,2.111089E+01,5.071382E+01,2.388826E+01,4.807140E+01,1.065504E+03,7.483437E+02,9.404167E-02,6.598885E-02,0.000000E+00,0.000000E+00,0.000000E+00,0.000000E+00,0.000000E+00,0.000000E+00,0.000000E+00,0.000000E+00,2.111069E+01,5.045761E+01,2.388827E+01,4.807300E+01,1.302941E+03,1.646623E+03,1.149979E-01,1.451990E-01,0.000000E+00,0.000000E+00,0.000000E+00,0.000000E+00,0.000000E+00,0.000000E+00,0.000000E+00,0.000000E+00,2.111052E+01,5.035124E+01,2.388509E+01,5.154495E+01,6.530420E+01,1.340875E+02,5.763765E-03,1.182382E-02,0.000000E+00,0.000000E+00,0.000000E+00,0.000000E+00,0.000000E+00,0.000000E+00,0.000000E+00,0.000000E+00,2.111111E+01,5.124987E+01,2.388860E+01,4.683991E+01
20:30:00,4.501582E+03,2.857472E+03,3.973108E-01,2.519715E-01,0.000000E+00,0.000000E+00,0.000000E+00,0.000000E+00,0.000000E+00,0.000000E+00,0.000000E+00,0.000000E+00,2.111081E+01,5.083662E+01,2.388808E+01,4.823531E+01,5.268876E+03,4.219047E+03,4.650323E-01,3.720350E-01,0.000000E+00,0.000000E+00,0.000000E+00,0.000000E+00,0.000000E+00,0.000000E+00,0.000000E+00,0.000000E+00,2.111094E+01,5.086073E+01,2.388745E+01,5.113925E+01,7.468274E+02,6.250997E+02,6.591517E-02,5.512122E-02,0.000000E+00,0.000000E+00,0.000000E+00,0.000000E+00,0.000000E+00,0.000000E+00,0.000000E+00,0.000000E+00,2.111084E+01,5.077650E+01,2.388808E+01,4.797297E+01,8.902940E+02,1.273336E+03,7.857757E-02,1.122826E-01,0.000000E+00,0.000000E+00,0.000000E+00,0.000000E+00,0.000000E+00,0.000000E+00,0.000000E+00,0.000000E+00,2.111075E+01,5.059354E+01,2.388164E+01,5.689942E+01,5.427120E+03,6.305465E+03,4.789990E-01,5.560151E-01,0.000000E+00,0.000000E+00,0.000000E+00,0.000000E+00,0.000000E+00,0.000000E+00,0.000000E+00,0.000000E+00,2.111079E+01,5.070842E+01,2.387321E+01,7.562584E+01,2.053852E+03,2.524054E+03,1.812735E-01,2.225707E-01,0.000000E+00,0.000000E+00,0.000000E+00,0.000000E+00,0.000000E+00,0.000000E+00,0.000000E+00,0.000000E+00,2.111075E+01,5.057010E+01,2.388663E+01,5.026699E+01,8.063156E+02,7.309113E+02,7.116562E-02,6.445166E-02,0.000000E+00,0.000000E+00,0.000000E+00,0.000000E+00,0.000000E+00,0.000000E+00,0.000000E+00,0.000000E+00,2.111089E+01,5.071360E+01,2.388826E+01,4.816046E+01,1.065242E+03,7.057344E+02,9.401852E-02,6.223157E-02,0.000000E+00,0.000000E+00,0.000000E+00,0.000000E+00,0.000000E+00,0.000000E+00,0.000000E+00,0.000000E+00,2.111069E+01,5.045740E+01,2.388828E+01,4.817196E+01,1.302598E+03,1.592389E+03,1.149677E-01,1.404167E-01,0.000000E+00,0.000000E+00,0.000000E+00,0.000000E+00,0.000000E+00,0.000000E+00,0.000000E+00,0.000000E+00,2.111052E+01,5.035100E+01,2.388508E+01,5.172567E+01,6.522599E+01,1.317457E+02,5.756862E-03,1.161732E-02,0.000000E+00,0.000000E+00,0.000000E+00,0.000000E+00,0.000000E+00,0.000000E+00,0.000000E+00,0.000000E+00,2.111111E+01,5.124987E+01,2.388860E+01,4.685532E+01
20:45:00,4.498141E+03,2.759664E+03,3.970070E-01,2.433469E-01,0.000000E+00,0.000000E+00,0.000000E+00,0.000000E+00,0.000000E+00,0.000000E+00,0.000000E+00,0.000000E+00,2.111081E+01,5.083631E+01,2.388807E+01,4.830857E+01,5.267187E+03,4.024332E+03,4.648833E-01,3.548651E-01,0.000000E+00,0.000000E+00,0.000000E+00,0.000000E+00,0.000000E+00,0.000000E+00,0.000000E+00,0.000000E+00,2.111094E+01,5.086059E+01,2.388744E+01,5.136250E+01,7.466213E+02,6.024079E+02,6.589698E-02,5.312025E-02,0.000000E+00,0.000000E+00,0.000000E+00,0.000000E+00,0.000000E+00,0.000000E+00,0.000000E+00,0.000000E+00,2.111084E+01,5.077636E+01,2.388808E+01,4.804385E+01,8.901382E+02,1.250377E+03,7.856382E-02,1.102581E-01,0.000000E+00,0.000000E+00,0.000000E+00,0.000000E+00,0.000000E+00,0.000000E+00,0.000000E+00,0.000000E+00,2.111075E+01,5.059341E+01,2.388161E+01,5.709003E+01,5.426515E+03,6.135398E+03,4.789456E-01,5.410186E-01,0.000000E+00,0.000000E+00,0.000000E+00,0.000000E+00,0.000000E+00,0.000000E+00,0.000000E+00,0.000000E+00,2.111079E+01,5.070835E+01,2.387311E+01,7.640616E+01,2.053378E+03,2.415462E+03,1.812316E-01,2.129952E-01,0.000000E+00,0.000000E+00,0.000000E+00,0.000000E+00,0.000000E+00,0.000000E+00,0.000000E+00,0.000000E+00,2.111075E+01,5.056993E+01,2.388662E+01,5.044628E+01,8.060480E+02,6.915605E+02,7.114200E-02,6.098172E-02,0.000000E+00,0.000000E+00,0.000000E+00,0.000000E+00,0.000000E+00,0.000000E+00,0.000000E+00,0.000000E+00,2.111089E+01,5.071339E+01,2.388827E+01,4.826091E+01,1.065001E+03,6.626612E+02,9.399728E-02,5.843338E-02,0.000000E+00,0.000000E+00,0.000000E+00,0.000000E+00,0.000000E+00,0.000000E+00,0.000000E+00,0.000000E+00,2.111069E+01,5.045720E+01,2.388829E+01,4.828342E+01,1.302275E+03,1.537690E+03,1.149391E-01,1.355933E-01,0.000000E+00,0.000000E+00,0.000000E+00,0.000000E+00,0.000000E+00,0.000000E+00,0.000000E+00,0.000000E+00,2.111052E+01,5.035077E+01,2.388506E+01,5.191695E+01,6.515297E+01,1.295296E+02,5.750417E-03,1.142190E-02,0.000000E+00,0.000000E+00,0.000000E+00,0.000000E+00,0.000000E+00,0.000000E+00,0.000000E+00,0.000000E+00,2.111111E+01,5.124987E+01,2.388859E+01,4.687051E+01
21:00:00,4.494755E+03,2.677193E+03,3.967082E-01,2.360745E-01,0.000000E+00,0.000000E+00,0.000000E+00,0.000000E+00,0.000000E+00,0.000000E+00,0.000000E+00,0.000000E+00,2.111081E+01,5.083600E+01,2.388808E+01,4.836979E+01,5.265624E+03,3.849484E+03,4.647453E-01,3.394470E-01,0.000000E+00,0.000000E+00,0.000000E+00,0.000000E+00,0.000000E+00,0.000000E+00,0.000000E+00,0.000000E+00,2.111094E+01,5.086046E+01,2.388745E+01,5.155674E+01,7.464268E+02,5.823515E+02,6.587981E-02,5.135168E-02,0.000000E+00,0.000000E+00,0.000000E+00,0.000000E+00,0.000000E+00,0.000000E+00,0.000000E+00,0.000000E+00,2.111084E+01,5.077623E+01,2.388808E+01,4.810326E+01,8.899957E+02,1.229969E+03,7.855124E-02,1.084585E-01,0.000000E+00,0.000000E+00,0.000000E+00,0.000000E+00,0.000000E+00,0.000000E+00,0.000000E+00,0.000000E+00,2.111075E+01,5.059330E+01,2.388161E+01,5.724469E+01,5.425962E+03,5.994808E+03,4.788968E-01,5.286214E-01,0.000000E+00,0.000000E+00,0.000000E+00,0.000000E+00,0.000000E+00,0.000000E+00,0.000000E+00,0.000000E+00,2.111079E+01,5.070829E+01,2.387312E+01,7.703644E+01,2.052944E+03,2.317060E+03,1.811933E-01,2.043180E-01,0.000000E+00,0.000000E+00,0.000000E+00,0.000000E+00,0.000000E+00,0.000000E+00,0.000000E+00,0.000000E+00,2.111075E+01,5.056978E+01,2.388662E+01,5.059883E+01,8.058022E+02,6.536682E+02,7.112030E-02,5.764038E-02,0.000000E+00,0.000000E+00,0.000000E+00,0.000000E+00,0.000000E+00,0.000000E+00,0.000000E+00,0.000000E+00,2.111089E+01,5.071321E+01,2.388827E+01,4.835395E+01,1.064781E+03,6.213299E+02,9.397780E-02,5.478879E-02,0.000000E+00,0.000000E+00,0.000000E+00,0.000000E+00,0.000000E+00,0.000000E+00,0.000000E+00,0.000000E+00,2.111069E+01,5.045703E+01,2.388829E+01,4.838682E+01,1.301969E+03,1.485712E+03,1.149121E-01,1.310099E-01,0.000000E+00,0.000000E+00,0.000000E+00,0.000000E+00,0.000000E+00,0.000000E+00,0.000000E+00,0.000000E+00,2.111052E+01,5.035056E+01,2.388507E+01,5.208227E+01,6.508474E+01,1.274597E+02,5.744395E-03,1.123938E-02,0.000000E+00,0.000000E+00,0.000000E+00,0.000000E+00,0.000000E+00,0.000000E+00,0.000000E+00,0.000000E+00,2.111111E+01,5.124987E+01,2.388860E+01,4.688334E+01
21:15:00,4.491422E+03,2.602027E+03,3.964140E-01,2.294464E-01,0.000000E+00,0.000000E+00,0.000000E+00,0.000000E+00,0.000000E+00,0.000000E+00,0.000000E+00,0.000000E+00,2.111081E+01,5.083569E+01,2.388767E+01,4.842292E+01,5.264176E+03,3.692026E+03,4.646175E-01,3.255624E-01,0.000000E+00,0.000000E+00,0.000000E+00,0.000000E+00,0.000000E+00,0.000000E+00,0.000000E+00,0.000000E+00,2.111094E+01,5.086034E+01,2.388672E+01,5.172782E+01,7.462431E+02,5.643562E+02,6.586360E-02,4.976485E-02,0.000000E+00,0.000000E+00,0.000000E+00,0.000000E+00,0.000000E+00,0.000000E+00,0.000000E+00,0.000000E+00,2.111084E+01,5.077611E+01,2.388771E+01,4.815490E+01,8.898653E+02,1.211144E+03,7.853973E-02,1.067985E-01,0.000000E+00,0.000000E+00,0.000000E+00,0.000000E+00,0.000000E+00,0.000000E+00,0.000000E+00,0.000000E+00,2.111075E+01,5.059320E+01,2.387871E+01,5.738184E+01,5.425457E+03,5.867870E+03,4.788521E-01,5.174281E-01,0.000000E+00,0.000000E+00,0.000000E+00,0.000000E+00,0.000000E+00,0.000000E+00,0.000000E+00,0.000000E+00,2.111079E+01,5.070824E+01,2.386497E+01,7.756034E+01,2.052547E+03,2.228592E+03,1.811583E-01,1.965170E-01,0.000000E+00,0.000000E+00,0.000000E+00,0.000000E+00,0.000000E+00,0.000000E+00,0.000000E+00,0.000000E+00,2.111075E+01,5.056964E+01,2.388572E+01,5.073428E+01,8.055764E+02,6.187094E+02,7.110037E-02,5.455772E-02,0.000000E+00,0.000000E+00,0.000000E+00,0.000000E+00,0.000000E+00,0.000000E+00,0.000000E+00,0.000000E+00,2.111089E+01,5.071303E+01,2.388799E+01,4.844058E+01,1.064578E+03,5.832443E+02,9.395993E-02,5.143041E-02,0.000000E+00,0.000000E+00,0.000000E+00,0.000000E+00,0.000000E+00,0.000000E+00,0.000000E+00,0.000000E+00,2.111069E+01,5.045686E+01,2.388802E+01,4.848333E+01,1.301680E+03,1.437581E+03,1.148866E-01,1.267657E-01,0.000000E+00,0.000000E+00,0.000000E+00,0.000000E+00,0.000000E+00,0.000000E+00,0.000000E+00,0.000000E+00,2.111052E+01,5.035036E+01,2.388358E+01,5.223331E+01,6.502096E+01,1.255267E+02,5.738766E-03,1.106893E-02,0.000000E+00,0.000000E+00,0.000000E+00,0.000000E+00,0.000000E+00,0.000000E+00,0.000000E+00,0.000000E+00,2.111111E+01,5.124987E+01,2.388849E+01,4.689464E+01
21:30:00,4.488141E+03,2.532631E+03,3.961245E-01,2.233271E-01,0.000000E+00,0.000000E+00,0.000000E+00,0.000000E+00,0.000000E+00,0.000000E+00,0.000000E+00,0.000000E+00,2.111081E+01,5.083539E+01,2.388763E+01,4.849016E+01,5.262835E+03,3.550205E+03,4.644991E-01,3.130566E-01,0.000000E+00,0.000000E+00,0.000000E+00,0.000000E+00,0.000000E+00,0.000000E+00,0.000000E+00,0.000000E+00,2.111094E+01,5.086023E+01,2.388665E+01,5.195001E+01,7.460695E+02,5.480459E+02,6.584828E-02,4.832661E-02,0.000000E+00,0.000000E+00,0.000000E+00,0.000000E+00,0.000000E+00,0.000000E+00,0.000000E+00,0.000000E+00,2.111084E+01,5.077600E+01,2.388766E+01,4.821986E+01,8.897460E+02,1.193852E+03,7.852920E-02,1.052737E-01,0.000000E+00,0.000000E+00,0.000000E+00,0.000000E+00,0.000000E+00,0.000000E+00,0.000000E+00,0.000000E+00,2.111075E+01,5.059311E+01,2.387812E+01,5.754672E+01,5.424994E+03,5.756653E+03,4.788114E-01,5.076210E-01,0.000000E+00,0.000000E+00,0.000000E+00,0.000000E+00,0.000000E+00,0.000000E+00,0.000000E+00,0.000000E+00,2.111079E+01,5.070818E+01,2.386355E+01,7.819543E+01,2.052183E+03,2.149660E+03,1.811262E-01,1.895567E-01,0.000000E+00,0.000000E+00,0.000000E+00,0.000000E+00,0.000000E+00,0.000000E+00,0.000000E+00,0.000000E+00,2.111075E+01,5.056951E+01,2.388557E+01,5.090452E+01,8.053689E+02,5.872361E+02,7.108206E-02,5.178241E-02,0.000000E+00,0.000000E+00,0.000000E+00,0.000000E+00,0.000000E+00,0.000000E+00,0.000000E+00,0.000000E+00,2.111089E+01,5.071287E+01,2.388797E+01,4.855675E+01,1.064392E+03,5.489567E+02,9.394354E-02,4.840693E-02,0.000000E+00,0.000000E+00,0.000000E+00,0.000000E+00,0.000000E+00,0.000000E+00,0.000000E+00,0.000000E+00,2.111069E+01,5.045671E+01,2.388800E+01,4.861352E+01,1.301406E+03,1.394036E+03,1.148625E-01,1.229260E-01,0.000000E+00,0.000000E+00,0.000000E+00,0.000000E+00,0.000000E+00,0.000000E+00,0.000000E+00,0.000000E+00,2.111052E+01,5.035017E+01,2.388327E+01,5.242121E+01,6.496129E+01,1.237091E+02,5.733499E-03,1.090865E-02,0.000000E+00,0.000000E+00,0.000000E+00,0.000000E+00,0.000000E+00,0.000000E+00,0.000000E+00,0.000000E+00,2.111111E+01,5.124987E+01,2.388847E+01,4.690882E+01
21:45:00,4.484912E+03,2.468285E+03,3.958394E-01,2.176530E-01,0.000000E+00,0.000000E+00,0.000000E+00,0.000000E+00,0.000000E+00,0.000000E+00,0.000000E+00,0.000000E+00,2.111081E+01,5.083509E+01,2.388761E+01,4.855560E+01,5.261592E+03,3.421438E+03,4.643894E-01,3.017019E-01,0.000000E+00,0.000000E+00,0.000000E+00,0.000000E+00,0.000000E+00,0.000000E+00,0.000000E+00,0.000000E+00,2.111094E+01,5.086012E+01,2.388663E+01,5.216949E+01,7.459053E+02,5.331083E+02,6.583379E-02,4.700943E-02,0.000000E+00,0.000000E+00,0.000000E+00,0.000000E+00,0.000000E+00,0.000000E+00,0.000000E+00,0.000000E+00,2.111084E+01,5.077589E+01,2.388764E+01,4.828268E+01,8.896368E+02,1.177784E+03,7.851957E-02,1.038569E-01,0.000000E+00,0.000000E+00,0.000000E+00,0.000000E+00,0.000000E+00,0.000000E+00,0.000000E+00,0.000000E+00,2.111075E+01,5.059302E+01,2.387795E+01,5.770404E+01,5.424572E+03,5.656260E+03,4.787741E-01,4.987683E-01,0.000000E+00,0.000000E+00,0.000000E+00,0.000000E+00,0.000000E+00,0.000000E+00,0.000000E+00,0.000000E+00,2.111079E+01,5.070814E+01,2.386313E+01,7.879139E+01,2.051850E+03,2.079190E+03,1.810968E-01,1.833427E-01,0.000000E+00,0.000000E+00,0.000000E+00,0.000000E+00,0.000000E+00,0.000000E+00,0.000000E+00,0.000000E+00,2.111075E+01,5.056939E+01,2.388551E+01,5.106821E+01,8.051784E+02,5.591142E+02,7.106524E-02,4.930262E-02,0.000000E+00,0.000000E+00,0.000000E+00,0.000000E+00,0.000000E+00,0.000000E+00,0.000000E+00,0.000000E+00,2.111089E+01,5.071273E+01,2.388796E+01,4.867449E+01,1.064222E+03,5.183006E+02,9.392850E-02,4.570368E-02,0.000000E+00,0.000000E+00,0.000000E+00,0.000000E+00,0.000000E+00,0.000000E+00,0.000000E+00,0.000000E+00,2.111069E+01,5.045658E+01,2.388800E+01,4.874639E+01,1.301147E+03,1.354914E+03,1.148396E-01,1.194762E-01,0.000000E+00,0.000000E+00,0.000000E+00,0.000000E+00,0.000000E+00,0.000000E+00,0.000000E+00,0.000000E+00,2.111052E+01,5.034999E+01,2.388316E+01,5.260078E+01,6.490543E+01,1.219855E+02,5.728569E-03,1.075666E-02,0.000000E+00,0.000000E+00,0.000000E+00,0.000000E+00,0.000000E+00,0.000000E+00,0.000000E+00,0.000000E+00,2.111111E+01,5.124987E+01,2.388847E+01,4.692262E+01
22:00:00,4.481732E+03,2.408161E+03,3.955588E-01,2.123514E-01,0.000000E+00,0.000000E+00,0.000000E+00,0.000000E+00,0.000000E+00,0.000000E+00,0.000000E+00,0.000000E+00,2.111081E+01,5.083479E+01,2.388760E+01,4.861949E+01,5.260439E+03,3.303129E+03,4.642877E-01,2.912695E-01,0.000000E+00,0.000000E+00,0.000000E+00,0.000000E+00,0.000000E+00,0.000000E+00,0.000000E+00,0.000000E+00,2.111094E+01,5.086003E+01,2.388661E+01,5.238610E+01,7.457499E+02,5.192802E+02,6.582008E-02,4.579006E-02,0.000000E+00,0.000000E+00,0.000000E+00,0.000000E+00,0.000000E+00,0.000000E+00,0.000000E+00,0.000000E+00,2.111084E+01,5.077579E+01,2.388763E+01,4.834370E+01,8.895370E+02,1.162387E+03,7.851075E-02,1.024991E-01,0.000000E+00,0.000000E+00,0.000000E+00,0.000000E+00,0.000000E+00,0.000000E+00,0.000000E+00,0.000000E+00,2.111075E+01,5.059294E+01,2.387788E+01,5.785531E+01,5.424186E+03,5.558867E+03,4.787401E-01,4.901802E-01,0.000000E+00,0.000000E+00,0.000000E+00,0.000000E+00,0.000000E+00,0.000000E+00,0.000000E+00,0.000000E+00,2.111079E+01,5.070810E+01,2.386292E+01,7.935473E+01,2.051545E+03,2.015781E+03,1.810699E-01,1.777513E-01,0.000000E+00,0.000000E+00,0.000000E+00,0.000000E+00,0.000000E+00,0.000000E+00,0.000000E+00,0.000000E+00,2.111075E+01,5.056928E+01,2.388547E+01,5.122524E+01,8.050033E+02,5.339541E+02,7.104979E-02,4.708400E-02,0.000000E+00,0.000000E+00,0.000000E+00,0.000000E+00,0.000000E+00,0.000000E+00,0.000000E+00,0.000000E+00,2.111089E+01,5.071259E+01,2.388795E+01,4.879249E+01,1.064066E+03,4.908410E+02,9.391471E-02,4.328230E-02,0.000000E+00,0.000000E+00,0.000000E+00,0.000000E+00,0.000000E+00,0.000000E+00,0.000000E+00,0.000000E+00,2.111069E+01,5.045645E+01,2.388799E+01,4.888060E+01,1.300902E+03,1.319561E+03,1.148179E-01,1.163587E-01,0.000000E+00,0.000000E+00,0.000000E+00,0.000000E+00,0.000000E+00,0.000000E+00,0.000000E+00,0.000000E+00,2.111052E+01,5.034981E+01,2.388309E+01,5.277156E+01,6.485310E+01,1.203396E+02,5.723951E-03,1.061153E-02,0.000000E+00,0.000000E+00,0.000000E+00,0.000000E+00,0.000000E+00,0.000000E+00,0.000000E+00,0.000000E+00,2.111111E+01,5.124987E+01,2.388847E+01,4.693610E+01
22:15:00,4.478602E+03,2.352371E+03,3.952825E-01,2.074317E-01,0.000000E+00,0.000000E+00,0.000000E+00,0.000000E+00,0.000000E+00,0.000000E+00,0.000000E+00,0.000000E+00,2.111081E+01,5.083450E+01,2.388760E+01,4.868197E+01,5.259371E+03,3.195232E+03,4.641934E-01,2.817551E-01,0.000000E+00,0.000000E+00,0.000000E+00,0.000000E+00,0.000000E+00,0.000000E+00,0.000000E+00,0.000000E+00,2.111094E+01,5.085994E+01,2.388659E+01,5.259984E+01,7.456029E+02,5.065470E+02,6.580709E-02,4.466725E-02,0.000000E+00,0.000000E+00,0.000000E+00,0.000000E+00,0.000000E+00,0.000000E+00,0.000000E+00,0.000000E+00,2.111084E+01,5.077569E+01,2.388762E+01,4.840319E+01,8.894456E+02,1.148220E+03,7.850269E-02,1.012499E-01,0.000000E+00,0.000000E+00,0.000000E+00,0.000000E+00,0.000000E+00,0.000000E+00,0.000000E+00,0.000000E+00,2.111075E+01,5.059287E+01,2.387782E+01,5.800095E+01,5.423834E+03,5.474431E+03,4.787090E-01,4.827346E-01,0.000000E+00,0.000000E+00,0.000000E+00,0.000000E+00,0.000000E+00,0.000000E+00,0.000000E+00,0.000000E+00,2.111079E+01,5.070806E+01,2.386274E+01,7.988858E+01,2.051266E+03,1.958995E+03,1.810452E-01,1.727439E-01,0.000000E+00,0.000000E+00,0.000000E+00,0.000000E+00,0.000000E+00,0.000000E+00,0.000000E+00,0.000000E+00,2.111075E+01,5.056918E+01,2.388544E+01,5.137573E+01,8.048425E+02,5.114660E+02,7.103560E-02,4.510100E-02,0.000000E+00,0.000000E+00,0.000000E+00,0.000000E+00,0.000000E+00,0.000000E+00,0.000000E+00,0.000000E+00,2.111089E+01,5.071247E+01,2.388794E+01,4.890988E+01,1.063922E+03,4.662615E+02,9.390206E-02,4.111488E-02,0.000000E+00,0.000000E+00,0.000000E+00,0.000000E+00,0.000000E+00,0.000000E+00,0.000000E+00,0.000000E+00,2.111069E+01,5.045633E+01,2.388799E+01,4.901532E+01,1.300669E+03,1.287993E+03,1.147974E-01,1.135751E-01,0.000000E+00,0.000000E+00,0.000000E+00,0.000000E+00,0.000000E+00,0.000000E+00,0.000000E+00,0.000000E+00,2.111052E+01,5.034965E+01,2.388303E+01,5.293357E+01,6.480406E+01,1.187680E+02,5.719622E-03,1.047295E-02,0.000000E+00,0.000000E+00,0.000000E+00,0.000000E+00,0.000000E+00,0.000000E+00,0.000000E+00,0.000000E+00,2.111111E+01,5.124987E+01,2.388847E+01,4.694932E+01
22:30:00,4.475520E+03,2.300204E+03,3.950105E-01,2.028317E-01,0.000000E+00,0.000000E+00,0.000000E+00,0.000000E+00,0.000000E+00,0.000000E+00,0.000000E+00,0.000000E+00,2.111081E+01,5.083422E+01,2.388759E+01,4.874297E+01,5.258379E+03,3.095856E+03,4.641058E-01,2.729922E-01,0.000000E+00,0.000000E+00,0.000000E+00,0.000000E+00,0.000000E+00,0.000000E+00,0.000000E+00,0.000000E+00,2.111094E+01,5.085985E+01,2.388657E+01,5.281034E+01,7.454635E+02,4.947589E+02,6.579480E-02,4.362778E-02,0.000000E+00,0.000000E+00,0.000000E+00,0.000000E+00,0.000000E+00,0.000000E+00,0.000000E+00,0.000000E+00,2.111084E+01,5.077560E+01,2.388761E+01,4.846100E+01,8.893619E+02,1.134903E+03,7.849530E-02,1.000756E-01,0.000000E+00,0.000000E+00,0.000000E+00,0.000000E+00,0.000000E+00,0.000000E+00,0.000000E+00,0.000000E+00,2.111075E+01,5.059280E+01,2.387776E+01,5.814030E+01,5.423513E+03,5.395527E+03,4.786806E-01,4.757769E-01,0.000000E+00,0.000000E+00,0.000000E+00,0.000000E+00,0.000000E+00,0.000000E+00,0.000000E+00,0.000000E+00,2.111079E+01,5.070802E+01,2.386257E+01,8.039223E+01,2.051010E+03,1.907732E+03,1.810227E-01,1.682236E-01,0.000000E+00,0.000000E+00,0.000000E+00,0.000000E+00,0.000000E+00,0.000000E+00,0.000000E+00,0.000000E+00,2.111075E+01,5.056909E+01,2.388540E+01,5.151955E+01,8.046948E+02,4.912458E+02,7.102256E-02,4.331799E-02,0.000000E+00,0.000000E+00,0.000000E+00,0.000000E+00,0.000000E+00,0.000000E+00,0.000000E+00,0.000000E+00,2.111089E+01,5.071236E+01,2.388793E+01,4.902607E+01,1.063791E+03,4.441226E+02,9.389046E-02,3.916267E-02,0.000000E+00,0.000000E+00,0.000000E+00,0.000000E+00,0.000000E+00,0.000000E+00,0.000000E+00,0.000000E+00,2.111069E+01,5.045623E+01,2.388798E+01,4.914987E+01,1.300449E+03,1.259564E+03,1.147779E-01,1.110682E-01,0.000000E+00,0.000000E+00,0.000000E+00,0.000000E+00,0.000000E+00,0.000000E+00,0.000000E+00,0.000000E+00,2.111052E+01,5.034950E+01,2.388297E+01,5.308644E+01,6.475805E+01,1.172643E+02,5.715562E-03,1.034035E-02,0.000000E+00,0.000000E+00,0.000000E+00,0.000000E+00,0.000000E+00,0.000000E+00,0.000000E+00,0.000000E+00,2.111111E+01,5.124987E+01,2.388846E+01,4.696230E+01
22:45:00,4.472484E+03,2.251271E+03,3.947426E-01,1.985168E-01,0.000000E+00,0.000000E+00,0.000000E+00,0.000000E+00,0.000000E+00,0.000000E+00,0.000000E+00,0.000000E+00,2.111081E+01,5.083393E+01,2.388759E+01,4.880255E+01,5.257458E+03,3.004292E+03,4.640246E-01,2.649181E-01,0.000000E+00,0.000000E+00,0.000000E+00,0.000000E+00,0.000000E+00,0.000000E+00,0.000000E+00,0.000000E+00,2.111094E+01,5.085978E+01,2.388655E+01,5.301739E+01,7.453315E+02,4.838355E+02,6.578314E-02,4.266455E-02,0.000000E+00,0.000000E+00,0.000000E+00,0.000000E+00,0.000000E+00,0.000000E+00,0.000000E+00,0.000000E+00,2.111084E+01,5.077551E+01,2.388760E+01,4.851706E+01,8.892854E+02,1.122452E+03,7.848855E-02,9.897771E-02,0.000000E+00,0.000000E+00,0.000000E+00,0.000000E+00,0.000000E+00,0.000000E+00,0.000000E+00,0.000000E+00,2.111075E+01,5.059274E+01,2.387771E+01,5.827340E+01,5.423219E+03,5.323255E+03,4.786547E-01,4.694039E-01,0.000000E+00,0.000000E+00,0.000000E+00,0.000000E+00,0.000000E+00,0.000000E+00,0.000000E+00,0.000000E+00,2.111079E+01,5.070799E+01,2.386244E+01,8.086716E+01,2.050776E+03,1.861327E+03,1.810020E-01,1.641316E-01,0.000000E+00,0.000000E+00,0.000000E+00,0.000000E+00,0.000000E+00,0.000000E+00,0.000000E+00,0.000000E+00,2.111075E+01,5.056901E+01,2.388537E+01,5.165686E+01,8.045591E+02,4.729978E+02,7.101059E-02,4.170889E-02,0.000000E+00,0.000000E+00,0.000000E+00,0.000000E+00,0.000000E+00,0.000000E+00,0.000000E+00,0.000000E+00,2.111089E+01,5.071225E+01,2.388792E+01,4.914064E+01,1.063670E+03,4.241019E+02,9.387981E-02,3.739725E-02,0.000000E+00,0.000000E+00,0.000000E+00,0.000000E+00,0.000000E+00,0.000000E+00,0.000000E+00,0.000000E+00,2.111069E+01,5.045613E+01,2.388797E+01,4.928383E+01,1.300239E+03,1.233923E+03,1.147595E-01,1.088071E-01,0.000000E+00,0.000000E+00,0.000000E+00,0.000000E+00,0.000000E+00,0.000000E+00,0.000000E+00,0.000000E+00,2.111052E+01,5.034935E+01,2.388292E+01,5.323043E+01,6.471488E+01,1.158268E+02,5.711751E-03,1.021360E-02,0.000000E+00,0.000000E+00,0.000000E+00,0.000000E+00,0.000000E+00,0.000000E+00,0.000000E+00,0.000000E+00,2.111111E+01,5.124987E+01,2.388846E+01,4.697504E+01
23:00:00,4.469495E+03,2.205190E+03,3.944787E-01,1.944534E-01,0.000000E+00,0.000000E+00,0.000000E+00,0.000000E+00,0.000000E+00,0.000000E+00,0.000000E+00,0.000000E+00,2.111081E+01,5.083366E+01,2.388759E+01,4.886094E+01,5.256604E+03,2.919693E+03,4.639492E-01,2.574582E-01,0.000000E+00,0.000000E+00,0.000000E+00,0.000000E+00,0.000000E+00,0.000000E+00,0.000000E+00,0.000000E+00,2.111094E+01,5.085971E+01,2.388653E+01,5.322098E+01,7.452062E+02,4.736994E+02,6.577209E-02,4.177076E-02,0.000000E+00,0.000000E+00,0.000000E+00,0.000000E+00,0.000000E+00,0.000000E+00,0.000000E+00,0.000000E+00,2.111084E+01,5.077543E+01,2.388759E+01,4.857152E+01,8.892153E+02,1.110793E+03,7.848237E-02,9.794957E-02,0.000000E+00,0.000000E+00,0.000000E+00,0.000000E+00,0.000000E+00,0.000000E+00,0.000000E+00,0.000000E+00,2.111075E+01,5.059269E+01,2.387766E+01,5.840083E+01,5.422951E+03,5.256569E+03,4.786310E-01,4.635236E-01,0.000000E+00,0.000000E+00,0.000000E+00,0.000000E+00,0.000000E+00,0.000000E+00,0.000000E+00,0.000000E+00,2.111079E+01,5.070796E+01,2.386232E+01,8.131682E+01,2.050562E+03,1.819149E+03,1.809831E-01,1.604123E-01,0.000000E+00,0.000000E+00,0.000000E+00,0.000000E+00,0.000000E+00,0.000000E+00,0.000000E+00,0.000000E+00,2.111075E+01,5.056893E+01,2.388534E+01,5.178804E+01,8.044345E+02,4.564536E+02,7.099959E-02,4.025002E-02,0.000000E+00,0.000000E+00,0.000000E+00,0.000000E+00,0.000000E+00,0.000000E+00,0.000000E+00,0.000000E+00,2.111089E+01,5.071215E+01,2.388792E+01,4.925338E+01,1.063560E+03,4.059141E+02,9.387005E-02,3.579346E-02,0.000000E+00,0.000000E+00,0.000000E+00,0.000000E+00,0.000000E+00,0.000000E+00,0.000000E+00,0.000000E+00,2.111069E+01,5.045604E+01,2.388797E+01,4.941697E+01,1.300041E+03,1.210707E+03,1.147419E-01,1.067600E-01,0.000000E+00,0.000000E+00,0.000000E+00,0.000000E+00,0.000000E+00,0.000000E+00,0.000000E+00,0.000000E+00,2.111052E+01,5.034921E+01,2.388286E+01,5.336627E+01,6.467433E+01,1.144535E+02,5.708173E-03,1.009250E-02,0.000000E+00,0.000000E+00,0.000000E+00,0.000000E+00,0.000000E+00,0.000000E+00,0.000000E+00,0.000000E+00,2.111111E+01,5.124987E+01,2.388846E+01,4.698753E+01
23:15:00,4.466550E+03,2.161324E+03,3.942188E-01,1.905853E-01,0.000000E+00,0.000000E+00,0.000000E+00,0.000000E+00,0.000000E+00,0.000000E+00,0.000000E+00,0.000000E+00,2.111081E+01,5.083338E+01,2.388758E+01,4.891837E+01,5.255810E+03,2.840941E+03,4.638791E-01,2.505138E-01,0.000000E+00,0.000000E+00,0.000000E+00,0.000000E+00,0.000000E+00,0.000000E+00,0.000000E+00,0.000000E+00,2.111094E+01,5.085964E+01,2.388652E+01,5.342127E+01,7.450874E+02,4.641841E+02,6.576160E-02,4.093169E-02,0.000000E+00,0.000000E+00,0.000000E+00,0.000000E+00,0.000000E+00,0.000000E+00,0.000000E+00,0.000000E+00,2.111084E+01,5.077535E+01,2.388758E+01,4.862455E+01,8.891512E+02,1.099789E+03,7.847671E-02,9.697921E-02,0.000000E+00,0.000000E+00,0.000000E+00,0.000000E+00,0.000000E+00,0.000000E+00,0.000000E+00,0.000000E+00,2.111075E+01,5.059264E+01,2.387761E+01,5.852329E+01,5.422707E+03,5.194238E+03,4.786094E-01,4.580272E-01,0.000000E+00,0.000000E+00,0.000000E+00,0.000000E+00,0.000000E+00,0.000000E+00,0.000000E+00,0.000000E+00,2.111079E+01,5.070793E+01,2.386221E+01,8.174490E+01,2.050366E+03,1.780525E+03,1.809658E-01,1.570064E-01,0.000000E+00,0.000000E+00,0.000000E+00,0.000000E+00,0.000000E+00,0.000000E+00,0.000000E+00,0.000000E+00,2.111075E+01,5.056886E+01,2.388531E+01,5.191355E+01,8.043201E+02,4.413582E+02,7.098950E-02,3.891891E-02,0.000000E+00,0.000000E+00,0.000000E+00,0.000000E+00,0.000000E+00,0.000000E+00,0.000000E+00,0.000000E+00,2.111089E+01,5.071207E+01,2.388791E+01,4.936419E+01,1.063458E+03,3.892692E+02,9.386110E-02,3.432571E-02,0.000000E+00,0.000000E+00,0.000000E+00,0.000000E+00,0.000000E+00,0.000000E+00,0.000000E+00,0.000000E+00,2.111069E+01,5.045596E+01,2.388796E+01,4.954920E+01,1.299852E+03,1.189487E+03,1.147252E-01,1.048888E-01,0.000000E+00,0.000000E+00,0.000000E+00,0.000000E+00,0.000000E+00,0.000000E+00,0.000000E+00,0.000000E+00,2.111052E+01,5.034908E+01,2.388281E+01,5.349483E+01,6.463623E+01,1.131419E+02,5.704810E-03,9.976843E-03,0.000000E+00,0.000000E+00,0.000000E+00,0.000000E+00,0.000000E+00,0.000000E+00,0.000000E+00,0.000000E+00,2.111111E+01,5.124987E+01,2.388846E+01,4.699977E+01
23:30:00,4.463651E+03,2.119407E+03,3.939629E-01,1.868891E-01,0.000000E+00,0.000000E+00,0.000000E+00,0.000000E+00,0.000000E+00,0.000000E+00,0.000000E+00,0.000000E+00,2.111081E+01,5.083311E+01,2.388758E+01,4.897505E+01,5.255073E+03,2.767321E+03,4.638140E-01,2.440220E-01,0.000000E+00,0.000000E+00,0.000000E+00,0.000000E+00,0.000000E+00,0.000000E+00,0.000000E+00,0.000000E+00,2.111094E+01,5.085958E+01,2.388650E+01,5.361851E+01,7.449747E+02,4.552125E+02,6.575165E-02,4.014058E-02,0.000000E+00,0.000000E+00,0.000000E+00,0.000000E+00,0.000000E+00,0.000000E+00,0.000000E+00,0.000000E+00,2.111084E+01,5.077527E+01,2.388757E+01,4.867636E+01,8.890925E+02,1.089367E+03,7.847153E-02,9.606027E-02,0.000000E+00,0.000000E+00,0.000000E+00,0.000000E+00,0.000000E+00,0.000000E+00,0.000000E+00,0.000000E+00,2.111075E+01,5.059259E+01,2.387756E+01,5.864136E+01,5.422484E+03,5.135656E+03,4.785898E-01,4.528615E-01,0.000000E+00,0.000000E+00,0.000000E+00,0.000000E+00,0.000000E+00,0.000000E+00,0.000000E+00,0.000000E+00,2.111079E+01,5.070791E+01,2.386210E+01,8.215465E+01,2.050186E+03,1.744973E+03,1.809499E-01,1.538715E-01,0.000000E+00,0.000000E+00,0.000000E+00,0.000000E+00,0.000000E+00,0.000000E+00,0.000000E+00,0.000000E+00,2.111075E+01,5.056879E+01,2.388528E+01,5.203389E+01,8.042151E+02,4.275082E+02,7.098023E-02,3.769761E-02,0.000000E+00,0.000000E+00,0.000000E+00,0.000000E+00,0.000000E+00,0.000000E+00,0.000000E+00,0.000000E+00,2.111089E+01,5.071199E+01,2.388790E+01,4.947305E+01,1.063365E+03,3.739540E+02,9.385289E-02,3.297521E-02,0.000000E+00,0.000000E+00,0.000000E+00,0.000000E+00,0.000000E+00,0.000000E+00,0.000000E+00,0.000000E+00,2.111069E+01,5.045588E+01,2.388795E+01,4.968050E+01,1.299673E+03,1.169979E+03,1.147094E-01,1.031686E-01,0.000000E+00,0.000000E+00,0.000000E+00,0.000000E+00,0.000000E+00,0.000000E+00,0.000000E+00,0.000000E+00,2.111052E+01,5.034895E+01,2.388276E+01,5.361693E+01,6.460041E+01,1.118890E+02,5.701648E-03,9.866355E-03,0.000000E+00,0.000000E+00,0.000000E+00,0.000000E+00,0.000000E+00,0.000000E+00,0.000000E+00,0.000000E+00,2.111111E+01,5.124987E+01,2.388845E+01,4.701176E+01
23:45:00,4.460794E+03,2.079202E+03,3.937108E-01,1.833438E-01,0.000000E+00,0.000000E+00,0.000000E+00,0.000000E+00,0.000000E+00,0.000000E+00,0.000000E+00,0.000000E+00,2.111081E+01,5.083284E+01,2.388757E+01,4.903117E+01,5.254388E+03,2.698219E+03,4.637536E-01,2.379286E-01,0.000000E+00,0.000000E+00,0.000000E+00,0.000000E+00,0.000000E+00,0.000000E+00,0.000000E+00,0.000000E+00,2.111094E+01,5.085952E+01,2.388648E+01,5.381294E+01,7.448676E+02,4.467180E+02,6.574220E-02,3.939153E-02,0.000000E+00,0.000000E+00,0.000000E+00,0.000000E+00,0.000000E+00,0.000000E+00,0.000000E+00,0.000000E+00,2.111084E+01,5.077520E+01,2.388756E+01,4.872712E+01,8.890389E+02,1.079463E+03,7.846679E-02,9.518694E-02,0.000000E+00,0.000000E+00,0.000000E+00,0.000000E+00,0.000000E+00,0.000000E+00,0.000000E+00,0.000000E+00,2.111075E+01,5.059255E+01,2.387752E+01,5.875553E+01,5.422281E+03,5.080260E+03,4.785719E-01,4.479767E-01,0.000000E+00,0.000000E+00,0.000000E+00,0.000000E+00,0.000000E+00,0.000000E+00,0.000000E+00,0.000000E+00,2.111079E+01,5.070788E+01,2.386200E+01,8.254876E+01,2.050022E+03,1.712080E+03,1.809355E-01,1.509710E-01,0.000000E+00,0.000000E+00,0.000000E+00,0.000000E+00,0.000000E+00,0.000000E+00,0.000000E+00,0.000000E+00,2.111075E+01,5.056874E+01,2.388525E+01,5.214953E+01,8.041187E+02,4.147304E+02,7.097172E-02,3.657088E-02,0.000000E+00,0.000000E+00,0.000000E+00,0.000000E+00,0.000000E+00,0.000000E+00,0.000000E+00,0.000000E+00,2.111089E+01,5.071191E+01,2.388789E+01,4.958002E+01,1.063280E+03,3.597867E+02,9.384536E-02,3.172595E-02,0.000000E+00,0.000000E+00,0.000000E+00,0.000000E+00,0.000000E+00,0.000000E+00,0.000000E+00,0.000000E+00,2.111069E+01,5.045581E+01,2.388795E+01,4.981093E+01,1.299502E+03,1.151934E+03,1.146944E-01,1.015774E-01,0.000000E+00,0.000000E+00,0.000000E+00,0.000000E+00,0.000000E+00,0.000000E+00,0.000000E+00,0.000000E+00,2.111052E+01,5.034883E+01,2.388271E+01,5.373329E+01,6.456671E+01,1.106914E+02,5.698674E-03,9.760753E-03,0.000000E+00,0.000000E+00,0.000000E+00,0.000000E+00,0.000000E+00,0.000000E+00,0.000000E+00,0.000000E+00,2.111111E+01,5.124987E+01,2.388845E+01,4.702349E+01
24:00:00,4.457981E+03,2.040498E+03,3.934625E-01,1.799308E-01,0.000000E+00,0.000000E+00,0.000000E+00,0.000000E+00,0.000000E+00,0.000000E+00,0.000000E+00,0.000000E+00,2.111081E+01,5.083258E+01,2.388757E+01,4.908689E+01,5.253751E+03,2.633122E+03,4.636973E-01,2.321883E-01,0.000000E+00,0.000000E+00,0.000000E+00,0.000000E+00,0.000000E+00,0.000000E+00,0.000000E+00,0.000000E+00,2.111094E+01,5.085947E+01,2.388646E+01,5.400482E+01,7.447660E+02,4.386443E+02,6.573323E-02,3.867960E-02,0.000000E+00,0.000000E+00,0.000000E+00,0.000000E+00,0.000000E+00,0.000000E+00,0.000000E+00,0.000000E+00,2.111084E+01,5.077514E+01,2.388755E+01,4.877697E+01,8.889897E+02,1.070018E+03,7.846246E-02,9.435407E-02,0.000000E+00,0.000000E+00,0.000000E+00,0.000000E+00,0.000000E+00,0.000000E+00,0.000000E+00,0.000000E+00,2.111075E+01,5.059251E+01,2.387748E+01,5.886621E+01,5.422096E+03,5.027618E+03,4.785556E-01,4.433347E-01,0.000000E+00,0.000000E+00,0.000000E+00,0.000000E+00,0.000000E+00,0.000000E+00,0.000000E+00,0.000000E+00,2.111079E+01,5.070786E+01,2.386190E+01,8.292950E+01,2.049872E+03,1.681497E+03,1.809222E-01,1.482742E-01,0.000000E+00,0.000000E+00,0.000000E+00,0.000000E+00,0.000000E+00,0.000000E+00,0.000000E+00,0.000000E+00,2.111075E+01,5.056868E+01,2.388523E+01,5.226090E+01,8.040302E+02,4.028809E+02,7.096391E-02,3.552598E-02,0.000000E+00,0.000000E+00,0.000000E+00,0.000000E+00,0.000000E+00,0.000000E+00,0.000000E+00,0.000000E+00,2.111089E+01,5.071184E+01,2.388788E+01,4.968519E+01,1.063202E+03,3.466164E+02,9.383846E-02,3.056459E-02,0.000000E+00,0.000000E+00,0.000000E+00,0.000000E+00,0.000000E+00,0.000000E+00,0.000000E+00,0.000000E+00,2.111069E+01,5.045575E+01,2.388794E+01,4.994059E+01,1.299340E+03,1.135145E+03,1.146801E-01,1.000969E-01,0.000000E+00,0.000000E+00,0.000000E+00,0.000000E+00,0.000000E+00,0.000000E+00,0.000000E+00,0.000000E+00,2.111052E+01,5.034872E+01,2.388267E+01,5.384459E+01,6.453499E+01,1.095462E+02,5.695874E-03,9.659773E-03,0.000000E+00,0.000000E+00,0.000000E+00,0.000000E+00,0.000000E+00,0.000000E+00,0.000000E+00,0.000000E+00,2.111111E+01,5.124987E+01,2.388845E+01,4.703496E+01
Peak,6.697693E+03,4.524219E+03,5.911401E-01,3.989451E-01,0.000000E+00,0.000000E+00,0.000000E+00,0.000000E+00,0.000000E+00,0.000000E+00,0.000000E+00,0.000000E+00,,,,,1.231312E+04,7.564424E+03,1.086759E+00,6.670300E-01,0.000000E+00,0.000000E+00,0.000000E+00,0.000000E+00,0.000000E+00,0.000000E+00,0.000000E+00,0.000000E+00,,,,,1.633306E+03,2.383368E+03,1.441560E-01,2.101651E-01,0.000000E+00,0.000000E+00,0.000000E+00,0.000000E+00,0.000000E+00,0.000000E+00,0.000000E+00,0.000000E+00,,,,,2.013913E+03,2.059898E+03,1.777485E-01,1.816415E-01,0.000000E+00,0.000000E+00,0.000000E+00,0.000000E+00,0.000000E+00,0.000000E+00,0.000000E+00,0.000000E+00,,,,,1.040791E+04,1.413922E+04,9.186049E-01,1.246794E+00,0.000000E+00,0.000000E+00,0.000000E+00,0.000000E+00,0.000000E+00,0.000000E+00,0.000000E+00,0.000000E+00,,,,,4.672626E+03,4.117693E+03,4.124071E-01,3.630976E-01,0.000000E+00,0.000000E+00,0.000000E+00,0.000000E+00,0.000000E+00,0.000000E+00,0.000000E+00,0.000000E+00,,,,,2.019877E+03,9.654320E+02,1.782748E-01,8.513167E-02,0.000000E+00,0.000000E+00,0.000000E+00,0.000000E+00,0.000000E+00,0.000000E+00,0.000000E+00,0.000000E+00,,,,,2.349928E+03,9.890738E+02,2.074052E-01,8.721640E-02,0.000000E+00,0.000000E+00,0.000000E+00,0.000000E+00,0.000000E+00,0.000000E+00,0.000000E+00,0.000000E+00,,,,,2.640442E+03,2.243614E+03,2.330461E-01,1.978416E-01,0.000000E+00,0.000000E+00,0.000000E+00,0.000000E+00,0.000000E+00,0.000000E+00,0.000000E+00,0.000000E+00,,,,,1.936222E+02,2.699337E+02,1.708915E-02,2.380272E-02,0.000000E+00,0.000000E+00,0.000000E+00,0.000000E+00,0.000000E+00,0.000000E+00,0.000000E+00,0.000000E+00,,,,

Peak Vol Flow (m3/s),,,4.920198E-01,3.320514E-01,,,0.000000E+00,0.000000E+00,,,,,,,,,,,9.045355E-01,5.551848E-01,,,0.000000E+00,0.000000E+00,,,,,,,,,,,1.199845E-01,1.749253E-01,,,0.000000E+00,0.000000E+00,,,,,,,,,,,1.479442E-01,1.511845E-01,,,0.000000E+00,0.000000E+00,,,,,,,,,,,7.645765E-01,1.037736E+00,,,0.000000E+00,0.000000E+00,,,,,,,,,,,3.432562E-01,3.022147E-01,,,0.000000E+00,0.000000E+00,,,,,,,,,,,1.483824E-01,7.085710E-02,,,0.000000E+00,0.000000E+00,,,,,,,,,,,1.726283E-01,7.259227E-02,,,0.000000E+00,0.000000E+00,,,,,,,,,,,1.939698E-01,1.646682E-01,,,0.000000E+00,0.000000E+00,,,,,,,,,,,1.422370E-02,1.981157E-02,,,0.000000E+00,0.000000E+00,,,,,,,,
