Time,THERMAL ZONE: L01-102_OFCECOMLPTHP:SEATTLE-KING COUNTY INTL AP-B ANN HTG 99.6% CONDNS DB:Des Heat Load [W],THERMAL ZONE: L01-102_OFCECOMLPTHP:SEATTLE-KING COUNTY INTL AP-B ANN CLG 1% CONDNS DB=>MWB:Des Sens Cool Load [W],THERMAL ZONE: L01-102_OFCECOMLPTHP:SEATTLE-KING COUNTY INTL AP-B ANN HTG 99.6% CONDNS DB:Des Heat Mass Flow [kg/s],THERMAL ZONE: L01-102_OFCECOMLPTHP:SEATTLE-KING COUNTY INTL AP-B ANN CLG 1% CONDNS DB=>MWB:Des Cool Mass Flow [kg/s],THERMAL ZONE: L01-102_OFCECOMLPTHP::Des Latent Heat Load [W],THERMAL ZONE: L01-102_OFCECOMLPTHP::Des Latent Cool Load [W],THERMAL ZONE: L01-102_OFCECOMLPTHP::Des Latent Heat Mass Flow [kg/s],THERMAL ZONE: L01-102_OFCECOMLPTHP::Des Latent Cool Mass Flow [kg/s],THERMAL ZONE: L01-102_OFCECOMLPTHP::Des Heat Load No DOAS [W],THERMAL ZONE: L01-102_OFCECOMLPTHP::Des Sens Cool Load No DOAS [W],THERMAL ZONE: L01-102_OFCECOMLPTHP::Des Latent Heat Load No DOAS [W],THERMAL ZONE: L01-102_OFCECOMLPTHP::Des Latent Cool Load No DOAS [W],THERMAL ZONE: L01-102_OFCECOMLPTHP:SEATTLE-KING COUNTY INTL AP-B ANN HTG 99.6% CONDNS DB:Heating Zone Temperature [C],THERMAL ZONE: L01-102_OFCECOMLPTHP:SEATTLE-KING COUNTY INTL AP-B ANN HTG 99.6% CONDNS DB:Heating Zone Relative Humidity [%],THERMAL ZONE: L01-102_OFCECOMLPTHP:SEATTLE-KING COUNTY INTL AP-B ANN CLG 1% CONDNS DB=>MWB:Cooling Zone Temperature [C],THERMAL ZONE: L01-102_OFCECOMLPTHP:SEATTLE-KING COUNTY INTL AP-B ANN CLG 1% CONDNS DB=>MWB:Cooling Zone Relative Humidity [%],THERMAL ZONE: L02-201_CORRCOMLPTHP:SEATTLE-KING COUNTY INTL AP-B ANN HTG 99.6% CONDNS DB:Des Heat Load [W],THERMAL ZONE: L02-201_CORRCOMLPTHP:SEATTLE-KING COUNTY INTL AP-B ANN CLG 1% CONDNS DB=>MWB:Des Sens Cool Load [W],THERMAL ZONE: L02-201_CORRCOMLPTHP:SEATTLE-KING COUNTY INTL AP-B ANN HTG 99.6% CONDNS DB:Des Heat Mass Flow [kg/s],THERMAL ZONE: L02-201_CORRCOMLPTHP:SEATTLE-KING COUNTY INTL AP-B ANN CLG 1% CONDNS DB=>MWB:Des Cool Mass Flow [kg/s],THERMAL ZONE: L02-201_CORRCOMLPTHP::Des Latent Heat Load [W],THERMAL ZONE: L02-201_CORRCOMLPTHP::Des Latent Cool Load [W],THERMAL ZONE: L02-201_CORRCOMLPTHP::Des Latent Heat Mass Flow [kg/s],THERMAL ZONE: L02-201_CORRCOMLPTHP::Des Latent Cool Mass Flow [kg/s],THERMAL ZONE: L02-201_CORRCOMLPTHP::Des Heat Load No DOAS [W],THERMAL ZONE: L02-201_CORRCOMLPTHP::Des Sens Cool Load No DOAS [W],THERMAL ZONE: L02-201_CORRCOMLPTHP::Des Latent Heat Load No DOAS [W],THERMAL ZONE: L02-201_CORRCOMLPTHP::Des Latent Cool Load No DOAS [W],THERMAL ZONE: L02-201_CORRCOMLPTHP:SEATTLE-KING COUNTY INTL AP-B ANN HTG 99.6% CONDNS DB:Heating Zone Temperature [C],THERMAL ZONE: L02-201_CORRCOMLPTHP:SEATTLE-KING COUNTY INTL AP-B ANN HTG 99.6% CONDNS DB:Heating Zone Relative Humidity [%],THERMAL ZONE: L02-201_CORRCOMLPTHP:SEATTLE-KING COUNTY INTL AP-B ANN CLG 1% CONDNS DB=>MWB:Cooling Zone Temperature [C],THERMAL ZONE: L02-201_CORRCOMLPTHP:SEATTLE-KING COUNTY INTL AP-B ANN CLG 1% CONDNS DB=>MWB:Cooling Zone Relative Humidity [%],THERMAL ZONE: L02-202_OFCECOMLPTHP:SEATTLE-KING COUNTY INTL AP-B ANN HTG 99.6% CONDNS DB:Des Heat Load [W],THERMAL ZONE: L02-202_OFCECOMLPTHP:SEATTLE-KING COUNTY INTL AP-B ANN CLG 1% CONDNS DB=>MWB:Des Sens Cool Load [W],THERMAL ZONE: L02-202_OFCECOMLPTHP:SEATTLE-KING COUNTY INTL AP-B ANN HTG 99.6% CONDNS DB:Des Heat Mass Flow [kg/s],THERMAL ZONE: L02-202_OFCECOMLPTHP:SEATTLE-KING COUNTY INTL AP-B ANN CLG 1% CONDNS DB=>MWB:Des Cool Mass Flow [kg/s],THERMAL ZONE: L02-202_OFCECOMLPTHP::Des Latent Heat Load [W],THERMAL ZONE: L02-202_OFCECOMLPTHP::Des Latent Cool Load [W],THERMAL ZONE: L02-202_OFCECOMLPTHP::Des Latent Heat Mass Flow [kg/s],THERMAL ZONE: L02-202_OFCECOMLPTHP::Des Latent Cool Mass Flow [kg/s],THERMAL ZONE: L02-202_OFCECOMLPTHP::Des Heat Load No DOAS [W],THERMAL ZONE: L02-202_OFCECOMLPTHP::Des Sens Cool Load No DOAS [W],THERMAL ZONE: L02-202_OFCECOMLPTHP::Des Latent Heat Load No DOAS [W],THERMAL ZONE: L02-202_OFCECOMLPTHP::Des Latent Cool Load No DOAS [W],THERMAL ZONE: L02-202_OFCECOMLPTHP:SEATTLE-KING COUNTY INTL AP-B ANN HTG 99.6% CONDNS DB:Heating Zone Temperature [C],THERMAL ZONE: L02-202_OFCECOMLPTHP:SEATTLE-KING COUNTY INTL AP-B ANN HTG 99.6% CONDNS DB:Heating Zone Relative Humidity [%],THERMAL ZONE: L02-202_OFCECOMLPTHP:SEATTLE-KING COUNTY INTL AP-B ANN CLG 1% CONDNS DB=>MWB:Cooling Zone Temperature [C],THERMAL ZONE: L02-202_OFCECOMLPTHP:SEATTLE-KING COUNTY INTL AP-B ANN CLG 1% CONDNS DB=>MWB:Cooling Zone Relative Humidity [%],THERMAL ZONE: L02-203_BRKRCOMLPTHP:SEATTLE-KING COUNTY INTL AP-B ANN HTG 99.6% CONDNS DB:Des Heat Load [W],THERMAL ZONE: L02-203_BRKRCOMLPTHP:SEATTLE-KING COUNTY INTL AP-B ANN CLG 1% CONDNS DB=>MWB:Des Sens Cool Load [W],THERMAL ZONE: L02-203_BRKRCOMLPTHP:SEATTLE-KING COUNTY INTL AP-B ANN HTG 99.6% CONDNS DB:Des Heat Mass Flow [kg/s],THERMAL ZONE: L02-203_BRKRCOMLPTHP:SEATTLE-KING COUNTY INTL AP-B ANN CLG 1% CONDNS DB=>MWB:Des Cool Mass Flow [kg/s],THERMAL ZONE: L02-203_BRKRCOMLPTHP::Des Latent Heat Load [W],THERMAL ZONE: L02-203_BRKRCOMLPTHP::Des Latent Cool Load [W],THERMAL ZONE: L02-203_BRKRCOMLPTHP::Des Latent Heat Mass Flow [kg/s],THERMAL ZONE: L02-203_BRKRCOMLPTHP::Des Latent Cool Mass Flow [kg/s],THERMAL ZONE: L02-203_BRKRCOMLPTHP::Des Heat Load No DOAS [W],THERMAL ZONE: L02-203_BRKRCOMLPTHP::Des Sens Cool Load No DOAS [W],THERMAL ZONE: L02-203_BRKRCOMLPTHP::Des Latent Heat Load No DOAS [W],THERMAL ZONE: L02-203_BRKRCOMLPTHP::Des Latent Cool Load No DOAS [W],THERMAL ZONE: L02-203_BRKRCOMLPTHP:SEATTLE-KING COUNTY INTL AP-B ANN HTG 99.6% CONDNS DB:Heating Zone Temperature [C],THERMAL ZONE: L02-203_BRKRCOMLPTHP:SEATTLE-KING COUNTY INTL AP-B ANN HTG 99.6% CONDNS DB:Heating Zone Relative Humidity [%],THERMAL ZONE: L02-203_BRKRCOMLPTHP:SEATTLE-KING COUNTY INTL AP-B ANN CLG 1% CONDNS DB=>MWB:Cooling Zone Temperature [C],THERMAL ZONE: L02-203_BRKRCOMLPTHP:SEATTLE-KING COUNTY INTL AP-B ANN CLG 1% CONDNS DB=>MWB:Cooling Zone Relative Humidity [%],THERMAL ZONE: L02-204_FITNCOMLPTHP:SEATTLE-KING COUNTY INTL AP-B ANN HTG 99.6% CONDNS DB:Des Heat Load [W],THERMAL ZONE: L02-204_FITNCOMLPTHP:SEATTLE-KING COUNTY INTL AP-B ANN CLG 1% CONDNS DB=>MWB:Des Sens Cool Load [W],THERMAL ZONE: L02-204_FITNCOMLPTHP:SEATTLE-KING COUNTY INTL AP-B ANN HTG 99.6% CONDNS DB:Des Heat Mass Flow [kg/s],THERMAL ZONE: L02-204_FITNCOMLPTHP:SEATTLE-KING COUNTY INTL AP-B ANN CLG 1% CONDNS DB=>MWB:Des Cool Mass Flow [kg/s],THERMAL ZONE: L02-204_FITNCOMLPTHP::Des Latent Heat Load [W],THERMAL ZONE: L02-204_FITNCOMLPTHP::Des Latent Cool Load [W],THERMAL ZONE: L02-204_FITNCOMLPTHP::Des Latent Heat Mass Flow [kg/s],THERMAL ZONE: L02-204_FITNCOMLPTHP::Des Latent Cool Mass Flow [kg/s],THERMAL ZONE: L02-204_FITNCOMLPTHP::Des Heat Load No DOAS [W],THERMAL ZONE: L02-204_FITNCOMLPTHP::Des Sens Cool Load No DOAS [W],THERMAL ZONE: L02-204_FITNCOMLPTHP::Des Latent Heat Load No DOAS [W],THERMAL ZONE: L02-204_FITNCOMLPTHP::Des Latent Cool Load No DOAS [W],THERMAL ZONE: L02-204_FITNCOMLPTHP:SEATTLE-KING COUNTY INTL AP-B ANN HTG 99.6% CONDNS DB:Heating Zone Temperature [C],THERMAL ZONE: L02-204_FITNCOMLPTHP:SEATTLE-KING COUNTY INTL AP-B ANN HTG 99.6% CONDNS DB:Heating Zone Relative Humidity [%],THERMAL ZONE: L02-204_FITNCOMLPTHP:SEATTLE-KING COUNTY INTL AP-B ANN CLG 1% CONDNS DB=>MWB:Cooling Zone Temperature [C],THERMAL ZONE: L02-204_FITNCOMLPTHP:SEATTLE-KING COUNTY INTL AP-B ANN CLG 1% CONDNS DB=>MWB:Cooling Zone Relative Humidity [%],THERMAL ZONE: L02-206_MPRPCOMLPTHP:SEATTLE-KING COUNTY INTL AP-B ANN HTG 99.6% CONDNS DB:Des Heat Load [W],THERMAL ZONE: L02-206_MPRPCOMLPTHP:SEATTLE-KING COUNTY INTL AP-B ANN CLG 1% CONDNS DB=>MWB:Des Sens Cool Load [W],THERMAL ZONE: L02-206_MPRPCOMLPTHP:SEATTLE-KING COUNTY INTL AP-B ANN HTG 99.6% CONDNS DB:Des Heat Mass Flow [kg/s],THERMAL ZONE: L02-206_MPRPCOMLPTHP:SEATTLE-KING COUNTY INTL AP-B ANN CLG 1% CONDNS DB=>MWB:Des Cool Mass Flow [kg/s],THERMAL ZONE: L02-206_MPRPCOMLPTHP::Des Latent Heat Load [W],THERMAL ZONE: L02-206_MPRPCOMLPTHP::Des Latent Cool Load [W],THERMAL ZONE: L02-206_MPRPCOMLPTHP::Des Latent Heat Mass Flow [kg/s],THERMAL ZONE: L02-206_MPRPCOMLPTHP::Des Latent Cool Mass Flow [kg/s],THERMAL ZONE: L02-206_MPRPCOMLPTHP::Des Heat Load No DOAS [W],THERMAL ZONE: L02-206_MPRPCOMLPTHP::Des Sens Cool Load No DOAS [W],THERMAL ZONE: L02-206_MPRPCOMLPTHP::Des Latent Heat Load No DOAS [W],THERMAL ZONE: L02-206_MPRPCOMLPTHP::Des Latent Cool Load No DOAS [W],THERMAL ZONE: L02-206_MPRPCOMLPTHP:SEATTLE-KING COUNTY INTL AP-B ANN HTG 99.6% CONDNS DB:Heating Zone Temperature [C],THERMAL ZONE: L02-206_MPRPCOMLPTHP:SEATTLE-KING COUNTY INTL AP-B ANN HTG 99.6% CONDNS DB:Heating Zone Relative Humidity [%],THERMAL ZONE: L02-206_MPRPCOMLPTHP:SEATTLE-KING COUNTY INTL AP-B ANN CLG 1% CONDNS DB=>MWB:Cooling Zone Temperature [C],THERMAL ZONE: L02-206_MPRPCOMLPTHP:SEATTLE-KING COUNTY INTL AP-B ANN CLG 1% CONDNS DB=>MWB:Cooling Zone Relative Humidity [%],THERMAL ZONE: L02-209_ASTOCOMLPTHP:SEATTLE-KING COUNTY INTL AP-B ANN HTG 99.6% CONDNS DB:Des Heat Load [W],THERMAL ZONE: L02-209_ASTOCOMLPTHP:SEATTLE-KING COUNTY INTL AP-B ANN CLG 1% CONDNS DB=>MWB:Des Sens Cool Load [W],THERMAL ZONE: L02-209_ASTOCOMLPTHP:SEATTLE-KING COUNTY INTL AP-B ANN HTG 99.6% CONDNS DB:Des Heat Mass Flow [kg/s],THERMAL ZONE: L02-209_ASTOCOMLPTHP:SEATTLE-KING COUNTY INTL AP-B ANN CLG 1% CONDNS DB=>MWB:Des Cool Mass Flow [kg/s],THERMAL ZONE: L02-209_ASTOCOMLPTHP::Des Latent Heat Load [W],THERMAL ZONE: L02-209_ASTOCOMLPTHP::Des Latent Cool Load [W],THERMAL ZONE: L02-209_ASTOCOMLPTHP::Des Latent Heat Mass Flow [kg/s],THERMAL ZONE: L02-209_ASTOCOMLPTHP::Des Latent Cool Mass Flow [kg/s],THERMAL ZONE: L02-209_ASTOCOMLPTHP::Des Heat Load No DOAS [W],THERMAL ZONE: L02-209_ASTOCOMLPTHP::Des Sens Cool Load No DOAS [W],THERMAL ZONE: L02-209_ASTOCOMLPTHP::Des Latent Heat Load No DOAS [W],THERMAL ZONE: L02-209_ASTOCOMLPTHP::Des Latent Cool Load No DOAS [W],THERMAL ZONE: L02-209_ASTOCOMLPTHP:SEATTLE-KING COUNTY INTL AP-B ANN HTG 99.6% CONDNS DB:Heating Zone Temperature [C],THERMAL ZONE: L02-209_ASTOCOMLPTHP:SEATTLE-KING COUNTY INTL AP-B ANN HTG 99.6% CONDNS DB:Heating Zone Relative Humidity [%],THERMAL ZONE: L02-209_ASTOCOMLPTHP:SEATTLE-KING COUNTY INTL AP-B ANN CLG 1% CONDNS DB=>MWB:Cooling Zone Temperature [C],THERMAL ZONE: L02-209_ASTOCOMLPTHP:SEATTLE-KING COUNTY INTL AP-B ANN CLG 1% CONDNS DB=>MWB:Cooling Zone Relative Humidity [%],THERMAL ZONE: L02-214_ASTOCOMLPTHP:SEATTLE-KING COUNTY INTL AP-B ANN HTG 99.6% CONDNS DB:Des Heat Load [W],THERMAL ZONE: L02-214_ASTOCOMLPTHP:SEATTLE-KING COUNTY INTL AP-B ANN CLG 1% CONDNS DB=>MWB:Des Sens Cool Load [W],THERMAL ZONE: L02-214_ASTOCOMLPTHP:SEATTLE-KING COUNTY INTL AP-B ANN HTG 99.6% CONDNS DB:Des Heat Mass Flow [kg/s],THERMAL ZONE: L02-214_ASTOCOMLPTHP:SEATTLE-KING COUNTY INTL AP-B ANN CLG 1% CONDNS DB=>MWB:Des Cool Mass Flow [kg/s],THERMAL ZONE: L02-214_ASTOCOMLPTHP::Des Latent Heat Load [W],THERMAL ZONE: L02-214_ASTOCOMLPTHP::Des Latent Cool Load [W],THERMAL ZONE: L02-214_ASTOCOMLPTHP::Des Latent Heat Mass Flow [kg/s],THERMAL ZONE: L02-214_ASTOCOMLPTHP::Des Latent Cool Mass Flow [kg/s],THERMAL ZONE: L02-214_ASTOCOMLPTHP::Des Heat Load No DOAS [W],THERMAL ZONE: L02-214_ASTOCOMLPTHP::Des Sens Cool Load No DOAS [W],THERMAL ZONE: L02-214_ASTOCOMLPTHP::Des Latent Heat Load No DOAS [W],THERMAL ZONE: L02-214_ASTOCOMLPTHP::Des Latent Cool Load No DOAS [W],THERMAL ZONE: L02-214_ASTOCOMLPTHP:SEATTLE-KING COUNTY INTL AP-B ANN HTG 99.6% CONDNS DB:Heating Zone Temperature [C],THERMAL ZONE: L02-214_ASTOCOMLPTHP:SEATTLE-KING COUNTY INTL AP-B ANN HTG 99.6% CONDNS DB:Heating Zone Relative Humidity [%],THERMAL ZONE: L02-214_ASTOCOMLPTHP:SEATTLE-KING COUNTY INTL AP-B ANN CLG 1% CONDNS DB=>MWB:Cooling Zone Temperature [C],THERMAL ZONE: L02-214_ASTOCOMLPTHP:SEATTLE-KING COUNTY INTL AP-B ANN CLG 1% CONDNS DB=>MWB:Cooling Zone Relative Humidity [%],THERMAL ZONE: L02-216_MPRPCOMLPTHP:SEATTLE-KING COUNTY INTL AP-B ANN HTG 99.6% CONDNS DB:Des Heat Load [W],THERMAL ZONE: L02-216_MPRPCOMLPTHP:SEATTLE-KING COUNTY INTL AP-B ANN CLG 1% CONDNS DB=>MWB:Des Sens Cool Load [W],THERMAL ZONE: L02-216_MPRPCOMLPTHP:SEATTLE-KING COUNTY INTL AP-B ANN HTG 99.6% CONDNS DB:Des Heat Mass Flow [kg/s],THERMAL ZONE: L02-216_MPRPCOMLPTHP:SEATTLE-KING COUNTY INTL AP-B ANN CLG 1% CONDNS DB=>MWB:Des Cool Mass Flow [kg/s],THERMAL ZONE: L02-216_MPRPCOMLPTHP::Des Latent Heat Load [W],THERMAL ZONE: L02-216_MPRPCOMLPTHP::Des Latent Cool Load [W],THERMAL ZONE: L02-216_MPRPCOMLPTHP::Des Latent Heat Mass Flow [kg/s],THERMAL ZONE: L02-216_MPRPCOMLPTHP::Des Latent Cool Mass Flow [kg/s],THERMAL ZONE: L02-216_MPRPCOMLPTHP::Des Heat Load No DOAS [W],THERMAL ZONE: L02-216_MPRPCOMLPTHP::Des Sens Cool Load No DOAS [W],THERMAL ZONE: L02-216_MPRPCOMLPTHP::Des Latent Heat Load No DOAS [W],THERMAL ZONE: L02-216_MPRPCOMLPTHP::Des Latent Cool Load No DOAS [W],THERMAL ZONE: L02-216_MPRPCOMLPTHP:SEATTLE-KING COUNTY INTL AP-B ANN HTG 99.6% CONDNS DB:Heating Zone Temperature [C],THERMAL ZONE: L02-216_MPRPCOMLPTHP:SEATTLE-KING COUNTY INTL AP-B ANN HTG 99.6% CONDNS DB:Heating Zone Relative Humidity [%],THERMAL ZONE: L02-216_MPRPCOMLPTHP:SEATTLE-KING COUNTY INTL AP-B ANN CLG 1% CONDNS DB=>MWB:Cooling Zone Temperature [C],THERMAL ZONE: L02-216_MPRPCOMLPTHP:SEATTLE-KING COUNTY INTL AP-B ANN CLG 1% CONDNS DB=>MWB:Cooling Zone Relative Humidity [%],THERMAL ZONE: L02-218_MECHCOMLPTHP:SEATTLE-KING COUNTY INTL AP-B ANN HTG 99.6% CONDNS DB:Des Heat Load [W],THERMAL ZONE: L02-218_MECHCOMLPTHP:SEATTLE-KING COUNTY INTL AP-B ANN CLG 1% CONDNS DB=>MWB:Des Sens Cool Load [W],THERMAL ZONE: L02-218_MECHCOMLPTHP:SEATTLE-KING COUNTY INTL AP-B ANN HTG 99.6% CONDNS DB:Des Heat Mass Flow [kg/s],THERMAL ZONE: L02-218_MECHCOMLPTHP:SEATTLE-KING COUNTY INTL AP-B ANN CLG 1% CONDNS DB=>MWB:Des Cool Mass Flow [kg/s],THERMAL ZONE: L02-218_MECHCOMLPTHP::Des Latent Heat Load [W],THERMAL ZONE: L02-218_MECHCOMLPTHP::Des Latent Cool Load [W],THERMAL ZONE: L02-218_MECHCOMLPTHP::Des Latent Heat Mass Flow [kg/s],THERMAL ZONE: L02-218_MECHCOMLPTHP::Des Latent Cool Mass Flow [kg/s],THERMAL ZONE: L02-218_MECHCOMLPTHP::Des Heat Load No DOAS [W],THERMAL ZONE: L02-218_MECHCOMLPTHP::Des Sens Cool Load No DOAS [W],THERMAL ZONE: L02-218_MECHCOMLPTHP::Des Latent Heat Load No DOAS [W],THERMAL ZONE: L02-218_MECHCOMLPTHP::Des Latent Cool Load No DOAS [W],THERMAL ZONE: L02-218_MECHCOMLPTHP:SEATTLE-KING COUNTY INTL AP-B ANN HTG 99.6% CONDNS DB:Heating Zone Temperature [C],THERMAL ZONE: L02-218_MECHCOMLPTHP:SEATTLE-KING COUNTY INTL AP-B ANN HTG 99.6% CONDNS DB:Heating Zone Relative Humidity [%],THERMAL ZONE: L02-218_MECHCOMLPTHP:SEATTLE-KING COUNTY INTL AP-B ANN CLG 1% CONDNS DB=>MWB:Cooling Zone Temperature [C],THERMAL ZONE: L02-218_MECHCOMLPTHP:SEATTLE-KING COUNTY INTL AP-B ANN CLG 1% CONDNS DB=>MWB:Cooling Zone Relative Humidity [%]
00:15:00,3.341519E+03,1.785814E+03,2.949233E-01,1.574729E-01,0.000000E+00,0.000000E+00,0.000000E+00,0.000000E+00,0.000000E+00,0.000000E+00,0.000000E+00,0.000000E+00,1.890505E+01,5.813290E+01,2.509777E+01,4.571000E+01,3.939995E+03,2.018820E+03,3.477450E-01,1.780193E-01,0.000000E+00,0.000000E+00,0.000000E+00,0.000000E+00,0.000000E+00,0.000000E+00,0.000000E+00,0.000000E+00,1.973450E+01,5.529092E+01,2.464999E+01,5.228893E+01,5.585235E+02,3.853884E+02,4.929542E-02,3.398350E-02,0.000000E+00,0.000000E+00,0.000000E+00,0.000000E+00,0.000000E+00,0.000000E+00,0.000000E+00,0.000000E+00,1.931627E+01,5.659245E+01,2.522055E+01,4.510772E+01,6.667345E+02,8.338896E+02,5.884616E-02,7.353228E-02,0.000000E+00,0.000000E+00,0.000000E+00,0.000000E+00,0.000000E+00,0.000000E+00,0.000000E+00,0.000000E+00,1.936236E+01,5.617362E+01,2.624639E+01,5.440567E+01,4.066667E+03,3.928521E+03,3.589251E-01,3.464165E-01,0.000000E+00,0.000000E+00,0.000000E+00,0.000000E+00,0.000000E+00,0.000000E+00,0.000000E+00,0.000000E+00,1.933566E+01,5.645348E+01,2.572360E+01,8.017422E+01,1.537352E+03,1.182247E+03,1.356871E-01,1.042504E-01,0.000000E+00,0.000000E+00,0.000000E+00,0.000000E+00,0.000000E+00,0.000000E+00,0.000000E+00,0.000000E+00,1.942541E+01,5.592710E+01,2.534501E+01,4.958437E+01,6.029806E+02,2.719950E+02,5.321922E-02,2.398449E-02,0.000000E+00,0.000000E+00,0.000000E+00,0.000000E+00,0.000000E+00,0.000000E+00,0.000000E+00,0.000000E+00,1.984186E+01,5.473973E+01,2.451909E+01,4.868280E+01,7.973633E+02,2.394970E+02,7.037549E-02,2.111881E-02,0.000000E+00,0.000000E+00,0.000000E+00,0.000000E+00,0.000000E+00,0.000000E+00,0.000000E+00,0.000000E+00,1.946422E+01,5.565304E+01,2.444844E+01,4.902056E+01,9.744135E+02,8.550208E+02,8.600198E-02,7.539562E-02,0.000000E+00,0.000000E+00,0.000000E+00,0.000000E+00,0.000000E+00,0.000000E+00,0.000000E+00,0.000000E+00,1.904258E+01,5.690141E+01,2.594683E+01,4.959661E+01,4.838908E+01,8.291427E+01,4.270832E-03,7.311370E-03,0.000000E+00,0.000000E+00,0.000000E+00,0.000000E+00,0.000000E+00,0.000000E+00,0.000000E+00,0.000000E+00,2.048076E+01,5.327786E+01,2.499009E+01,4.421143E+01
00:30:00,2.255499E+03,1.177973E+03,1.990709E-01,1.038735E-01,0.000000E+00,0.000000E+00,0.000000E+00,0.000000E+00,0.000000E+00,0.000000E+00,0.000000E+00,0.000000E+00,1.632524E+01,6.801830E+01,2.607082E+01,4.365442E+01,2.626514E+03,1.327799E+03,2.318168E-01,1.170851E-01,0.000000E+00,0.000000E+00,0.000000E+00,0.000000E+00,0.000000E+00,0.000000E+00,0.000000E+00,0.000000E+00,1.812240E+01,6.093934E+01,2.531825E+01,5.123636E+01,3.723247E+02,2.527184E+02,3.286147E-02,2.228468E-02,0.000000E+00,0.000000E+00,0.000000E+00,0.000000E+00,0.000000E+00,0.000000E+00,0.000000E+00,0.000000E+00,1.746221E+01,6.319248E+01,2.623814E+01,4.299633E+01,4.444783E+02,5.523202E+02,3.922977E-02,4.870353E-02,0.000000E+00,0.000000E+00,0.000000E+00,0.000000E+00,0.000000E+00,0.000000E+00,0.000000E+00,0.000000E+00,1.761958E+01,6.214389E+01,2.798652E+01,5.339029E+01,2.711069E+03,2.599564E+03,2.392796E-01,2.292293E-01,0.000000E+00,0.000000E+00,0.000000E+00,0.000000E+00,0.000000E+00,0.000000E+00,0.000000E+00,0.000000E+00,1.705774E+01,6.476296E+01,2.745725E+01,8.075204E+01,1.024867E+03,7.831698E+02,9.045499E-02,6.905982E-02,0.000000E+00,0.000000E+00,0.000000E+00,0.000000E+00,0.000000E+00,0.000000E+00,0.000000E+00,0.000000E+00,1.775694E+01,6.157850E+01,2.646610E+01,4.791427E+01,4.019665E+02,1.793344E+02,3.547767E-02,1.581368E-02,0.000000E+00,0.000000E+00,0.000000E+00,0.000000E+00,0.000000E+00,0.000000E+00,0.000000E+00,0.000000E+00,1.843083E+01,5.950773E+01,2.505730E+01,4.758804E+01,5.315574E+02,1.570573E+02,4.691539E-02,1.384930E-02,0.000000E+00,0.000000E+00,0.000000E+00,0.000000E+00,0.000000E+00,0.000000E+00,0.000000E+00,0.000000E+00,1.770662E+01,6.158272E+01,2.490989E+01,4.811224E+01,6.495702E+02,5.658860E+02,5.733123E-02,4.989975E-02,0.000000E+00,0.000000E+00,0.000000E+00,0.000000E+00,0.000000E+00,0.000000E+00,0.000000E+00,0.000000E+00,1.703622E+01,6.369019E+01,2.742073E+01,4.779869E+01,3.225186E+01,5.496923E+01,2.846557E-03,4.847179E-03,0.000000E+00,0.000000E+00,0.000000E+00,0.000000E+00,0.000000E+00,0.000000E+00,0.000000E+00,0.000000E+00,1.993229E+01,5.511608E+01,2.571431E+01,4.257722E+01
00:45:00,1.282260E+03,5.828902E+02,1.131726E-01,5.139918E-02,0.000000E+00,0.000000E+00,0.000000E+00,0.000000E+00,0.000000E+00,0.000000E+00,0.000000E+00,0.000000E+00,1.567083E+01,7.072477E+01,2.665380E+01,4.263624E+01,1.313186E+03,6.552212E+02,1.159021E-01,5.777732E-02,0.000000E+00,0.000000E+00,0.000000E+00,0.000000E+00,0.000000E+00,0.000000E+00,0.000000E+00,0.000000E+00,1.754368E+01,6.307989E+01,2.573013E+01,5.089858E+01,1.861506E+02,1.243878E+02,1.642970E-02,1.096850E-02,0.000000E+00,0.000000E+00,0.000000E+00,0.000000E+00,0.000000E+00,0.000000E+00,0.000000E+00,0.000000E+00,1.684781E+01,6.547820E+01,2.677105E+01,4.214377E+01,2.222338E+02,2.792736E+02,1.961441E-02,2.462631E-02,0.000000E+00,0.000000E+00,0.000000E+00,0.000000E+00,0.000000E+00,0.000000E+00,0.000000E+00,0.000000E+00,1.702414E+01,6.423026E+01,2.890918E+01,5.435120E+01,1.398520E+03,1.327905E+03,1.234337E-01,1.170945E-01,0.000000E+00,0.000000E+00,0.000000E+00,0.000000E+00,0.000000E+00,0.000000E+00,0.000000E+00,0.000000E+00,1.617252E+01,6.829070E+01,2.858728E+01,8.287726E+01,5.124170E+02,3.891550E+02,4.522605E-02,3.431563E-02,0.000000E+00,0.000000E+00,0.000000E+00,0.000000E+00,0.000000E+00,0.000000E+00,0.000000E+00,0.000000E+00,1.718915E+01,6.353183E+01,2.707141E+01,4.759299E+01,2.009736E+02,8.869875E+01,1.773798E-02,7.821445E-03,0.000000E+00,0.000000E+00,0.000000E+00,0.000000E+00,0.000000E+00,0.000000E+00,0.000000E+00,0.000000E+00,1.793285E+01,6.124385E+01,2.539188E+01,4.705564E+01,2.657702E+02,7.727016E+01,2.345694E-02,6.813673E-03,0.000000E+00,0.000000E+00,0.000000E+00,0.000000E+00,0.000000E+00,0.000000E+00,0.000000E+00,0.000000E+00,1.709137E+01,6.370672E+01,2.518635E+01,4.771234E+01,3.247663E+02,2.809625E+02,2.866396E-02,2.477524E-02,0.000000E+00,0.000000E+00,0.000000E+00,0.000000E+00,0.000000E+00,0.000000E+00,0.000000E+00,0.000000E+00,1.637740E+01,6.591120E+01,2.818458E+01,4.775932E+01,1.612231E+01,2.733609E+01,1.422959E-03,2.410493E-03,0.000000E+00,0.000000E+00,0.000000E+00,0.000000E+00,0.000000E+00,0.000000E+00,0.000000E+00,0.000000E+00,1.976614E+01,5.568692E+01,2.604520E+01,4.196167E+01
01:00:00,3.860403E+02,0.000000E+00,3.407201E-02,0.000000E+00,0.000000E+00,0.000000E+00,0.000000E+00,0.000000E+00,0.000000E+00,0.000000E+00,0.000000E+00,0.000000E+00,1.555699E+01,7.111757E+01,2.698147E+01,4.218338E+01,0.000000E+00,0.000000E+00,0.000000E+00,0.000000E+00,0.000000E+00,0.000000E+00,0.000000E+00,0.000000E+00,0.000000E+00,0.000000E+00,0.000000E+00,0.000000E+00,1.719117E+01,6.439547E+01,2.596350E+01,5.091455E+01,0.000000E+00,0.000000E+00,0.000000E+00,0.000000E+00,0.000000E+00,0.000000E+00,0.000000E+00,0.000000E+00,0.000000E+00,0.000000E+00,0.000000E+00,0.000000E+00,1.649851E+01,6.675647E+01,2.704237E+01,4.185405E+01,0.000000E+00,4.486897E+01,0.000000E+00,3.956540E-03,0.000000E+00,0.000000E+00,0.000000E+00,0.000000E+00,0.000000E+00,0.000000E+00,0.000000E+00,0.000000E+00,1.666304E+01,6.546130E+01,2.929206E+01,5.575113E+01,3.459489E+02,3.493352E+02,3.053354E-02,3.080433E-02,0.000000E+00,0.000000E+00,0.000000E+00,0.000000E+00,0.000000E+00,0.000000E+00,0.000000E+00,0.000000E+00,1.571788E+01,7.013719E+01,2.917733E+01,8.519795E+01,0.000000E+00,0.000000E+00,0.000000E+00,0.000000E+00,0.000000E+00,0.000000E+00,0.000000E+00,0.000000E+00,0.000000E+00,0.000000E+00,0.000000E+00,0.000000E+00,1.684506E+01,6.467755E+01,2.739094E+01,4.777414E+01,0.000000E+00,0.000000E+00,0.000000E+00,0.000000E+00,0.000000E+00,0.000000E+00,0.000000E+00,0.000000E+00,0.000000E+00,0.000000E+00,0.000000E+00,0.000000E+00,1.762701E+01,6.230156E+01,2.558417E+01,4.684388E+01,0.000000E+00,0.000000E+00,0.000000E+00,0.000000E+00,0.000000E+00,0.000000E+00,0.000000E+00,0.000000E+00,0.000000E+00,0.000000E+00,0.000000E+00,0.000000E+00,1.670926E+01,6.499491E+01,2.534187E+01,4.757899E+01,2.656641E+00,0.000000E+00,2.344758E-04,0.000000E+00,0.000000E+00,0.000000E+00,0.000000E+00,0.000000E+00,0.000000E+00,0.000000E+00,0.000000E+00,0.000000E+00,1.598896E+01,6.713223E+01,2.858270E+01,4.825569E+01,0.000000E+00,0.000000E+00,0.000000E+00,0.000000E+00,0.000000E+00,0.000000E+00,0.000000E+00,0.000000E+00,0.000000E+00,0.000000E+00,0.000000E+00,0.000000E+00,1.967694E+01,5.599611E+01,2.620351E+01,4.173956E+01
01:15:00,6.197023E+02,0.000000E+00,5.469508E-02,0.000000E+00,0.000000E+00,0.000000E+00,0.000000E+00,0.000000E+00,0.000000E+00,0.000000E+00,0.000000E+00,0.000000E+00,1.555546E+01,7.095496E+01,2.738815E+01,4.191272E+01,0.000000E+00,0.000000E+00,0.000000E+00,0.000000E+00,0.000000E+00,0.000000E+00,0.000000E+00,0.000000E+00,0.000000E+00,0.000000E+00,0.000000E+00,0.000000E+00,1.671483E+01,6.617626E+01,2.626132E+01,5.147347E+01,0.000000E+00,0.000000E+00,0.000000E+00,0.000000E+00,0.000000E+00,0.000000E+00,0.000000E+00,0.000000E+00,0.000000E+00,0.000000E+00,0.000000E+00,0.000000E+00,1.603694E+01,6.839995E+01,2.735687E+01,4.184862E+01,0.000000E+00,1.060952E+02,0.000000E+00,9.355465E-03,0.000000E+00,0.000000E+00,0.000000E+00,0.000000E+00,0.000000E+00,0.000000E+00,0.000000E+00,0.000000E+00,1.616510E+01,6.709888E+01,2.943961E+01,5.875168E+01,7.495060E+02,7.462719E+02,6.615158E-02,6.580616E-02,0.000000E+00,0.000000E+00,0.000000E+00,0.000000E+00,0.000000E+00,0.000000E+00,0.000000E+00,0.000000E+00,1.555709E+01,7.069828E+01,2.943385E+01,8.965043E+01,0.000000E+00,0.000000E+00,0.000000E+00,0.000000E+00,0.000000E+00,0.000000E+00,0.000000E+00,0.000000E+00,0.000000E+00,0.000000E+00,0.000000E+00,0.000000E+00,1.637246E+01,6.618528E+01,2.778014E+01,4.882546E+01,0.000000E+00,0.000000E+00,0.000000E+00,0.000000E+00,0.000000E+00,0.000000E+00,0.000000E+00,0.000000E+00,0.000000E+00,0.000000E+00,0.000000E+00,0.000000E+00,1.720626E+01,6.373546E+01,2.583305E+01,4.681177E+01,0.000000E+00,0.000000E+00,0.000000E+00,0.000000E+00,0.000000E+00,0.000000E+00,0.000000E+00,0.000000E+00,0.000000E+00,0.000000E+00,0.000000E+00,0.000000E+00,1.617637E+01,6.673466E+01,2.553550E+01,4.765241E+01,4.516664E+01,0.000000E+00,3.986419E-03,0.000000E+00,0.000000E+00,0.000000E+00,0.000000E+00,0.000000E+00,0.000000E+00,0.000000E+00,0.000000E+00,0.000000E+00,1.562016E+01,6.805024E+01,2.905593E+01,5.007904E+01,0.000000E+00,0.000000E+00,0.000000E+00,0.000000E+00,0.000000E+00,0.000000E+00,0.000000E+00,0.000000E+00,0.000000E+00,0.000000E+00,0.000000E+00,0.000000E+00,1.956015E+01,5.640389E+01,2.638920E+01,4.163056E+01
01:30:00,8.498355E+02,0.000000E+00,7.500669E-02,0.000000E+00,0.000000E+00,0.000000E+00,0.000000E+00,0.000000E+00,0.000000E+00,0.000000E+00,0.000000E+00,0.000000E+00,1.555541E+01,7.079471E+01,2.762859E+01,4.209388E+01,0.000000E+00,0.000000E+00,0.000000E+00,0.000000E+00,0.000000E+00,0.000000E+00,0.000000E+00,0.000000E+00,0.000000E+00,0.000000E+00,0.000000E+00,0.000000E+00,1.629398E+01,6.772993E+01,2.644827E+01,5.245336E+01,1.334353E+01,0.000000E+00,1.177704E-03,0.000000E+00,0.000000E+00,0.000000E+00,0.000000E+00,0.000000E+00,0.000000E+00,0.000000E+00,0.000000E+00,0.000000E+00,1.566329E+01,6.963069E+01,2.754297E+01,4.220198E+01,1.229560E+01,1.852249E+02,1.085213E-03,1.633311E-02,0.000000E+00,0.000000E+00,0.000000E+00,0.000000E+00,0.000000E+00,0.000000E+00,0.000000E+00,0.000000E+00,1.571391E+01,6.847598E+01,2.943940E+01,6.108234E+01,1.261241E+03,1.220398E+03,1.113174E-01,1.076145E-01,0.000000E+00,0.000000E+00,0.000000E+00,0.000000E+00,0.000000E+00,0.000000E+00,0.000000E+00,0.000000E+00,1.555539E+01,7.061461E+01,2.943205E+01,9.315680E+01,0.000000E+00,0.000000E+00,0.000000E+00,0.000000E+00,0.000000E+00,0.000000E+00,0.000000E+00,0.000000E+00,0.000000E+00,0.000000E+00,0.000000E+00,0.000000E+00,1.594807E+01,6.742438E+01,2.802350E+01,5.037773E+01,0.000000E+00,0.000000E+00,0.000000E+00,0.000000E+00,0.000000E+00,0.000000E+00,0.000000E+00,0.000000E+00,0.000000E+00,0.000000E+00,0.000000E+00,0.000000E+00,1.682765E+01,6.497906E+01,2.599172E+01,4.707200E+01,1.815448E+01,0.000000E+00,1.602319E-03,0.000000E+00,0.000000E+00,0.000000E+00,0.000000E+00,0.000000E+00,0.000000E+00,0.000000E+00,0.000000E+00,0.000000E+00,1.570612E+01,6.815008E+01,2.565261E+01,4.797762E+01,1.106662E+02,1.748354E+01,9.767427E-03,1.541696E-03,0.000000E+00,0.000000E+00,0.000000E+00,0.000000E+00,0.000000E+00,0.000000E+00,0.000000E+00,0.000000E+00,1.555607E+01,6.779137E+01,2.935162E+01,5.248285E+01,0.000000E+00,0.000000E+00,0.000000E+00,0.000000E+00,0.000000E+00,0.000000E+00,0.000000E+00,0.000000E+00,0.000000E+00,0.000000E+00,0.000000E+00,0.000000E+00,1.945201E+01,5.678445E+01,2.650769E+01,4.171396E+01
01:45:00,9.858894E+02,0.000000E+00,8.701484E-02,0.000000E+00,0.000000E+00,0.000000E+00,0.000000E+00,0.000000E+00,0.000000E+00,0.000000E+00,0.000000E+00,0.000000E+00,1.555538E+01,7.068801E+01,2.773734E+01,4.252086E+01,0.000000E+00,0.000000E+00,0.000000E+00,0.000000E+00,0.000000E+00,0.000000E+00,0.000000E+00,0.000000E+00,0.000000E+00,0.000000E+00,0.000000E+00,0.000000E+00,1.596177E+01,6.893484E+01,2.655634E+01,5.352501E+01,3.968180E+01,0.000000E+00,3.502325E-03,0.000000E+00,0.000000E+00,0.000000E+00,0.000000E+00,0.000000E+00,0.000000E+00,0.000000E+00,0.000000E+00,0.000000E+00,1.555579E+01,6.979213E+01,2.767030E+01,4.261774E+01,3.980193E+01,2.756049E+02,3.512929E-03,2.430281E-02,0.000000E+00,0.000000E+00,0.000000E+00,0.000000E+00,0.000000E+00,0.000000E+00,0.000000E+00,0.000000E+00,1.555647E+01,6.871055E+01,2.943486E+01,6.197211E+01,1.806273E+03,1.737128E+03,1.594221E-01,1.531797E-01,0.000000E+00,0.000000E+00,0.000000E+00,0.000000E+00,0.000000E+00,0.000000E+00,0.000000E+00,0.000000E+00,1.555533E+01,7.061152E+01,2.942209E+01,9.479213E+01,3.944958E+01,0.000000E+00,3.481830E-03,0.000000E+00,0.000000E+00,0.000000E+00,0.000000E+00,0.000000E+00,0.000000E+00,0.000000E+00,0.000000E+00,0.000000E+00,1.564157E+01,6.820128E+01,2.819932E+01,5.187083E+01,0.000000E+00,0.000000E+00,0.000000E+00,0.000000E+00,0.000000E+00,0.000000E+00,0.000000E+00,0.000000E+00,0.000000E+00,0.000000E+00,0.000000E+00,0.000000E+00,1.652385E+01,6.593755E+01,2.608410E+01,4.744950E+01,5.348691E+01,0.000000E+00,4.720768E-03,0.000000E+00,0.000000E+00,0.000000E+00,0.000000E+00,0.000000E+00,0.000000E+00,0.000000E+00,0.000000E+00,0.000000E+00,1.555559E+01,6.833024E+01,2.571465E+01,4.839161E+01,1.959647E+02,5.562677E+01,1.729589E-02,4.905162E-03,0.000000E+00,0.000000E+00,0.000000E+00,0.000000E+00,0.000000E+00,0.000000E+00,0.000000E+00,0.000000E+00,1.555517E+01,6.759791E+01,2.944221E+01,5.458387E+01,0.000000E+00,0.000000E+00,0.000000E+00,0.000000E+00,0.000000E+00,0.000000E+00,0.000000E+00,0.000000E+00,0.000000E+00,0.000000E+00,0.000000E+00,0.000000E+00,1.935203E+01,5.713885E+01,2.661055E+01,4.180437E+01
02:00:00,1.065479E+03,0.000000E+00,9.403947E-02,0.000000E+00,0.000000E+00,0.000000E+00,0.000000E+00,0.000000E+00,0.000000E+00,0.000000E+00,0.000000E+00,0.000000E+00,1.555537E+01,7.062591E+01,2.779481E+01,4.325357E+01,5.600008E+01,0.000000E+00,4.942581E-03,0.000000E+00,0.000000E+00,0.000000E+00,0.000000E+00,0.000000E+00,0.000000E+00,0.000000E+00,0.000000E+00,0.000000E+00,1.570235E+01,6.987104E+01,2.665096E+01,5.500685E+01,7.683249E+01,0.000000E+00,6.781255E-03,0.000000E+00,0.000000E+00,0.000000E+00,0.000000E+00,0.000000E+00,0.000000E+00,0.000000E+00,0.000000E+00,0.000000E+00,1.555543E+01,6.962694E+01,2.780661E+01,4.319463E+01,8.120451E+01,3.416164E+02,7.167130E-03,3.012369E-02,0.000000E+00,0.000000E+00,0.000000E+00,0.000000E+00,0.000000E+00,0.000000E+00,0.000000E+00,0.000000E+00,1.555540E+01,6.846657E+01,2.943216E+01,6.164819E+01,2.154564E+03,2.016368E+03,1.901624E-01,1.778031E-01,0.000000E+00,0.000000E+00,0.000000E+00,0.000000E+00,0.000000E+00,0.000000E+00,0.000000E+00,0.000000E+00,1.555531E+01,7.065411E+01,2.941679E+01,9.496385E+01,1.193697E+02,0.000000E+00,1.053560E-02,0.000000E+00,0.000000E+00,0.000000E+00,0.000000E+00,0.000000E+00,0.000000E+00,0.000000E+00,0.000000E+00,0.000000E+00,1.555546E+01,6.819788E+01,2.839250E+01,5.378467E+01,0.000000E+00,0.000000E+00,0.000000E+00,0.000000E+00,0.000000E+00,0.000000E+00,0.000000E+00,0.000000E+00,0.000000E+00,0.000000E+00,0.000000E+00,0.000000E+00,1.628534E+01,6.667581E+01,2.616586E+01,4.802243E+01,1.049027E+02,0.000000E+00,9.258734E-03,0.000000E+00,0.000000E+00,0.000000E+00,0.000000E+00,0.000000E+00,0.000000E+00,0.000000E+00,0.000000E+00,0.000000E+00,1.555538E+01,6.806486E+01,2.576263E+01,4.899311E+01,2.938247E+02,1.060196E+02,2.593304E-02,9.348797E-03,0.000000E+00,0.000000E+00,0.000000E+00,0.000000E+00,0.000000E+00,0.000000E+00,0.000000E+00,0.000000E+00,1.555510E+01,6.763258E+01,2.944155E+01,5.662639E+01,0.000000E+00,0.000000E+00,0.000000E+00,0.000000E+00,0.000000E+00,0.000000E+00,0.000000E+00,0.000000E+00,0.000000E+00,0.000000E+00,0.000000E+00,0.000000E+00,1.926767E+01,5.743983E+01,2.673741E+01,4.193049E+01
02:15:00,1.147161E+03,0.000000E+00,1.012487E-01,0.000000E+00,0.000000E+00,0.000000E+00,0.000000E+00,0.000000E+00,0.000000E+00,0.000000E+00,0.000000E+00,0.000000E+00,1.555523E+01,7.060085E+01,2.782676E+01,4.400875E+01,2.685955E+02,0.000000E+00,2.370631E-02,0.000000E+00,0.000000E+00,0.000000E+00,0.000000E+00,0.000000E+00,0.000000E+00,0.000000E+00,0.000000E+00,0.000000E+00,1.555653E+01,7.036463E+01,2.673420E+01,5.644462E+01,1.244023E+02,0.000000E+00,1.097978E-02,0.000000E+00,0.000000E+00,0.000000E+00,0.000000E+00,0.000000E+00,0.000000E+00,0.000000E+00,0.000000E+00,0.000000E+00,1.555528E+01,6.958386E+01,2.793672E+01,4.373619E+01,1.372316E+02,3.952620E+02,1.211209E-02,3.485415E-02,0.000000E+00,0.000000E+00,0.000000E+00,0.000000E+00,0.000000E+00,0.000000E+00,0.000000E+00,0.000000E+00,1.555519E+01,6.839417E+01,2.943058E+01,6.026155E+01,2.454104E+03,2.237724E+03,2.165998E-01,1.973222E-01,0.000000E+00,0.000000E+00,0.000000E+00,0.000000E+00,0.000000E+00,0.000000E+00,0.000000E+00,0.000000E+00,1.555514E+01,7.072184E+01,2.941425E+01,9.371857E+01,2.205220E+02,0.000000E+00,1.946333E-02,0.000000E+00,0.000000E+00,0.000000E+00,0.000000E+00,0.000000E+00,0.000000E+00,0.000000E+00,0.000000E+00,0.000000E+00,1.555525E+01,6.803204E+01,2.857564E+01,5.555611E+01,0.000000E+00,0.000000E+00,0.000000E+00,0.000000E+00,0.000000E+00,0.000000E+00,0.000000E+00,0.000000E+00,0.000000E+00,0.000000E+00,0.000000E+00,0.000000E+00,1.607864E+01,6.732764E+01,2.623846E+01,4.858401E+01,1.744871E+02,0.000000E+00,1.540028E-02,0.000000E+00,0.000000E+00,0.000000E+00,0.000000E+00,0.000000E+00,0.000000E+00,0.000000E+00,0.000000E+00,0.000000E+00,1.555518E+01,6.797293E+01,2.580196E+01,4.957753E+01,3.631518E+02,1.707588E+02,3.205187E-02,1.505749E-02,0.000000E+00,0.000000E+00,0.000000E+00,0.000000E+00,0.000000E+00,0.000000E+00,0.000000E+00,0.000000E+00,1.555473E+01,6.780053E+01,2.944021E+01,5.746538E+01,0.000000E+00,0.000000E+00,0.000000E+00,0.000000E+00,0.000000E+00,0.000000E+00,0.000000E+00,0.000000E+00,0.000000E+00,0.000000E+00,0.000000E+00,0.000000E+00,1.918747E+01,5.772764E+01,2.686241E+01,4.204645E+01
02:30:00,1.221310E+03,0.000000E+00,1.077932E-01,0.000000E+00,0.000000E+00,0.000000E+00,0.000000E+00,0.000000E+00,0.000000E+00,0.000000E+00,0.000000E+00,0.000000E+00,1.555521E+01,7.059026E+01,2.786349E+01,4.472332E+01,5.018067E+02,0.000000E+00,4.428959E-02,0.000000E+00,0.000000E+00,0.000000E+00,0.000000E+00,0.000000E+00,0.000000E+00,0.000000E+00,0.000000E+00,0.000000E+00,1.555545E+01,7.023520E+01,2.681989E+01,5.781940E+01,1.651693E+02,0.000000E+00,1.457789E-02,0.000000E+00,0.000000E+00,0.000000E+00,0.000000E+00,0.000000E+00,0.000000E+00,0.000000E+00,0.000000E+00,0.000000E+00,1.555518E+01,6.961964E+01,2.806391E+01,4.424855E+01,1.893558E+02,4.383616E+02,1.671259E-02,3.865467E-02,0.000000E+00,0.000000E+00,0.000000E+00,0.000000E+00,0.000000E+00,0.000000E+00,0.000000E+00,0.000000E+00,1.555504E+01,6.843822E+01,2.942987E+01,5.848094E+01,2.688261E+03,2.402885E+03,2.372666E-01,2.118861E-01,0.000000E+00,0.000000E+00,0.000000E+00,0.000000E+00,0.000000E+00,0.000000E+00,0.000000E+00,0.000000E+00,1.555512E+01,7.082436E+01,2.941310E+01,9.188513E+01,3.495835E+02,0.000000E+00,3.085433E-02,0.000000E+00,0.000000E+00,0.000000E+00,0.000000E+00,0.000000E+00,0.000000E+00,0.000000E+00,0.000000E+00,0.000000E+00,1.555515E+01,6.796583E+01,2.875309E+01,5.721569E+01,5.784843E-01,0.000000E+00,5.105717E-05,0.000000E+00,0.000000E+00,0.000000E+00,0.000000E+00,0.000000E+00,0.000000E+00,0.000000E+00,0.000000E+00,0.000000E+00,1.580952E+01,6.818145E+01,2.631381E+01,4.911213E+01,2.372556E+02,0.000000E+00,2.094024E-02,0.000000E+00,0.000000E+00,0.000000E+00,0.000000E+00,0.000000E+00,0.000000E+00,0.000000E+00,0.000000E+00,0.000000E+00,1.555503E+01,6.799166E+01,2.584261E+01,5.012769E+01,4.194943E+02,2.281850E+02,3.702468E-02,2.012132E-02,0.000000E+00,0.000000E+00,0.000000E+00,0.000000E+00,0.000000E+00,0.000000E+00,0.000000E+00,0.000000E+00,1.555461E+01,6.808772E+01,2.943874E+01,5.729714E+01,0.000000E+00,0.000000E+00,0.000000E+00,0.000000E+00,0.000000E+00,0.000000E+00,0.000000E+00,0.000000E+00,0.000000E+00,0.000000E+00,0.000000E+00,0.000000E+00,1.907971E+01,5.811685E+01,2.698522E+01,4.215899E+01
02:45:00,1.293634E+03,0.000000E+00,1.141765E-01,0.000000E+00,0.000000E+00,0.000000E+00,0.000000E+00,0.000000E+00,0.000000E+00,0.000000E+00,0.000000E+00,0.000000E+00,1.555519E+01,7.060330E+01,2.790320E+01,4.541032E+01,8.130274E+02,0.000000E+00,7.175800E-02,0.000000E+00,0.000000E+00,0.000000E+00,0.000000E+00,0.000000E+00,0.000000E+00,0.000000E+00,0.000000E+00,0.000000E+00,1.555540E+01,7.016695E+01,2.690513E+01,5.915813E+01,1.989213E+02,0.000000E+00,1.755684E-02,0.000000E+00,0.000000E+00,0.000000E+00,0.000000E+00,0.000000E+00,0.000000E+00,0.000000E+00,0.000000E+00,0.000000E+00,1.555511E+01,6.973102E+01,2.818521E+01,4.474934E+01,2.344070E+02,4.715885E+02,2.068882E-02,4.158461E-02,0.000000E+00,0.000000E+00,0.000000E+00,0.000000E+00,0.000000E+00,0.000000E+00,0.000000E+00,0.000000E+00,1.555494E+01,6.859875E+01,2.942970E+01,5.671833E+01,2.881962E+03,2.504558E+03,2.543627E-01,2.208516E-01,0.000000E+00,0.000000E+00,0.000000E+00,0.000000E+00,0.000000E+00,0.000000E+00,0.000000E+00,0.000000E+00,1.555512E+01,7.093073E+01,2.941271E+01,8.995739E+01,4.600339E+02,0.000000E+00,4.060271E-02,0.000000E+00,0.000000E+00,0.000000E+00,0.000000E+00,0.000000E+00,0.000000E+00,0.000000E+00,0.000000E+00,0.000000E+00,1.555501E+01,6.806224E+01,2.892293E+01,5.880056E+01,2.993556E+01,0.000000E+00,2.642120E-03,0.000000E+00,0.000000E+00,0.000000E+00,0.000000E+00,0.000000E+00,0.000000E+00,0.000000E+00,0.000000E+00,0.000000E+00,1.555566E+01,6.898458E+01,2.638947E+01,4.962167E+01,2.912683E+02,0.000000E+00,2.570742E-02,0.000000E+00,0.000000E+00,0.000000E+00,0.000000E+00,0.000000E+00,0.000000E+00,0.000000E+00,0.000000E+00,0.000000E+00,1.555493E+01,6.813654E+01,2.588266E+01,5.065729E+01,4.670631E+02,2.734274E+02,4.122311E-02,2.411080E-02,0.000000E+00,0.000000E+00,0.000000E+00,0.000000E+00,0.000000E+00,0.000000E+00,0.000000E+00,0.000000E+00,1.555458E+01,6.840443E+01,2.943779E+01,5.646684E+01,0.000000E+00,0.000000E+00,0.000000E+00,0.000000E+00,0.000000E+00,0.000000E+00,0.000000E+00,0.000000E+00,0.000000E+00,0.000000E+00,0.000000E+00,0.000000E+00,1.897131E+01,5.851139E+01,2.710678E+01,4.226984E+01
03:00:00,1.361011E+03,0.000000E+00,1.201232E-01,0.000000E+00,0.000000E+00,0.000000E+00,0.000000E+00,0.000000E+00,0.000000E+00,0.000000E+00,0.000000E+00,0.000000E+00,1.555518E+01,7.063373E+01,2.793807E+01,4.609394E+01,1.118392E+03,0.000000E+00,9.870951E-02,0.000000E+00,0.000000E+00,0.000000E+00,0.000000E+00,0.000000E+00,0.000000E+00,0.000000E+00,0.000000E+00,0.000000E+00,1.555534E+01,7.016172E+01,2.698599E+01,6.048163E+01,2.284430E+02,0.000000E+00,2.016244E-02,0.000000E+00,0.000000E+00,0.000000E+00,0.000000E+00,0.000000E+00,0.000000E+00,0.000000E+00,0.000000E+00,0.000000E+00,1.555507E+01,6.988443E+01,2.829989E+01,4.524489E+01,2.747307E+02,4.992648E+02,2.424780E-02,4.402510E-02,0.000000E+00,0.000000E+00,0.000000E+00,0.000000E+00,0.000000E+00,0.000000E+00,0.000000E+00,0.000000E+00,1.555491E+01,6.882628E+01,2.942982E+01,5.515518E+01,3.042795E+03,2.582485E+03,2.685579E-01,2.277232E-01,0.000000E+00,0.000000E+00,0.000000E+00,0.000000E+00,0.000000E+00,0.000000E+00,0.000000E+00,0.000000E+00,1.555512E+01,7.103134E+01,2.941273E+01,8.815699E+01,5.479942E+02,0.000000E+00,4.836611E-02,0.000000E+00,0.000000E+00,0.000000E+00,0.000000E+00,0.000000E+00,0.000000E+00,0.000000E+00,0.000000E+00,0.000000E+00,1.555494E+01,6.826898E+01,2.908514E+01,6.032533E+01,5.943478E+01,0.000000E+00,5.245728E-03,0.000000E+00,0.000000E+00,0.000000E+00,0.000000E+00,0.000000E+00,0.000000E+00,0.000000E+00,0.000000E+00,0.000000E+00,1.555538E+01,6.880653E+01,2.646202E+01,5.012587E+01,3.386085E+02,0.000000E+00,2.988567E-02,0.000000E+00,0.000000E+00,0.000000E+00,0.000000E+00,0.000000E+00,0.000000E+00,0.000000E+00,0.000000E+00,0.000000E+00,1.555486E+01,6.835087E+01,2.591943E+01,5.117786E+01,5.095368E+02,3.135576E+02,4.497185E-02,2.764947E-02,0.000000E+00,0.000000E+00,0.000000E+00,0.000000E+00,0.000000E+00,0.000000E+00,0.000000E+00,0.000000E+00,1.555460E+01,6.872421E+01,2.943721E+01,5.528589E+01,0.000000E+00,0.000000E+00,0.000000E+00,0.000000E+00,0.000000E+00,0.000000E+00,0.000000E+00,0.000000E+00,0.000000E+00,0.000000E+00,0.000000E+00,0.000000E+00,1.886290E+01,5.890895E+01,2.722763E+01,4.237915E+01
03:15:00,1.423271E+03,0.000000E+00,1.256183E-01,0.000000E+00,0.000000E+00,0.000000E+00,0.000000E+00,0.000000E+00,0.000000E+00,0.000000E+00,0.000000E+00,0.000000E+00,1.555517E+01,7.067591E+01,2.796548E+01,4.678260E+01,1.309368E+03,0.000000E+00,1.155651E-01,0.000000E+00,0.000000E+00,0.000000E+00,0.000000E+00,0.000000E+00,0.000000E+00,0.000000E+00,0.000000E+00,0.000000E+00,1.555530E+01,7.020529E+01,2.706215E+01,6.179347E+01,2.540267E+02,0.000000E+00,2.242046E-02,0.000000E+00,0.000000E+00,0.000000E+00,0.000000E+00,0.000000E+00,0.000000E+00,0.000000E+00,0.000000E+00,0.000000E+00,1.555507E+01,7.006198E+01,2.840911E+01,4.573378E+01,3.089653E+02,5.226347E+02,2.726935E-02,4.608587E-02,0.000000E+00,0.000000E+00,0.000000E+00,0.000000E+00,0.000000E+00,0.000000E+00,0.000000E+00,0.000000E+00,1.555490E+01,6.909450E+01,2.943004E+01,5.383769E+01,3.177661E+03,2.644049E+03,2.804612E-01,2.331519E-01,0.000000E+00,0.000000E+00,0.000000E+00,0.000000E+00,0.000000E+00,0.000000E+00,0.000000E+00,0.000000E+00,1.555514E+01,7.112146E+01,2.941293E+01,8.655577E+01,6.312306E+02,0.000000E+00,5.571257E-02,0.000000E+00,0.000000E+00,0.000000E+00,0.000000E+00,0.000000E+00,0.000000E+00,0.000000E+00,0.000000E+00,0.000000E+00,1.555488E+01,6.853729E+01,2.924118E+01,6.179112E+01,1.018742E+02,0.000000E+00,8.991439E-03,0.000000E+00,0.000000E+00,0.000000E+00,0.000000E+00,0.000000E+00,0.000000E+00,0.000000E+00,0.000000E+00,0.000000E+00,1.555536E+01,6.871673E+01,2.653112E+01,5.062666E+01,3.766773E+02,0.000000E+00,3.324563E-02,0.000000E+00,0.000000E+00,0.000000E+00,0.000000E+00,0.000000E+00,0.000000E+00,0.000000E+00,0.000000E+00,0.000000E+00,1.555485E+01,6.860286E+01,2.595276E+01,5.169110E+01,5.500428E+02,3.453990E+02,4.854692E-02,3.045724E-02,0.000000E+00,0.000000E+00,0.000000E+00,0.000000E+00,0.000000E+00,0.000000E+00,0.000000E+00,0.000000E+00,1.555463E+01,6.903109E+01,2.943691E+01,5.397594E+01,0.000000E+00,0.000000E+00,0.000000E+00,0.000000E+00,0.000000E+00,0.000000E+00,0.000000E+00,0.000000E+00,0.000000E+00,0.000000E+00,0.000000E+00,0.000000E+00,1.875335E+01,5.931382E+01,2.734765E+01,4.248751E+01
03:30:00,1.480615E+03,0.000000E+00,1.306795E-01,0.000000E+00,0.000000E+00,0.000000E+00,0.000000E+00,0.000000E+00,0.000000E+00,0.000000E+00,0.000000E+00,0.000000E+00,1.555516E+01,7.072510E+01,2.798696E+01,4.747298E+01,1.519803E+03,0.000000E+00,1.341382E-01,0.000000E+00,0.000000E+00,0.000000E+00,0.000000E+00,0.000000E+00,0.000000E+00,0.000000E+00,0.000000E+00,0.000000E+00,1.555527E+01,7.028210E+01,2.713477E+01,6.309029E+01,2.791711E+02,0.000000E+00,2.463971E-02,0.000000E+00,0.000000E+00,0.000000E+00,0.000000E+00,0.000000E+00,0.000000E+00,0.000000E+00,0.000000E+00,0.000000E+00,1.555507E+01,7.025176E+01,2.851379E+01,4.621413E+01,3.426980E+02,5.425606E+02,3.024661E-02,4.784292E-02,0.000000E+00,0.000000E+00,0.000000E+00,0.000000E+00,0.000000E+00,0.000000E+00,0.000000E+00,0.000000E+00,1.555490E+01,6.938129E+01,2.943028E+01,5.275303E+01,3.292100E+03,2.693352E+03,2.905615E-01,2.374994E-01,0.000000E+00,0.000000E+00,0.000000E+00,0.000000E+00,0.000000E+00,0.000000E+00,0.000000E+00,0.000000E+00,1.555515E+01,7.119951E+01,2.941321E+01,8.516455E+01,7.041781E+02,2.366278E+01,6.215094E-02,2.086581E-03,0.000000E+00,0.000000E+00,0.000000E+00,0.000000E+00,0.000000E+00,0.000000E+00,0.000000E+00,0.000000E+00,1.555488E+01,6.883148E+01,2.939213E+01,6.319763E+01,1.520070E+02,0.000000E+00,1.341617E-02,0.000000E+00,0.000000E+00,0.000000E+00,0.000000E+00,0.000000E+00,0.000000E+00,0.000000E+00,0.000000E+00,0.000000E+00,1.555527E+01,6.872009E+01,2.659790E+01,5.112097E+01,4.117770E+02,0.000000E+00,3.634354E-02,0.000000E+00,0.000000E+00,0.000000E+00,0.000000E+00,0.000000E+00,0.000000E+00,0.000000E+00,0.000000E+00,0.000000E+00,1.555485E+01,6.887241E+01,2.598366E+01,5.219441E+01,5.891452E+02,3.722942E+02,5.199810E-02,3.282886E-02,0.000000E+00,0.000000E+00,0.000000E+00,0.000000E+00,0.000000E+00,0.000000E+00,0.000000E+00,0.000000E+00,1.555467E+01,6.931326E+01,2.943682E+01,5.267581E+01,0.000000E+00,0.000000E+00,0.000000E+00,0.000000E+00,0.000000E+00,0.000000E+00,0.000000E+00,0.000000E+00,0.000000E+00,0.000000E+00,0.000000E+00,0.000000E+00,1.864224E+01,5.972762E+01,2.746660E+01,4.259546E+01
03:45:00,1.533297E+03,0.000000E+00,1.353292E-01,0.000000E+00,0.000000E+00,0.000000E+00,0.000000E+00,0.000000E+00,0.000000E+00,0.000000E+00,0.000000E+00,0.000000E+00,1.555516E+01,7.077757E+01,2.800449E+01,4.816019E+01,1.696138E+03,0.000000E+00,1.497015E-01,0.000000E+00,0.000000E+00,0.000000E+00,0.000000E+00,0.000000E+00,0.000000E+00,0.000000E+00,0.000000E+00,0.000000E+00,1.555525E+01,7.038059E+01,2.720501E+01,6.436845E+01,3.040169E+02,0.000000E+00,2.683261E-02,0.000000E+00,0.000000E+00,0.000000E+00,0.000000E+00,0.000000E+00,0.000000E+00,0.000000E+00,0.000000E+00,0.000000E+00,1.555508E+01,7.044265E+01,2.861422E+01,4.668582E+01,3.755262E+02,5.596454E+02,3.314404E-02,4.934946E-02,0.000000E+00,0.000000E+00,0.000000E+00,0.000000E+00,0.000000E+00,0.000000E+00,0.000000E+00,0.000000E+00,1.555491E+01,6.966651E+01,2.943050E+01,5.186880E+01,3.390139E+03,2.733284E+03,2.992145E-01,2.410206E-01,0.000000E+00,0.000000E+00,0.000000E+00,0.000000E+00,0.000000E+00,0.000000E+00,0.000000E+00,0.000000E+00,1.555516E+01,7.126573E+01,2.941351E+01,8.397321E+01,7.728104E+02,6.464073E+01,6.820844E-02,5.700012E-03,0.000000E+00,0.000000E+00,0.000000E+00,0.000000E+00,0.000000E+00,0.000000E+00,0.000000E+00,0.000000E+00,1.555489E+01,6.913286E+01,2.944267E+01,6.438160E+01,1.799663E+02,0.000000E+00,1.588387E-02,0.000000E+00,0.000000E+00,0.000000E+00,0.000000E+00,0.000000E+00,0.000000E+00,0.000000E+00,0.000000E+00,0.000000E+00,1.555521E+01,6.879968E+01,2.666314E+01,5.160658E+01,4.462320E+02,0.000000E+00,3.938455E-02,0.000000E+00,0.000000E+00,0.000000E+00,0.000000E+00,0.000000E+00,0.000000E+00,0.000000E+00,0.000000E+00,0.000000E+00,1.555486E+01,6.914400E+01,2.601284E+01,5.268603E+01,6.251040E+02,3.951886E+02,5.517184E-02,3.484768E-02,0.000000E+00,0.000000E+00,0.000000E+00,0.000000E+00,0.000000E+00,0.000000E+00,0.000000E+00,0.000000E+00,1.555470E+01,6.956331E+01,2.943685E+01,5.146261E+01,0.000000E+00,0.000000E+00,0.000000E+00,0.000000E+00,0.000000E+00,0.000000E+00,0.000000E+00,0.000000E+00,0.000000E+00,0.000000E+00,0.000000E+00,0.000000E+00,1.852996E+01,6.014908E+01,2.758437E+01,4.270319E+01
04:00:00,1.581697E+03,0.000000E+00,1.396010E-01,0.000000E+00,0.000000E+00,0.000000E+00,0.000000E+00,0.000000E+00,0.000000E+00,0.000000E+00,0.000000E+00,0.000000E+00,1.555516E+01,7.083058E+01,2.801903E+01,4.884211E+01,1.863965E+03,0.000000E+00,1.645140E-01,0.000000E+00,0.000000E+00,0.000000E+00,0.000000E+00,0.000000E+00,0.000000E+00,0.000000E+00,0.000000E+00,0.000000E+00,1.555525E+01,7.049484E+01,2.727295E+01,6.562832E+01,3.275263E+02,0.000000E+00,2.890756E-02,0.000000E+00,0.000000E+00,0.000000E+00,0.000000E+00,0.000000E+00,0.000000E+00,0.000000E+00,0.000000E+00,0.000000E+00,1.555510E+01,7.062499E+01,2.871046E+01,4.714939E+01,4.057738E+02,5.743770E+02,3.581370E-02,5.064849E-02,0.000000E+00,0.000000E+00,0.000000E+00,0.000000E+00,0.000000E+00,0.000000E+00,0.000000E+00,0.000000E+00,1.555494E+01,6.993426E+01,2.943067E+01,5.115122E+01,3.474838E+03,2.765725E+03,3.066901E-01,2.438813E-01,0.000000E+00,0.000000E+00,0.000000E+00,0.000000E+00,0.000000E+00,0.000000E+00,0.000000E+00,0.000000E+00,1.555517E+01,7.132123E+01,2.941381E+01,8.296464E+01,8.388782E+02,1.205111E+02,7.403960E-02,1.062666E-02,0.000000E+00,0.000000E+00,0.000000E+00,0.000000E+00,0.000000E+00,0.000000E+00,0.000000E+00,0.000000E+00,1.555491E+01,6.942743E+01,2.944200E+01,6.498608E+01,2.150949E+02,0.000000E+00,1.898433E-02,0.000000E+00,0.000000E+00,0.000000E+00,0.000000E+00,0.000000E+00,0.000000E+00,0.000000E+00,0.000000E+00,0.000000E+00,1.555516E+01,6.893172E+01,2.672702E+01,5.208323E+01,4.784682E+02,0.000000E+00,4.222972E-02,0.000000E+00,0.000000E+00,0.000000E+00,0.000000E+00,0.000000E+00,0.000000E+00,0.000000E+00,0.000000E+00,0.000000E+00,1.555488E+01,6.940526E+01,2.604049E+01,5.316590E+01,6.581378E+02,4.148256E+02,5.808741E-02,3.657927E-02,0.000000E+00,0.000000E+00,0.000000E+00,0.000000E+00,0.000000E+00,0.000000E+00,0.000000E+00,0.000000E+00,1.555474E+01,6.977854E+01,2.943696E+01,5.037446E+01,0.000000E+00,0.000000E+00,0.000000E+00,0.000000E+00,0.000000E+00,0.000000E+00,0.000000E+00,0.000000E+00,0.000000E+00,0.000000E+00,0.000000E+00,0.000000E+00,1.841700E+01,6.057646E+01,2.770092E+01,4.281081E+01
04:15:00,1.626296E+03,0.000000E+00,1.435373E-01,0.000000E+00,0.000000E+00,0.000000E+00,0.000000E+00,0.000000E+00,0.000000E+00,0.000000E+00,0.000000E+00,0.000000E+00,1.555517E+01,7.088230E+01,2.803077E+01,4.951872E+01,2.028830E+03,0.000000E+00,1.790650E-01,0.000000E+00,0.000000E+00,0.000000E+00,0.000000E+00,0.000000E+00,0.000000E+00,0.000000E+00,0.000000E+00,0.000000E+00,1.555525E+01,7.061925E+01,2.733867E+01,6.687044E+01,3.493697E+02,0.000000E+00,3.083546E-02,0.000000E+00,0.000000E+00,0.000000E+00,0.000000E+00,0.000000E+00,0.000000E+00,0.000000E+00,0.000000E+00,0.000000E+00,1.555511E+01,7.079187E+01,2.880262E+01,4.760530E+01,4.334601E+02,5.871731E+02,3.825729E-02,5.177685E-02,0.000000E+00,0.000000E+00,0.000000E+00,0.000000E+00,0.000000E+00,0.000000E+00,0.000000E+00,0.000000E+00,1.555496E+01,7.017449E+01,2.943080E+01,5.056934E+01,3.548768E+03,2.792492E+03,3.132151E-01,2.462416E-01,0.000000E+00,0.000000E+00,0.000000E+00,0.000000E+00,0.000000E+00,0.000000E+00,0.000000E+00,0.000000E+00,1.555518E+01,7.136743E+01,2.941408E+01,8.211902E+01,9.027293E+02,1.912099E+02,7.967511E-02,1.686086E-02,0.000000E+00,0.000000E+00,0.000000E+00,0.000000E+00,0.000000E+00,0.000000E+00,0.000000E+00,0.000000E+00,1.555493E+01,6.970384E+01,2.944101E+01,6.487459E+01,2.445300E+02,0.000000E+00,2.158228E-02,0.000000E+00,0.000000E+00,0.000000E+00,0.000000E+00,0.000000E+00,0.000000E+00,0.000000E+00,0.000000E+00,0.000000E+00,1.555514E+01,6.910168E+01,2.678947E+01,5.255146E+01,5.084306E+02,0.000000E+00,4.487421E-02,0.000000E+00,0.000000E+00,0.000000E+00,0.000000E+00,0.000000E+00,0.000000E+00,0.000000E+00,0.000000E+00,0.000000E+00,1.555490E+01,6.964733E+01,2.606657E+01,5.363462E+01,6.883766E+02,4.318166E+02,6.075629E-02,3.807753E-02,0.000000E+00,0.000000E+00,0.000000E+00,0.000000E+00,0.000000E+00,0.000000E+00,0.000000E+00,0.000000E+00,1.555477E+01,6.995997E+01,2.943711E+01,4.942433E+01,0.000000E+00,0.000000E+00,0.000000E+00,0.000000E+00,0.000000E+00,0.000000E+00,0.000000E+00,0.000000E+00,0.000000E+00,0.000000E+00,0.000000E+00,0.000000E+00,1.830371E+01,6.100853E+01,2.781620E+01,4.291850E+01
04:30:00,1.667529E+03,0.000000E+00,1.471765E-01,0.000000E+00,0.000000E+00,0.000000E+00,0.000000E+00,0.000000E+00,0.000000E+00,0.000000E+00,0.000000E+00,0.000000E+00,1.555517E+01,7.093156E+01,2.804052E+01,5.018825E+01,2.190310E+03,0.000000E+00,1.933173E-01,0.000000E+00,0.000000E+00,0.000000E+00,0.000000E+00,0.000000E+00,0.000000E+00,0.000000E+00,0.000000E+00,0.000000E+00,1.555525E+01,7.074797E+01,2.740237E+01,6.809496E+01,3.695126E+02,0.000000E+00,3.261327E-02,0.000000E+00,0.000000E+00,0.000000E+00,0.000000E+00,0.000000E+00,0.000000E+00,0.000000E+00,0.000000E+00,0.000000E+00,1.555513E+01,7.093947E+01,2.889166E+01,4.805164E+01,4.586566E+02,5.983217E+02,4.048115E-02,5.275993E-02,0.000000E+00,0.000000E+00,0.000000E+00,0.000000E+00,0.000000E+00,0.000000E+00,0.000000E+00,0.000000E+00,1.555499E+01,7.038266E+01,2.943089E+01,5.009597E+01,3.613791E+03,2.814776E+03,3.189541E-01,2.482066E-01,0.000000E+00,0.000000E+00,0.000000E+00,0.000000E+00,0.000000E+00,0.000000E+00,0.000000E+00,0.000000E+00,1.555519E+01,7.140582E+01,2.941430E+01,8.141279E+01,9.621490E+02,2.498205E+02,8.491951E-02,2.202914E-02,0.000000E+00,0.000000E+00,0.000000E+00,0.000000E+00,0.000000E+00,0.000000E+00,0.000000E+00,0.000000E+00,1.555496E+01,6.995418E+01,2.944007E+01,6.415515E+01,2.725444E+02,0.000000E+00,2.405483E-02,0.000000E+00,0.000000E+00,0.000000E+00,0.000000E+00,0.000000E+00,0.000000E+00,0.000000E+00,0.000000E+00,0.000000E+00,1.555513E+01,6.929915E+01,2.685058E+01,5.301130E+01,5.361051E+02,0.000000E+00,4.731677E-02,0.000000E+00,0.000000E+00,0.000000E+00,0.000000E+00,0.000000E+00,0.000000E+00,0.000000E+00,0.000000E+00,0.000000E+00,1.555492E+01,6.986498E+01,2.609137E+01,5.409190E+01,7.159777E+02,4.465663E+02,6.319237E-02,3.937816E-02,0.000000E+00,0.000000E+00,0.000000E+00,0.000000E+00,0.000000E+00,0.000000E+00,0.000000E+00,0.000000E+00,1.555480E+01,7.011094E+01,2.943726E+01,4.860939E+01,0.000000E+00,0.000000E+00,0.000000E+00,0.000000E+00,0.000000E+00,0.000000E+00,0.000000E+00,0.000000E+00,0.000000E+00,0.000000E+00,0.000000E+00,0.000000E+00,1.819033E+01,6.144444E+01,2.793016E+01,4.302642E+01
04:45:00,1.705771E+03,0.000000E+00,1.505518E-01,0.000000E+00,0.000000E+00,0.000000E+00,0.000000E+00,0.000000E+00,0.000000E+00,0.000000E+00,0.000000E+00,0.000000E+00,1.555518E+01,7.097771E+01,2.804841E+01,5.085075E+01,2.341984E+03,0.000000E+00,2.067041E-01,0.000000E+00,0.000000E+00,0.000000E+00,0.000000E+00,0.000000E+00,0.000000E+00,0.000000E+00,0.000000E+00,0.000000E+00,1.555525E+01,7.087559E+01,2.746424E+01,6.930185E+01,3.879837E+02,0.000000E+00,3.424354E-02,0.000000E+00,0.000000E+00,0.000000E+00,0.000000E+00,0.000000E+00,0.000000E+00,0.000000E+00,0.000000E+00,0.000000E+00,1.555515E+01,7.106667E+01,2.897776E+01,4.848861E+01,4.814923E+02,6.086464E+02,4.249663E-02,5.367036E-02,0.000000E+00,0.000000E+00,0.000000E+00,0.000000E+00,0.000000E+00,0.000000E+00,0.000000E+00,0.000000E+00,1.555502E+01,7.055854E+01,2.943093E+01,4.970865E+01,3.671387E+03,2.839664E+03,3.240375E-01,2.504012E-01,0.000000E+00,0.000000E+00,0.000000E+00,0.000000E+00,0.000000E+00,0.000000E+00,0.000000E+00,0.000000E+00,1.555520E+01,7.143778E+01,2.941449E+01,8.082403E+01,1.017175E+03,3.114158E+02,8.977612E-02,2.746061E-02,0.000000E+00,0.000000E+00,0.000000E+00,0.000000E+00,0.000000E+00,0.000000E+00,0.000000E+00,0.000000E+00,1.555498E+01,7.017437E+01,2.943941E+01,6.300456E+01,3.003757E+02,0.000000E+00,2.651123E-02,0.000000E+00,0.000000E+00,0.000000E+00,0.000000E+00,0.000000E+00,0.000000E+00,0.000000E+00,0.000000E+00,0.000000E+00,1.555513E+01,6.951346E+01,2.691045E+01,5.346279E+01,5.615722E+02,0.000000E+00,4.956450E-02,0.000000E+00,0.000000E+00,0.000000E+00,0.000000E+00,0.000000E+00,0.000000E+00,0.000000E+00,0.000000E+00,0.000000E+00,1.555495E+01,7.005614E+01,2.611504E+01,5.453774E+01,7.411134E+02,4.604423E+02,6.541086E-02,4.060174E-02,0.000000E+00,0.000000E+00,0.000000E+00,0.000000E+00,0.000000E+00,0.000000E+00,0.000000E+00,0.000000E+00,1.555482E+01,7.023578E+01,2.943741E+01,4.791897E+01,0.000000E+00,0.000000E+00,0.000000E+00,0.000000E+00,0.000000E+00,0.000000E+00,0.000000E+00,0.000000E+00,0.000000E+00,0.000000E+00,0.000000E+00,0.000000E+00,1.807706E+01,6.188340E+01,2.804282E+01,4.313462E+01
05:00:00,1.741305E+03,0.000000E+00,1.536880E-01,0.000000E+00,0.000000E+00,0.000000E+00,0.000000E+00,0.000000E+00,0.000000E+00,0.000000E+00,0.000000E+00,0.000000E+00,1.555518E+01,7.102039E+01,2.806556E+01,5.147333E+01,2.483584E+03,0.000000E+00,2.192017E-01,0.000000E+00,0.000000E+00,0.000000E+00,0.000000E+00,0.000000E+00,0.000000E+00,0.000000E+00,0.000000E+00,0.000000E+00,1.555526E+01,7.099780E+01,2.754557E+01,7.040423E+01,4.048534E+02,0.000000E+00,3.573246E-02,0.000000E+00,0.000000E+00,0.000000E+00,0.000000E+00,0.000000E+00,0.000000E+00,0.000000E+00,0.000000E+00,0.000000E+00,1.555517E+01,7.117425E+01,2.907333E+01,4.888175E+01,5.021292E+02,6.186735E+02,4.431804E-02,5.455455E-02,0.000000E+00,0.000000E+00,0.000000E+00,0.000000E+00,0.000000E+00,0.000000E+00,0.000000E+00,0.000000E+00,1.555505E+01,7.070451E+01,2.943091E+01,4.937768E+01,3.722764E+03,2.871918E+03,3.285721E-01,2.532454E-01,0.000000E+00,0.000000E+00,0.000000E+00,0.000000E+00,0.000000E+00,0.000000E+00,0.000000E+00,0.000000E+00,1.555520E+01,7.146447E+01,2.941441E+01,8.027625E+01,1.067911E+03,3.860665E+02,9.425413E-02,3.404330E-02,0.000000E+00,0.000000E+00,0.000000E+00,0.000000E+00,0.000000E+00,0.000000E+00,0.000000E+00,0.000000E+00,1.555501E+01,7.036368E+01,2.943837E+01,6.139817E+01,3.268747E+02,0.000000E+00,2.885004E-02,0.000000E+00,0.000000E+00,0.000000E+00,0.000000E+00,0.000000E+00,0.000000E+00,0.000000E+00,0.000000E+00,0.000000E+00,1.555513E+01,6.973406E+01,2.697085E+01,5.390066E+01,5.849397E+02,0.000000E+00,5.162692E-02,0.000000E+00,0.000000E+00,0.000000E+00,0.000000E+00,0.000000E+00,0.000000E+00,0.000000E+00,0.000000E+00,0.000000E+00,1.555497E+01,7.022111E+01,2.613943E+01,5.496666E+01,7.639382E+02,4.743426E+02,6.742538E-02,4.182747E-02,0.000000E+00,0.000000E+00,0.000000E+00,0.000000E+00,0.000000E+00,0.000000E+00,0.000000E+00,0.000000E+00,1.555484E+01,7.033886E+01,2.943749E+01,4.732259E+01,0.000000E+00,0.000000E+00,0.000000E+00,0.000000E+00,0.000000E+00,0.000000E+00,0.000000E+00,0.000000E+00,0.000000E+00,0.000000E+00,0.000000E+00,0.000000E+00,1.796412E+01,6.232459E+01,2.815506E+01,4.324089E+01
05:15:00,3.819996E+03,1.422205E+03,3.371538E-01,1.254098E-01,0.000000E+00,0.000000E+00,0.000000E+00,0.000000E+00,0.000000E+00,0.000000E+00,0.000000E+00,0.000000E+00,2.050383E+01,5.266919E+01,2.416156E+01,5.624305E+01,6.670809E+03,2.532522E+03,5.887673E-01,2.233174E-01,0.000000E+00,0.000000E+00,0.000000E+00,0.000000E+00,0.000000E+00,0.000000E+00,0.000000E+00,0.000000E+00,2.050018E+01,5.274309E+01,2.411632E+01,6.935470E+01,8.788013E+02,4.251872E+02,7.756323E-02,3.749295E-02,0.000000E+00,0.000000E+00,0.000000E+00,0.000000E+00,0.000000E+00,0.000000E+00,0.000000E+00,0.000000E+00,2.048770E+01,5.282547E+01,2.443549E+01,5.298360E+01,1.089519E+03,1.087396E+03,9.616120E-02,9.588644E-02,0.000000E+00,0.000000E+00,0.000000E+00,0.000000E+00,0.000000E+00,0.000000E+00,0.000000E+00,0.000000E+00,2.048717E+01,5.269262E+01,2.450748E+01,5.484515E+01,7.121621E+03,5.671625E+03,6.285561E-01,5.001232E-01,0.000000E+00,0.000000E+00,0.000000E+00,0.000000E+00,0.000000E+00,0.000000E+00,0.000000E+00,0.000000E+00,2.049025E+01,5.284748E+01,2.445228E+01,7.549534E+01,2.456822E+03,1.668550E+03,2.168397E-01,1.471325E-01,0.000000E+00,0.000000E+00,0.000000E+00,0.000000E+00,0.000000E+00,0.000000E+00,0.000000E+00,0.000000E+00,2.048796E+01,5.260772E+01,2.449494E+01,5.817837E+01,1.018871E+03,3.335957E+02,8.992578E-02,2.941642E-02,0.000000E+00,0.000000E+00,0.000000E+00,0.000000E+00,0.000000E+00,0.000000E+00,0.000000E+00,0.000000E+00,2.050296E+01,5.239986E+01,2.402229E+01,5.765667E+01,1.317088E+03,2.319864E+02,1.162465E-01,2.045653E-02,0.000000E+00,0.000000E+00,0.000000E+00,0.000000E+00,0.000000E+00,0.000000E+00,0.000000E+00,0.000000E+00,2.048887E+01,5.253178E+01,2.391463E+01,5.834401E+01,1.491746E+03,1.115094E+03,1.316619E-01,9.832880E-02,0.000000E+00,0.000000E+00,0.000000E+00,0.000000E+00,0.000000E+00,0.000000E+00,0.000000E+00,0.000000E+00,2.048538E+01,5.254004E+01,2.450700E+01,5.235600E+01,5.378537E+01,9.641690E+01,4.747111E-03,8.502030E-03,0.000000E+00,0.000000E+00,0.000000E+00,0.000000E+00,0.000000E+00,0.000000E+00,0.000000E+00,0.000000E+00,2.091574E+01,5.186899E+01,2.432893E+01,4.914276E+01
05:30:00,4.278509E+03,1.959168E+03,3.776223E-01,1.727591E-01,0.000000E+00,0.000000E+00,0.000000E+00,0.000000E+00,0.000000E+00,0.000000E+00,0.000000E+00,0.000000E+00,2.111106E+01,5.084015E+01,2.384869E+01,5.510794E+01,7.867413E+03,3.578041E+03,6.943798E-01,3.155112E-01,0.000000E+00,0.000000E+00,0.000000E+00,0.000000E+00,0.000000E+00,0.000000E+00,0.000000E+00,0.000000E+00,2.111107E+01,5.093897E+01,2.384282E+01,6.595621E+01,1.075121E+03,6.307708E+02,9.489048E-02,5.562129E-02,0.000000E+00,0.000000E+00,0.000000E+00,0.000000E+00,0.000000E+00,0.000000E+00,0.000000E+00,0.000000E+00,2.111106E+01,5.094906E+01,2.394482E+01,5.152156E+01,1.338878E+03,1.375061E+03,1.181697E-01,1.212527E-01,0.000000E+00,0.000000E+00,0.000000E+00,0.000000E+00,0.000000E+00,0.000000E+00,0.000000E+00,0.000000E+00,2.111104E+01,5.085712E+01,2.397645E+01,5.449790E+01,7.619738E+03,6.694733E+03,6.725200E-01,5.903407E-01,0.000000E+00,0.000000E+00,0.000000E+00,0.000000E+00,0.000000E+00,0.000000E+00,0.000000E+00,0.000000E+00,2.111107E+01,5.092841E+01,2.393989E+01,7.197955E+01,3.052286E+03,2.433636E+03,2.693955E-01,2.145977E-01,0.000000E+00,0.000000E+00,0.000000E+00,0.000000E+00,0.000000E+00,0.000000E+00,0.000000E+00,0.000000E+00,2.111104E+01,5.081573E+01,2.396668E+01,5.476137E+01,1.249263E+03,4.723853E+02,1.102602E-01,4.165487E-02,0.000000E+00,0.000000E+00,0.000000E+00,0.000000E+00,0.000000E+00,0.000000E+00,0.000000E+00,0.000000E+00,2.111105E+01,5.075167E+01,2.382266E+01,5.660176E+01,1.567461E+03,3.188129E+02,1.383445E-01,2.811288E-02,0.000000E+00,0.000000E+00,0.000000E+00,0.000000E+00,0.000000E+00,0.000000E+00,0.000000E+00,0.000000E+00,2.111103E+01,5.074500E+01,2.380616E+01,5.761443E+01,1.799016E+03,1.446611E+03,1.587816E-01,1.275619E-01,0.000000E+00,0.000000E+00,0.000000E+00,0.000000E+00,0.000000E+00,0.000000E+00,0.000000E+00,0.000000E+00,2.111101E+01,5.070483E+01,2.397505E+01,5.186271E+01,8.918295E+01,1.625926E+02,7.871309E-03,1.433739E-02,0.000000E+00,0.000000E+00,0.000000E+00,0.000000E+00,0.000000E+00,0.000000E+00,0.000000E+00,0.000000E+00,2.111111E+01,5.124987E+01,2.392971E+01,4.879008E+01
05:45:00,5.633869E+03,2.604923E+03,4.972467E-01,2.297018E-01,0.000000E+00,0.000000E+00,0.000000E+00,0.000000E+00,0.000000E+00,0.000000E+00,0.000000E+00,0.000000E+00,2.111091E+01,5.108671E+01,2.388632E+01,5.238670E+01,1.044516E+04,4.768179E+03,9.218923E-01,4.204574E-01,0.000000E+00,0.000000E+00,0.000000E+00,0.000000E+00,0.000000E+00,0.000000E+00,0.000000E+00,0.000000E+00,2.111096E+01,5.119570E+01,2.388365E+01,6.003067E+01,1.393836E+03,8.414169E+02,1.230203E-01,7.419603E-02,0.000000E+00,0.000000E+00,0.000000E+00,0.000000E+00,0.000000E+00,0.000000E+00,0.000000E+00,0.000000E+00,2.111091E+01,5.114754E+01,2.388970E+01,4.879339E+01,1.726413E+03,1.646634E+03,1.523737E-01,1.452000E-01,0.000000E+00,0.000000E+00,0.000000E+00,0.000000E+00,0.000000E+00,0.000000E+00,0.000000E+00,0.000000E+00,2.111085E+01,5.111488E+01,2.389098E+01,5.347475E+01,9.303488E+03,7.780294E+03,8.211282E-01,6.860653E-01,0.000000E+00,0.000000E+00,0.000000E+00,0.000000E+00,0.000000E+00,0.000000E+00,0.000000E+00,0.000000E+00,2.111095E+01,5.108096E+01,2.387806E+01,6.925273E+01,3.980380E+03,3.187204E+03,3.513093E-01,2.810472E-01,0.000000E+00,0.000000E+00,0.000000E+00,0.000000E+00,0.000000E+00,0.000000E+00,0.000000E+00,0.000000E+00,2.111083E+01,5.112750E+01,2.389055E+01,5.027816E+01,1.694989E+03,6.300144E+02,1.496002E-01,5.555459E-02,0.000000E+00,0.000000E+00,0.000000E+00,0.000000E+00,0.000000E+00,0.000000E+00,0.000000E+00,0.000000E+00,2.111087E+01,5.122228E+01,2.388615E+01,5.392145E+01,2.019892E+03,4.236706E+02,1.782762E-01,3.735922E-02,0.000000E+00,0.000000E+00,0.000000E+00,0.000000E+00,0.000000E+00,0.000000E+00,0.000000E+00,0.000000E+00,2.111081E+01,5.108341E+01,2.388709E+01,5.561413E+01,2.279177E+03,1.772029E+03,2.011607E-01,1.562573E-01,0.000000E+00,0.000000E+00,0.000000E+00,0.000000E+00,0.000000E+00,0.000000E+00,0.000000E+00,0.000000E+00,2.111072E+01,5.099613E+01,2.389206E+01,5.071834E+01,1.469838E+02,2.265913E+02,1.297283E-02,1.998079E-02,0.000000E+00,0.000000E+00,0.000000E+00,0.000000E+00,0.000000E+00,0.000000E+00,0.000000E+00,0.000000E+00,2.111111E+01,5.124987E+01,2.389046E+01,4.719463E+01
06:00:00,6.696564E+03,3.236630E+03,5.910404E-01,2.854056E-01,0.000000E+00,0.000000E+00,0.000000E+00,0.000000E+00,0.000000E+00,0.000000E+00,0.000000E+00,0.000000E+00,2.111093E+01,5.108788E+01,2.388716E+01,5.098040E+01,1.231302E+04,5.923192E+03,1.086751E+00,5.223063E-01,0.000000E+00,0.000000E+00,0.000000E+00,0.000000E+00,0.000000E+00,0.000000E+00,0.000000E+00,0.000000E+00,2.111104E+01,5.120889E+01,2.388533E+01,5.667853E+01,1.633288E+03,1.036089E+03,1.441544E-01,9.136223E-02,0.000000E+00,0.000000E+00,0.000000E+00,0.000000E+00,0.000000E+00,0.000000E+00,0.000000E+00,0.000000E+00,2.111097E+01,5.112563E+01,2.388785E+01,4.811328E+01,2.013936E+03,1.885500E+03,1.777505E-01,1.662632E-01,0.000000E+00,0.000000E+00,0.000000E+00,0.000000E+00,0.000000E+00,0.000000E+00,0.000000E+00,0.000000E+00,2.111093E+01,5.107980E+01,2.388318E+01,5.399978E+01,1.040818E+04,8.747050E+03,9.186289E-01,7.713138E-01,0.000000E+00,0.000000E+00,0.000000E+00,0.000000E+00,0.000000E+00,0.000000E+00,0.000000E+00,0.000000E+00,2.111094E+01,5.105430E+01,2.387436E+01,7.094557E+01,4.672645E+03,3.876831E+03,4.124088E-01,3.418585E-01,0.000000E+00,0.000000E+00,0.000000E+00,0.000000E+00,0.000000E+00,0.000000E+00,0.000000E+00,0.000000E+00,2.111094E+01,5.109679E+01,2.388662E+01,4.960415E+01,2.019870E+03,7.825786E+02,1.782742E-01,6.900769E-02,0.000000E+00,0.000000E+00,0.000000E+00,0.000000E+00,0.000000E+00,0.000000E+00,0.000000E+00,0.000000E+00,2.111104E+01,5.125929E+01,2.388722E+01,5.223263E+01,2.349922E+03,5.282846E+02,2.074047E-01,4.658407E-02,0.000000E+00,0.000000E+00,0.000000E+00,0.000000E+00,0.000000E+00,0.000000E+00,0.000000E+00,0.000000E+00,2.111090E+01,5.105597E+01,2.388738E+01,5.418141E+01,2.640397E+03,2.064564E+03,2.330421E-01,1.820530E-01,0.000000E+00,0.000000E+00,0.000000E+00,0.000000E+00,0.000000E+00,0.000000E+00,0.000000E+00,0.000000E+00,2.111078E+01,5.093430E+01,2.388583E+01,5.103840E+01,1.936210E+02,2.853560E+02,1.708904E-02,2.516266E-02,0.000000E+00,0.000000E+00,0.000000E+00,0.000000E+00,0.000000E+00,0.000000E+00,0.000000E+00,0.000000E+00,2.111111E+01,5.124987E+01,2.388860E+01,4.669077E+01
06:15:00,5.646192E+03,2.438813E+03,4.983344E-01,2.150542E-01,0.000000E+00,0.000000E+00,0.000000E+00,0.000000E+00,0.000000E+00,0.000000E+00,0.000000E+00,0.000000E+00,2.111095E+01,5.100148E+01,2.388750E+01,5.015383E+01,9.887244E+03,4.525557E+03,8.726506E-01,3.990630E-01,0.000000E+00,0.000000E+00,0.000000E+00,0.000000E+00,0.000000E+00,0.000000E+00,0.000000E+00,0.000000E+00,2.111107E+01,5.111948E+01,2.388611E+01,5.472917E+01,1.382496E+03,7.950457E+02,1.220195E-01,7.010703E-02,0.000000E+00,0.000000E+00,0.000000E+00,0.000000E+00,0.000000E+00,0.000000E+00,0.000000E+00,0.000000E+00,2.111099E+01,5.103553E+01,2.388790E+01,4.791797E+01,1.692266E+03,1.642913E+03,1.493598E-01,1.448719E-01,0.000000E+00,0.000000E+00,0.000000E+00,0.000000E+00,0.000000E+00,0.000000E+00,0.000000E+00,0.000000E+00,2.111095E+01,5.095626E+01,2.388221E+01,5.458528E+01,7.984628E+03,6.884122E+03,7.047252E-01,6.070410E-01,0.000000E+00,0.000000E+00,0.000000E+00,0.000000E+00,0.000000E+00,0.000000E+00,0.000000E+00,0.000000E+00,2.111094E+01,5.096785E+01,2.387372E+01,7.259225E+01,3.929257E+03,3.327323E+03,3.467972E-01,2.934030E-01,0.000000E+00,0.000000E+00,0.000000E+00,0.000000E+00,0.000000E+00,0.000000E+00,0.000000E+00,0.000000E+00,2.111096E+01,5.095626E+01,2.388641E+01,4.952616E+01,1.634920E+03,5.988617E+02,1.442985E-01,5.280755E-02,0.000000E+00,0.000000E+00,0.000000E+00,0.000000E+00,0.000000E+00,0.000000E+00,0.000000E+00,0.000000E+00,2.111110E+01,5.110695E+01,2.388756E+01,5.117823E+01,1.925235E+03,4.014212E+02,1.699217E-01,3.539727E-02,0.000000E+00,0.000000E+00,0.000000E+00,0.000000E+00,0.000000E+00,0.000000E+00,0.000000E+00,0.000000E+00,2.111093E+01,5.090292E+01,2.388757E+01,5.314796E+01,2.247738E+03,1.708676E+03,1.983859E-01,1.506708E-01,0.000000E+00,0.000000E+00,0.000000E+00,0.000000E+00,0.000000E+00,0.000000E+00,0.000000E+00,0.000000E+00,2.111078E+01,5.078260E+01,2.388518E+01,5.137019E+01,1.831339E+02,2.437356E+02,1.616344E-02,2.149257E-02,0.000000E+00,0.000000E+00,0.000000E+00,0.000000E+00,0.000000E+00,0.000000E+00,0.000000E+00,0.000000E+00,2.111111E+01,5.124987E+01,2.388856E+01,4.657747E+01
06:30:00,6.164482E+03,2.525150E+03,5.440787E-01,2.226674E-01,0.000000E+00,0.000000E+00,0.000000E+00,0.000000E+00,0.000000E+00,0.000000E+00,0.000000E+00,0.000000E+00,2.111090E+01,5.094005E+01,2.388769E+01,4.961212E+01,1.026841E+04,4.607104E+03,9.062927E-01,4.062538E-01,0.000000E+00,0.000000E+00,0.000000E+00,0.000000E+00,0.000000E+00,0.000000E+00,0.000000E+00,0.000000E+00,2.111103E+01,5.105029E+01,2.388654E+01,5.347026E+01,1.384293E+03,7.661901E+02,1.221780E-01,6.756255E-02,0.000000E+00,0.000000E+00,0.000000E+00,0.000000E+00,0.000000E+00,0.000000E+00,0.000000E+00,0.000000E+00,2.111093E+01,5.097765E+01,2.388801E+01,4.781578E+01,1.677145E+03,1.564472E+03,1.480252E-01,1.379549E-01,0.000000E+00,0.000000E+00,0.000000E+00,0.000000E+00,0.000000E+00,0.000000E+00,0.000000E+00,0.000000E+00,2.111087E+01,5.087704E+01,2.388206E+01,5.502583E+01,8.342235E+03,6.762457E+03,7.362878E-01,5.963126E-01,0.000000E+00,0.000000E+00,0.000000E+00,0.000000E+00,0.000000E+00,0.000000E+00,0.000000E+00,0.000000E+00,2.111090E+01,5.089963E+01,2.387349E+01,7.370226E+01,3.907166E+03,3.275907E+03,3.448474E-01,2.888690E-01,0.000000E+00,0.000000E+00,0.000000E+00,0.000000E+00,0.000000E+00,0.000000E+00,0.000000E+00,0.000000E+00,2.111088E+01,5.086615E+01,2.388652E+01,4.944014E+01,1.678552E+03,6.099225E+02,1.481495E-01,5.378289E-02,0.000000E+00,0.000000E+00,0.000000E+00,0.000000E+00,0.000000E+00,0.000000E+00,0.000000E+00,0.000000E+00,2.111103E+01,5.099035E+01,2.388775E+01,5.046118E+01,1.949008E+03,4.222314E+02,1.720199E-01,3.723231E-02,0.000000E+00,0.000000E+00,0.000000E+00,0.000000E+00,0.000000E+00,0.000000E+00,0.000000E+00,0.000000E+00,2.111085E+01,5.079652E+01,2.388770E+01,5.235193E+01,2.239502E+03,1.647189E+03,1.976590E-01,1.452489E-01,0.000000E+00,0.000000E+00,0.000000E+00,0.000000E+00,0.000000E+00,0.000000E+00,0.000000E+00,0.000000E+00,2.111069E+01,5.068971E+01,2.388512E+01,5.158575E+01,1.881297E+02,2.291781E+02,1.660437E-02,2.020889E-02,0.000000E+00,0.000000E+00,0.000000E+00,0.000000E+00,0.000000E+00,0.000000E+00,0.000000E+00,0.000000E+00,2.111111E+01,5.124987E+01,2.388859E+01,4.653715E+01
06:45:00,5.742806E+03,2.506410E+03,5.068615E-01,2.210149E-01,0.000000E+00,0.000000E+00,0.000000E+00,0.000000E+00,0.000000E+00,0.000000E+00,0.000000E+00,0.000000E+00,2.111085E+01,5.091736E+01,2.388781E+01,4.926510E+01,9.118603E+03,4.544270E+03,8.048102E-01,4.007132E-01,0.000000E+00,0.000000E+00,0.000000E+00,0.000000E+00,0.000000E+00,0.000000E+00,0.000000E+00,0.000000E+00,2.111098E+01,5.101991E+01,2.388681E+01,5.266231E+01,1.243361E+03,7.271618E+02,1.097394E-01,6.412104E-02,0.000000E+00,0.000000E+00,0.000000E+00,0.000000E+00,0.000000E+00,0.000000E+00,0.000000E+00,0.000000E+00,2.111089E+01,5.095498E+01,2.388806E+01,4.779874E+01,1.498672E+03,1.488826E+03,1.322732E-01,1.312844E-01,0.000000E+00,0.000000E+00,0.000000E+00,0.000000E+00,0.000000E+00,0.000000E+00,0.000000E+00,0.000000E+00,2.111082E+01,5.084507E+01,2.388197E+01,5.540654E+01,7.426260E+03,6.555034E+03,6.554436E-01,5.780220E-01,0.000000E+00,0.000000E+00,0.000000E+00,0.000000E+00,0.000000E+00,0.000000E+00,0.000000E+00,0.000000E+00,2.111086E+01,5.086125E+01,2.387325E+01,7.451572E+01,3.494530E+03,3.212755E+03,3.084281E-01,2.833003E-01,0.000000E+00,0.000000E+00,0.000000E+00,0.000000E+00,0.000000E+00,0.000000E+00,0.000000E+00,0.000000E+00,2.111082E+01,5.083221E+01,2.388658E+01,4.942805E+01,1.479929E+03,6.040756E+02,1.306189E-01,5.326731E-02,0.000000E+00,0.000000E+00,0.000000E+00,0.000000E+00,0.000000E+00,0.000000E+00,0.000000E+00,0.000000E+00,2.111095E+01,5.094306E+01,2.388788E+01,4.995841E+01,1.744089E+03,4.290872E+02,1.539337E-01,3.783685E-02,0.000000E+00,0.000000E+00,0.000000E+00,0.000000E+00,0.000000E+00,0.000000E+00,0.000000E+00,0.000000E+00,2.111078E+01,5.075109E+01,2.388779E+01,5.171380E+01,2.029396E+03,1.581152E+03,1.791150E-01,1.394258E-01,0.000000E+00,0.000000E+00,0.000000E+00,0.000000E+00,0.000000E+00,0.000000E+00,0.000000E+00,0.000000E+00,2.111062E+01,5.065256E+01,2.388508E+01,5.176940E+01,1.682289E+02,2.142144E+02,1.484793E-02,1.888940E-02,0.000000E+00,0.000000E+00,0.000000E+00,0.000000E+00,0.000000E+00,0.000000E+00,0.000000E+00,0.000000E+00,2.111111E+01,5.124987E+01,2.388862E+01,4.653735E+01
07:00:00,5.577057E+03,2.510193E+03,4.922325E-01,2.213485E-01,0.000000E+00,0.000000E+00,0.000000E+00,0.000000E+00,0.000000E+00,0.000000E+00,0.000000E+00,0.000000E+00,2.111083E+01,5.091285E+01,2.388788E+01,4.903683E+01,8.552629E+03,4.523135E+03,7.548571E-01,3.988495E-01,0.000000E+00,0.000000E+00,0.000000E+00,0.000000E+00,0.000000E+00,0.000000E+00,0.000000E+00,0.000000E+00,2.111096E+01,5.100956E+01,2.388697E+01,5.213518E+01,1.164803E+03,7.010816E+02,1.028058E-01,6.182129E-02,0.000000E+00,0.000000E+00,0.000000E+00,0.000000E+00,0.000000E+00,0.000000E+00,0.000000E+00,0.000000E+00,2.111088E+01,5.094492E+01,2.388807E+01,4.781852E+01,1.399529E+03,1.435581E+03,1.235228E-01,1.265893E-01,0.000000E+00,0.000000E+00,0.000000E+00,0.000000E+00,0.000000E+00,0.000000E+00,0.000000E+00,0.000000E+00,2.111080E+01,5.082999E+01,2.388188E+01,5.572235E+01,7.022114E+03,6.453926E+03,6.197735E-01,5.691064E-01,0.000000E+00,0.000000E+00,0.000000E+00,0.000000E+00,0.000000E+00,0.000000E+00,0.000000E+00,0.000000E+00,2.111084E+01,5.084016E+01,2.387298E+01,7.505094E+01,3.269801E+03,3.184684E+03,2.885934E-01,2.808250E-01,0.000000E+00,0.000000E+00,0.000000E+00,0.000000E+00,0.000000E+00,0.000000E+00,0.000000E+00,0.000000E+00,2.111080E+01,5.081891E+01,2.388658E+01,4.943768E+01,1.379518E+03,6.066960E+02,1.217566E-01,5.349838E-02,0.000000E+00,0.000000E+00,0.000000E+00,0.000000E+00,0.000000E+00,0.000000E+00,0.000000E+00,0.000000E+00,2.111092E+01,5.093072E+01,2.388796E+01,4.959274E+01,1.639502E+03,4.414778E+02,1.447028E-01,3.892946E-02,0.000000E+00,0.000000E+00,0.000000E+00,0.000000E+00,0.000000E+00,0.000000E+00,0.000000E+00,0.000000E+00,2.111075E+01,5.073231E+01,2.388785E+01,5.118485E+01,1.914310E+03,1.541156E+03,1.689575E-01,1.358990E-01,0.000000E+00,0.000000E+00,0.000000E+00,0.000000E+00,0.000000E+00,0.000000E+00,0.000000E+00,0.000000E+00,2.111059E+01,5.063336E+01,2.388502E+01,5.190595E+01,1.573144E+02,2.023739E+02,1.388461E-02,1.784530E-02,0.000000E+00,0.000000E+00,0.000000E+00,0.000000E+00,0.000000E+00,0.000000E+00,0.000000E+00,0.000000E+00,2.111111E+01,5.124987E+01,2.388862E+01,4.655506E+01
07:15:00,5.447002E+03,2.534384E+03,4.807538E-01,2.234817E-01,0.000000E+00,0.000000E+00,0.000000E+00,0.000000E+00,0.000000E+00,0.000000E+00,0.000000E+00,0.000000E+00,2.111082E+01,5.091048E+01,2.388791E+01,4.887700E+01,8.116419E+03,4.534307E+03,7.163572E-01,3.998346E-01,0.000000E+00,0.000000E+00,0.000000E+00,0.000000E+00,0.000000E+00,0.000000E+00,0.000000E+00,0.000000E+00,2.111096E+01,5.100298E+01,2.388707E+01,5.177891E+01,1.103646E+03,6.842894E+02,9.740811E-02,6.034056E-02,0.000000E+00,0.000000E+00,0.000000E+00,0.000000E+00,0.000000E+00,0.000000E+00,0.000000E+00,0.000000E+00,2.111088E+01,5.093418E+01,2.388806E+01,4.784494E+01,1.323484E+03,1.397390E+03,1.168110E-01,1.232217E-01,0.000000E+00,0.000000E+00,0.000000E+00,0.000000E+00,0.000000E+00,0.000000E+00,0.000000E+00,0.000000E+00,2.111079E+01,5.081422E+01,2.388179E+01,5.596968E+01,6.740250E+03,6.420856E+03,5.948961E-01,5.661903E-01,0.000000E+00,0.000000E+00,0.000000E+00,0.000000E+00,0.000000E+00,0.000000E+00,0.000000E+00,0.000000E+00,2.111083E+01,5.082511E+01,2.387275E+01,7.532054E+01,3.097947E+03,3.173902E+03,2.734256E-01,2.798742E-01,0.000000E+00,0.000000E+00,0.000000E+00,0.000000E+00,0.000000E+00,0.000000E+00,0.000000E+00,0.000000E+00,2.111079E+01,5.080491E+01,2.388658E+01,4.944339E+01,1.302319E+03,6.166702E+02,1.149430E-01,5.437790E-02,0.000000E+00,0.000000E+00,0.000000E+00,0.000000E+00,0.000000E+00,0.000000E+00,0.000000E+00,0.000000E+00,2.111092E+01,5.092411E+01,2.388801E+01,4.931501E+01,1.560158E+03,4.598837E+02,1.376999E-01,4.055249E-02,0.000000E+00,0.000000E+00,0.000000E+00,0.000000E+00,0.000000E+00,0.000000E+00,0.000000E+00,0.000000E+00,2.111074E+01,5.071623E+01,2.388790E+01,5.073373E+01,1.825828E+03,1.519942E+03,1.611480E-01,1.340282E-01,0.000000E+00,0.000000E+00,0.000000E+00,0.000000E+00,0.000000E+00,0.000000E+00,0.000000E+00,0.000000E+00,2.111059E+01,5.061241E+01,2.388497E+01,5.198626E+01,1.478176E+02,1.927759E+02,1.304641E-02,1.699895E-02,0.000000E+00,0.000000E+00,0.000000E+00,0.000000E+00,0.000000E+00,0.000000E+00,0.000000E+00,0.000000E+00,2.111111E+01,5.124987E+01,2.388862E+01,4.657757E+01
07:30:00,5.338586E+03,2.575264E+03,4.711850E-01,2.270864E-01,0.000000E+00,0.000000E+00,0.000000E+00,0.000000E+00,0.000000E+00,0.000000E+00,0.000000E+00,0.000000E+00,2.111083E+01,5.090554E+01,2.388792E+01,4.876814E+01,7.760048E+03,4.569275E+03,6.849038E-01,4.029181E-01,0.000000E+00,0.000000E+00,0.000000E+00,0.000000E+00,0.000000E+00,0.000000E+00,0.000000E+00,0.000000E+00,2.111096E+01,5.099451E+01,2.388710E+01,5.154904E+01,1.053959E+03,6.748842E+02,9.302268E-02,5.951120E-02,0.000000E+00,0.000000E+00,0.000000E+00,0.000000E+00,0.000000E+00,0.000000E+00,0.000000E+00,0.000000E+00,2.111088E+01,5.092077E+01,2.388806E+01,4.786474E+01,1.262381E+03,1.370986E+03,1.114181E-01,1.208933E-01,0.000000E+00,0.000000E+00,0.000000E+00,0.000000E+00,0.000000E+00,0.000000E+00,0.000000E+00,0.000000E+00,2.111079E+01,5.079513E+01,2.388175E+01,5.613612E+01,6.530280E+03,6.443254E+03,5.763641E-01,5.681654E-01,0.000000E+00,0.000000E+00,0.000000E+00,0.000000E+00,0.000000E+00,0.000000E+00,0.000000E+00,0.000000E+00,2.111082E+01,5.081160E+01,2.387263E+01,7.539202E+01,2.959635E+03,3.171980E+03,2.612181E-01,2.797048E-01,0.000000E+00,0.000000E+00,0.000000E+00,0.000000E+00,0.000000E+00,0.000000E+00,0.000000E+00,0.000000E+00,2.111079E+01,5.078664E+01,2.388658E+01,4.944426E+01,1.239540E+03,6.323237E+02,1.094021E-01,5.575822E-02,0.000000E+00,0.000000E+00,0.000000E+00,0.000000E+00,0.000000E+00,0.000000E+00,0.000000E+00,0.000000E+00,2.111092E+01,5.091330E+01,2.388802E+01,4.911720E+01,1.496165E+03,4.832072E+02,1.320519E-01,4.260915E-02,0.000000E+00,0.000000E+00,0.000000E+00,0.000000E+00,0.000000E+00,0.000000E+00,0.000000E+00,0.000000E+00,2.111074E+01,5.069671E+01,2.388790E+01,5.038438E+01,1.754281E+03,1.514077E+03,1.548333E-01,1.335111E-01,0.000000E+00,0.000000E+00,0.000000E+00,0.000000E+00,0.000000E+00,0.000000E+00,0.000000E+00,0.000000E+00,2.111058E+01,5.058798E+01,2.388494E+01,5.201787E+01,1.395191E+02,1.849577E+02,1.231399E-02,1.630955E-02,0.000000E+00,0.000000E+00,0.000000E+00,0.000000E+00,0.000000E+00,0.000000E+00,0.000000E+00,0.000000E+00,2.111111E+01,5.124987E+01,2.388862E+01,4.659737E+01
07:45:00,5.247175E+03,2.628126E+03,4.631170E-01,2.317478E-01,0.000000E+00,0.000000E+00,0.000000E+00,0.000000E+00,0.000000E+00,0.000000E+00,0.000000E+00,0.000000E+00,2.111083E+01,5.089908E+01,2.388742E+01,4.869335E+01,7.461690E+03,4.620435E+03,6.585706E-01,4.074293E-01,0.000000E+00,0.000000E+00,0.000000E+00,0.000000E+00,0.000000E+00,0.000000E+00,0.000000E+00,0.000000E+00,2.111096E+01,5.098442E+01,2.388621E+01,5.140504E+01,1.012836E+03,6.714005E+02,8.939317E-02,5.920401E-02,0.000000E+00,0.000000E+00,0.000000E+00,0.000000E+00,0.000000E+00,0.000000E+00,0.000000E+00,0.000000E+00,2.111087E+01,5.090677E+01,2.388768E+01,4.787699E+01,1.212187E+03,1.353509E+03,1.069879E-01,1.193522E-01,0.000000E+00,0.000000E+00,0.000000E+00,0.000000E+00,0.000000E+00,0.000000E+00,0.000000E+00,0.000000E+00,2.111079E+01,5.077548E+01,2.387902E+01,5.624768E+01,6.368592E+03,6.497724E+03,5.620935E-01,5.729685E-01,0.000000E+00,0.000000E+00,0.000000E+00,0.000000E+00,0.000000E+00,0.000000E+00,0.000000E+00,0.000000E+00,2.111082E+01,5.079910E+01,2.386424E+01,7.531706E+01,2.845497E+03,3.173019E+03,2.511443E-01,2.797964E-01,0.000000E+00,0.000000E+00,0.000000E+00,0.000000E+00,0.000000E+00,0.000000E+00,0.000000E+00,0.000000E+00,2.111079E+01,5.076716E+01,2.388573E+01,4.944479E+01,1.187185E+03,6.522916E+02,1.047813E-01,5.751899E-02,0.000000E+00,0.000000E+00,0.000000E+00,0.000000E+00,0.000000E+00,0.000000E+00,0.000000E+00,0.000000E+00,2.111092E+01,5.089903E+01,2.388759E+01,4.897707E+01,1.443068E+03,5.104299E+02,1.273656E-01,4.500965E-02,0.000000E+00,0.000000E+00,0.000000E+00,0.000000E+00,0.000000E+00,0.000000E+00,0.000000E+00,0.000000E+00,2.111074E+01,5.067572E+01,2.388737E+01,5.011692E+01,1.695068E+03,1.520691E+03,1.496071E-01,1.340943E-01,0.000000E+00,0.000000E+00,0.000000E+00,0.000000E+00,0.000000E+00,0.000000E+00,0.000000E+00,0.000000E+00,2.111058E+01,5.056376E+01,2.388334E+01,5.201308E+01,1.321917E+02,1.785935E+02,1.166727E-02,1.574835E-02,0.000000E+00,0.000000E+00,0.000000E+00,0.000000E+00,0.000000E+00,0.000000E+00,0.000000E+00,0.000000E+00,2.111111E+01,5.124987E+01,2.388853E+01,4.661458E+01
08:00:00,5.169306E+03,2.687695E+03,4.562442E-01,2.370006E-01,0.000000E+00,0.000000E+00,0.000000E+00,0.000000E+00,0.000000E+00,0.000000E+00,0.000000E+00,0.000000E+00,2.111082E+01,5.089283E+01,2.388737E+01,4.860484E+01,7.207779E+03,4.684117E+03,6.361603E-01,4.130448E-01,0.000000E+00,0.000000E+00,0.000000E+00,0.000000E+00,0.000000E+00,0.000000E+00,0.000000E+00,0.000000E+00,2.111096E+01,5.097421E+01,2.388615E+01,5.124642E+01,9.783428E+02,6.727735E+02,8.634878E-02,5.932508E-02,0.000000E+00,0.000000E+00,0.000000E+00,0.000000E+00,0.000000E+00,0.000000E+00,0.000000E+00,0.000000E+00,2.111087E+01,5.089382E+01,2.388761E+01,4.788357E+01,1.170290E+03,1.343447E+03,1.032901E-01,1.184650E-01,0.000000E+00,0.000000E+00,0.000000E+00,0.000000E+00,0.000000E+00,0.000000E+00,0.000000E+00,0.000000E+00,2.111079E+01,5.075741E+01,2.387838E+01,5.634419E+01,6.240642E+03,6.579969E+03,5.508006E-01,5.802208E-01,0.000000E+00,0.000000E+00,0.000000E+00,0.000000E+00,0.000000E+00,0.000000E+00,0.000000E+00,0.000000E+00,2.111081E+01,5.078808E+01,2.386255E+01,7.508780E+01,2.749595E+03,3.174086E+03,2.426799E-01,2.798905E-01,0.000000E+00,0.000000E+00,0.000000E+00,0.000000E+00,0.000000E+00,0.000000E+00,0.000000E+00,0.000000E+00,2.111079E+01,5.074906E+01,2.388556E+01,4.944314E+01,1.142771E+03,6.756773E+02,1.008612E-01,5.958114E-02,0.000000E+00,0.000000E+00,0.000000E+00,0.000000E+00,0.000000E+00,0.000000E+00,0.000000E+00,0.000000E+00,2.111092E+01,5.088416E+01,2.388756E+01,4.881210E+01,1.398163E+03,5.409277E+02,1.234022E-01,4.769893E-02,0.000000E+00,0.000000E+00,0.000000E+00,0.000000E+00,0.000000E+00,0.000000E+00,0.000000E+00,0.000000E+00,2.111073E+01,5.065582E+01,2.388735E+01,4.979146E+01,1.645269E+03,1.537724E+03,1.452119E-01,1.355963E-01,0.000000E+00,0.000000E+00,0.000000E+00,0.000000E+00,0.000000E+00,0.000000E+00,0.000000E+00,0.000000E+00,2.111057E+01,5.054203E+01,2.388297E+01,5.196882E+01,1.256792E+02,1.734435E+02,1.109248E-02,1.529423E-02,0.000000E+00,0.000000E+00,0.000000E+00,0.000000E+00,0.000000E+00,0.000000E+00,0.000000E+00,0.000000E+00,2.111111E+01,5.124987E+01,2.388852E+01,4.663514E+01
08:15:00,5.102448E+03,2.750157E+03,4.503433E-01,2.425085E-01,0.000000E+00,0.000000E+00,0.000000E+00,0.000000E+00,0.000000E+00,0.000000E+00,0.000000E+00,0.000000E+00,2.111082E+01,5.088749E+01,2.388739E+01,4.852732E+01,6.989231E+03,4.755863E+03,6.168713E-01,4.193714E-01,0.000000E+00,0.000000E+00,0.000000E+00,0.000000E+00,0.000000E+00,0.000000E+00,0.000000E+00,0.000000E+00,2.111096E+01,5.096474E+01,2.388618E+01,5.111535E+01,9.491204E+02,6.780997E+02,8.376960E-02,5.979474E-02,0.000000E+00,0.000000E+00,0.000000E+00,0.000000E+00,0.000000E+00,0.000000E+00,0.000000E+00,0.000000E+00,2.111087E+01,5.088236E+01,2.388759E+01,4.787953E+01,1.134905E+03,1.339334E+03,1.001670E-01,1.181023E-01,0.000000E+00,0.000000E+00,0.000000E+00,0.000000E+00,0.000000E+00,0.000000E+00,0.000000E+00,0.000000E+00,2.111078E+01,5.074143E+01,2.387816E+01,5.639466E+01,6.137118E+03,6.681120E+03,5.416636E-01,5.891403E-01,0.000000E+00,0.000000E+00,0.000000E+00,0.000000E+00,0.000000E+00,0.000000E+00,0.000000E+00,0.000000E+00,2.111081E+01,5.077874E+01,2.386211E+01,7.475333E+01,2.667932E+03,3.172286E+03,2.354724E-01,2.797318E-01,0.000000E+00,0.000000E+00,0.000000E+00,0.000000E+00,0.000000E+00,0.000000E+00,0.000000E+00,0.000000E+00,2.111078E+01,5.073302E+01,2.388553E+01,4.944370E+01,1.104638E+03,7.015478E+02,9.749559E-02,6.186240E-02,0.000000E+00,0.000000E+00,0.000000E+00,0.000000E+00,0.000000E+00,0.000000E+00,0.000000E+00,0.000000E+00,2.111092E+01,5.087029E+01,2.388759E+01,4.866652E+01,1.359688E+03,5.738357E+02,1.200064E-01,5.060076E-02,0.000000E+00,0.000000E+00,0.000000E+00,0.000000E+00,0.000000E+00,0.000000E+00,0.000000E+00,0.000000E+00,2.111073E+01,5.063795E+01,2.388738E+01,4.949881E+01,1.602915E+03,1.563158E+03,1.414737E-01,1.378391E-01,0.000000E+00,0.000000E+00,0.000000E+00,0.000000E+00,0.000000E+00,0.000000E+00,0.000000E+00,0.000000E+00,2.111057E+01,5.052303E+01,2.388286E+01,5.188979E+01,1.198657E+02,1.693195E+02,1.057938E-02,1.493057E-02,0.000000E+00,0.000000E+00,0.000000E+00,0.000000E+00,0.000000E+00,0.000000E+00,0.000000E+00,0.000000E+00,2.111111E+01,5.124987E+01,2.388851E+01,4.665324E+01
08:30:00,5.044706E+03,2.813469E+03,4.452470E-01,2.480913E-01,0.000000E+00,0.000000E+00,0.000000E+00,0.000000E+00,0.000000E+00,0.000000E+00,0.000000E+00,0.000000E+00,2.111082E+01,5.088301E+01,2.388740E+01,4.845777E+01,6.799568E+03,4.832679E+03,6.001316E-01,4.261450E-01,0.000000E+00,0.000000E+00,0.000000E+00,0.000000E+00,0.000000E+00,0.000000E+00,0.000000E+00,0.000000E+00,2.111095E+01,5.095617E+01,2.388621E+01,5.100110E+01,9.241724E+02,6.868381E+02,8.156769E-02,6.056529E-02,0.000000E+00,0.000000E+00,0.000000E+00,0.000000E+00,0.000000E+00,0.000000E+00,0.000000E+00,0.000000E+00,2.111086E+01,5.087217E+01,2.388758E+01,4.786525E+01,1.104746E+03,1.339844E+03,9.750518E-02,1.181473E-01,0.000000E+00,0.000000E+00,0.000000E+00,0.000000E+00,0.000000E+00,0.000000E+00,0.000000E+00,0.000000E+00,2.111078E+01,5.072722E+01,2.387806E+01,5.640534E+01,6.051613E+03,6.789861E+03,5.341169E-01,5.987291E-01,0.000000E+00,0.000000E+00,0.000000E+00,0.000000E+00,0.000000E+00,0.000000E+00,0.000000E+00,0.000000E+00,2.111081E+01,5.077090E+01,2.386199E+01,7.434634E+01,2.597689E+03,3.166101E+03,2.292727E-01,2.791864E-01,0.000000E+00,0.000000E+00,0.000000E+00,0.000000E+00,0.000000E+00,0.000000E+00,0.000000E+00,0.000000E+00,2.111078E+01,5.071873E+01,2.388553E+01,4.944833E+01,1.071609E+03,7.291096E+02,9.458048E-02,6.429279E-02,0.000000E+00,0.000000E+00,0.000000E+00,0.000000E+00,0.000000E+00,0.000000E+00,0.000000E+00,0.000000E+00,2.111091E+01,5.085773E+01,2.388761E+01,4.853527E+01,1.326415E+03,6.084653E+02,1.170698E-01,5.365439E-02,0.000000E+00,0.000000E+00,0.000000E+00,0.000000E+00,0.000000E+00,0.000000E+00,0.000000E+00,0.000000E+00,2.111072E+01,5.062198E+01,2.388743E+01,4.923572E+01,1.566598E+03,1.595280E+03,1.382683E-01,1.406716E-01,0.000000E+00,0.000000E+00,0.000000E+00,0.000000E+00,0.000000E+00,0.000000E+00,0.000000E+00,0.000000E+00,2.111056E+01,5.050618E+01,2.388282E+01,5.178421E+01,1.146599E+02,1.660645E+02,1.011991E-02,1.464355E-02,0.000000E+00,0.000000E+00,0.000000E+00,0.000000E+00,0.000000E+00,0.000000E+00,0.000000E+00,0.000000E+00,2.111111E+01,5.124987E+01,2.388851E+01,4.666876E+01
08:45:00,4.994422E+03,2.878367E+03,4.408089E-01,2.538141E-01,0.000000E+00,0.000000E+00,0.000000E+00,0.000000E+00,0.000000E+00,0.000000E+00,0.000000E+00,0.000000E+00,2.111082E+01,5.087913E+01,2.388742E+01,4.839391E+01,6.634250E+03,4.916018E+03,5.855405E-01,4.334938E-01,0.000000E+00,0.000000E+00,0.000000E+00,0.000000E+00,0.000000E+00,0.000000E+00,0.000000E+00,0.000000E+00,2.111095E+01,5.094836E+01,2.388623E+01,5.089757E+01,9.027560E+02,6.990984E+02,7.967747E-02,6.164641E-02,0.000000E+00,0.000000E+00,0.000000E+00,0.000000E+00,0.000000E+00,0.000000E+00,0.000000E+00,0.000000E+00,2.111086E+01,5.086297E+01,2.388757E+01,4.784192E+01,1.078882E+03,1.344959E+03,9.522240E-02,1.185983E-01,0.000000E+00,0.000000E+00,0.000000E+00,0.000000E+00,0.000000E+00,0.000000E+00,0.000000E+00,0.000000E+00,2.111077E+01,5.071440E+01,2.387799E+01,5.638197E+01,5.979872E+03,6.916180E+03,5.277850E-01,6.098679E-01,0.000000E+00,0.000000E+00,0.000000E+00,0.000000E+00,0.000000E+00,0.000000E+00,0.000000E+00,0.000000E+00,2.111081E+01,5.076423E+01,2.386196E+01,7.389143E+01,2.536883E+03,3.155518E+03,2.239059E-01,2.782532E-01,0.000000E+00,0.000000E+00,0.000000E+00,0.000000E+00,0.000000E+00,0.000000E+00,0.000000E+00,0.000000E+00,2.111077E+01,5.070575E+01,2.388553E+01,4.945780E+01,1.042841E+03,7.578002E+02,9.204141E-02,6.682273E-02,0.000000E+00,0.000000E+00,0.000000E+00,0.000000E+00,0.000000E+00,0.000000E+00,0.000000E+00,0.000000E+00,2.111091E+01,5.084628E+01,2.388763E+01,4.841565E+01,1.297480E+03,6.443424E+02,1.145159E-01,5.681803E-02,0.000000E+00,0.000000E+00,0.000000E+00,0.000000E+00,0.000000E+00,0.000000E+00,0.000000E+00,0.000000E+00,2.111072E+01,5.060751E+01,2.388747E+01,4.900005E+01,1.535323E+03,1.633383E+03,1.355080E-01,1.440315E-01,0.000000E+00,0.000000E+00,0.000000E+00,0.000000E+00,0.000000E+00,0.000000E+00,0.000000E+00,0.000000E+00,2.111056E+01,5.049098E+01,2.388280E+01,5.166004E+01,1.099906E+02,1.635548E+02,9.707797E-03,1.442224E-02,0.000000E+00,0.000000E+00,0.000000E+00,0.000000E+00,0.000000E+00,0.000000E+00,0.000000E+00,0.000000E+00,2.111111E+01,5.124987E+01,2.388850E+01,4.668174E+01
09:00:00,4.950513E+03,2.945208E+03,4.369335E-01,2.597081E-01,0.000000E+00,0.000000E+00,0.000000E+00,0.000000E+00,0.000000E+00,0.000000E+00,0.000000E+00,0.000000E+00,2.111082E+01,5.087569E+01,2.388743E+01,4.833383E+01,6.489375E+03,5.003334E+03,5.727539E-01,4.411934E-01,0.000000E+00,0.000000E+00,0.000000E+00,0.000000E+00,0.000000E+00,0.000000E+00,0.000000E+00,0.000000E+00,2.111095E+01,5.094117E+01,2.388625E+01,5.080030E+01,8.843249E+02,7.141651E+02,7.805074E-02,6.297499E-02,0.000000E+00,0.000000E+00,0.000000E+00,0.000000E+00,0.000000E+00,0.000000E+00,0.000000E+00,0.000000E+00,2.111086E+01,5.085460E+01,2.388756E+01,4.781016E+01,1.056597E+03,1.353665E+03,9.325548E-02,1.193660E-01,0.000000E+00,0.000000E+00,0.000000E+00,0.000000E+00,0.000000E+00,0.000000E+00,0.000000E+00,0.000000E+00,2.111077E+01,5.070274E+01,2.387794E+01,5.632769E+01,5.918791E+03,7.049556E+03,5.223940E-01,6.216289E-01,0.000000E+00,0.000000E+00,0.000000E+00,0.000000E+00,0.000000E+00,0.000000E+00,0.000000E+00,0.000000E+00,2.111080E+01,5.075848E+01,2.386196E+01,7.339643E+01,2.483909E+03,3.140828E+03,2.192304E-01,2.769578E-01,0.000000E+00,0.000000E+00,0.000000E+00,0.000000E+00,0.000000E+00,0.000000E+00,0.000000E+00,0.000000E+00,2.111077E+01,5.069385E+01,2.388554E+01,4.947229E+01,1.017655E+03,7.869067E+02,8.981848E-02,6.938934E-02,0.000000E+00,0.000000E+00,0.000000E+00,0.000000E+00,0.000000E+00,0.000000E+00,0.000000E+00,0.000000E+00,2.111091E+01,5.083571E+01,2.388765E+01,4.830632E+01,1.272189E+03,6.807907E+02,1.122837E-01,6.003204E-02,0.000000E+00,0.000000E+00,0.000000E+00,0.000000E+00,0.000000E+00,0.000000E+00,0.000000E+00,0.000000E+00,2.111072E+01,5.059427E+01,2.388751E+01,4.879021E+01,1.508250E+03,1.675789E+03,1.331185E-01,1.477709E-01,0.000000E+00,0.000000E+00,0.000000E+00,0.000000E+00,0.000000E+00,0.000000E+00,0.000000E+00,0.000000E+00,2.111055E+01,5.047721E+01,2.388280E+01,5.152288E+01,1.057950E+02,1.616829E+02,9.337497E-03,1.425717E-02,0.000000E+00,0.000000E+00,0.000000E+00,0.000000E+00,0.000000E+00,0.000000E+00,0.000000E+00,0.000000E+00,2.111111E+01,5.124987E+01,2.388850E+01,4.669225E+01
09:15:00,4.912069E+03,3.012482E+03,4.335404E-01,2.656403E-01,0.000000E+00,0.000000E+00,0.000000E+00,0.000000E+00,0.000000E+00,0.000000E+00,0.000000E+00,0.000000E+00,2.111082E+01,5.087258E+01,2.388744E+01,4.827674E+01,6.361882E+03,5.093546E+03,5.615013E-01,4.491482E-01,0.000000E+00,0.000000E+00,0.000000E+00,0.000000E+00,0.000000E+00,0.000000E+00,0.000000E+00,0.000000E+00,2.111095E+01,5.093454E+01,2.388626E+01,5.070722E+01,8.683733E+02,7.313210E+02,7.664285E-02,6.448779E-02,0.000000E+00,0.000000E+00,0.000000E+00,0.000000E+00,0.000000E+00,0.000000E+00,0.000000E+00,0.000000E+00,2.111086E+01,5.084701E+01,2.388756E+01,4.777202E+01,1.037291E+03,1.365281E+03,9.155158E-02,1.203903E-01,0.000000E+00,0.000000E+00,0.000000E+00,0.000000E+00,0.000000E+00,0.000000E+00,0.000000E+00,0.000000E+00,2.111077E+01,5.069215E+01,2.387791E+01,5.624878E+01,5.866074E+03,7.187534E+03,5.177412E-01,6.337958E-01,0.000000E+00,0.000000E+00,0.000000E+00,0.000000E+00,0.000000E+00,0.000000E+00,0.000000E+00,0.000000E+00,2.111080E+01,5.075345E+01,2.386201E+01,7.288190E+01,2.437519E+03,3.122863E+03,2.151360E-01,2.753736E-01,0.000000E+00,0.000000E+00,0.000000E+00,0.000000E+00,0.000000E+00,0.000000E+00,0.000000E+00,0.000000E+00,2.111077E+01,5.068291E+01,2.388554E+01,4.949099E+01,9.955072E+02,8.158342E+02,8.786372E-02,7.194016E-02,0.000000E+00,0.000000E+00,0.000000E+00,0.000000E+00,0.000000E+00,0.000000E+00,0.000000E+00,0.000000E+00,2.111091E+01,5.082589E+01,2.388767E+01,4.820673E+01,1.249991E+03,7.172024E+02,1.103245E-01,6.324282E-02,0.000000E+00,0.000000E+00,0.000000E+00,0.000000E+00,0.000000E+00,0.000000E+00,0.000000E+00,0.000000E+00,2.111072E+01,5.058212E+01,2.388755E+01,4.860474E+01,1.484724E+03,1.721007E+03,1.310421E-01,1.517582E-01,0.000000E+00,0.000000E+00,0.000000E+00,0.000000E+00,0.000000E+00,0.000000E+00,0.000000E+00,0.000000E+00,2.111055E+01,5.046474E+01,2.388282E+01,5.137994E+01,1.020190E+02,1.603585E+02,9.004222E-03,1.414039E-02,0.000000E+00,0.000000E+00,0.000000E+00,0.000000E+00,0.000000E+00,0.000000E+00,0.000000E+00,0.000000E+00,2.111111E+01,5.124987E+01,2.388849E+01,4.670044E+01
09:30:00,4.878288E+03,3.079298E+03,4.305589E-01,2.715321E-01,0.000000E+00,0.000000E+00,0.000000E+00,0.000000E+00,0.000000E+00,0.000000E+00,0.000000E+00,0.000000E+00,2.111082E+01,5.086980E+01,2.388744E+01,4.822286E+01,6.249312E+03,5.186745E+03,5.515658E-01,4.573665E-01,0.000000E+00,0.000000E+00,0.000000E+00,0.000000E+00,0.000000E+00,0.000000E+00,0.000000E+00,0.000000E+00,2.111095E+01,5.092839E+01,2.388627E+01,5.061769E+01,8.545168E+02,7.500827E+02,7.541986E-02,6.614219E-02,0.000000E+00,0.000000E+00,0.000000E+00,0.000000E+00,0.000000E+00,0.000000E+00,0.000000E+00,0.000000E+00,2.111085E+01,5.084014E+01,2.388756E+01,4.773024E+01,1.020499E+03,1.379237E+03,9.006954E-02,1.216210E-01,0.000000E+00,0.000000E+00,0.000000E+00,0.000000E+00,0.000000E+00,0.000000E+00,0.000000E+00,0.000000E+00,2.111077E+01,5.068254E+01,2.387790E+01,5.615283E+01,5.820240E+03,7.327052E+03,5.136959E-01,6.460985E-01,0.000000E+00,0.000000E+00,0.000000E+00,0.000000E+00,0.000000E+00,0.000000E+00,0.000000E+00,0.000000E+00,2.111080E+01,5.074900E+01,2.386211E+01,7.237285E+01,2.396730E+03,3.103176E+03,2.115360E-01,2.736376E-01,0.000000E+00,0.000000E+00,0.000000E+00,0.000000E+00,0.000000E+00,0.000000E+00,0.000000E+00,0.000000E+00,2.111077E+01,5.067287E+01,2.388554E+01,4.951268E+01,9.759619E+02,8.440857E+02,8.613864E-02,7.443137E-02,0.000000E+00,0.000000E+00,0.000000E+00,0.000000E+00,0.000000E+00,0.000000E+00,0.000000E+00,0.000000E+00,2.111091E+01,5.081676E+01,2.388769E+01,4.811666E+01,1.230442E+03,7.530800E+02,1.085991E-01,6.640650E-02,0.000000E+00,0.000000E+00,0.000000E+00,0.000000E+00,0.000000E+00,0.000000E+00,0.000000E+00,0.000000E+00,2.111071E+01,5.057097E+01,2.388759E+01,4.844214E+01,1.464219E+03,1.767833E+03,1.292324E-01,1.558873E-01,0.000000E+00,0.000000E+00,0.000000E+00,0.000000E+00,0.000000E+00,0.000000E+00,0.000000E+00,0.000000E+00,2.111055E+01,5.045348E+01,2.388285E+01,5.123823E+01,9.861602E+01,1.595012E+02,8.703874E-03,1.406480E-02,0.000000E+00,0.000000E+00,0.000000E+00,0.000000E+00,0.000000E+00,0.000000E+00,0.000000E+00,0.000000E+00,2.111111E+01,5.124987E+01,2.388849E+01,4.670645E+01
09:45:00,4.848487E+03,3.144208E+03,4.279287E-01,2.772558E-01,0.000000E+00,0.000000E+00,0.000000E+00,0.000000E+00,0.000000E+00,0.000000E+00,0.000000E+00,0.000000E+00,2.111082E+01,5.086730E+01,2.388745E+01,4.817242E+01,6.149343E+03,5.282444E+03,5.427425E-01,4.658053E-01,0.000000E+00,0.000000E+00,0.000000E+00,0.000000E+00,0.000000E+00,0.000000E+00,0.000000E+00,0.000000E+00,2.111095E+01,5.092270E+01,2.388628E+01,5.053093E+01,8.424328E+02,7.696267E+02,7.435333E-02,6.786558E-02,0.000000E+00,0.000000E+00,0.000000E+00,0.000000E+00,0.000000E+00,0.000000E+00,0.000000E+00,0.000000E+00,2.111085E+01,5.083391E+01,2.388756E+01,4.768696E+01,1.005824E+03,1.394788E+03,8.877426E-02,1.229922E-01,0.000000E+00,0.000000E+00,0.000000E+00,0.000000E+00,0.000000E+00,0.000000E+00,0.000000E+00,0.000000E+00,2.111076E+01,5.067383E+01,2.387790E+01,5.604544E+01,5.780030E+03,7.462897E+03,5.101469E-01,6.580773E-01,0.000000E+00,0.000000E+00,0.000000E+00,0.000000E+00,0.000000E+00,0.000000E+00,0.000000E+00,0.000000E+00,2.111080E+01,5.074506E+01,2.386224E+01,7.188522E+01,2.360660E+03,3.083887E+03,2.083525E-01,2.719367E-01,0.000000E+00,0.000000E+00,0.000000E+00,0.000000E+00,0.000000E+00,0.000000E+00,0.000000E+00,0.000000E+00,2.111077E+01,5.066367E+01,2.388554E+01,4.953542E+01,9.586316E+02,8.712613E+02,8.460907E-02,7.682771E-02,0.000000E+00,0.000000E+00,0.000000E+00,0.000000E+00,0.000000E+00,0.000000E+00,0.000000E+00,0.000000E+00,2.111091E+01,5.080828E+01,2.388770E+01,4.803582E+01,1.213149E+03,7.879954E+02,1.070728E-01,6.948533E-02,0.000000E+00,0.000000E+00,0.000000E+00,0.000000E+00,0.000000E+00,0.000000E+00,0.000000E+00,0.000000E+00,2.111071E+01,5.056076E+01,2.388762E+01,4.830056E+01,1.446251E+03,1.814820E+03,1.276465E-01,1.600306E-01,0.000000E+00,0.000000E+00,0.000000E+00,0.000000E+00,0.000000E+00,0.000000E+00,0.000000E+00,0.000000E+00,2.111054E+01,5.044333E+01,2.388289E+01,5.110210E+01,9.554242E+01,1.590413E+02,8.432598E-03,1.402424E-02,0.000000E+00,0.000000E+00,0.000000E+00,0.000000E+00,0.000000E+00,0.000000E+00,0.000000E+00,0.000000E+00,2.111111E+01,5.124987E+01,2.388849E+01,4.671048E+01
10:00:00,4.822095E+03,3.206796E+03,4.255993E-01,2.827748E-01,0.000000E+00,0.000000E+00,0.000000E+00,0.000000E+00,0.000000E+00,0.000000E+00,0.000000E+00,0.000000E+00,2.111081E+01,5.086506E+01,2.388746E+01,4.812552E+01,6.060442E+03,5.382796E+03,5.348961E-01,4.746543E-01,0.000000E+00,0.000000E+00,0.000000E+00,0.000000E+00,0.000000E+00,0.000000E+00,0.000000E+00,0.000000E+00,2.111095E+01,5.091744E+01,2.388629E+01,5.044570E+01,8.318244E+02,7.897182E+02,7.341703E-02,6.963725E-02,0.000000E+00,0.000000E+00,0.000000E+00,0.000000E+00,0.000000E+00,0.000000E+00,0.000000E+00,0.000000E+00,2.111085E+01,5.082829E+01,2.388757E+01,4.764354E+01,9.929398E+02,1.411594E+03,8.763711E-02,1.244742E-01,0.000000E+00,0.000000E+00,0.000000E+00,0.000000E+00,0.000000E+00,0.000000E+00,0.000000E+00,0.000000E+00,2.111076E+01,5.066595E+01,2.387792E+01,5.593039E+01,5.744534E+03,7.594328E+03,5.070140E-01,6.696668E-01,0.000000E+00,0.000000E+00,0.000000E+00,0.000000E+00,0.000000E+00,0.000000E+00,0.000000E+00,0.000000E+00,2.111080E+01,5.074155E+01,2.386237E+01,7.142582E+01,2.328692E+03,3.067294E+03,2.055309E-01,2.704736E-01,0.000000E+00,0.000000E+00,0.000000E+00,0.000000E+00,0.000000E+00,0.000000E+00,0.000000E+00,0.000000E+00,2.111076E+01,5.065524E+01,2.388553E+01,4.955669E+01,9.432257E+02,8.970792E+02,8.324934E-02,7.910433E-02,0.000000E+00,0.000000E+00,0.000000E+00,0.000000E+00,0.000000E+00,0.000000E+00,0.000000E+00,0.000000E+00,2.111090E+01,5.080043E+01,2.388772E+01,4.796375E+01,1.197815E+03,8.216183E+02,1.057195E-01,7.245020E-02,0.000000E+00,0.000000E+00,0.000000E+00,0.000000E+00,0.000000E+00,0.000000E+00,0.000000E+00,0.000000E+00,2.111071E+01,5.055143E+01,2.388765E+01,4.817790E+01,1.430488E+03,1.861285E+03,1.262553E-01,1.641278E-01,0.000000E+00,0.000000E+00,0.000000E+00,0.000000E+00,0.000000E+00,0.000000E+00,0.000000E+00,0.000000E+00,2.111054E+01,5.043418E+01,2.388293E+01,5.097375E+01,9.276337E+01,1.589172E+02,8.187318E-03,1.401329E-02,0.000000E+00,0.000000E+00,0.000000E+00,0.000000E+00,0.000000E+00,0.000000E+00,0.000000E+00,0.000000E+00,2.111111E+01,5.124987E+01,2.388848E+01,4.671275E+01
10:15:00,4.798629E+03,3.270289E+03,4.235282E-01,2.883737E-01,0.000000E+00,0.000000E+00,0.000000E+00,0.000000E+00,0.000000E+00,0.000000E+00,0.000000E+00,0.000000E+00,2.111081E+01,5.086306E+01,2.388747E+01,4.808209E+01,5.981261E+03,5.492597E+03,5.279076E-01,4.843365E-01,0.000000E+00,0.000000E+00,0.000000E+00,0.000000E+00,0.000000E+00,0.000000E+00,0.000000E+00,0.000000E+00,2.111095E+01,5.091260E+01,2.388629E+01,5.036029E+01,8.225173E+02,8.100947E+02,7.259558E-02,7.143405E-02,0.000000E+00,0.000000E+00,0.000000E+00,0.000000E+00,0.000000E+00,0.000000E+00,0.000000E+00,0.000000E+00,2.111085E+01,5.082321E+01,2.388757E+01,4.760082E+01,9.816154E+02,1.429886E+03,8.663762E-02,1.260871E-01,0.000000E+00,0.000000E+00,0.000000E+00,0.000000E+00,0.000000E+00,0.000000E+00,0.000000E+00,0.000000E+00,2.111076E+01,5.065882E+01,2.387794E+01,5.581028E+01,5.713057E+03,7.720576E+03,5.042358E-01,6.807994E-01,0.000000E+00,0.000000E+00,0.000000E+00,0.000000E+00,0.000000E+00,0.000000E+00,0.000000E+00,0.000000E+00,2.111080E+01,5.073840E+01,2.386251E+01,7.099645E+01,2.300305E+03,3.054902E+03,2.030255E-01,2.693809E-01,0.000000E+00,0.000000E+00,0.000000E+00,0.000000E+00,0.000000E+00,0.000000E+00,0.000000E+00,0.000000E+00,2.111076E+01,5.064754E+01,2.388552E+01,4.957352E+01,9.295054E+02,9.212980E+02,8.203837E-02,8.123994E-02,0.000000E+00,0.000000E+00,0.000000E+00,0.000000E+00,0.000000E+00,0.000000E+00,0.000000E+00,0.000000E+00,2.111090E+01,5.079316E+01,2.388774E+01,4.789992E+01,1.184196E+03,8.537303E+02,1.045174E-01,7.528183E-02,0.000000E+00,0.000000E+00,0.000000E+00,0.000000E+00,0.000000E+00,0.000000E+00,0.000000E+00,0.000000E+00,2.111071E+01,5.054289E+01,2.388768E+01,4.807201E+01,1.416640E+03,1.907982E+03,1.250330E-01,1.682456E-01,0.000000E+00,0.000000E+00,0.000000E+00,0.000000E+00,0.000000E+00,0.000000E+00,0.000000E+00,0.000000E+00,2.111054E+01,5.042596E+01,2.388298E+01,5.085406E+01,9.024886E+01,1.590734E+02,7.965386E-03,1.402707E-02,0.000000E+00,0.000000E+00,0.000000E+00,0.000000E+00,0.000000E+00,0.000000E+00,0.000000E+00,0.000000E+00,2.111111E+01,5.124987E+01,2.388848E+01,4.671348E+01
10:30:00,4.777677E+03,3.338991E+03,4.216790E-01,2.944318E-01,0.000000E+00,0.000000E+00,0.000000E+00,0.000000E+00,0.000000E+00,0.000000E+00,0.000000E+00,0.000000E+00,2.111081E+01,5.086125E+01,2.388748E+01,4.804013E+01,5.910617E+03,5.616779E+03,5.216725E-01,4.952869E-01,0.000000E+00,0.000000E+00,0.000000E+00,0.000000E+00,0.000000E+00,0.000000E+00,0.000000E+00,0.000000E+00,2.111094E+01,5.090815E+01,2.388629E+01,5.027156E+01,8.143393E+02,8.305084E+02,7.187379E-02,7.323412E-02,0.000000E+00,0.000000E+00,0.000000E+00,0.000000E+00,0.000000E+00,0.000000E+00,0.000000E+00,0.000000E+00,2.111085E+01,5.081863E+01,2.388758E+01,4.755964E+01,9.716425E+02,1.450452E+03,8.575741E-02,1.279006E-01,0.000000E+00,0.000000E+00,0.000000E+00,0.000000E+00,0.000000E+00,0.000000E+00,0.000000E+00,0.000000E+00,2.111076E+01,5.065238E+01,2.387795E+01,5.568248E+01,5.685033E+03,7.841394E+03,5.017624E-01,6.914531E-01,0.000000E+00,0.000000E+00,0.000000E+00,0.000000E+00,0.000000E+00,0.000000E+00,0.000000E+00,0.000000E+00,2.111080E+01,5.073558E+01,2.386264E+01,7.059909E+01,2.275051E+03,3.047082E+03,2.007965E-01,2.686913E-01,0.000000E+00,0.000000E+00,0.000000E+00,0.000000E+00,0.000000E+00,0.000000E+00,0.000000E+00,0.000000E+00,2.111076E+01,5.064050E+01,2.388550E+01,4.958464E+01,9.172633E+02,9.436912E+02,8.095789E-02,8.321457E-02,0.000000E+00,0.000000E+00,0.000000E+00,0.000000E+00,0.000000E+00,0.000000E+00,0.000000E+00,0.000000E+00,2.111090E+01,5.078645E+01,2.388775E+01,4.784383E+01,1.172079E+03,8.843499E+02,1.034480E-01,7.798186E-02,0.000000E+00,0.000000E+00,0.000000E+00,0.000000E+00,0.000000E+00,0.000000E+00,0.000000E+00,0.000000E+00,2.111071E+01,5.053511E+01,2.388770E+01,4.798078E+01,1.404453E+03,1.956483E+03,1.239573E-01,1.725225E-01,0.000000E+00,0.000000E+00,0.000000E+00,0.000000E+00,0.000000E+00,0.000000E+00,0.000000E+00,0.000000E+00,2.111054E+01,5.041857E+01,2.388301E+01,5.073863E+01,8.797193E+01,1.594605E+02,7.764425E-03,1.406121E-02,0.000000E+00,0.000000E+00,0.000000E+00,0.000000E+00,0.000000E+00,0.000000E+00,0.000000E+00,0.000000E+00,2.111111E+01,5.124987E+01,2.388848E+01,4.671289E+01
10:45:00,4.758891E+03,3.416820E+03,4.200209E-01,3.012947E-01,0.000000E+00,0.000000E+00,0.000000E+00,0.000000E+00,0.000000E+00,0.000000E+00,0.000000E+00,0.000000E+00,2.111081E+01,5.085962E+01,2.388748E+01,4.799652E+01,5.847485E+03,5.759320E+03,5.161005E-01,5.078561E-01,0.000000E+00,0.000000E+00,0.000000E+00,0.000000E+00,0.000000E+00,0.000000E+00,0.000000E+00,0.000000E+00,2.111094E+01,5.090405E+01,2.388629E+01,5.017607E+01,8.071407E+02,8.507401E+02,7.123844E-02,7.501815E-02,0.000000E+00,0.000000E+00,0.000000E+00,0.000000E+00,0.000000E+00,0.000000E+00,0.000000E+00,0.000000E+00,2.111085E+01,5.081451E+01,2.388759E+01,4.752050E+01,9.628425E+02,1.474521E+03,8.498072E-02,1.300231E-01,0.000000E+00,0.000000E+00,0.000000E+00,0.000000E+00,0.000000E+00,0.000000E+00,0.000000E+00,0.000000E+00,2.111076E+01,5.064657E+01,2.387795E+01,5.553874E+01,5.660001E+03,7.957096E+03,4.995531E-01,7.016557E-01,0.000000E+00,0.000000E+00,0.000000E+00,0.000000E+00,0.000000E+00,0.000000E+00,0.000000E+00,0.000000E+00,2.111080E+01,5.073304E+01,2.386277E+01,7.023195E+01,2.252544E+03,3.043556E+03,1.988101E-01,2.683804E-01,0.000000E+00,0.000000E+00,0.000000E+00,0.000000E+00,0.000000E+00,0.000000E+00,0.000000E+00,0.000000E+00,2.111076E+01,5.063407E+01,2.388549E+01,4.959073E+01,9.063209E+02,9.640571E+02,7.999211E-02,8.501043E-02,0.000000E+00,0.000000E+00,0.000000E+00,0.000000E+00,0.000000E+00,0.000000E+00,0.000000E+00,0.000000E+00,2.111090E+01,5.078026E+01,2.388777E+01,4.779496E+01,1.161280E+03,9.137091E+02,1.024948E-01,8.057075E-02,0.000000E+00,0.000000E+00,0.000000E+00,0.000000E+00,0.000000E+00,0.000000E+00,0.000000E+00,0.000000E+00,2.111070E+01,5.052801E+01,2.388773E+01,4.790185E+01,1.393709E+03,2.008585E+03,1.230091E-01,1.771167E-01,0.000000E+00,0.000000E+00,0.000000E+00,0.000000E+00,0.000000E+00,0.000000E+00,0.000000E+00,0.000000E+00,2.111053E+01,5.041193E+01,2.388303E+01,5.062050E+01,8.590859E+01,1.600353E+02,7.582314E-03,1.411189E-02,0.000000E+00,0.000000E+00,0.000000E+00,0.000000E+00,0.000000E+00,0.000000E+00,0.000000E+00,0.000000E+00,2.111111E+01,5.124987E+01,2.388848E+01,4.671121E+01
11:00:00,4.741970E+03,3.506614E+03,4.185275E-01,3.092128E-01,0.000000E+00,0.000000E+00,0.000000E+00,0.000000E+00,0.000000E+00,0.000000E+00,0.000000E+00,0.000000E+00,2.111081E+01,5.085814E+01,2.388747E+01,4.794918E+01,5.790976E+03,5.922550E+03,5.111130E-01,5.222497E-01,0.000000E+00,0.000000E+00,0.000000E+00,0.000000E+00,0.000000E+00,0.000000E+00,0.000000E+00,0.000000E+00,2.111094E+01,5.090029E+01,2.388628E+01,5.007188E+01,8.007926E+02,8.706010E+02,7.067816E-02,7.676948E-02,0.000000E+00,0.000000E+00,0.000000E+00,0.000000E+00,0.000000E+00,0.000000E+00,0.000000E+00,0.000000E+00,2.111085E+01,5.081080E+01,2.388760E+01,4.748361E+01,9.550629E+02,1.503639E+03,8.429409E-02,1.325907E-01,0.000000E+00,0.000000E+00,0.000000E+00,0.000000E+00,0.000000E+00,0.000000E+00,0.000000E+00,0.000000E+00,2.111076E+01,5.064132E+01,2.387794E+01,5.536998E+01,5.637577E+03,8.068278E+03,4.975740E-01,7.114598E-01,0.000000E+00,0.000000E+00,0.000000E+00,0.000000E+00,0.000000E+00,0.000000E+00,0.000000E+00,0.000000E+00,2.111080E+01,5.073076E+01,2.386288E+01,6.989031E+01,2.232454E+03,3.043262E+03,1.970369E-01,2.683545E-01,0.000000E+00,0.000000E+00,0.000000E+00,0.000000E+00,0.000000E+00,0.000000E+00,0.000000E+00,0.000000E+00,2.111076E+01,5.062820E+01,2.388548E+01,4.959282E+01,8.965239E+02,9.822260E+02,7.912742E-02,8.661257E-02,0.000000E+00,0.000000E+00,0.000000E+00,0.000000E+00,0.000000E+00,0.000000E+00,0.000000E+00,0.000000E+00,2.111090E+01,5.077455E+01,2.388778E+01,4.775282E+01,1.151640E+03,9.421385E+02,1.016440E-01,8.307765E-02,0.000000E+00,0.000000E+00,0.000000E+00,0.000000E+00,0.000000E+00,0.000000E+00,0.000000E+00,0.000000E+00,2.111070E+01,5.052153E+01,2.388774E+01,4.783273E+01,1.384222E+03,2.066011E+03,1.221718E-01,1.821806E-01,0.000000E+00,0.000000E+00,0.000000E+00,0.000000E+00,0.000000E+00,0.000000E+00,0.000000E+00,0.000000E+00,2.111053E+01,5.040597E+01,2.388304E+01,5.049563E+01,8.403743E+01,1.607605E+02,7.417165E-03,1.417584E-02,0.000000E+00,0.000000E+00,0.000000E+00,0.000000E+00,0.000000E+00,0.000000E+00,0.000000E+00,0.000000E+00,2.111111E+01,5.124987E+01,2.388848E+01,4.670864E+01
11:15:00,4.726671E+03,3.605829E+03,4.171772E-01,3.179616E-01,0.000000E+00,0.000000E+00,0.000000E+00,0.000000E+00,0.000000E+00,0.000000E+00,0.000000E+00,0.000000E+00,2.111081E+01,5.085680E+01,2.388747E+01,4.789791E+01,5.740479E+03,6.103919E+03,5.066561E-01,5.382428E-01,0.000000E+00,0.000000E+00,0.000000E+00,0.000000E+00,0.000000E+00,0.000000E+00,0.000000E+00,0.000000E+00,2.111094E+01,5.089684E+01,2.388627E+01,4.995920E+01,7.951965E+02,8.897570E+02,7.018424E-02,7.845866E-02,0.000000E+00,0.000000E+00,0.000000E+00,0.000000E+00,0.000000E+00,0.000000E+00,0.000000E+00,0.000000E+00,2.111085E+01,5.080746E+01,2.388761E+01,4.744905E+01,9.481935E+02,1.538734E+03,8.368779E-02,1.356854E-01,0.000000E+00,0.000000E+00,0.000000E+00,0.000000E+00,0.000000E+00,0.000000E+00,0.000000E+00,0.000000E+00,2.111076E+01,5.063659E+01,2.387792E+01,5.516994E+01,5.617514E+03,8.174482E+03,4.958032E-01,7.208248E-01,0.000000E+00,0.000000E+00,0.000000E+00,0.000000E+00,0.000000E+00,0.000000E+00,0.000000E+00,0.000000E+00,2.111080E+01,5.072869E+01,2.386298E+01,6.956939E+01,2.214550E+03,3.045113E+03,1.954568E-01,2.685177E-01,0.000000E+00,0.000000E+00,0.000000E+00,0.000000E+00,0.000000E+00,0.000000E+00,0.000000E+00,0.000000E+00,2.111076E+01,5.062284E+01,2.388548E+01,4.959164E+01,8.877694E+02,9.980091E+02,7.835475E-02,8.800431E-02,0.000000E+00,0.000000E+00,0.000000E+00,0.000000E+00,0.000000E+00,0.000000E+00,0.000000E+00,0.000000E+00,2.111090E+01,5.076930E+01,2.388779E+01,4.771693E+01,1.143052E+03,9.698307E+02,1.008861E-01,8.551955E-02,0.000000E+00,0.000000E+00,0.000000E+00,0.000000E+00,0.000000E+00,0.000000E+00,0.000000E+00,0.000000E+00,2.111070E+01,5.051563E+01,2.388776E+01,4.777124E+01,1.375850E+03,2.128742E+03,1.214329E-01,1.877122E-01,0.000000E+00,0.000000E+00,0.000000E+00,0.000000E+00,0.000000E+00,0.000000E+00,0.000000E+00,0.000000E+00,2.111053E+01,5.040062E+01,2.388306E+01,5.036431E+01,8.234388E+01,1.616031E+02,7.267692E-03,1.425014E-02,0.000000E+00,0.000000E+00,0.000000E+00,0.000000E+00,0.000000E+00,0.000000E+00,0.000000E+00,0.000000E+00,2.111111E+01,5.124987E+01,2.388848E+01,4.670537E+01
11:30:00,4.712773E+03,3.710880E+03,4.159505E-01,3.272250E-01,0.000000E+00,0.000000E+00,0.000000E+00,0.000000E+00,0.000000E+00,0.000000E+00,0.000000E+00,0.000000E+00,2.111081E+01,5.085557E+01,2.388747E+01,4.784469E+01,5.695291E+03,6.299608E+03,5.026678E-01,5.554986E-01,0.000000E+00,0.000000E+00,0.000000E+00,0.000000E+00,0.000000E+00,0.000000E+00,0.000000E+00,0.000000E+00,2.111094E+01,5.089368E+01,2.388627E+01,4.984075E+01,7.902556E+02,9.080188E+02,6.974815E-02,8.006898E-02,0.000000E+00,0.000000E+00,0.000000E+00,0.000000E+00,0.000000E+00,0.000000E+00,0.000000E+00,0.000000E+00,2.111085E+01,5.080447E+01,2.388762E+01,4.741738E+01,9.421184E+02,1.580256E+03,8.315160E-02,1.393467E-01,0.000000E+00,0.000000E+00,0.000000E+00,0.000000E+00,0.000000E+00,0.000000E+00,0.000000E+00,0.000000E+00,2.111075E+01,5.063233E+01,2.387792E+01,5.493978E+01,5.599528E+03,8.275392E+03,4.942158E-01,7.297230E-01,0.000000E+00,0.000000E+00,0.000000E+00,0.000000E+00,0.000000E+00,0.000000E+00,0.000000E+00,0.000000E+00,2.111080E+01,5.072682E+01,2.386309E+01,6.927205E+01,2.198576E+03,3.048529E+03,1.940468E-01,2.688189E-01,0.000000E+00,0.000000E+00,0.000000E+00,0.000000E+00,0.000000E+00,0.000000E+00,0.000000E+00,0.000000E+00,2.111076E+01,5.061798E+01,2.388547E+01,4.958836E+01,8.799352E+02,1.011262E+03,7.766330E-02,8.917296E-02,0.000000E+00,0.000000E+00,0.000000E+00,0.000000E+00,0.000000E+00,0.000000E+00,0.000000E+00,0.000000E+00,2.111090E+01,5.076449E+01,2.388780E+01,4.768694E+01,1.135390E+03,9.967806E+02,1.002098E-01,8.789598E-02,0.000000E+00,0.000000E+00,0.000000E+00,0.000000E+00,0.000000E+00,0.000000E+00,0.000000E+00,0.000000E+00,2.111070E+01,5.051029E+01,2.388777E+01,4.771598E+01,1.368451E+03,2.195964E+03,1.207799E-01,1.936398E-01,0.000000E+00,0.000000E+00,0.000000E+00,0.000000E+00,0.000000E+00,0.000000E+00,0.000000E+00,0.000000E+00,2.111053E+01,5.039584E+01,2.388308E+01,5.023063E+01,8.081032E+01,1.625332E+02,7.132339E-03,1.433216E-02,0.000000E+00,0.000000E+00,0.000000E+00,0.000000E+00,0.000000E+00,0.000000E+00,0.000000E+00,0.000000E+00,2.111111E+01,5.124987E+01,2.388848E+01,4.670157E+01
11:45:00,4.700086E+03,3.818156E+03,4.148308E-01,3.366845E-01,0.000000E+00,0.000000E+00,0.000000E+00,0.000000E+00,0.000000E+00,0.000000E+00,0.000000E+00,0.000000E+00,2.111081E+01,5.085445E+01,2.388747E+01,4.779162E+01,5.654764E+03,6.505218E+03,4.990909E-01,5.736293E-01,0.000000E+00,0.000000E+00,0.000000E+00,0.000000E+00,0.000000E+00,0.000000E+00,0.000000E+00,0.000000E+00,2.111094E+01,5.089080E+01,2.388628E+01,4.971990E+01,7.858833E+02,9.252269E+02,6.936225E-02,8.158639E-02,0.000000E+00,0.000000E+00,0.000000E+00,0.000000E+00,0.000000E+00,0.000000E+00,0.000000E+00,0.000000E+00,2.111085E+01,5.080179E+01,2.388763E+01,4.738876E+01,9.367331E+02,1.627991E+03,8.267630E-02,1.435560E-01,0.000000E+00,0.000000E+00,0.000000E+00,0.000000E+00,0.000000E+00,0.000000E+00,0.000000E+00,0.000000E+00,2.111075E+01,5.062852E+01,2.387792E+01,5.468440E+01,5.583360E+03,8.370299E+03,4.927887E-01,7.380919E-01,0.000000E+00,0.000000E+00,0.000000E+00,0.000000E+00,0.000000E+00,0.000000E+00,0.000000E+00,0.000000E+00,2.111080E+01,5.072513E+01,2.386319E+01,6.899955E+01,2.184292E+03,3.052768E+03,1.927861E-01,2.691927E-01,0.000000E+00,0.000000E+00,0.000000E+00,0.000000E+00,0.000000E+00,0.000000E+00,0.000000E+00,0.000000E+00,2.111075E+01,5.061357E+01,2.388547E+01,4.958389E+01,8.729082E+02,1.021865E+03,7.704310E-02,9.010796E-02,0.000000E+00,0.000000E+00,0.000000E+00,0.000000E+00,0.000000E+00,0.000000E+00,0.000000E+00,0.000000E+00,2.111090E+01,5.076008E+01,2.388782E+01,4.766257E+01,1.128538E+03,1.022744E+03,9.960502E-02,9.018542E-02,0.000000E+00,0.000000E+00,0.000000E+00,0.000000E+00,0.000000E+00,0.000000E+00,0.000000E+00,0.000000E+00,2.111070E+01,5.050544E+01,2.388778E+01,4.766615E+01,1.361897E+03,2.266491E+03,1.202014E-01,1.998589E-01,0.000000E+00,0.000000E+00,0.000000E+00,0.000000E+00,0.000000E+00,0.000000E+00,0.000000E+00,0.000000E+00,2.111053E+01,5.039156E+01,2.388311E+01,5.009831E+01,7.942001E+01,1.635250E+02,7.009630E-03,1.441961E-02,0.000000E+00,0.000000E+00,0.000000E+00,0.000000E+00,0.000000E+00,0.000000E+00,0.000000E+00,0.000000E+00,2.111111E+01,5.124987E+01,2.388848E+01,4.669738E+01
12:00:00,4.688450E+03,3.924585E+03,4.138038E-01,3.460694E-01,0.000000E+00,0.000000E+00,0.000000E+00,0.000000E+00,0.000000E+00,0.000000E+00,0.000000E+00,0.000000E+00,2.111081E+01,5.085342E+01,2.388748E+01,4.774028E+01,5.618354E+03,6.716235E+03,4.958773E-01,5.922367E-01,0.000000E+00,0.000000E+00,0.000000E+00,0.000000E+00,0.000000E+00,0.000000E+00,0.000000E+00,0.000000E+00,2.111094E+01,5.088816E+01,2.388629E+01,4.959985E+01,7.820064E+02,9.412524E+02,6.902008E-02,8.299952E-02,0.000000E+00,0.000000E+00,0.000000E+00,0.000000E+00,0.000000E+00,0.000000E+00,0.000000E+00,0.000000E+00,2.111084E+01,5.079938E+01,2.388763E+01,4.736299E+01,9.319504E+02,1.680888E+03,8.225417E-02,1.482205E-01,0.000000E+00,0.000000E+00,0.000000E+00,0.000000E+00,0.000000E+00,0.000000E+00,0.000000E+00,0.000000E+00,2.111075E+01,5.062509E+01,2.387795E+01,5.441187E+01,5.568794E+03,8.458369E+03,4.915031E-01,7.458579E-01,0.000000E+00,0.000000E+00,0.000000E+00,0.000000E+00,0.000000E+00,0.000000E+00,0.000000E+00,0.000000E+00,2.111079E+01,5.072361E+01,2.386329E+01,6.875091E+01,2.171498E+03,3.057023E+03,1.916570E-01,2.695679E-01,0.000000E+00,0.000000E+00,0.000000E+00,0.000000E+00,0.000000E+00,0.000000E+00,0.000000E+00,0.000000E+00,2.111075E+01,5.060956E+01,2.388547E+01,4.957896E+01,8.665942E+02,1.029728E+03,7.648582E-02,9.080132E-02,0.000000E+00,0.000000E+00,0.000000E+00,0.000000E+00,0.000000E+00,0.000000E+00,0.000000E+00,0.000000E+00,2.111090E+01,5.075604E+01,2.388783E+01,4.764350E+01,1.122399E+03,1.047349E+03,9.906317E-02,9.235513E-02,0.000000E+00,0.000000E+00,0.000000E+00,0.000000E+00,0.000000E+00,0.000000E+00,0.000000E+00,0.000000E+00,2.111070E+01,5.050104E+01,2.388779E+01,4.762130E+01,1.356078E+03,2.338960E+03,1.196878E-01,2.062492E-01,0.000000E+00,0.000000E+00,0.000000E+00,0.000000E+00,0.000000E+00,0.000000E+00,0.000000E+00,0.000000E+00,2.111053E+01,5.038772E+01,2.388315E+01,4.997002E+01,7.815853E+01,1.645558E+02,6.898291E-03,1.451051E-02,0.000000E+00,0.000000E+00,0.000000E+00,0.000000E+00,0.000000E+00,0.000000E+00,0.000000E+00,0.000000E+00,2.111111E+01,5.124987E+01,2.388848E+01,4.669296E+01
12:15:00,4.677717E+03,4.028548E+03,4.128565E-01,3.552368E-01,0.000000E+00,0.000000E+00,0.000000E+00,0.000000E+00,0.000000E+00,0.000000E+00,0.000000E+00,0.000000E+00,2.111081E+01,5.085246E+01,2.388749E+01,4.769174E+01,5.585435E+03,6.928988E+03,4.929719E-01,6.109973E-01,0.000000E+00,0.000000E+00,0.000000E+00,0.000000E+00,0.000000E+00,0.000000E+00,0.000000E+00,0.000000E+00,2.111094E+01,5.088575E+01,2.388630E+01,4.948329E+01,7.785501E+02,9.561537E+02,6.871503E-02,8.431351E-02,0.000000E+00,0.000000E+00,0.000000E+00,0.000000E+00,0.000000E+00,0.000000E+00,0.000000E+00,0.000000E+00,2.111084E+01,5.079721E+01,2.388764E+01,4.733974E+01,9.276752E+02,1.737105E+03,8.187684E-02,1.531777E-01,0.000000E+00,0.000000E+00,0.000000E+00,0.000000E+00,0.000000E+00,0.000000E+00,0.000000E+00,0.000000E+00,2.111075E+01,5.062199E+01,2.387800E+01,5.413376E+01,5.555577E+03,8.539758E+03,4.903366E-01,7.530348E-01,0.000000E+00,0.000000E+00,0.000000E+00,0.000000E+00,0.000000E+00,0.000000E+00,0.000000E+00,0.000000E+00,2.111079E+01,5.072222E+01,2.386337E+01,6.852435E+01,2.159968E+03,3.060763E+03,1.906393E-01,2.698977E-01,0.000000E+00,0.000000E+00,0.000000E+00,0.000000E+00,0.000000E+00,0.000000E+00,0.000000E+00,0.000000E+00,2.111075E+01,5.060591E+01,2.388547E+01,4.957421E+01,8.608815E+02,1.034839E+03,7.598162E-02,9.125198E-02,0.000000E+00,0.000000E+00,0.000000E+00,0.000000E+00,0.000000E+00,0.000000E+00,0.000000E+00,0.000000E+00,2.111090E+01,5.075233E+01,2.388783E+01,4.762945E+01,1.116860E+03,1.070270E+03,9.857430E-02,9.437624E-02,0.000000E+00,0.000000E+00,0.000000E+00,0.000000E+00,0.000000E+00,0.000000E+00,0.000000E+00,0.000000E+00,2.111070E+01,5.049702E+01,2.388780E+01,4.758122E+01,1.350883E+03,2.412167E+03,1.192292E-01,2.127046E-01,0.000000E+00,0.000000E+00,0.000000E+00,0.000000E+00,0.000000E+00,0.000000E+00,0.000000E+00,0.000000E+00,2.111053E+01,5.038426E+01,2.388319E+01,4.984779E+01,7.700856E+01,1.656061E+02,6.796795E-03,1.460312E-02,0.000000E+00,0.000000E+00,0.000000E+00,0.000000E+00,0.000000E+00,0.000000E+00,0.000000E+00,0.000000E+00,2.111111E+01,5.124987E+01,2.388848E+01,4.668839E+01
12:30:00,4.667771E+03,4.128537E+03,4.119786E-01,3.640539E-01,0.000000E+00,0.000000E+00,0.000000E+00,0.000000E+00,0.000000E+00,0.000000E+00,0.000000E+00,0.000000E+00,2.111081E+01,5.085158E+01,2.388750E+01,4.764689E+01,5.555632E+03,7.139605E+03,4.903414E-01,6.295695E-01,0.000000E+00,0.000000E+00,0.000000E+00,0.000000E+00,0.000000E+00,0.000000E+00,0.000000E+00,0.000000E+00,2.111094E+01,5.088354E+01,2.388632E+01,4.937259E+01,7.754620E+02,9.698990E+02,6.844247E-02,8.552557E-02,0.000000E+00,0.000000E+00,0.000000E+00,0.000000E+00,0.000000E+00,0.000000E+00,0.000000E+00,0.000000E+00,2.111084E+01,5.079526E+01,2.388765E+01,4.731897E+01,9.238470E+02,1.794768E+03,8.153896E-02,1.582624E-01,0.000000E+00,0.000000E+00,0.000000E+00,0.000000E+00,0.000000E+00,0.000000E+00,0.000000E+00,0.000000E+00,2.111075E+01,5.061919E+01,2.387809E+01,5.386560E+01,5.543563E+03,8.614079E+03,4.892763E-01,7.595884E-01,0.000000E+00,0.000000E+00,0.000000E+00,0.000000E+00,0.000000E+00,0.000000E+00,0.000000E+00,0.000000E+00,2.111079E+01,5.072096E+01,2.386346E+01,6.832071E+01,2.149563E+03,3.063408E+03,1.897209E-01,2.701309E-01,0.000000E+00,0.000000E+00,0.000000E+00,0.000000E+00,0.000000E+00,0.000000E+00,0.000000E+00,0.000000E+00,2.111075E+01,5.060258E+01,2.388547E+01,4.957046E+01,8.557061E+02,1.037195E+03,7.552483E-02,9.145974E-02,0.000000E+00,0.000000E+00,0.000000E+00,0.000000E+00,0.000000E+00,0.000000E+00,0.000000E+00,0.000000E+00,2.111090E+01,5.074892E+01,2.388784E+01,4.762018E+01,1.111856E+03,1.091139E+03,9.813265E-02,9.621650E-02,0.000000E+00,0.000000E+00,0.000000E+00,0.000000E+00,0.000000E+00,0.000000E+00,0.000000E+00,0.000000E+00,2.111070E+01,5.049337E+01,2.388781E+01,4.754589E+01,1.346233E+03,2.484755E+03,1.188189E-01,2.191054E-01,0.000000E+00,0.000000E+00,0.000000E+00,0.000000E+00,0.000000E+00,0.000000E+00,0.000000E+00,0.000000E+00,2.111053E+01,5.038115E+01,2.388324E+01,4.973364E+01,7.595925E+01,1.666594E+02,6.704182E-03,1.469600E-02,0.000000E+00,0.000000E+00,0.000000E+00,0.000000E+00,0.000000E+00,0.000000E+00,0.000000E+00,0.000000E+00,2.111111E+01,5.124987E+01,2.388848E+01,4.668378E+01
12:45:00,4.658513E+03,4.223805E+03,4.111615E-01,3.724546E-01,0.000000E+00,0.000000E+00,0.000000E+00,0.000000E+00,0.000000E+00,0.000000E+00,0.000000E+00,0.000000E+00,2.111081E+01,5.085076E+01,2.388751E+01,4.760603E+01,5.528652E+03,7.344445E+03,4.879602E-01,6.476322E-01,0.000000E+00,0.000000E+00,0.000000E+00,0.000000E+00,0.000000E+00,0.000000E+00,0.000000E+00,0.000000E+00,2.111094E+01,5.088151E+01,2.388634E+01,4.926948E+01,7.726995E+02,9.824623E+02,6.819865E-02,8.663340E-02,0.000000E+00,0.000000E+00,0.000000E+00,0.000000E+00,0.000000E+00,0.000000E+00,0.000000E+00,0.000000E+00,2.111084E+01,5.079350E+01,2.388766E+01,4.730054E+01,9.204182E+02,1.852294E+03,8.123634E-02,1.633351E-01,0.000000E+00,0.000000E+00,0.000000E+00,0.000000E+00,0.000000E+00,0.000000E+00,0.000000E+00,0.000000E+00,2.111075E+01,5.061666E+01,2.387819E+01,5.361645E+01,5.532648E+03,8.681012E+03,4.883129E-01,7.654905E-01,0.000000E+00,0.000000E+00,0.000000E+00,0.000000E+00,0.000000E+00,0.000000E+00,0.000000E+00,0.000000E+00,2.111079E+01,5.071981E+01,2.386355E+01,6.813999E+01,2.140174E+03,3.064481E+03,1.888923E-01,2.702255E-01,0.000000E+00,0.000000E+00,0.000000E+00,0.000000E+00,0.000000E+00,0.000000E+00,0.000000E+00,0.000000E+00,2.111075E+01,5.059954E+01,2.388548E+01,4.956836E+01,8.510187E+02,1.036819E+03,7.511113E-02,9.142659E-02,0.000000E+00,0.000000E+00,0.000000E+00,0.000000E+00,0.000000E+00,0.000000E+00,0.000000E+00,0.000000E+00,2.111090E+01,5.074579E+01,2.388785E+01,4.761548E+01,1.107336E+03,1.109634E+03,9.773379E-02,9.784739E-02,0.000000E+00,0.000000E+00,0.000000E+00,0.000000E+00,0.000000E+00,0.000000E+00,0.000000E+00,0.000000E+00,2.111070E+01,5.049003E+01,2.388782E+01,4.751526E+01,1.342068E+03,2.555403E+03,1.184513E-01,2.253351E-01,0.000000E+00,0.000000E+00,0.000000E+00,0.000000E+00,0.000000E+00,0.000000E+00,0.000000E+00,0.000000E+00,2.111053E+01,5.037834E+01,2.388329E+01,4.962879E+01,7.500187E+01,1.676994E+02,6.619684E-03,1.478771E-02,0.000000E+00,0.000000E+00,0.000000E+00,0.000000E+00,0.000000E+00,0.000000E+00,0.000000E+00,0.000000E+00,2.111111E+01,5.124987E+01,2.388848E+01,4.667921E+01
13:00:00,4.649858E+03,4.314512E+03,4.103977E-01,3.804531E-01,0.000000E+00,0.000000E+00,0.000000E+00,0.000000E+00,0.000000E+00,0.000000E+00,0.000000E+00,0.000000E+00,2.111081E+01,5.084998E+01,2.388752E+01,4.756895E+01,5.504214E+03,7.540091E+03,4.858033E-01,6.648843E-01,0.000000E+00,0.000000E+00,0.000000E+00,0.000000E+00,0.000000E+00,0.000000E+00,0.000000E+00,0.000000E+00,2.111094E+01,5.087965E+01,2.388637E+01,4.917503E+01,7.702245E+02,9.938126E+02,6.798021E-02,8.763427E-02,0.000000E+00,0.000000E+00,0.000000E+00,0.000000E+00,0.000000E+00,0.000000E+00,0.000000E+00,0.000000E+00,2.111084E+01,5.079191E+01,2.388766E+01,4.728425E+01,9.173447E+02,1.908547E+03,8.096507E-02,1.682954E-01,0.000000E+00,0.000000E+00,0.000000E+00,0.000000E+00,0.000000E+00,0.000000E+00,0.000000E+00,0.000000E+00,2.111075E+01,5.061438E+01,2.387829E+01,5.338783E+01,5.522728E+03,8.740246E+03,4.874374E-01,7.707138E-01,0.000000E+00,0.000000E+00,0.000000E+00,0.000000E+00,0.000000E+00,0.000000E+00,0.000000E+00,0.000000E+00,2.111079E+01,5.071876E+01,2.386363E+01,6.798120E+01,2.131699E+03,3.063587E+03,1.881443E-01,2.701467E-01,0.000000E+00,0.000000E+00,0.000000E+00,0.000000E+00,0.000000E+00,0.000000E+00,0.000000E+00,0.000000E+00,2.111075E+01,5.059677E+01,2.388548E+01,4.956832E+01,8.467716E+02,1.033749E+03,7.473627E-02,9.115589E-02,0.000000E+00,0.000000E+00,0.000000E+00,0.000000E+00,0.000000E+00,0.000000E+00,0.000000E+00,0.000000E+00,2.111089E+01,5.074291E+01,2.388786E+01,4.761519E+01,1.103253E+03,1.125476E+03,9.737342E-02,9.924432E-02,0.000000E+00,0.000000E+00,0.000000E+00,0.000000E+00,0.000000E+00,0.000000E+00,0.000000E+00,0.000000E+00,2.111070E+01,5.048699E+01,2.388783E+01,4.748927E+01,1.338332E+03,2.622842E+03,1.181215E-01,2.312819E-01,0.000000E+00,0.000000E+00,0.000000E+00,0.000000E+00,0.000000E+00,0.000000E+00,0.000000E+00,0.000000E+00,2.111053E+01,5.037580E+01,2.388333E+01,4.953394E+01,7.412804E+01,1.687095E+02,6.542559E-03,1.487678E-02,0.000000E+00,0.000000E+00,0.000000E+00,0.000000E+00,0.000000E+00,0.000000E+00,0.000000E+00,0.000000E+00,2.111111E+01,5.124987E+01,2.388848E+01,4.667475E+01
13:15:00,4.641733E+03,4.401424E+03,4.096805E-01,3.881170E-01,0.000000E+00,0.000000E+00,0.000000E+00,0.000000E+00,0.000000E+00,0.000000E+00,0.000000E+00,0.000000E+00,2.111081E+01,5.084926E+01,2.388753E+01,4.753509E+01,5.482062E+03,7.723101E+03,4.838482E-01,6.810220E-01,0.000000E+00,0.000000E+00,0.000000E+00,0.000000E+00,0.000000E+00,0.000000E+00,0.000000E+00,0.000000E+00,2.111094E+01,5.087795E+01,2.388639E+01,4.908982E+01,7.680032E+02,1.003850E+03,6.778416E-02,8.851936E-02,0.000000E+00,0.000000E+00,0.000000E+00,0.000000E+00,0.000000E+00,0.000000E+00,0.000000E+00,0.000000E+00,2.111084E+01,5.079048E+01,2.388767E+01,4.726989E+01,9.145871E+02,1.963069E+03,8.072169E-02,1.731032E-01,0.000000E+00,0.000000E+00,0.000000E+00,0.000000E+00,0.000000E+00,0.000000E+00,0.000000E+00,0.000000E+00,2.111075E+01,5.061231E+01,2.387839E+01,5.317850E+01,5.513711E+03,8.791100E+03,4.866415E-01,7.751981E-01,0.000000E+00,0.000000E+00,0.000000E+00,0.000000E+00,0.000000E+00,0.000000E+00,0.000000E+00,0.000000E+00,2.111079E+01,5.071780E+01,2.386370E+01,6.784313E+01,2.124045E+03,3.060318E+03,1.874687E-01,2.698585E-01,0.000000E+00,0.000000E+00,0.000000E+00,0.000000E+00,0.000000E+00,0.000000E+00,0.000000E+00,0.000000E+00,2.111075E+01,5.059425E+01,2.388548E+01,4.957061E+01,8.429208E+02,1.028020E+03,7.439640E-02,9.065066E-02,0.000000E+00,0.000000E+00,0.000000E+00,0.000000E+00,0.000000E+00,0.000000E+00,0.000000E+00,0.000000E+00,2.111089E+01,5.074027E+01,2.388786E+01,4.761916E+01,1.099562E+03,1.138403E+03,9.704762E-02,1.003842E-01,0.000000E+00,0.000000E+00,0.000000E+00,0.000000E+00,0.000000E+00,0.000000E+00,0.000000E+00,0.000000E+00,2.111070E+01,5.048421E+01,2.388784E+01,4.746781E+01,1.334975E+03,2.685791E+03,1.178252E-01,2.368327E-01,0.000000E+00,0.000000E+00,0.000000E+00,0.000000E+00,0.000000E+00,0.000000E+00,0.000000E+00,0.000000E+00,2.111052E+01,5.037352E+01,2.388338E+01,4.944948E+01,7.333010E+01,1.696726E+02,6.472133E-03,1.496171E-02,0.000000E+00,0.000000E+00,0.000000E+00,0.000000E+00,0.000000E+00,0.000000E+00,0.000000E+00,0.000000E+00,2.111111E+01,5.124987E+01,2.388848E+01,4.667048E+01
13:30:00,4.634073E+03,4.487658E+03,4.090044E-01,3.957211E-01,0.000000E+00,0.000000E+00,0.000000E+00,0.000000E+00,0.000000E+00,0.000000E+00,0.000000E+00,0.000000E+00,2.111081E+01,5.084858E+01,2.388753E+01,4.750399E+01,5.461964E+03,7.891265E+03,4.820743E-01,6.958508E-01,0.000000E+00,0.000000E+00,0.000000E+00,0.000000E+00,0.000000E+00,0.000000E+00,0.000000E+00,0.000000E+00,2.111094E+01,5.087639E+01,2.388642E+01,4.901447E+01,7.660060E+02,1.013456E+03,6.760788E-02,8.936642E-02,0.000000E+00,0.000000E+00,0.000000E+00,0.000000E+00,0.000000E+00,0.000000E+00,0.000000E+00,0.000000E+00,2.111084E+01,5.078918E+01,2.388768E+01,4.725765E+01,9.121106E+02,2.015358E+03,8.050311E-02,1.777140E-01,0.000000E+00,0.000000E+00,0.000000E+00,0.000000E+00,0.000000E+00,0.000000E+00,0.000000E+00,0.000000E+00,2.111075E+01,5.061044E+01,2.387849E+01,5.298857E+01,5.505509E+03,8.838045E+03,4.859176E-01,7.793377E-01,0.000000E+00,0.000000E+00,0.000000E+00,0.000000E+00,0.000000E+00,0.000000E+00,0.000000E+00,0.000000E+00,2.111079E+01,5.071692E+01,2.386378E+01,6.772831E+01,2.117127E+03,3.054421E+03,1.868582E-01,2.693385E-01,0.000000E+00,0.000000E+00,0.000000E+00,0.000000E+00,0.000000E+00,0.000000E+00,0.000000E+00,0.000000E+00,2.111075E+01,5.059195E+01,2.388549E+01,4.957588E+01,8.394269E+02,1.019720E+03,7.408803E-02,8.991877E-02,0.000000E+00,0.000000E+00,0.000000E+00,0.000000E+00,0.000000E+00,0.000000E+00,0.000000E+00,0.000000E+00,2.111089E+01,5.073785E+01,2.388787E+01,4.762738E+01,1.096222E+03,1.148241E+03,9.675285E-02,1.012517E-01,0.000000E+00,0.000000E+00,0.000000E+00,0.000000E+00,0.000000E+00,0.000000E+00,0.000000E+00,0.000000E+00,2.111069E+01,5.048168E+01,2.388785E+01,4.745087E+01,1.331953E+03,2.743165E+03,1.175585E-01,2.418919E-01,0.000000E+00,0.000000E+00,0.000000E+00,0.000000E+00,0.000000E+00,0.000000E+00,0.000000E+00,0.000000E+00,2.111052E+01,5.037145E+01,2.388343E+01,4.937614E+01,7.260106E+01,1.705712E+02,6.407788E-03,1.504094E-02,0.000000E+00,0.000000E+00,0.000000E+00,0.000000E+00,0.000000E+00,0.000000E+00,0.000000E+00,0.000000E+00,2.111111E+01,5.124987E+01,2.388848E+01,4.666645E+01
13:45:00,4.626824E+03,4.578565E+03,4.083646E-01,4.037373E-01,0.000000E+00,0.000000E+00,0.000000E+00,0.000000E+00,0.000000E+00,0.000000E+00,0.000000E+00,0.000000E+00,2.111081E+01,5.084793E+01,2.388754E+01,4.747426E+01,5.443715E+03,8.045209E+03,4.804636E-01,7.094255E-01,0.000000E+00,0.000000E+00,0.000000E+00,0.000000E+00,0.000000E+00,0.000000E+00,0.000000E+00,0.000000E+00,2.111094E+01,5.087496E+01,2.388644E+01,4.894889E+01,7.642068E+02,1.026347E+03,6.744908E-02,9.050310E-02,0.000000E+00,0.000000E+00,0.000000E+00,0.000000E+00,0.000000E+00,0.000000E+00,0.000000E+00,0.000000E+00,2.111084E+01,5.078801E+01,2.388768E+01,4.724594E+01,9.098842E+02,2.064845E+03,8.030661E-02,1.820777E-01,0.000000E+00,0.000000E+00,0.000000E+00,0.000000E+00,0.000000E+00,0.000000E+00,0.000000E+00,0.000000E+00,2.111075E+01,5.060875E+01,2.387859E+01,5.281807E+01,5.498047E+03,8.900332E+03,4.852590E-01,7.848302E-01,0.000000E+00,0.000000E+00,0.000000E+00,0.000000E+00,0.000000E+00,0.000000E+00,0.000000E+00,0.000000E+00,2.111079E+01,5.071612E+01,2.386381E+01,6.762161E+01,2.110871E+03,3.045874E+03,1.863060E-01,2.685848E-01,0.000000E+00,0.000000E+00,0.000000E+00,0.000000E+00,0.000000E+00,0.000000E+00,0.000000E+00,0.000000E+00,2.111075E+01,5.058985E+01,2.388549E+01,4.958445E+01,8.362545E+02,1.009146E+03,7.380803E-02,8.898639E-02,0.000000E+00,0.000000E+00,0.000000E+00,0.000000E+00,0.000000E+00,0.000000E+00,0.000000E+00,0.000000E+00,2.111089E+01,5.073563E+01,2.388788E+01,4.763978E+01,1.093198E+03,1.155007E+03,9.648593E-02,1.018484E-01,0.000000E+00,0.000000E+00,0.000000E+00,0.000000E+00,0.000000E+00,0.000000E+00,0.000000E+00,0.000000E+00,2.111069E+01,5.047938E+01,2.388786E+01,4.743837E+01,1.329228E+03,2.794268E+03,1.173180E-01,2.463982E-01,0.000000E+00,0.000000E+00,0.000000E+00,0.000000E+00,0.000000E+00,0.000000E+00,0.000000E+00,0.000000E+00,2.111052E+01,5.036957E+01,2.388348E+01,4.931392E+01,7.193462E+01,1.713880E+02,6.348967E-03,1.511297E-02,0.000000E+00,0.000000E+00,0.000000E+00,0.000000E+00,0.000000E+00,0.000000E+00,0.000000E+00,0.000000E+00,2.111111E+01,5.124987E+01,2.388848E+01,4.666275E+01
14:00:00,4.619937E+03,4.678266E+03,4.077568E-01,4.125289E-01,0.000000E+00,0.000000E+00,0.000000E+00,0.000000E+00,0.000000E+00,0.000000E+00,0.000000E+00,0.000000E+00,2.111081E+01,5.084731E+01,2.388754E+01,4.744364E+01,5.427128E+03,8.186733E+03,4.789997E-01,7.219051E-01,0.000000E+00,0.000000E+00,0.000000E+00,0.000000E+00,0.000000E+00,0.000000E+00,0.000000E+00,0.000000E+00,2.111094E+01,5.087365E+01,2.388646E+01,4.889156E+01,7.625828E+02,1.046684E+03,6.730575E-02,9.229645E-02,0.000000E+00,0.000000E+00,0.000000E+00,0.000000E+00,0.000000E+00,0.000000E+00,0.000000E+00,0.000000E+00,2.111084E+01,5.078694E+01,2.388767E+01,4.722826E+01,9.078807E+02,2.111062E+03,8.012978E-02,1.861532E-01,0.000000E+00,0.000000E+00,0.000000E+00,0.000000E+00,0.000000E+00,0.000000E+00,0.000000E+00,0.000000E+00,2.111075E+01,5.060723E+01,2.387868E+01,5.266639E+01,5.491253E+03,8.999899E+03,4.846594E-01,7.936100E-01,0.000000E+00,0.000000E+00,0.000000E+00,0.000000E+00,0.000000E+00,0.000000E+00,0.000000E+00,0.000000E+00,2.111079E+01,5.071540E+01,2.386369E+01,6.745734E+01,2.105209E+03,3.034946E+03,1.858063E-01,2.676212E-01,0.000000E+00,0.000000E+00,0.000000E+00,0.000000E+00,0.000000E+00,0.000000E+00,0.000000E+00,0.000000E+00,2.111075E+01,5.058794E+01,2.388550E+01,4.959611E+01,8.333718E+02,9.968637E+02,7.355360E-02,8.790332E-02,0.000000E+00,0.000000E+00,0.000000E+00,0.000000E+00,0.000000E+00,0.000000E+00,0.000000E+00,0.000000E+00,2.111089E+01,5.073359E+01,2.388788E+01,4.765602E+01,1.090458E+03,1.158950E+03,9.624406E-02,1.021961E-01,0.000000E+00,0.000000E+00,0.000000E+00,0.000000E+00,0.000000E+00,0.000000E+00,0.000000E+00,0.000000E+00,2.111069E+01,5.047728E+01,2.388787E+01,4.742997E+01,1.326765E+03,2.838922E+03,1.171006E-01,2.503357E-01,0.000000E+00,0.000000E+00,0.000000E+00,0.000000E+00,0.000000E+00,0.000000E+00,0.000000E+00,0.000000E+00,2.111052E+01,5.036787E+01,2.388352E+01,4.926186E+01,7.132504E+01,1.721066E+02,6.295166E-03,1.517634E-02,0.000000E+00,0.000000E+00,0.000000E+00,0.000000E+00,0.000000E+00,0.000000E+00,0.000000E+00,0.000000E+00,2.111111E+01,5.124987E+01,2.388848E+01,4.665943E+01
14:15:00,4.613401E+03,4.788296E+03,4.071800E-01,4.222314E-01,0.000000E+00,0.000000E+00,0.000000E+00,0.000000E+00,0.000000E+00,0.000000E+00,0.000000E+00,0.000000E+00,2.111081E+01,5.084673E+01,2.388754E+01,4.741073E+01,5.412205E+03,8.317444E+03,4.776826E-01,7.334312E-01,0.000000E+00,0.000000E+00,0.000000E+00,0.000000E+00,0.000000E+00,0.000000E+00,0.000000E+00,0.000000E+00,2.111094E+01,5.087246E+01,2.388648E+01,4.884053E+01,7.611270E+02,1.078366E+03,6.717726E-02,9.509014E-02,0.000000E+00,0.000000E+00,0.000000E+00,0.000000E+00,0.000000E+00,0.000000E+00,0.000000E+00,0.000000E+00,2.111084E+01,5.078598E+01,2.388765E+01,4.719828E+01,9.060949E+02,2.153528E+03,7.997216E-02,1.898978E-01,0.000000E+00,0.000000E+00,0.000000E+00,0.000000E+00,0.000000E+00,0.000000E+00,0.000000E+00,0.000000E+00,2.111075E+01,5.060585E+01,2.387876E+01,5.253230E+01,5.485139E+03,9.156938E+03,4.841197E-01,8.074576E-01,0.000000E+00,0.000000E+00,0.000000E+00,0.000000E+00,0.000000E+00,0.000000E+00,0.000000E+00,0.000000E+00,2.111079E+01,5.071473E+01,2.386344E+01,6.716762E+01,2.100138E+03,3.021914E+03,1.853587E-01,2.664720E-01,0.000000E+00,0.000000E+00,0.000000E+00,0.000000E+00,0.000000E+00,0.000000E+00,0.000000E+00,0.000000E+00,2.111075E+01,5.058621E+01,2.388550E+01,4.961018E+01,8.307813E+02,9.835539E+02,7.332497E-02,8.672966E-02,0.000000E+00,0.000000E+00,0.000000E+00,0.000000E+00,0.000000E+00,0.000000E+00,0.000000E+00,0.000000E+00,2.111089E+01,5.073173E+01,2.388788E+01,4.767525E+01,1.088001E+03,1.160399E+03,9.602728E-02,1.023238E-01,0.000000E+00,0.000000E+00,0.000000E+00,0.000000E+00,0.000000E+00,0.000000E+00,0.000000E+00,0.000000E+00,2.111069E+01,5.047536E+01,2.388787E+01,4.742509E+01,1.324557E+03,2.877112E+03,1.169057E-01,2.537034E-01,0.000000E+00,0.000000E+00,0.000000E+00,0.000000E+00,0.000000E+00,0.000000E+00,0.000000E+00,0.000000E+00,2.111052E+01,5.036633E+01,2.388355E+01,4.921836E+01,7.077264E+01,1.727110E+02,6.246411E-03,1.522963E-02,0.000000E+00,0.000000E+00,0.000000E+00,0.000000E+00,0.000000E+00,0.000000E+00,0.000000E+00,0.000000E+00,2.111111E+01,5.124987E+01,2.388848E+01,4.665655E+01
14:30:00,4.607177E+03,4.907483E+03,4.066306E-01,4.327412E-01,0.000000E+00,0.000000E+00,0.000000E+00,0.000000E+00,0.000000E+00,0.000000E+00,0.000000E+00,0.000000E+00,2.111081E+01,5.084617E+01,2.388754E+01,4.737619E+01,5.398773E+03,8.438513E+03,4.764971E-01,7.441070E-01,0.000000E+00,0.000000E+00,0.000000E+00,0.000000E+00,0.000000E+00,0.000000E+00,0.000000E+00,0.000000E+00,2.111094E+01,5.087137E+01,2.388649E+01,4.879494E+01,7.598206E+02,1.124134E+03,6.706196E-02,9.912603E-02,0.000000E+00,0.000000E+00,0.000000E+00,0.000000E+00,0.000000E+00,0.000000E+00,0.000000E+00,0.000000E+00,2.111084E+01,5.078511E+01,2.388763E+01,4.715423E+01,9.045030E+02,2.191896E+03,7.983166E-02,1.932811E-01,0.000000E+00,0.000000E+00,0.000000E+00,0.000000E+00,0.000000E+00,0.000000E+00,0.000000E+00,0.000000E+00,2.111075E+01,5.060461E+01,2.387884E+01,5.241603E+01,5.479637E+03,9.384732E+03,4.836341E-01,8.275445E-01,0.000000E+00,0.000000E+00,0.000000E+00,0.000000E+00,0.000000E+00,0.000000E+00,0.000000E+00,0.000000E+00,2.111079E+01,5.071413E+01,2.386317E+01,6.672820E+01,2.095595E+03,3.007192E+03,1.849577E-01,2.651738E-01,0.000000E+00,0.000000E+00,0.000000E+00,0.000000E+00,0.000000E+00,0.000000E+00,0.000000E+00,0.000000E+00,2.111075E+01,5.058464E+01,2.388550E+01,4.962655E+01,8.284529E+02,9.699000E+02,7.311946E-02,8.552565E-02,0.000000E+00,0.000000E+00,0.000000E+00,0.000000E+00,0.000000E+00,0.000000E+00,0.000000E+00,0.000000E+00,2.111089E+01,5.073003E+01,2.388789E+01,4.769652E+01,1.085799E+03,1.159722E+03,9.583290E-02,1.022641E-01,0.000000E+00,0.000000E+00,0.000000E+00,0.000000E+00,0.000000E+00,0.000000E+00,0.000000E+00,0.000000E+00,2.111069E+01,5.047363E+01,2.388788E+01,4.742320E+01,1.322573E+03,2.909042E+03,1.167307E-01,2.565190E-01,0.000000E+00,0.000000E+00,0.000000E+00,0.000000E+00,0.000000E+00,0.000000E+00,0.000000E+00,0.000000E+00,2.111052E+01,5.036494E+01,2.388358E+01,4.918288E+01,7.027224E+01,1.731853E+02,6.202245E-03,1.527146E-02,0.000000E+00,0.000000E+00,0.000000E+00,0.000000E+00,0.000000E+00,0.000000E+00,0.000000E+00,0.000000E+00,2.111111E+01,5.124987E+01,2.388848E+01,4.665416E+01
14:45:00,4.601225E+03,5.031016E+03,4.061053E-01,4.436344E-01,0.000000E+00,0.000000E+00,0.000000E+00,0.000000E+00,0.000000E+00,0.000000E+00,0.000000E+00,0.000000E+00,2.111081E+01,5.084564E+01,2.388754E+01,4.734128E+01,5.386639E+03,8.548568E+03,4.754261E-01,7.538116E-01,0.000000E+00,0.000000E+00,0.000000E+00,0.000000E+00,0.000000E+00,0.000000E+00,0.000000E+00,0.000000E+00,2.111094E+01,5.087039E+01,2.388650E+01,4.875448E+01,7.586437E+02,1.183524E+03,6.695809E-02,1.043630E-01,0.000000E+00,0.000000E+00,0.000000E+00,0.000000E+00,0.000000E+00,0.000000E+00,0.000000E+00,0.000000E+00,2.111084E+01,5.078433E+01,2.388761E+01,4.709821E+01,9.030790E+02,2.225815E+03,7.970598E-02,1.962721E-01,0.000000E+00,0.000000E+00,0.000000E+00,0.000000E+00,0.000000E+00,0.000000E+00,0.000000E+00,0.000000E+00,2.111075E+01,5.060351E+01,2.387892E+01,5.231695E+01,5.474669E+03,9.678774E+03,4.831957E-01,8.534731E-01,0.000000E+00,0.000000E+00,0.000000E+00,0.000000E+00,0.000000E+00,0.000000E+00,0.000000E+00,0.000000E+00,2.111079E+01,5.071359E+01,2.386295E+01,6.615342E+01,2.091512E+03,2.991000E+03,1.845974E-01,2.637460E-01,0.000000E+00,0.000000E+00,0.000000E+00,0.000000E+00,0.000000E+00,0.000000E+00,0.000000E+00,0.000000E+00,2.111075E+01,5.058324E+01,2.388550E+01,4.964498E+01,8.263524E+02,9.563454E+02,7.293407E-02,8.433041E-02,0.000000E+00,0.000000E+00,0.000000E+00,0.000000E+00,0.000000E+00,0.000000E+00,0.000000E+00,0.000000E+00,2.111089E+01,5.072849E+01,2.388789E+01,4.771900E+01,1.083817E+03,1.157120E+03,9.565796E-02,1.020347E-01,0.000000E+00,0.000000E+00,0.000000E+00,0.000000E+00,0.000000E+00,0.000000E+00,0.000000E+00,0.000000E+00,2.111069E+01,5.047208E+01,2.388788E+01,4.742391E+01,1.320785E+03,2.934737E+03,1.165728E-01,2.587847E-01,0.000000E+00,0.000000E+00,0.000000E+00,0.000000E+00,0.000000E+00,0.000000E+00,0.000000E+00,0.000000E+00,2.111052E+01,5.036370E+01,2.388361E+01,4.915493E+01,6.981788E+01,1.735161E+02,6.162144E-03,1.530063E-02,0.000000E+00,0.000000E+00,0.000000E+00,0.000000E+00,0.000000E+00,0.000000E+00,0.000000E+00,0.000000E+00,2.111111E+01,5.124987E+01,2.388849E+01,4.665231E+01
15:00:00,4.595514E+03,5.154162E+03,4.056012E-01,4.544933E-01,0.000000E+00,0.000000E+00,0.000000E+00,0.000000E+00,0.000000E+00,0.000000E+00,0.000000E+00,0.000000E+00,2.111081E+01,5.084512E+01,2.388755E+01,4.730730E+01,5.375653E+03,8.644934E+03,4.744565E-01,7.623092E-01,0.000000E+00,0.000000E+00,0.000000E+00,0.000000E+00,0.000000E+00,0.000000E+00,0.000000E+00,0.000000E+00,2.111094E+01,5.086949E+01,2.388652E+01,4.871917E+01,7.575805E+02,1.255173E+03,6.686424E-02,1.106810E-01,0.000000E+00,0.000000E+00,0.000000E+00,0.000000E+00,0.000000E+00,0.000000E+00,0.000000E+00,0.000000E+00,2.111084E+01,5.078362E+01,2.388760E+01,4.703431E+01,9.018027E+02,2.254873E+03,7.959333E-02,1.988344E-01,0.000000E+00,0.000000E+00,0.000000E+00,0.000000E+00,0.000000E+00,0.000000E+00,0.000000E+00,0.000000E+00,2.111075E+01,5.060252E+01,2.387898E+01,5.223418E+01,5.470174E+03,1.002831E+04,4.827989E-01,8.842951E-01,0.000000E+00,0.000000E+00,0.000000E+00,0.000000E+00,0.000000E+00,0.000000E+00,0.000000E+00,0.000000E+00,2.111079E+01,5.071310E+01,2.386282E+01,6.547988E+01,2.087836E+03,2.973301E+03,1.842729E-01,2.621853E-01,0.000000E+00,0.000000E+00,0.000000E+00,0.000000E+00,0.000000E+00,0.000000E+00,0.000000E+00,0.000000E+00,2.111075E+01,5.058197E+01,2.388550E+01,4.966528E+01,8.244536E+02,9.430224E+02,7.276648E-02,8.315559E-02,0.000000E+00,0.000000E+00,0.000000E+00,0.000000E+00,0.000000E+00,0.000000E+00,0.000000E+00,0.000000E+00,2.111089E+01,5.072710E+01,2.388788E+01,4.774215E+01,1.082029E+03,1.152573E+03,9.550014E-02,1.016338E-01,0.000000E+00,0.000000E+00,0.000000E+00,0.000000E+00,0.000000E+00,0.000000E+00,0.000000E+00,0.000000E+00,2.111069E+01,5.047068E+01,2.388788E+01,4.742704E+01,1.319167E+03,2.953785E+03,1.164300E-01,2.604644E-01,0.000000E+00,0.000000E+00,0.000000E+00,0.000000E+00,0.000000E+00,0.000000E+00,0.000000E+00,0.000000E+00,2.111052E+01,5.036257E+01,2.388364E+01,4.913418E+01,6.940481E+01,1.736922E+02,6.125685E-03,1.531615E-02,0.000000E+00,0.000000E+00,0.000000E+00,0.000000E+00,0.000000E+00,0.000000E+00,0.000000E+00,0.000000E+00,2.111111E+01,5.124987E+01,2.388849E+01,4.665107E+01
15:15:00,4.589990E+03,5.272397E+03,4.051136E-01,4.649193E-01,0.000000E+00,0.000000E+00,0.000000E+00,0.000000E+00,0.000000E+00,0.000000E+00,0.000000E+00,0.000000E+00,2.111081E+01,5.084463E+01,2.388755E+01,4.727526E+01,5.365527E+03,8.724302E+03,4.735627E-01,7.693079E-01,0.000000E+00,0.000000E+00,0.000000E+00,0.000000E+00,0.000000E+00,0.000000E+00,0.000000E+00,0.000000E+00,2.111094E+01,5.086867E+01,2.388653E+01,4.868925E+01,7.566045E+02,1.337252E+03,6.677810E-02,1.179187E-01,0.000000E+00,0.000000E+00,0.000000E+00,0.000000E+00,0.000000E+00,0.000000E+00,0.000000E+00,0.000000E+00,2.111084E+01,5.078298E+01,2.388760E+01,4.696707E+01,9.006379E+02,2.278597E+03,7.949053E-02,2.009264E-01,0.000000E+00,0.000000E+00,0.000000E+00,0.000000E+00,0.000000E+00,0.000000E+00,0.000000E+00,0.000000E+00,2.111075E+01,5.060162E+01,2.387905E+01,5.216724E+01,5.466027E+03,1.041956E+04,4.824329E-01,9.187958E-01,0.000000E+00,0.000000E+00,0.000000E+00,0.000000E+00,0.000000E+00,0.000000E+00,0.000000E+00,0.000000E+00,2.111079E+01,5.071265E+01,2.386279E+01,6.475170E+01,2.084464E+03,2.953803E+03,1.839753E-01,2.604660E-01,0.000000E+00,0.000000E+00,0.000000E+00,0.000000E+00,0.000000E+00,0.000000E+00,0.000000E+00,0.000000E+00,2.111075E+01,5.058081E+01,2.388550E+01,4.968739E+01,8.227041E+02,9.298355E+02,7.261206E-02,8.199277E-02,0.000000E+00,0.000000E+00,0.000000E+00,0.000000E+00,0.000000E+00,0.000000E+00,0.000000E+00,0.000000E+00,2.111089E+01,5.072582E+01,2.388788E+01,4.776573E+01,1.080384E+03,1.145897E+03,9.535499E-02,1.010451E-01,0.000000E+00,0.000000E+00,0.000000E+00,0.000000E+00,0.000000E+00,0.000000E+00,0.000000E+00,0.000000E+00,2.111069E+01,5.046939E+01,2.388789E+01,4.743258E+01,1.317678E+03,2.965504E+03,1.162986E-01,2.614977E-01,0.000000E+00,0.000000E+00,0.000000E+00,0.000000E+00,0.000000E+00,0.000000E+00,0.000000E+00,0.000000E+00,2.111052E+01,5.036154E+01,2.388366E+01,4.912084E+01,6.902340E+01,1.737037E+02,6.092022E-03,1.531717E-02,0.000000E+00,0.000000E+00,0.000000E+00,0.000000E+00,0.000000E+00,0.000000E+00,0.000000E+00,0.000000E+00,2.111111E+01,5.124987E+01,2.388849E+01,4.665044E+01
15:30:00,4.584634E+03,5.382320E+03,4.046409E-01,4.746123E-01,0.000000E+00,0.000000E+00,0.000000E+00,0.000000E+00,0.000000E+00,0.000000E+00,0.000000E+00,0.000000E+00,2.111081E+01,5.084415E+01,2.388756E+01,4.724645E+01,5.356176E+03,8.783599E+03,4.727375E-01,7.745366E-01,0.000000E+00,0.000000E+00,0.000000E+00,0.000000E+00,0.000000E+00,0.000000E+00,0.000000E+00,0.000000E+00,2.111094E+01,5.086791E+01,2.388655E+01,4.866573E+01,7.557055E+02,1.427745E+03,6.669876E-02,1.258983E-01,0.000000E+00,0.000000E+00,0.000000E+00,0.000000E+00,0.000000E+00,0.000000E+00,0.000000E+00,0.000000E+00,2.111084E+01,5.078238E+01,2.388761E+01,4.690082E+01,8.995726E+02,2.296576E+03,7.939650E-02,2.025117E-01,0.000000E+00,0.000000E+00,0.000000E+00,0.000000E+00,0.000000E+00,0.000000E+00,0.000000E+00,0.000000E+00,2.111075E+01,5.060079E+01,2.387911E+01,5.211753E+01,5.462194E+03,1.083812E+04,4.820946E-01,9.557040E-01,0.000000E+00,0.000000E+00,0.000000E+00,0.000000E+00,0.000000E+00,0.000000E+00,0.000000E+00,0.000000E+00,2.111079E+01,5.071223E+01,2.386288E+01,6.401600E+01,2.081367E+03,2.932199E+03,1.837020E-01,2.585609E-01,0.000000E+00,0.000000E+00,0.000000E+00,0.000000E+00,0.000000E+00,0.000000E+00,0.000000E+00,0.000000E+00,2.111075E+01,5.057974E+01,2.388550E+01,4.971227E+01,8.210896E+02,9.166017E+02,7.246957E-02,8.082582E-02,0.000000E+00,0.000000E+00,0.000000E+00,0.000000E+00,0.000000E+00,0.000000E+00,0.000000E+00,0.000000E+00,2.111089E+01,5.072464E+01,2.388788E+01,4.778988E+01,1.078870E+03,1.136874E+03,9.522130E-02,1.002494E-01,0.000000E+00,0.000000E+00,0.000000E+00,0.000000E+00,0.000000E+00,0.000000E+00,0.000000E+00,0.000000E+00,2.111069E+01,5.046821E+01,2.388789E+01,4.744087E+01,1.316303E+03,2.969248E+03,1.161773E-01,2.618279E-01,0.000000E+00,0.000000E+00,0.000000E+00,0.000000E+00,0.000000E+00,0.000000E+00,0.000000E+00,0.000000E+00,2.111052E+01,5.036058E+01,2.388369E+01,4.911628E+01,6.867048E+01,1.735422E+02,6.060874E-03,1.530293E-02,0.000000E+00,0.000000E+00,0.000000E+00,0.000000E+00,0.000000E+00,0.000000E+00,0.000000E+00,0.000000E+00,2.111111E+01,5.124987E+01,2.388849E+01,4.665047E+01
15:45:00,4.579438E+03,5.481279E+03,4.041823E-01,4.833385E-01,0.000000E+00,0.000000E+00,0.000000E+00,0.000000E+00,0.000000E+00,0.000000E+00,0.000000E+00,0.000000E+00,2.111081E+01,5.084368E+01,2.388757E+01,4.722134E+01,5.347572E+03,8.819762E+03,4.719780E-01,7.777255E-01,0.000000E+00,0.000000E+00,0.000000E+00,0.000000E+00,0.000000E+00,0.000000E+00,0.000000E+00,0.000000E+00,2.111094E+01,5.086722E+01,2.388656E+01,4.864935E+01,7.548779E+02,1.524375E+03,6.662571E-02,1.344192E-01,0.000000E+00,0.000000E+00,0.000000E+00,0.000000E+00,0.000000E+00,0.000000E+00,0.000000E+00,0.000000E+00,2.111084E+01,5.078184E+01,2.388763E+01,4.683842E+01,8.986009E+02,2.308423E+03,7.931074E-02,2.035565E-01,0.000000E+00,0.000000E+00,0.000000E+00,0.000000E+00,0.000000E+00,0.000000E+00,0.000000E+00,0.000000E+00,2.111075E+01,5.060004E+01,2.387917E+01,5.208522E+01,5.458665E+03,1.126927E+04,4.817831E-01,9.937229E-01,0.000000E+00,0.000000E+00,0.000000E+00,0.000000E+00,0.000000E+00,0.000000E+00,0.000000E+00,0.000000E+00,2.111079E+01,5.071185E+01,2.386306E+01,6.330735E+01,2.078531E+03,2.908182E+03,1.834517E-01,2.564431E-01,0.000000E+00,0.000000E+00,0.000000E+00,0.000000E+00,0.000000E+00,0.000000E+00,0.000000E+00,0.000000E+00,2.111075E+01,5.057876E+01,2.388550E+01,4.974054E+01,8.196052E+02,9.031188E+02,7.233856E-02,7.963690E-02,0.000000E+00,0.000000E+00,0.000000E+00,0.000000E+00,0.000000E+00,0.000000E+00,0.000000E+00,0.000000E+00,2.111089E+01,5.072355E+01,2.388788E+01,4.781489E+01,1.077480E+03,1.125294E+03,9.509865E-02,9.922824E-02,0.000000E+00,0.000000E+00,0.000000E+00,0.000000E+00,0.000000E+00,0.000000E+00,0.000000E+00,0.000000E+00,2.111069E+01,5.046713E+01,2.388790E+01,4.745227E+01,1.315036E+03,2.964371E+03,1.160654E-01,2.613979E-01,0.000000E+00,0.000000E+00,0.000000E+00,0.000000E+00,0.000000E+00,0.000000E+00,0.000000E+00,0.000000E+00,2.111052E+01,5.035970E+01,2.388371E+01,4.912102E+01,6.834453E+01,1.732006E+02,6.032105E-03,1.527280E-02,0.000000E+00,0.000000E+00,0.000000E+00,0.000000E+00,0.000000E+00,0.000000E+00,0.000000E+00,0.000000E+00,2.111111E+01,5.124987E+01,2.388849E+01,4.665120E+01
16:00:00,4.574390E+03,5.570784E+03,4.037368E-01,4.912310E-01,0.000000E+00,0.000000E+00,0.000000E+00,0.000000E+00,0.000000E+00,0.000000E+00,0.000000E+00,0.000000E+00,2.111081E+01,5.084323E+01,2.388759E+01,4.719995E+01,5.339661E+03,8.832768E+03,4.712798E-01,7.788723E-01,0.000000E+00,0.000000E+00,0.000000E+00,0.000000E+00,0.000000E+00,0.000000E+00,0.000000E+00,0.000000E+00,2.111094E+01,5.086657E+01,2.388658E+01,4.864048E+01,7.541156E+02,1.626102E+03,6.655843E-02,1.433895E-01,0.000000E+00,0.000000E+00,0.000000E+00,0.000000E+00,0.000000E+00,0.000000E+00,0.000000E+00,0.000000E+00,2.111084E+01,5.078133E+01,2.388765E+01,4.678144E+01,8.977156E+02,2.314524E+03,7.923260E-02,2.040945E-01,0.000000E+00,0.000000E+00,0.000000E+00,0.000000E+00,0.000000E+00,0.000000E+00,0.000000E+00,0.000000E+00,2.111075E+01,5.059935E+01,2.387922E+01,5.206991E+01,5.455422E+03,1.170543E+04,4.814969E-01,1.032183E+00,0.000000E+00,0.000000E+00,0.000000E+00,0.000000E+00,0.000000E+00,0.000000E+00,0.000000E+00,0.000000E+00,2.111079E+01,5.071150E+01,2.386329E+01,6.264770E+01,2.075939E+03,2.881001E+03,1.832229E-01,2.540463E-01,0.000000E+00,0.000000E+00,0.000000E+00,0.000000E+00,0.000000E+00,0.000000E+00,0.000000E+00,0.000000E+00,2.111075E+01,5.057786E+01,2.388551E+01,4.977244E+01,8.182425E+02,8.891801E+02,7.221829E-02,7.840779E-02,0.000000E+00,0.000000E+00,0.000000E+00,0.000000E+00,0.000000E+00,0.000000E+00,0.000000E+00,0.000000E+00,2.111089E+01,5.072255E+01,2.388788E+01,4.784110E+01,1.076207E+03,1.110970E+03,9.498631E-02,9.796518E-02,0.000000E+00,0.000000E+00,0.000000E+00,0.000000E+00,0.000000E+00,0.000000E+00,0.000000E+00,0.000000E+00,2.111069E+01,5.046613E+01,2.388790E+01,4.746709E+01,1.313866E+03,2.951186E+03,1.159621E-01,2.602352E-01,0.000000E+00,0.000000E+00,0.000000E+00,0.000000E+00,0.000000E+00,0.000000E+00,0.000000E+00,0.000000E+00,2.111052E+01,5.035888E+01,2.388374E+01,4.913518E+01,6.804356E+01,1.726727E+02,6.005542E-03,1.522625E-02,0.000000E+00,0.000000E+00,0.000000E+00,0.000000E+00,0.000000E+00,0.000000E+00,0.000000E+00,0.000000E+00,2.111111E+01,5.124987E+01,2.388849E+01,4.665265E+01
16:15:00,4.569480E+03,5.648030E+03,4.033034E-01,4.980426E-01,0.000000E+00,0.000000E+00,0.000000E+00,0.000000E+00,0.000000E+00,0.000000E+00,0.000000E+00,0.000000E+00,2.111081E+01,5.084279E+01,2.388759E+01,4.718105E+01,5.332392E+03,8.820209E+03,4.706383E-01,7.777649E-01,0.000000E+00,0.000000E+00,0.000000E+00,0.000000E+00,0.000000E+00,0.000000E+00,0.000000E+00,0.000000E+00,2.111094E+01,5.086598E+01,2.388659E+01,4.863846E+01,7.534125E+02,1.729959E+03,6.649637E-02,1.525475E-01,0.000000E+00,0.000000E+00,0.000000E+00,0.000000E+00,0.000000E+00,0.000000E+00,0.000000E+00,0.000000E+00,2.111084E+01,5.078087E+01,2.388767E+01,4.672944E+01,8.969092E+02,2.314526E+03,7.916143E-02,2.040946E-01,0.000000E+00,0.000000E+00,0.000000E+00,0.000000E+00,0.000000E+00,0.000000E+00,0.000000E+00,0.000000E+00,2.111075E+01,5.059873E+01,2.387926E+01,5.206778E+01,5.452446E+03,1.213210E+04,4.812342E-01,1.069807E+00,0.000000E+00,0.000000E+00,0.000000E+00,0.000000E+00,0.000000E+00,0.000000E+00,0.000000E+00,0.000000E+00,2.111079E+01,5.071118E+01,2.386351E+01,6.203620E+01,2.073570E+03,2.850911E+03,1.830138E-01,2.513930E-01,0.000000E+00,0.000000E+00,0.000000E+00,0.000000E+00,0.000000E+00,0.000000E+00,0.000000E+00,0.000000E+00,2.111075E+01,5.057704E+01,2.388551E+01,4.980890E+01,8.169923E+02,8.746622E+02,7.210795E-02,7.712760E-02,0.000000E+00,0.000000E+00,0.000000E+00,0.000000E+00,0.000000E+00,0.000000E+00,0.000000E+00,0.000000E+00,2.111089E+01,5.072163E+01,2.388788E+01,4.786884E+01,1.075042E+03,1.093883E+03,9.488348E-02,9.645849E-02,0.000000E+00,0.000000E+00,0.000000E+00,0.000000E+00,0.000000E+00,0.000000E+00,0.000000E+00,0.000000E+00,2.111069E+01,5.046521E+01,2.388791E+01,4.748562E+01,1.312786E+03,2.929253E+03,1.158668E-01,2.583011E-01,0.000000E+00,0.000000E+00,0.000000E+00,0.000000E+00,0.000000E+00,0.000000E+00,0.000000E+00,0.000000E+00,2.111052E+01,5.035813E+01,2.388375E+01,4.915731E+01,6.776562E+01,1.719562E+02,5.981011E-03,1.516308E-02,0.000000E+00,0.000000E+00,0.000000E+00,0.000000E+00,0.000000E+00,0.000000E+00,0.000000E+00,0.000000E+00,2.111111E+01,5.124987E+01,2.388849E+01,4.665485E+01
16:30:00,4.564696E+03,5.711076E+03,4.028812E-01,5.036020E-01,0.000000E+00,0.000000E+00,0.000000E+00,0.000000E+00,0.000000E+00,0.000000E+00,0.000000E+00,0.000000E+00,2.111081E+01,5.084236E+01,2.388760E+01,4.716537E+01,5.325712E+03,8.780131E+03,4.700487E-01,7.742308E-01,0.000000E+00,0.000000E+00,0.000000E+00,0.000000E+00,0.000000E+00,0.000000E+00,0.000000E+00,0.000000E+00,2.111094E+01,5.086543E+01,2.388661E+01,4.864410E+01,7.527632E+02,1.833137E+03,6.643907E-02,1.616458E-01,0.000000E+00,0.000000E+00,0.000000E+00,0.000000E+00,0.000000E+00,0.000000E+00,0.000000E+00,0.000000E+00,2.111084E+01,5.078044E+01,2.388769E+01,4.668362E+01,8.961747E+02,2.308177E+03,7.909661E-02,2.035347E-01,0.000000E+00,0.000000E+00,0.000000E+00,0.000000E+00,0.000000E+00,0.000000E+00,0.000000E+00,0.000000E+00,2.111075E+01,5.059815E+01,2.387930E+01,5.208160E+01,5.449718E+03,1.253655E+04,4.809934E-01,1.105471E+00,0.000000E+00,0.000000E+00,0.000000E+00,0.000000E+00,0.000000E+00,0.000000E+00,0.000000E+00,0.000000E+00,2.111079E+01,5.071089E+01,2.386379E+01,6.148967E+01,2.071405E+03,2.817905E+03,1.828227E-01,2.484825E-01,0.000000E+00,0.000000E+00,0.000000E+00,0.000000E+00,0.000000E+00,0.000000E+00,0.000000E+00,0.000000E+00,2.111075E+01,5.057629E+01,2.388551E+01,4.985016E+01,8.158457E+02,8.594540E+02,7.200674E-02,7.578655E-02,0.000000E+00,0.000000E+00,0.000000E+00,0.000000E+00,0.000000E+00,0.000000E+00,0.000000E+00,0.000000E+00,2.111089E+01,5.072078E+01,2.388788E+01,4.789848E+01,1.073976E+03,1.074000E+03,9.478939E-02,9.470514E-02,0.000000E+00,0.000000E+00,0.000000E+00,0.000000E+00,0.000000E+00,0.000000E+00,0.000000E+00,0.000000E+00,2.111069E+01,5.046437E+01,2.388791E+01,4.750819E+01,1.311788E+03,2.898263E+03,1.157787E-01,2.555684E-01,0.000000E+00,0.000000E+00,0.000000E+00,0.000000E+00,0.000000E+00,0.000000E+00,0.000000E+00,0.000000E+00,2.111052E+01,5.035743E+01,2.388377E+01,4.918931E+01,6.750887E+01,1.710526E+02,5.958349E-03,1.508340E-02,0.000000E+00,0.000000E+00,0.000000E+00,0.000000E+00,0.000000E+00,0.000000E+00,0.000000E+00,0.000000E+00,2.111111E+01,5.124987E+01,2.388849E+01,4.665782E+01
16:45:00,4.560029E+03,5.758234E+03,4.024693E-01,5.077603E-01,0.000000E+00,0.000000E+00,0.000000E+00,0.000000E+00,0.000000E+00,0.000000E+00,0.000000E+00,0.000000E+00,2.111081E+01,5.084194E+01,2.388761E+01,4.715362E+01,5.319572E+03,8.711229E+03,4.695067E-01,7.681551E-01,0.000000E+00,0.000000E+00,0.000000E+00,0.000000E+00,0.000000E+00,0.000000E+00,0.000000E+00,0.000000E+00,2.111094E+01,5.086493E+01,2.388662E+01,4.865851E+01,7.521627E+02,1.932637E+03,6.638607E-02,1.704197E-01,0.000000E+00,0.000000E+00,0.000000E+00,0.000000E+00,0.000000E+00,0.000000E+00,0.000000E+00,0.000000E+00,2.111084E+01,5.078004E+01,2.388771E+01,4.664467E+01,8.955057E+02,2.295368E+03,7.903756E-02,2.024053E-01,0.000000E+00,0.000000E+00,0.000000E+00,0.000000E+00,0.000000E+00,0.000000E+00,0.000000E+00,0.000000E+00,2.111075E+01,5.059763E+01,2.387934E+01,5.211408E+01,5.447217E+03,1.290774E+04,4.807728E-01,1.138203E+00,0.000000E+00,0.000000E+00,0.000000E+00,0.000000E+00,0.000000E+00,0.000000E+00,0.000000E+00,0.000000E+00,2.111079E+01,5.071062E+01,2.386409E+01,6.102209E+01,2.069428E+03,2.782024E+03,1.826483E-01,2.453185E-01,0.000000E+00,0.000000E+00,0.000000E+00,0.000000E+00,0.000000E+00,0.000000E+00,0.000000E+00,0.000000E+00,2.111075E+01,5.057560E+01,2.388551E+01,4.989603E+01,8.147941E+02,8.434914E+02,7.191393E-02,7.437897E-02,0.000000E+00,0.000000E+00,0.000000E+00,0.000000E+00,0.000000E+00,0.000000E+00,0.000000E+00,0.000000E+00,2.111089E+01,5.072000E+01,2.388789E+01,4.793037E+01,1.073001E+03,1.051349E+03,9.470330E-02,9.270786E-02,0.000000E+00,0.000000E+00,0.000000E+00,0.000000E+00,0.000000E+00,0.000000E+00,0.000000E+00,0.000000E+00,2.111069E+01,5.046359E+01,2.388792E+01,4.753515E+01,1.310863E+03,2.858143E+03,1.156971E-01,2.520307E-01,0.000000E+00,0.000000E+00,0.000000E+00,0.000000E+00,0.000000E+00,0.000000E+00,0.000000E+00,0.000000E+00,2.111052E+01,5.035679E+01,2.388379E+01,4.923290E+01,6.727158E+01,1.699640E+02,5.937407E-03,1.498741E-02,0.000000E+00,0.000000E+00,0.000000E+00,0.000000E+00,0.000000E+00,0.000000E+00,0.000000E+00,0.000000E+00,2.111111E+01,5.124987E+01,2.388849E+01,4.666156E+01
17:00:00,4.555473E+03,5.784015E+03,4.020672E-01,5.100337E-01,0.000000E+00,0.000000E+00,0.000000E+00,0.000000E+00,0.000000E+00,0.000000E+00,0.000000E+00,0.000000E+00,2.111081E+01,5.084153E+01,2.388762E+01,4.714606E+01,5.313926E+03,8.610063E+03,4.690084E-01,7.592342E-01,0.000000E+00,0.000000E+00,0.000000E+00,0.000000E+00,0.000000E+00,0.000000E+00,0.000000E+00,0.000000E+00,2.111094E+01,5.086447E+01,2.388664E+01,4.868242E+01,7.516065E+02,2.024235E+03,6.633698E-02,1.784968E-01,0.000000E+00,0.000000E+00,0.000000E+00,0.000000E+00,0.000000E+00,0.000000E+00,0.000000E+00,0.000000E+00,2.111084E+01,5.077967E+01,2.388774E+01,4.661248E+01,8.948962E+02,2.275366E+03,7.898376E-02,2.006415E-01,0.000000E+00,0.000000E+00,0.000000E+00,0.000000E+00,0.000000E+00,0.000000E+00,0.000000E+00,0.000000E+00,2.111075E+01,5.059716E+01,2.387938E+01,5.216591E+01,5.444927E+03,1.322909E+04,4.805706E-01,1.166540E+00,0.000000E+00,0.000000E+00,0.000000E+00,0.000000E+00,0.000000E+00,0.000000E+00,0.000000E+00,0.000000E+00,2.111079E+01,5.071037E+01,2.386439E+01,6.063662E+01,2.067622E+03,2.743813E+03,1.824889E-01,2.419491E-01,0.000000E+00,0.000000E+00,0.000000E+00,0.000000E+00,0.000000E+00,0.000000E+00,0.000000E+00,0.000000E+00,2.111075E+01,5.057496E+01,2.388551E+01,4.994637E+01,8.138296E+02,8.267502E+02,7.182880E-02,7.290273E-02,0.000000E+00,0.000000E+00,0.000000E+00,0.000000E+00,0.000000E+00,0.000000E+00,0.000000E+00,0.000000E+00,2.111089E+01,5.071928E+01,2.388789E+01,4.796483E+01,1.072108E+03,1.026047E+03,9.462452E-02,9.047670E-02,0.000000E+00,0.000000E+00,0.000000E+00,0.000000E+00,0.000000E+00,0.000000E+00,0.000000E+00,0.000000E+00,2.111069E+01,5.046289E+01,2.388792E+01,4.756679E+01,1.310006E+03,2.808190E+03,1.156215E-01,2.476258E-01,0.000000E+00,0.000000E+00,0.000000E+00,0.000000E+00,0.000000E+00,0.000000E+00,0.000000E+00,0.000000E+00,2.111052E+01,5.035619E+01,2.388380E+01,4.928877E+01,6.705218E+01,1.686931E+02,5.918042E-03,1.487534E-02,0.000000E+00,0.000000E+00,0.000000E+00,0.000000E+00,0.000000E+00,0.000000E+00,0.000000E+00,0.000000E+00,2.111111E+01,5.124987E+01,2.388849E+01,4.666609E+01
17:15:00,4.551019E+03,5.788881E+03,4.016741E-01,5.104628E-01,0.000000E+00,0.000000E+00,0.000000E+00,0.000000E+00,0.000000E+00,0.000000E+00,0.000000E+00,0.000000E+00,2.111081E+01,5.084113E+01,2.388763E+01,4.714271E+01,5.308732E+03,8.477468E+03,4.685500E-01,7.475421E-01,0.000000E+00,0.000000E+00,0.000000E+00,0.000000E+00,0.000000E+00,0.000000E+00,0.000000E+00,0.000000E+00,2.111094E+01,5.086404E+01,2.388665E+01,4.871633E+01,7.510907E+02,2.105844E+03,6.629145E-02,1.856930E-01,0.000000E+00,0.000000E+00,0.000000E+00,0.000000E+00,0.000000E+00,0.000000E+00,0.000000E+00,0.000000E+00,2.111084E+01,5.077933E+01,2.388776E+01,4.658643E+01,8.943407E+02,2.248535E+03,7.893474E-02,1.982755E-01,0.000000E+00,0.000000E+00,0.000000E+00,0.000000E+00,0.000000E+00,0.000000E+00,0.000000E+00,0.000000E+00,2.111075E+01,5.059672E+01,2.387941E+01,5.223702E+01,5.442830E+03,1.349442E+04,4.803856E-01,1.189936E+00,0.000000E+00,0.000000E+00,0.000000E+00,0.000000E+00,0.000000E+00,0.000000E+00,0.000000E+00,0.000000E+00,2.111079E+01,5.071014E+01,2.386468E+01,6.033089E+01,2.065972E+03,2.703230E+03,1.823432E-01,2.383705E-01,0.000000E+00,0.000000E+00,0.000000E+00,0.000000E+00,0.000000E+00,0.000000E+00,0.000000E+00,0.000000E+00,2.111075E+01,5.057438E+01,2.388551E+01,5.000117E+01,8.129449E+02,8.092407E+02,7.175072E-02,7.135874E-02,0.000000E+00,0.000000E+00,0.000000E+00,0.000000E+00,0.000000E+00,0.000000E+00,0.000000E+00,0.000000E+00,2.111089E+01,5.071862E+01,2.388789E+01,4.800206E+01,1.071291E+03,9.983001E+02,9.455242E-02,8.802998E-02,0.000000E+00,0.000000E+00,0.000000E+00,0.000000E+00,0.000000E+00,0.000000E+00,0.000000E+00,0.000000E+00,2.111069E+01,5.046224E+01,2.388793E+01,4.760339E+01,1.309210E+03,2.749048E+03,1.155512E-01,2.424107E-01,0.000000E+00,0.000000E+00,0.000000E+00,0.000000E+00,0.000000E+00,0.000000E+00,0.000000E+00,0.000000E+00,2.111052E+01,5.035563E+01,2.388382E+01,4.935726E+01,6.684921E+01,1.672427E+02,5.900128E-03,1.474744E-02,0.000000E+00,0.000000E+00,0.000000E+00,0.000000E+00,0.000000E+00,0.000000E+00,0.000000E+00,0.000000E+00,2.111111E+01,5.124987E+01,2.388849E+01,4.667144E+01
17:30:00,4.546661E+03,5.771385E+03,4.012895E-01,5.089200E-01,0.000000E+00,0.000000E+00,0.000000E+00,0.000000E+00,0.000000E+00,0.000000E+00,0.000000E+00,0.000000E+00,2.111081E+01,5.084073E+01,2.388764E+01,4.714383E+01,5.303953E+03,8.313905E+03,4.681282E-01,7.331191E-01,0.000000E+00,0.000000E+00,0.000000E+00,0.000000E+00,0.000000E+00,0.000000E+00,0.000000E+00,0.000000E+00,2.111094E+01,5.086364E+01,2.388667E+01,4.876094E+01,7.506114E+02,2.174936E+03,6.624915E-02,1.917856E-01,0.000000E+00,0.000000E+00,0.000000E+00,0.000000E+00,0.000000E+00,0.000000E+00,0.000000E+00,0.000000E+00,2.111084E+01,5.077901E+01,2.388778E+01,4.656602E+01,8.938344E+02,2.215148E+03,7.889004E-02,1.953315E-01,0.000000E+00,0.000000E+00,0.000000E+00,0.000000E+00,0.000000E+00,0.000000E+00,0.000000E+00,0.000000E+00,2.111075E+01,5.059632E+01,2.387943E+01,5.232812E+01,5.440910E+03,1.369593E+04,4.802161E-01,1.207706E+00,0.000000E+00,0.000000E+00,0.000000E+00,0.000000E+00,0.000000E+00,0.000000E+00,0.000000E+00,0.000000E+00,2.111079E+01,5.070993E+01,2.386496E+01,6.010346E+01,2.064465E+03,2.660354E+03,1.822102E-01,2.345896E-01,0.000000E+00,0.000000E+00,0.000000E+00,0.000000E+00,0.000000E+00,0.000000E+00,0.000000E+00,0.000000E+00,2.111075E+01,5.057385E+01,2.388551E+01,5.006084E+01,8.121333E+02,7.909927E+02,7.167909E-02,6.974963E-02,0.000000E+00,0.000000E+00,0.000000E+00,0.000000E+00,0.000000E+00,0.000000E+00,0.000000E+00,0.000000E+00,2.111089E+01,5.071801E+01,2.388789E+01,4.804231E+01,1.070543E+03,9.684221E+02,9.448643E-02,8.539533E-02,0.000000E+00,0.000000E+00,0.000000E+00,0.000000E+00,0.000000E+00,0.000000E+00,0.000000E+00,0.000000E+00,2.111069E+01,5.046164E+01,2.388793E+01,4.764518E+01,1.308470E+03,2.681287E+03,1.154859E-01,2.364355E-01,0.000000E+00,0.000000E+00,0.000000E+00,0.000000E+00,0.000000E+00,0.000000E+00,0.000000E+00,0.000000E+00,2.111052E+01,5.035511E+01,2.388383E+01,4.943928E+01,6.666132E+01,1.656161E+02,5.883545E-03,1.460401E-02,0.000000E+00,0.000000E+00,0.000000E+00,0.000000E+00,0.000000E+00,0.000000E+00,0.000000E+00,0.000000E+00,2.111111E+01,5.124987E+01,2.388849E+01,4.667760E+01
17:45:00,4.542395E+03,5.731474E+03,4.009129E-01,5.054007E-01,0.000000E+00,0.000000E+00,0.000000E+00,0.000000E+00,0.000000E+00,0.000000E+00,0.000000E+00,0.000000E+00,2.111081E+01,5.084035E+01,2.388765E+01,4.714968E+01,5.299552E+03,8.120417E+03,4.677398E-01,7.160573E-01,0.000000E+00,0.000000E+00,0.000000E+00,0.000000E+00,0.000000E+00,0.000000E+00,0.000000E+00,0.000000E+00,2.111094E+01,5.086328E+01,2.388668E+01,4.881700E+01,7.501656E+02,2.230543E+03,6.620980E-02,1.966890E-01,0.000000E+00,0.000000E+00,0.000000E+00,0.000000E+00,0.000000E+00,0.000000E+00,0.000000E+00,0.000000E+00,2.111084E+01,5.077871E+01,2.388780E+01,4.655092E+01,8.933726E+02,2.175687E+03,7.884929E-02,1.918518E-01,0.000000E+00,0.000000E+00,0.000000E+00,0.000000E+00,0.000000E+00,0.000000E+00,0.000000E+00,0.000000E+00,2.111075E+01,5.059596E+01,2.387945E+01,5.243987E+01,5.439153E+03,1.383123E+04,4.800610E-01,1.219636E+00,0.000000E+00,0.000000E+00,0.000000E+00,0.000000E+00,0.000000E+00,0.000000E+00,0.000000E+00,0.000000E+00,2.111079E+01,5.070974E+01,2.386522E+01,5.995489E+01,2.063087E+03,2.614906E+03,1.820886E-01,2.305821E-01,0.000000E+00,0.000000E+00,0.000000E+00,0.000000E+00,0.000000E+00,0.000000E+00,0.000000E+00,0.000000E+00,2.111075E+01,5.057337E+01,2.388551E+01,5.012564E+01,8.113887E+02,7.720331E+02,7.161337E-02,6.807778E-02,0.000000E+00,0.000000E+00,0.000000E+00,0.000000E+00,0.000000E+00,0.000000E+00,0.000000E+00,0.000000E+00,2.111089E+01,5.071745E+01,2.388789E+01,4.808584E+01,1.069859E+03,9.367916E+02,9.442600E-02,8.260617E-02,0.000000E+00,0.000000E+00,0.000000E+00,0.000000E+00,0.000000E+00,0.000000E+00,0.000000E+00,0.000000E+00,2.111069E+01,5.046110E+01,2.388794E+01,4.769229E+01,1.307781E+03,2.605624E+03,1.154250E-01,2.297636E-01,0.000000E+00,0.000000E+00,0.000000E+00,0.000000E+00,0.000000E+00,0.000000E+00,0.000000E+00,0.000000E+00,2.111052E+01,5.035463E+01,2.388383E+01,4.953567E+01,6.648730E+01,1.638177E+02,5.868185E-03,1.444542E-02,0.000000E+00,0.000000E+00,0.000000E+00,0.000000E+00,0.000000E+00,0.000000E+00,0.000000E+00,0.000000E+00,2.111111E+01,5.124987E+01,2.388849E+01,4.668462E+01
18:00:00,4.538214E+03,5.667270E+03,4.005439E-01,4.997391E-01,0.000000E+00,0.000000E+00,0.000000E+00,0.000000E+00,0.000000E+00,0.000000E+00,0.000000E+00,0.000000E+00,2.111081E+01,5.083997E+01,2.388766E+01,4.716015E+01,5.295500E+03,7.898001E+03,4.673821E-01,6.964447E-01,0.000000E+00,0.000000E+00,0.000000E+00,0.000000E+00,0.000000E+00,0.000000E+00,0.000000E+00,0.000000E+00,2.111094E+01,5.086294E+01,2.388669E+01,4.888516E+01,7.497502E+02,2.270060E+03,6.617314E-02,2.001736E-01,0.000000E+00,0.000000E+00,0.000000E+00,0.000000E+00,0.000000E+00,0.000000E+00,0.000000E+00,0.000000E+00,2.111084E+01,5.077844E+01,2.388782E+01,4.654032E+01,8.929514E+02,2.130571E+03,7.881211E-02,1.878735E-01,0.000000E+00,0.000000E+00,0.000000E+00,0.000000E+00,0.000000E+00,0.000000E+00,0.000000E+00,0.000000E+00,2.111075E+01,5.059563E+01,2.387946E+01,5.257190E+01,5.437544E+03,1.389105E+04,4.799190E-01,1.224911E+00,0.000000E+00,0.000000E+00,0.000000E+00,0.000000E+00,0.000000E+00,0.000000E+00,0.000000E+00,0.000000E+00,2.111079E+01,5.070956E+01,2.386545E+01,5.987763E+01,2.061827E+03,2.567123E+03,1.819774E-01,2.263686E-01,0.000000E+00,0.000000E+00,0.000000E+00,0.000000E+00,0.000000E+00,0.000000E+00,0.000000E+00,0.000000E+00,2.111075E+01,5.057293E+01,2.388551E+01,5.019649E+01,8.107054E+02,7.523819E+02,7.155306E-02,6.634494E-02,0.000000E+00,0.000000E+00,0.000000E+00,0.000000E+00,0.000000E+00,0.000000E+00,0.000000E+00,0.000000E+00,2.111089E+01,5.071693E+01,2.388789E+01,4.813287E+01,1.069232E+03,9.037887E+02,9.437067E-02,7.969597E-02,0.000000E+00,0.000000E+00,0.000000E+00,0.000000E+00,0.000000E+00,0.000000E+00,0.000000E+00,0.000000E+00,2.111069E+01,5.046060E+01,2.388794E+01,4.774477E+01,1.307137E+03,2.522842E+03,1.153683E-01,2.224639E-01,0.000000E+00,0.000000E+00,0.000000E+00,0.000000E+00,0.000000E+00,0.000000E+00,0.000000E+00,0.000000E+00,2.111052E+01,5.035418E+01,2.388384E+01,4.964708E+01,6.632601E+01,1.618534E+02,5.853950E-03,1.427221E-02,0.000000E+00,0.000000E+00,0.000000E+00,0.000000E+00,0.000000E+00,0.000000E+00,0.000000E+00,0.000000E+00,2.111111E+01,5.124987E+01,2.388849E+01,4.669252E+01
18:15:00,4.534115E+03,5.576957E+03,4.001821E-01,4.917754E-01,0.000000E+00,0.000000E+00,0.000000E+00,0.000000E+00,0.000000E+00,0.000000E+00,0.000000E+00,0.000000E+00,2.111081E+01,5.083960E+01,2.388767E+01,4.717578E+01,5.291765E+03,7.647505E+03,4.670525E-01,6.743560E-01,0.000000E+00,0.000000E+00,0.000000E+00,0.000000E+00,0.000000E+00,0.000000E+00,0.000000E+00,0.000000E+00,2.111094E+01,5.086263E+01,2.388671E+01,4.896631E+01,7.493627E+02,2.290845E+03,6.613894E-02,2.020064E-01,0.000000E+00,0.000000E+00,0.000000E+00,0.000000E+00,0.000000E+00,0.000000E+00,0.000000E+00,0.000000E+00,2.111084E+01,5.077818E+01,2.388783E+01,4.653455E+01,8.925671E+02,2.080269E+03,7.877819E-02,1.834379E-01,0.000000E+00,0.000000E+00,0.000000E+00,0.000000E+00,0.000000E+00,0.000000E+00,0.000000E+00,0.000000E+00,2.111075E+01,5.059533E+01,2.387947E+01,5.272479E+01,5.436071E+03,1.386511E+04,4.797890E-01,1.222623E+00,0.000000E+00,0.000000E+00,0.000000E+00,0.000000E+00,0.000000E+00,0.000000E+00,0.000000E+00,0.000000E+00,2.111079E+01,5.070940E+01,2.386569E+01,5.987939E+01,2.060676E+03,2.516950E+03,1.818758E-01,2.219443E-01,0.000000E+00,0.000000E+00,0.000000E+00,0.000000E+00,0.000000E+00,0.000000E+00,0.000000E+00,0.000000E+00,2.111075E+01,5.057252E+01,2.388550E+01,5.027336E+01,8.100782E+02,7.320286E+02,7.149770E-02,6.455019E-02,0.000000E+00,0.000000E+00,0.000000E+00,0.000000E+00,0.000000E+00,0.000000E+00,0.000000E+00,0.000000E+00,2.111089E+01,5.071646E+01,2.388790E+01,4.818366E+01,1.068658E+03,8.696932E+02,9.431999E-02,7.668943E-02,0.000000E+00,0.000000E+00,0.000000E+00,0.000000E+00,0.000000E+00,0.000000E+00,0.000000E+00,0.000000E+00,2.111069E+01,5.046014E+01,2.388795E+01,4.780266E+01,1.306537E+03,2.433730E+03,1.153153E-01,2.146060E-01,0.000000E+00,0.000000E+00,0.000000E+00,0.000000E+00,0.000000E+00,0.000000E+00,0.000000E+00,0.000000E+00,2.111052E+01,5.035376E+01,2.388384E+01,4.977437E+01,6.617643E+01,1.597304E+02,5.840748E-03,1.408501E-02,0.000000E+00,0.000000E+00,0.000000E+00,0.000000E+00,0.000000E+00,0.000000E+00,0.000000E+00,0.000000E+00,2.111111E+01,5.124987E+01,2.388849E+01,4.670131E+01
18:30:00,4.530094E+03,5.460240E+03,3.998272E-01,4.814832E-01,0.000000E+00,0.000000E+00,0.000000E+00,0.000000E+00,0.000000E+00,0.000000E+00,0.000000E+00,0.000000E+00,2.111081E+01,5.083923E+01,2.388768E+01,4.719765E+01,5.288322E+03,7.371001E+03,4.667486E-01,6.499739E-01,0.000000E+00,0.000000E+00,0.000000E+00,0.000000E+00,0.000000E+00,0.000000E+00,0.000000E+00,0.000000E+00,2.111094E+01,5.086235E+01,2.388672E+01,4.906212E+01,7.490007E+02,2.290635E+03,6.610699E-02,2.019879E-01,0.000000E+00,0.000000E+00,0.000000E+00,0.000000E+00,0.000000E+00,0.000000E+00,0.000000E+00,0.000000E+00,2.111084E+01,5.077794E+01,2.388785E+01,4.653444E+01,8.922163E+02,2.025528E+03,7.874723E-02,1.786108E-01,0.000000E+00,0.000000E+00,0.000000E+00,0.000000E+00,0.000000E+00,0.000000E+00,0.000000E+00,0.000000E+00,2.111075E+01,5.059505E+01,2.387947E+01,5.290040E+01,5.434723E+03,1.374462E+04,4.796700E-01,1.211998E+00,0.000000E+00,0.000000E+00,0.000000E+00,0.000000E+00,0.000000E+00,0.000000E+00,0.000000E+00,0.000000E+00,2.111079E+01,5.070925E+01,2.386594E+01,5.997725E+01,2.059623E+03,2.464494E+03,1.817828E-01,2.173188E-01,0.000000E+00,0.000000E+00,0.000000E+00,0.000000E+00,0.000000E+00,0.000000E+00,0.000000E+00,0.000000E+00,2.111075E+01,5.057215E+01,2.388550E+01,5.035674E+01,8.095025E+02,7.110063E+02,7.144689E-02,6.269645E-02,0.000000E+00,0.000000E+00,0.000000E+00,0.000000E+00,0.000000E+00,0.000000E+00,0.000000E+00,0.000000E+00,2.111089E+01,5.071603E+01,2.388790E+01,4.823863E+01,1.068132E+03,8.348047E+02,9.427356E-02,7.361297E-02,0.000000E+00,0.000000E+00,0.000000E+00,0.000000E+00,0.000000E+00,0.000000E+00,0.000000E+00,0.000000E+00,2.111069E+01,5.045972E+01,2.388795E+01,4.786627E+01,1.305975E+03,2.339514E+03,1.152657E-01,2.062980E-01,0.000000E+00,0.000000E+00,0.000000E+00,0.000000E+00,0.000000E+00,0.000000E+00,0.000000E+00,0.000000E+00,2.111052E+01,5.035337E+01,2.388384E+01,4.991931E+01,6.603762E+01,1.574571E+02,5.828497E-03,1.388455E-02,0.000000E+00,0.000000E+00,0.000000E+00,0.000000E+00,0.000000E+00,0.000000E+00,0.000000E+00,0.000000E+00,2.111111E+01,5.124987E+01,2.388849E+01,4.671101E+01
18:45:00,4.526147E+03,5.315481E+03,3.994788E-01,4.687185E-01,0.000000E+00,0.000000E+00,0.000000E+00,0.000000E+00,0.000000E+00,0.000000E+00,0.000000E+00,0.000000E+00,2.111081E+01,5.083887E+01,2.388769E+01,4.722645E+01,5.285146E+03,7.070512E+03,4.664683E-01,6.234769E-01,0.000000E+00,0.000000E+00,0.000000E+00,0.000000E+00,0.000000E+00,0.000000E+00,0.000000E+00,0.000000E+00,2.111094E+01,5.086209E+01,2.388674E+01,4.917405E+01,7.486622E+02,2.265501E+03,6.607711E-02,1.997716E-01,0.000000E+00,0.000000E+00,0.000000E+00,0.000000E+00,0.000000E+00,0.000000E+00,0.000000E+00,0.000000E+00,2.111084E+01,5.077772E+01,2.388786E+01,4.654054E+01,8.918961E+02,1.967085E+03,7.871897E-02,1.734573E-01,0.000000E+00,0.000000E+00,0.000000E+00,0.000000E+00,0.000000E+00,0.000000E+00,0.000000E+00,0.000000E+00,2.111075E+01,5.059480E+01,2.387946E+01,5.309864E+01,5.433490E+03,1.351286E+04,4.795612E-01,1.191562E+00,0.000000E+00,0.000000E+00,0.000000E+00,0.000000E+00,0.000000E+00,0.000000E+00,0.000000E+00,0.000000E+00,2.111079E+01,5.070912E+01,2.386621E+01,6.018578E+01,2.058660E+03,2.410274E+03,1.816978E-01,2.125377E-01,0.000000E+00,0.000000E+00,0.000000E+00,0.000000E+00,0.000000E+00,0.000000E+00,0.000000E+00,0.000000E+00,2.111075E+01,5.057181E+01,2.388550E+01,5.044688E+01,8.089740E+02,6.893777E+02,7.140025E-02,6.078924E-02,0.000000E+00,0.000000E+00,0.000000E+00,0.000000E+00,0.000000E+00,0.000000E+00,0.000000E+00,0.000000E+00,2.111089E+01,5.071563E+01,2.388790E+01,4.829812E+01,1.067650E+03,7.993951E+02,9.423102E-02,7.049056E-02,0.000000E+00,0.000000E+00,0.000000E+00,0.000000E+00,0.000000E+00,0.000000E+00,0.000000E+00,0.000000E+00,2.111069E+01,5.045933E+01,2.388796E+01,4.793582E+01,1.305449E+03,2.241592E+03,1.152192E-01,1.976633E-01,0.000000E+00,0.000000E+00,0.000000E+00,0.000000E+00,0.000000E+00,0.000000E+00,0.000000E+00,0.000000E+00,2.111052E+01,5.035300E+01,2.388383E+01,5.008235E+01,6.590872E+01,1.550452E+02,5.817120E-03,1.367187E-02,0.000000E+00,0.000000E+00,0.000000E+00,0.000000E+00,0.000000E+00,0.000000E+00,0.000000E+00,0.000000E+00,2.111111E+01,5.124987E+01,2.388849E+01,4.672165E+01
19:00:00,4.522271E+03,5.143471E+03,3.991367E-01,4.535506E-01,0.000000E+00,0.000000E+00,0.000000E+00,0.000000E+00,0.000000E+00,0.000000E+00,0.000000E+00,0.000000E+00,2.111081E+01,5.083852E+01,2.388770E+01,4.726280E+01,5.282216E+03,6.748933E+03,4.662097E-01,5.951200E-01,0.000000E+00,0.000000E+00,0.000000E+00,0.000000E+00,0.000000E+00,0.000000E+00,0.000000E+00,0.000000E+00,2.111094E+01,5.086184E+01,2.388675E+01,4.930348E+01,7.483452E+02,2.212639E+03,6.604913E-02,1.951102E-01,0.000000E+00,0.000000E+00,0.000000E+00,0.000000E+00,0.000000E+00,0.000000E+00,0.000000E+00,0.000000E+00,2.111084E+01,5.077751E+01,2.388788E+01,4.655379E+01,8.916036E+02,1.905999E+03,7.869316E-02,1.680707E-01,0.000000E+00,0.000000E+00,0.000000E+00,0.000000E+00,0.000000E+00,0.000000E+00,0.000000E+00,0.000000E+00,2.111075E+01,5.059457E+01,2.387944E+01,5.331821E+01,5.432361E+03,1.315762E+04,4.794616E-01,1.160237E+00,0.000000E+00,0.000000E+00,0.000000E+00,0.000000E+00,0.000000E+00,0.000000E+00,0.000000E+00,0.000000E+00,2.111079E+01,5.070899E+01,2.386649E+01,6.052461E+01,2.057779E+03,2.354346E+03,1.816200E-01,2.076060E-01,0.000000E+00,0.000000E+00,0.000000E+00,0.000000E+00,0.000000E+00,0.000000E+00,0.000000E+00,0.000000E+00,2.111075E+01,5.057150E+01,2.388549E+01,5.054383E+01,8.084887E+02,6.672413E+02,7.135742E-02,5.883725E-02,0.000000E+00,0.000000E+00,0.000000E+00,0.000000E+00,0.000000E+00,0.000000E+00,0.000000E+00,0.000000E+00,2.111089E+01,5.071526E+01,2.388790E+01,4.836240E+01,1.067208E+03,7.637226E+02,9.419203E-02,6.734496E-02,0.000000E+00,0.000000E+00,0.000000E+00,0.000000E+00,0.000000E+00,0.000000E+00,0.000000E+00,0.000000E+00,2.111069E+01,5.045898E+01,2.388796E+01,4.801148E+01,1.304956E+03,2.141713E+03,1.151757E-01,1.888560E-01,0.000000E+00,0.000000E+00,0.000000E+00,0.000000E+00,0.000000E+00,0.000000E+00,0.000000E+00,0.000000E+00,2.111052E+01,5.035265E+01,2.388382E+01,5.026297E+01,6.578894E+01,1.525104E+02,5.806548E-03,1.344834E-02,0.000000E+00,0.000000E+00,0.000000E+00,0.000000E+00,0.000000E+00,0.000000E+00,0.000000E+00,0.000000E+00,2.111111E+01,5.124987E+01,2.388849E+01,4.673324E+01
19:15:00,4.518463E+03,4.946999E+03,3.988007E-01,4.362257E-01,0.000000E+00,0.000000E+00,0.000000E+00,0.000000E+00,0.000000E+00,0.000000E+00,0.000000E+00,0.000000E+00,2.111081E+01,5.083817E+01,2.388789E+01,4.732258E+01,5.279510E+03,6.411329E+03,4.659709E-01,5.653501E-01,0.000000E+00,0.000000E+00,0.000000E+00,0.000000E+00,0.000000E+00,0.000000E+00,0.000000E+00,0.000000E+00,2.111094E+01,5.086162E+01,2.388711E+01,4.949792E+01,7.480480E+02,2.129229E+03,6.602290E-02,1.877551E-01,0.000000E+00,0.000000E+00,0.000000E+00,0.000000E+00,0.000000E+00,0.000000E+00,0.000000E+00,0.000000E+00,2.111084E+01,5.077731E+01,2.388802E+01,4.658673E+01,8.913365E+02,1.843524E+03,7.866958E-02,1.625617E-01,0.000000E+00,0.000000E+00,0.000000E+00,0.000000E+00,0.000000E+00,0.000000E+00,0.000000E+00,0.000000E+00,2.111075E+01,5.059436E+01,2.388059E+01,5.363463E+01,5.431328E+03,1.266283E+04,4.793704E-01,1.116607E+00,0.000000E+00,0.000000E+00,0.000000E+00,0.000000E+00,0.000000E+00,0.000000E+00,0.000000E+00,0.000000E+00,2.111079E+01,5.070888E+01,2.387009E+01,6.123752E+01,2.056972E+03,2.297425E+03,1.815489E-01,2.025867E-01,0.000000E+00,0.000000E+00,0.000000E+00,0.000000E+00,0.000000E+00,0.000000E+00,0.000000E+00,0.000000E+00,2.111075E+01,5.057121E+01,2.388598E+01,5.067798E+01,8.080431E+02,6.448602E+02,7.131809E-02,5.686369E-02,0.000000E+00,0.000000E+00,0.000000E+00,0.000000E+00,0.000000E+00,0.000000E+00,0.000000E+00,0.000000E+00,2.111089E+01,5.071492E+01,2.388807E+01,4.845115E+01,1.066803E+03,7.282864E+02,9.415629E-02,6.422020E-02,0.000000E+00,0.000000E+00,0.000000E+00,0.000000E+00,0.000000E+00,0.000000E+00,0.000000E+00,0.000000E+00,2.111069E+01,5.045865E+01,2.388812E+01,4.811689E+01,1.304493E+03,2.042312E+03,1.151348E-01,1.800908E-01,0.000000E+00,0.000000E+00,0.000000E+00,0.000000E+00,0.000000E+00,0.000000E+00,0.000000E+00,0.000000E+00,2.111052E+01,5.035233E+01,2.388445E+01,5.052320E+01,6.567756E+01,1.498756E+02,5.796718E-03,1.321602E-02,0.000000E+00,0.000000E+00,0.000000E+00,0.000000E+00,0.000000E+00,0.000000E+00,0.000000E+00,0.000000E+00,2.111111E+01,5.124987E+01,2.388854E+01,4.674941E+01
19:30:00,4.514722E+03,4.723709E+03,3.984705E-01,4.165361E-01,0.000000E+00,0.000000E+00,0.000000E+00,0.000000E+00,0.000000E+00,0.000000E+00,0.000000E+00,0.000000E+00,2.111081E+01,5.083783E+01,2.388810E+01,4.737898E+01,5.277012E+03,6.060026E+03,4.657504E-01,5.343724E-01,0.000000E+00,0.000000E+00,0.000000E+00,0.000000E+00,0.000000E+00,0.000000E+00,0.000000E+00,0.000000E+00,2.111094E+01,5.086141E+01,2.388748E+01,4.966661E+01,7.477690E+02,2.009844E+03,6.599828E-02,1.772277E-01,0.000000E+00,0.000000E+00,0.000000E+00,0.000000E+00,0.000000E+00,0.000000E+00,0.000000E+00,0.000000E+00,2.111084E+01,5.077712E+01,2.388817E+01,4.662764E+01,8.910924E+02,1.781059E+03,7.864804E-02,1.570535E-01,0.000000E+00,0.000000E+00,0.000000E+00,0.000000E+00,0.000000E+00,0.000000E+00,0.000000E+00,0.000000E+00,2.111075E+01,5.059417E+01,2.388200E+01,5.389212E+01,5.430383E+03,1.200906E+04,4.792870E-01,1.058957E+00,0.000000E+00,0.000000E+00,0.000000E+00,0.000000E+00,0.000000E+00,0.000000E+00,0.000000E+00,0.000000E+00,2.111079E+01,5.070878E+01,2.387412E+01,6.205534E+01,2.056235E+03,2.240182E+03,1.814838E-01,1.975389E-01,0.000000E+00,0.000000E+00,0.000000E+00,0.000000E+00,0.000000E+00,0.000000E+00,0.000000E+00,0.000000E+00,2.111075E+01,5.057095E+01,2.388654E+01,5.078524E+01,8.076338E+02,6.225314E+02,7.128196E-02,5.489474E-02,0.000000E+00,0.000000E+00,0.000000E+00,0.000000E+00,0.000000E+00,0.000000E+00,0.000000E+00,0.000000E+00,2.111089E+01,5.071461E+01,2.388824E+01,4.852158E+01,1.066432E+03,6.934927E+02,9.412353E-02,6.115210E-02,0.000000E+00,0.000000E+00,0.000000E+00,0.000000E+00,0.000000E+00,0.000000E+00,0.000000E+00,0.000000E+00,2.111069E+01,5.045835E+01,2.388827E+01,4.820128E+01,1.304058E+03,1.945552E+03,1.150964E-01,1.715585E-01,0.000000E+00,0.000000E+00,0.000000E+00,0.000000E+00,0.000000E+00,0.000000E+00,0.000000E+00,0.000000E+00,2.111052E+01,5.035202E+01,2.388519E+01,5.073458E+01,6.557393E+01,1.471777E+02,5.787571E-03,1.297811E-02,0.000000E+00,0.000000E+00,0.000000E+00,0.000000E+00,0.000000E+00,0.000000E+00,0.000000E+00,0.000000E+00,2.111111E+01,5.124987E+01,2.388860E+01,4.676244E+01
19:45:00,4.511044E+03,4.474908E+03,3.981459E-01,3.945968E-01,0.000000E+00,0.000000E+00,0.000000E+00,0.000000E+00,0.000000E+00,0.000000E+00,0.000000E+00,0.000000E+00,2.111081E+01,5.083749E+01,2.388811E+01,4.745340E+01,5.274704E+03,5.699470E+03,4.655467E-01,5.025785E-01,0.000000E+00,0.000000E+00,0.000000E+00,0.000000E+00,0.000000E+00,0.000000E+00,0.000000E+00,0.000000E+00,2.111094E+01,5.086122E+01,2.388748E+01,4.987783E+01,7.475069E+02,1.851537E+03,6.597515E-02,1.632683E-01,0.000000E+00,0.000000E+00,0.000000E+00,0.000000E+00,0.000000E+00,0.000000E+00,0.000000E+00,0.000000E+00,2.111084E+01,5.077695E+01,2.388818E+01,4.669062E+01,8.908693E+02,1.719611E+03,7.862835E-02,1.516351E-01,0.000000E+00,0.000000E+00,0.000000E+00,0.000000E+00,0.000000E+00,0.000000E+00,0.000000E+00,0.000000E+00,2.111075E+01,5.059399E+01,2.388206E+01,5.417692E+01,5.429519E+03,1.118501E+04,4.792107E-01,9.862931E-01,0.000000E+00,0.000000E+00,0.000000E+00,0.000000E+00,0.000000E+00,0.000000E+00,0.000000E+00,0.000000E+00,2.111079E+01,5.070868E+01,2.387459E+01,6.325976E+01,2.055560E+03,2.183394E+03,1.814242E-01,1.925314E-01,0.000000E+00,0.000000E+00,0.000000E+00,0.000000E+00,0.000000E+00,0.000000E+00,0.000000E+00,0.000000E+00,2.111075E+01,5.057071E+01,2.388655E+01,5.090885E+01,8.072580E+02,6.005701E+02,7.124879E-02,5.295820E-02,0.000000E+00,0.000000E+00,0.000000E+00,0.000000E+00,0.000000E+00,0.000000E+00,0.000000E+00,0.000000E+00,2.111089E+01,5.071432E+01,2.388825E+01,4.860545E+01,1.066091E+03,6.597462E+02,9.409349E-02,5.817633E-02,0.000000E+00,0.000000E+00,0.000000E+00,0.000000E+00,0.000000E+00,0.000000E+00,0.000000E+00,0.000000E+00,2.111069E+01,5.045808E+01,2.388827E+01,4.830161E+01,1.303648E+03,1.853584E+03,1.150603E-01,1.634488E-01,0.000000E+00,0.000000E+00,0.000000E+00,0.000000E+00,0.000000E+00,0.000000E+00,0.000000E+00,0.000000E+00,2.111052E+01,5.035174E+01,2.388520E+01,5.096749E+01,6.547743E+01,1.444581E+02,5.779054E-03,1.273829E-02,0.000000E+00,0.000000E+00,0.000000E+00,0.000000E+00,0.000000E+00,0.000000E+00,0.000000E+00,0.000000E+00,2.111111E+01,5.124987E+01,2.388860E+01,4.677768E+01
20:00:00,4.507428E+03,4.210260E+03,3.978267E-01,3.712602E-01,0.000000E+00,0.000000E+00,0.000000E+00,0.000000E+00,0.000000E+00,0.000000E+00,0.000000E+00,0.000000E+00,2.111081E+01,5.083716E+01,2.388812E+01,4.753967E+01,5.272570E+03,5.338887E+03,4.653584E-01,4.707824E-01,0.000000E+00,0.000000E+00,0.000000E+00,0.000000E+00,0.000000E+00,0.000000E+00,0.000000E+00,0.000000E+00,2.111094E+01,5.086104E+01,2.388749E+01,5.010914E+01,7.472605E+02,1.662232E+03,6.595339E-02,1.465754E-01,0.000000E+00,0.000000E+00,0.000000E+00,0.000000E+00,0.000000E+00,0.000000E+00,0.000000E+00,0.000000E+00,2.111084E+01,5.077679E+01,2.388819E+01,4.677910E+01,8.906655E+02,1.659537E+03,7.861035E-02,1.463377E-01,0.000000E+00,0.000000E+00,0.000000E+00,0.000000E+00,0.000000E+00,0.000000E+00,0.000000E+00,0.000000E+00,2.111075E+01,5.059383E+01,2.388204E+01,5.446136E+01,5.428728E+03,1.023443E+04,4.791409E-01,9.024705E-01,0.000000E+00,0.000000E+00,0.000000E+00,0.000000E+00,0.000000E+00,0.000000E+00,0.000000E+00,0.000000E+00,2.111079E+01,5.070859E+01,2.387478E+01,6.484056E+01,2.054942E+03,2.127552E+03,1.813697E-01,1.876073E-01,0.000000E+00,0.000000E+00,0.000000E+00,0.000000E+00,0.000000E+00,0.000000E+00,0.000000E+00,0.000000E+00,2.111075E+01,5.057049E+01,2.388654E+01,5.103232E+01,8.069127E+02,5.792595E+02,7.121832E-02,5.107903E-02,0.000000E+00,0.000000E+00,0.000000E+00,0.000000E+00,0.000000E+00,0.000000E+00,0.000000E+00,0.000000E+00,2.111089E+01,5.071406E+01,2.388825E+01,4.869166E+01,1.065779E+03,6.273968E+02,9.406595E-02,5.532377E-02,0.000000E+00,0.000000E+00,0.000000E+00,0.000000E+00,0.000000E+00,0.000000E+00,0.000000E+00,0.000000E+00,2.111069E+01,5.045783E+01,2.388828E+01,4.840506E+01,1.303263E+03,1.767805E+03,1.150263E-01,1.558848E-01,0.000000E+00,0.000000E+00,0.000000E+00,0.000000E+00,0.000000E+00,0.000000E+00,0.000000E+00,0.000000E+00,2.111052E+01,5.035147E+01,2.388517E+01,5.119451E+01,6.538752E+01,1.417566E+02,5.771119E-03,1.250008E-02,0.000000E+00,0.000000E+00,0.000000E+00,0.000000E+00,0.000000E+00,0.000000E+00,0.000000E+00,0.000000E+00,2.111111E+01,5.124987E+01,2.388860E+01,4.679302E+01
20:15:00,4.503871E+03,3.956495E+03,3.975128E-01,3.488832E-01,0.000000E+00,0.000000E+00,0.000000E+00,0.000000E+00,0.000000E+00,0.000000E+00,0.000000E+00,0.000000E+00,2.111081E+01,5.083684E+01,2.388811E+01,4.763416E+01,5.270597E+03,4.998197E+03,4.651842E-01,4.407404E-01,0.000000E+00,0.000000E+00,0.000000E+00,0.000000E+00,0.000000E+00,0.000000E+00,0.000000E+00,0.000000E+00,2.111094E+01,5.086088E+01,2.388749E+01,5.035760E+01,7.470285E+02,1.468073E+03,6.593292E-02,1.294545E-01,0.000000E+00,0.000000E+00,0.000000E+00,0.000000E+00,0.000000E+00,0.000000E+00,0.000000E+00,0.000000E+00,2.111084E+01,5.077663E+01,2.388819E+01,4.688979E+01,8.904790E+02,1.601505E+03,7.859390E-02,1.412205E-01,0.000000E+00,0.000000E+00,0.000000E+00,0.000000E+00,0.000000E+00,0.000000E+00,0.000000E+00,0.000000E+00,2.111075E+01,5.059368E+01,2.388201E+01,5.475622E+01,5.428004E+03,9.297297E+03,4.790770E-01,8.198345E-01,0.000000E+00,0.000000E+00,0.000000E+00,0.000000E+00,0.000000E+00,0.000000E+00,0.000000E+00,0.000000E+00,2.111079E+01,5.070851E+01,2.387473E+01,6.669899E+01,2.054376E+03,2.073763E+03,1.813198E-01,1.828641E-01,0.000000E+00,0.000000E+00,0.000000E+00,0.000000E+00,0.000000E+00,0.000000E+00,0.000000E+00,0.000000E+00,2.111075E+01,5.057029E+01,2.388653E+01,5.115693E+01,8.065956E+02,5.588205E+02,7.119032E-02,4.927672E-02,0.000000E+00,0.000000E+00,0.000000E+00,0.000000E+00,0.000000E+00,0.000000E+00,0.000000E+00,0.000000E+00,2.111089E+01,5.071381E+01,2.388825E+01,4.878005E+01,1.065493E+03,5.966659E+02,9.404069E-02,5.261393E-02,0.000000E+00,0.000000E+00,0.000000E+00,0.000000E+00,0.000000E+00,0.000000E+00,0.000000E+00,0.000000E+00,2.111069E+01,5.045760E+01,2.388828E+01,4.851178E+01,1.302900E+03,1.689590E+03,1.149942E-01,1.489878E-01,0.000000E+00,0.000000E+00,0.000000E+00,0.000000E+00,0.000000E+00,0.000000E+00,0.000000E+00,0.000000E+00,2.111052E+01,5.035121E+01,2.388514E+01,5.141928E+01,6.530369E+01,1.391098E+02,5.763720E-03,1.226668E-02,0.000000E+00,0.000000E+00,0.000000E+00,0.000000E+00,0.000000E+00,0.000000E+00,0.000000E+00,0.000000E+00,2.111111E+01,5.124987E+01,2.388860E+01,4.680851E+01
20:30:00,4.500373E+03,3.729910E+03,3.972040E-01,3.289030E-01,0.000000E+00,0.000000E+00,0.000000E+00,0.000000E+00,0.000000E+00,0.000000E+00,0.000000E+00,0.000000E+00,2.111081E+01,5.083652E+01,2.388811E+01,4.772600E+01,5.268772E+03,4.691425E+03,4.650232E-01,4.136892E-01,0.000000E+00,0.000000E+00,0.000000E+00,0.000000E+00,0.000000E+00,0.000000E+00,0.000000E+00,0.000000E+00,2.111094E+01,5.086072E+01,2.388748E+01,5.061117E+01,7.468099E+02,1.289737E+03,6.591362E-02,1.137288E-01,0.000000E+00,0.000000E+00,0.000000E+00,0.000000E+00,0.000000E+00,0.000000E+00,0.000000E+00,0.000000E+00,2.111084E+01,5.077649E+01,2.388818E+01,4.700410E+01,8.903086E+02,1.545776E+03,7.857886E-02,1.363063E-01,0.000000E+00,0.000000E+00,0.000000E+00,0.000000E+00,0.000000E+00,0.000000E+00,0.000000E+00,0.000000E+00,2.111075E+01,5.059355E+01,2.388197E+01,5.505931E+01,5.427343E+03,8.467944E+03,4.790186E-01,7.467022E-01,0.000000E+00,0.000000E+00,0.000000E+00,0.000000E+00,0.000000E+00,0.000000E+00,0.000000E+00,0.000000E+00,2.111079E+01,5.070844E+01,2.387443E+01,6.849195E+01,2.053859E+03,2.022818E+03,1.812741E-01,1.783718E-01,0.000000E+00,0.000000E+00,0.000000E+00,0.000000E+00,0.000000E+00,0.000000E+00,0.000000E+00,0.000000E+00,2.111075E+01,5.057010E+01,2.388653E+01,5.128094E+01,8.063042E+02,5.394361E+02,7.116461E-02,4.756740E-02,0.000000E+00,0.000000E+00,0.000000E+00,0.000000E+00,0.000000E+00,0.000000E+00,0.000000E+00,0.000000E+00,2.111089E+01,5.071359E+01,2.388824E+01,4.887025E+01,1.065231E+03,5.677551E+02,9.401753E-02,5.006457E-02,0.000000E+00,0.000000E+00,0.000000E+00,0.000000E+00,0.000000E+00,0.000000E+00,0.000000E+00,0.000000E+00,2.111069E+01,5.045739E+01,2.388828E+01,4.862160E+01,1.302557E+03,1.619442E+03,1.149640E-01,1.428022E-01,0.000000E+00,0.000000E+00,0.000000E+00,0.000000E+00,0.000000E+00,0.000000E+00,0.000000E+00,0.000000E+00,2.111052E+01,5.035097E+01,2.388511E+01,5.163761E+01,6.522547E+01,1.365487E+02,5.756817E-03,1.204084E-02,0.000000E+00,0.000000E+00,0.000000E+00,0.000000E+00,0.000000E+00,0.000000E+00,0.000000E+00,0.000000E+00,2.111111E+01,5.124987E+01,2.388860E+01,4.682411E+01
20:45:00,4.496931E+03,3.540661E+03,3.969002E-01,3.122150E-01,0.000000E+00,0.000000E+00,0.000000E+00,0.000000E+00,0.000000E+00,0.000000E+00,0.000000E+00,0.000000E+00,2.111081E+01,5.083620E+01,2.388810E+01,4.781130E+01,5.267083E+03,4.425994E+03,4.648741E-01,3.902836E-01,0.000000E+00,0.000000E+00,0.000000E+00,0.000000E+00,0.000000E+00,0.000000E+00,0.000000E+00,0.000000E+00,2.111094E+01,5.086058E+01,2.388747E+01,5.086147E+01,7.466037E+02,1.142930E+03,6.589543E-02,1.007834E-01,0.000000E+00,0.000000E+00,0.000000E+00,0.000000E+00,0.000000E+00,0.000000E+00,0.000000E+00,0.000000E+00,2.111084E+01,5.077635E+01,2.388817E+01,4.711447E+01,8.901527E+02,1.492957E+03,7.856510E-02,1.316488E-01,0.000000E+00,0.000000E+00,0.000000E+00,0.000000E+00,0.000000E+00,0.000000E+00,0.000000E+00,0.000000E+00,2.111075E+01,5.059342E+01,2.388193E+01,5.536454E+01,5.426737E+03,7.815390E+03,4.789652E-01,6.891601E-01,0.000000E+00,0.000000E+00,0.000000E+00,0.000000E+00,0.000000E+00,0.000000E+00,0.000000E+00,0.000000E+00,2.111079E+01,5.070837E+01,2.387415E+01,7.007002E+01,2.053385E+03,1.975205E+03,1.812322E-01,1.741733E-01,0.000000E+00,0.000000E+00,0.000000E+00,0.000000E+00,0.000000E+00,0.000000E+00,0.000000E+00,0.000000E+00,2.111075E+01,5.056994E+01,2.388652E+01,5.140218E+01,8.060366E+02,5.212270E+02,7.114099E-02,4.596173E-02,0.000000E+00,0.000000E+00,0.000000E+00,0.000000E+00,0.000000E+00,0.000000E+00,0.000000E+00,0.000000E+00,2.111089E+01,5.071339E+01,2.388824E+01,4.896160E+01,1.064990E+03,5.407968E+02,9.399628E-02,4.768739E-02,0.000000E+00,0.000000E+00,0.000000E+00,0.000000E+00,0.000000E+00,0.000000E+00,0.000000E+00,0.000000E+00,2.111069E+01,5.045720E+01,2.388828E+01,4.873389E+01,1.302233E+03,1.557061E+03,1.149354E-01,1.373015E-01,0.000000E+00,0.000000E+00,0.000000E+00,0.000000E+00,0.000000E+00,0.000000E+00,0.000000E+00,0.000000E+00,2.111052E+01,5.035075E+01,2.388508E+01,5.184637E+01,6.515245E+01,1.340929E+02,5.750371E-03,1.182429E-02,0.000000E+00,0.000000E+00,0.000000E+00,0.000000E+00,0.000000E+00,0.000000E+00,0.000000E+00,0.000000E+00,2.111111E+01,5.124987E+01,2.388860E+01,4.683967E+01
21:00:00,4.493544E+03,3.389494E+03,3.966013E-01,2.988851E-01,0.000000E+00,0.000000E+00,0.000000E+00,0.000000E+00,0.000000E+00,0.000000E+00,0.000000E+00,0.000000E+00,2.111081E+01,5.083589E+01,2.388809E+01,4.789136E+01,5.265520E+03,4.202085E+03,4.647361E-01,3.705393E-01,0.000000E+00,0.000000E+00,0.000000E+00,0.000000E+00,0.000000E+00,0.000000E+00,0.000000E+00,0.000000E+00,2.111094E+01,5.086045E+01,2.388746E+01,5.110660E+01,7.464092E+02,1.032082E+03,6.587826E-02,9.100887E-02,0.000000E+00,0.000000E+00,0.000000E+00,0.000000E+00,0.000000E+00,0.000000E+00,0.000000E+00,0.000000E+00,2.111084E+01,5.077622E+01,2.388816E+01,4.722218E+01,8.900101E+02,1.444065E+03,7.855251E-02,1.273375E-01,0.000000E+00,0.000000E+00,0.000000E+00,0.000000E+00,0.000000E+00,0.000000E+00,0.000000E+00,0.000000E+00,2.111075E+01,5.059331E+01,2.388188E+01,5.566556E+01,5.426184E+03,7.350441E+03,4.789163E-01,6.481610E-01,0.000000E+00,0.000000E+00,0.000000E+00,0.000000E+00,0.000000E+00,0.000000E+00,0.000000E+00,0.000000E+00,2.111079E+01,5.070831E+01,2.387392E+01,7.146305E+01,2.052951E+03,1.931488E+03,1.811939E-01,1.703184E-01,0.000000E+00,0.000000E+00,0.000000E+00,0.000000E+00,0.000000E+00,0.000000E+00,0.000000E+00,0.000000E+00,2.111075E+01,5.056978E+01,2.388651E+01,5.151966E+01,8.057907E+02,5.042630E+02,7.111928E-02,4.446585E-02,0.000000E+00,0.000000E+00,0.000000E+00,0.000000E+00,0.000000E+00,0.000000E+00,0.000000E+00,0.000000E+00,2.111089E+01,5.071320E+01,2.388824E+01,4.905341E+01,1.064769E+03,5.158654E+02,9.397680E-02,4.548894E-02,0.000000E+00,0.000000E+00,0.000000E+00,0.000000E+00,0.000000E+00,0.000000E+00,0.000000E+00,0.000000E+00,2.111069E+01,5.045702E+01,2.388828E+01,4.884790E+01,1.301928E+03,1.502141E+03,1.149084E-01,1.324586E-01,0.000000E+00,0.000000E+00,0.000000E+00,0.000000E+00,0.000000E+00,0.000000E+00,0.000000E+00,0.000000E+00,2.111052E+01,5.035053E+01,2.388505E+01,5.204523E+01,6.508422E+01,1.317540E+02,5.744350E-03,1.161805E-02,0.000000E+00,0.000000E+00,0.000000E+00,0.000000E+00,0.000000E+00,0.000000E+00,0.000000E+00,0.000000E+00,2.111111E+01,5.124987E+01,2.388860E+01,4.685510E+01
21:15:00,4.490210E+03,3.258160E+03,3.963071E-01,2.873041E-01,0.000000E+00,0.000000E+00,0.000000E+00,0.000000E+00,0.000000E+00,0.000000E+00,0.000000E+00,0.000000E+00,2.111081E+01,5.083558E+01,2.388809E+01,4.795734E+01,5.264072E+03,4.007086E+03,4.646083E-01,3.533443E-01,0.000000E+00,0.000000E+00,0.000000E+00,0.000000E+00,0.000000E+00,0.000000E+00,0.000000E+00,0.000000E+00,2.111094E+01,5.086033E+01,2.388747E+01,5.131517E+01,7.462255E+02,9.433266E+02,6.586205E-02,8.318242E-02,0.000000E+00,0.000000E+00,0.000000E+00,0.000000E+00,0.000000E+00,0.000000E+00,0.000000E+00,0.000000E+00,2.111084E+01,5.077610E+01,2.388816E+01,4.731284E+01,8.898797E+02,1.399853E+03,7.854100E-02,1.234388E-01,0.000000E+00,0.000000E+00,0.000000E+00,0.000000E+00,0.000000E+00,0.000000E+00,0.000000E+00,0.000000E+00,2.111075E+01,5.059321E+01,2.388187E+01,5.591475E+01,5.425678E+03,6.996035E+03,4.788717E-01,6.169095E-01,0.000000E+00,0.000000E+00,0.000000E+00,0.000000E+00,0.000000E+00,0.000000E+00,0.000000E+00,0.000000E+00,2.111079E+01,5.070826E+01,2.387389E+01,7.255311E+01,2.052553E+03,1.891545E+03,1.811589E-01,1.667962E-01,0.000000E+00,0.000000E+00,0.000000E+00,0.000000E+00,0.000000E+00,0.000000E+00,0.000000E+00,0.000000E+00,2.111075E+01,5.056964E+01,2.388651E+01,5.161776E+01,8.055648E+02,4.885609E+02,7.109935E-02,4.308123E-02,0.000000E+00,0.000000E+00,0.000000E+00,0.000000E+00,0.000000E+00,0.000000E+00,0.000000E+00,0.000000E+00,2.111089E+01,5.071303E+01,2.388824E+01,4.913304E+01,1.064567E+03,4.929419E+02,9.395892E-02,4.346756E-02,0.000000E+00,0.000000E+00,0.000000E+00,0.000000E+00,0.000000E+00,0.000000E+00,0.000000E+00,0.000000E+00,2.111069E+01,5.045685E+01,2.388828E+01,4.894758E+01,1.301638E+03,1.453741E+03,1.148829E-01,1.281907E-01,0.000000E+00,0.000000E+00,0.000000E+00,0.000000E+00,0.000000E+00,0.000000E+00,0.000000E+00,0.000000E+00,2.111052E+01,5.035033E+01,2.388506E+01,5.220792E+01,6.502044E+01,1.295376E+02,5.738720E-03,1.142261E-02,0.000000E+00,0.000000E+00,0.000000E+00,0.000000E+00,0.000000E+00,0.000000E+00,0.000000E+00,0.000000E+00,2.111111E+01,5.124987E+01,2.388860E+01,4.686824E+01
21:30:00,4.486929E+03,3.141322E+03,3.960175E-01,2.770014E-01,0.000000E+00,0.000000E+00,0.000000E+00,0.000000E+00,0.000000E+00,0.000000E+00,0.000000E+00,0.000000E+00,2.111081E+01,5.083528E+01,2.388772E+01,4.801400E+01,5.262730E+03,3.832652E+03,4.644898E-01,3.379627E-01,0.000000E+00,0.000000E+00,0.000000E+00,0.000000E+00,0.000000E+00,0.000000E+00,0.000000E+00,0.000000E+00,2.111094E+01,5.086022E+01,2.388675E+01,5.149580E+01,7.460519E+02,8.700720E+02,6.584673E-02,7.672284E-02,0.000000E+00,0.000000E+00,0.000000E+00,0.000000E+00,0.000000E+00,0.000000E+00,0.000000E+00,0.000000E+00,2.111084E+01,5.077599E+01,2.388788E+01,4.739314E+01,8.897603E+02,1.359773E+03,7.853047E-02,1.199046E-01,0.000000E+00,0.000000E+00,0.000000E+00,0.000000E+00,0.000000E+00,0.000000E+00,0.000000E+00,0.000000E+00,2.111075E+01,5.059312E+01,2.387927E+01,5.613646E+01,5.425216E+03,6.704663E+03,4.788309E-01,5.912163E-01,0.000000E+00,0.000000E+00,0.000000E+00,0.000000E+00,0.000000E+00,0.000000E+00,0.000000E+00,0.000000E+00,2.111079E+01,5.070821E+01,2.386655E+01,7.343298E+01,2.052189E+03,1.854389E+03,1.811268E-01,1.635198E-01,0.000000E+00,0.000000E+00,0.000000E+00,0.000000E+00,0.000000E+00,0.000000E+00,0.000000E+00,0.000000E+00,2.111075E+01,5.056951E+01,2.388547E+01,5.170415E+01,8.053572E+02,4.739079E+02,7.108103E-02,4.178914E-02,0.000000E+00,0.000000E+00,0.000000E+00,0.000000E+00,0.000000E+00,0.000000E+00,0.000000E+00,0.000000E+00,2.111089E+01,5.071287E+01,2.388791E+01,4.920308E+01,1.064381E+03,4.717757E+02,9.394252E-02,4.160112E-02,0.000000E+00,0.000000E+00,0.000000E+00,0.000000E+00,0.000000E+00,0.000000E+00,0.000000E+00,0.000000E+00,2.111069E+01,5.045670E+01,2.388798E+01,4.903589E+01,1.301365E+03,1.410493E+03,1.148588E-01,1.243771E-01,0.000000E+00,0.000000E+00,0.000000E+00,0.000000E+00,0.000000E+00,0.000000E+00,0.000000E+00,0.000000E+00,2.111052E+01,5.035014E+01,2.388353E+01,5.235053E+01,6.496077E+01,1.274300E+02,5.733453E-03,1.123676E-02,0.000000E+00,0.000000E+00,0.000000E+00,0.000000E+00,0.000000E+00,0.000000E+00,0.000000E+00,0.000000E+00,2.111111E+01,5.124987E+01,2.388849E+01,4.687998E+01
21:45:00,4.483699E+03,3.036423E+03,3.957324E-01,2.677514E-01,0.000000E+00,0.000000E+00,0.000000E+00,0.000000E+00,0.000000E+00,0.000000E+00,0.000000E+00,0.000000E+00,2.111081E+01,5.083498E+01,2.388767E+01,4.808508E+01,5.261486E+03,3.675447E+03,4.643801E-01,3.241004E-01,0.000000E+00,0.000000E+00,0.000000E+00,0.000000E+00,0.000000E+00,0.000000E+00,0.000000E+00,0.000000E+00,2.111094E+01,5.086011E+01,2.388669E+01,5.172899E+01,7.458877E+02,8.087254E+02,6.583224E-02,7.131331E-02,0.000000E+00,0.000000E+00,0.000000E+00,0.000000E+00,0.000000E+00,0.000000E+00,0.000000E+00,0.000000E+00,2.111084E+01,5.077588E+01,2.388784E+01,4.749554E+01,8.896511E+02,1.323793E+03,7.852083E-02,1.167319E-01,0.000000E+00,0.000000E+00,0.000000E+00,0.000000E+00,0.000000E+00,0.000000E+00,0.000000E+00,0.000000E+00,2.111075E+01,5.059303E+01,2.387869E+01,5.640784E+01,5.424793E+03,6.463529E+03,4.787936E-01,5.699531E-01,0.000000E+00,0.000000E+00,0.000000E+00,0.000000E+00,0.000000E+00,0.000000E+00,0.000000E+00,0.000000E+00,2.111079E+01,5.070816E+01,2.386512E+01,7.448730E+01,2.051856E+03,1.819851E+03,1.810973E-01,1.604742E-01,0.000000E+00,0.000000E+00,0.000000E+00,0.000000E+00,0.000000E+00,0.000000E+00,0.000000E+00,0.000000E+00,2.111075E+01,5.056939E+01,2.388531E+01,5.181165E+01,8.051666E+02,4.602105E+02,7.106420E-02,4.058130E-02,0.000000E+00,0.000000E+00,0.000000E+00,0.000000E+00,0.000000E+00,0.000000E+00,0.000000E+00,0.000000E+00,2.111089E+01,5.071272E+01,2.388789E+01,4.929441E+01,1.064210E+03,4.521980E+02,9.392748E-02,3.987476E-02,0.000000E+00,0.000000E+00,0.000000E+00,0.000000E+00,0.000000E+00,0.000000E+00,0.000000E+00,0.000000E+00,2.111069E+01,5.045657E+01,2.388796E+01,4.915225E+01,1.301106E+03,1.371820E+03,1.148359E-01,1.209669E-01,0.000000E+00,0.000000E+00,0.000000E+00,0.000000E+00,0.000000E+00,0.000000E+00,0.000000E+00,0.000000E+00,2.111052E+01,5.034996E+01,2.388322E+01,5.252504E+01,6.490491E+01,1.254239E+02,5.728523E-03,1.105987E-02,0.000000E+00,0.000000E+00,0.000000E+00,0.000000E+00,0.000000E+00,0.000000E+00,0.000000E+00,0.000000E+00,2.111111E+01,5.124987E+01,2.388848E+01,4.689489E+01
22:00:00,4.480519E+03,2.941192E+03,3.954517E-01,2.593539E-01,0.000000E+00,0.000000E+00,0.000000E+00,0.000000E+00,0.000000E+00,0.000000E+00,0.000000E+00,0.000000E+00,2.111081E+01,5.083468E+01,2.388765E+01,4.815362E+01,5.260333E+03,3.532322E+03,4.642783E-01,3.114797E-01,0.000000E+00,0.000000E+00,0.000000E+00,0.000000E+00,0.000000E+00,0.000000E+00,0.000000E+00,0.000000E+00,2.111094E+01,5.086002E+01,2.388666E+01,5.195855E+01,7.457324E+02,7.566781E+02,6.581852E-02,6.672378E-02,0.000000E+00,0.000000E+00,0.000000E+00,0.000000E+00,0.000000E+00,0.000000E+00,0.000000E+00,0.000000E+00,2.111084E+01,5.077578E+01,2.388781E+01,4.759568E+01,8.895512E+02,1.291379E+03,7.851201E-02,1.138736E-01,0.000000E+00,0.000000E+00,0.000000E+00,0.000000E+00,0.000000E+00,0.000000E+00,0.000000E+00,0.000000E+00,2.111075E+01,5.059295E+01,2.387849E+01,5.666580E+01,5.424407E+03,6.258622E+03,4.787595E-01,5.518844E-01,0.000000E+00,0.000000E+00,0.000000E+00,0.000000E+00,0.000000E+00,0.000000E+00,0.000000E+00,0.000000E+00,2.111079E+01,5.070812E+01,2.386456E+01,7.545310E+01,2.051551E+03,1.787468E+03,1.810704E-01,1.576187E-01,0.000000E+00,0.000000E+00,0.000000E+00,0.000000E+00,0.000000E+00,0.000000E+00,0.000000E+00,0.000000E+00,2.111075E+01,5.056928E+01,2.388527E+01,5.191578E+01,8.049914E+02,4.473223E+02,7.104874E-02,3.944482E-02,0.000000E+00,0.000000E+00,0.000000E+00,0.000000E+00,0.000000E+00,0.000000E+00,0.000000E+00,0.000000E+00,2.111089E+01,5.071258E+01,2.388788E+01,4.938535E+01,1.064054E+03,4.339827E+02,9.391368E-02,3.826854E-02,0.000000E+00,0.000000E+00,0.000000E+00,0.000000E+00,0.000000E+00,0.000000E+00,0.000000E+00,0.000000E+00,2.111069E+01,5.045644E+01,2.388795E+01,4.926913E+01,1.300860E+03,1.336985E+03,1.148143E-01,1.178951E-01,0.000000E+00,0.000000E+00,0.000000E+00,0.000000E+00,0.000000E+00,0.000000E+00,0.000000E+00,0.000000E+00,2.111052E+01,5.034979E+01,2.388311E+01,5.269061E+01,6.485258E+01,1.235115E+02,5.723905E-03,1.089123E-02,0.000000E+00,0.000000E+00,0.000000E+00,0.000000E+00,0.000000E+00,0.000000E+00,0.000000E+00,0.000000E+00,2.111111E+01,5.124987E+01,2.388847E+01,4.690956E+01
22:15:00,4.477388E+03,2.854404E+03,3.951754E-01,2.517010E-01,0.000000E+00,0.000000E+00,0.000000E+00,0.000000E+00,0.000000E+00,0.000000E+00,0.000000E+00,0.000000E+00,2.111081E+01,5.083439E+01,2.388764E+01,4.822003E+01,5.259264E+03,3.400996E+03,4.641840E-01,2.998994E-01,0.000000E+00,0.000000E+00,0.000000E+00,0.000000E+00,0.000000E+00,0.000000E+00,0.000000E+00,0.000000E+00,2.111094E+01,5.085993E+01,2.388664E+01,5.218509E+01,7.455853E+02,7.119942E+02,6.580554E-02,6.278356E-02,0.000000E+00,0.000000E+00,0.000000E+00,0.000000E+00,0.000000E+00,0.000000E+00,0.000000E+00,0.000000E+00,2.111084E+01,5.077568E+01,2.388779E+01,4.769362E+01,8.894597E+02,1.261799E+03,7.850394E-02,1.112653E-01,0.000000E+00,0.000000E+00,0.000000E+00,0.000000E+00,0.000000E+00,0.000000E+00,0.000000E+00,0.000000E+00,2.111075E+01,5.059288E+01,2.387837E+01,5.691108E+01,5.424054E+03,6.076231E+03,4.787284E-01,5.358012E-01,0.000000E+00,0.000000E+00,0.000000E+00,0.000000E+00,0.000000E+00,0.000000E+00,0.000000E+00,0.000000E+00,2.111079E+01,5.070808E+01,2.386420E+01,7.634509E+01,2.051272E+03,1.756810E+03,1.810458E-01,1.549152E-01,0.000000E+00,0.000000E+00,0.000000E+00,0.000000E+00,0.000000E+00,0.000000E+00,0.000000E+00,0.000000E+00,2.111075E+01,5.056918E+01,2.388525E+01,5.201720E+01,8.048305E+02,4.351372E+02,7.103454E-02,3.837034E-02,0.000000E+00,0.000000E+00,0.000000E+00,0.000000E+00,0.000000E+00,0.000000E+00,0.000000E+00,0.000000E+00,2.111089E+01,5.071246E+01,2.388788E+01,4.947596E+01,1.063911E+03,4.169777E+02,9.390102E-02,3.676904E-02,0.000000E+00,0.000000E+00,0.000000E+00,0.000000E+00,0.000000E+00,0.000000E+00,0.000000E+00,0.000000E+00,2.111069E+01,5.045633E+01,2.388795E+01,4.938656E+01,1.300628E+03,1.305298E+03,1.147937E-01,1.151010E-01,0.000000E+00,0.000000E+00,0.000000E+00,0.000000E+00,0.000000E+00,0.000000E+00,0.000000E+00,0.000000E+00,2.111052E+01,5.034962E+01,2.388305E+01,5.284829E+01,6.480353E+01,1.216855E+02,5.719576E-03,1.073022E-02,0.000000E+00,0.000000E+00,0.000000E+00,0.000000E+00,0.000000E+00,0.000000E+00,0.000000E+00,0.000000E+00,2.111111E+01,5.124987E+01,2.388847E+01,4.692401E+01
22:30:00,4.474305E+03,2.775256E+03,3.949033E-01,2.447218E-01,0.000000E+00,0.000000E+00,0.000000E+00,0.000000E+00,0.000000E+00,0.000000E+00,0.000000E+00,0.000000E+00,2.111081E+01,5.083410E+01,2.388763E+01,4.828429E+01,5.258272E+03,3.281099E+03,4.640964E-01,2.893269E-01,0.000000E+00,0.000000E+00,0.000000E+00,0.000000E+00,0.000000E+00,0.000000E+00,0.000000E+00,0.000000E+00,2.111094E+01,5.085985E+01,2.388662E+01,5.240857E+01,7.454459E+02,6.734031E+02,6.579324E-02,5.938060E-02,0.000000E+00,0.000000E+00,0.000000E+00,0.000000E+00,0.000000E+00,0.000000E+00,0.000000E+00,0.000000E+00,2.111084E+01,5.077559E+01,2.388777E+01,4.778905E+01,8.893760E+02,1.235290E+03,7.849655E-02,1.089277E-01,0.000000E+00,0.000000E+00,0.000000E+00,0.000000E+00,0.000000E+00,0.000000E+00,0.000000E+00,0.000000E+00,2.111075E+01,5.059281E+01,2.387827E+01,5.714295E+01,5.423732E+03,5.920908E+03,4.787000E-01,5.221049E-01,0.000000E+00,0.000000E+00,0.000000E+00,0.000000E+00,0.000000E+00,0.000000E+00,0.000000E+00,0.000000E+00,2.111079E+01,5.070804E+01,2.386390E+01,7.716954E+01,2.051016E+03,1.728198E+03,1.810232E-01,1.523923E-01,0.000000E+00,0.000000E+00,0.000000E+00,0.000000E+00,0.000000E+00,0.000000E+00,0.000000E+00,0.000000E+00,2.111075E+01,5.056909E+01,2.388523E+01,5.211574E+01,8.046827E+02,4.236810E+02,7.102150E-02,3.736013E-02,0.000000E+00,0.000000E+00,0.000000E+00,0.000000E+00,0.000000E+00,0.000000E+00,0.000000E+00,0.000000E+00,2.111089E+01,5.071235E+01,2.388787E+01,4.956617E+01,1.063779E+03,4.011407E+02,9.388941E-02,3.537253E-02,0.000000E+00,0.000000E+00,0.000000E+00,0.000000E+00,0.000000E+00,0.000000E+00,0.000000E+00,0.000000E+00,2.111069E+01,5.045622E+01,2.388794E+01,4.950439E+01,1.300407E+03,1.276710E+03,1.147743E-01,1.125801E-01,0.000000E+00,0.000000E+00,0.000000E+00,0.000000E+00,0.000000E+00,0.000000E+00,0.000000E+00,0.000000E+00,2.111052E+01,5.034947E+01,2.388299E+01,5.299796E+01,6.475753E+01,1.199481E+02,5.715516E-03,1.057701E-02,0.000000E+00,0.000000E+00,0.000000E+00,0.000000E+00,0.000000E+00,0.000000E+00,0.000000E+00,0.000000E+00,2.111111E+01,5.124987E+01,2.388847E+01,4.693823E+01
22:45:00,4.471269E+03,2.702644E+03,3.946353E-01,2.383188E-01,0.000000E+00,0.000000E+00,0.000000E+00,0.000000E+00,0.000000E+00,0.000000E+00,0.000000E+00,0.000000E+00,2.111081E+01,5.083382E+01,2.388762E+01,4.834647E+01,5.257351E+03,3.170749E+03,4.640151E-01,2.795963E-01,0.000000E+00,0.000000E+00,0.000000E+00,0.000000E+00,0.000000E+00,0.000000E+00,0.000000E+00,0.000000E+00,2.111094E+01,5.085977E+01,2.388660E+01,5.262890E+01,7.453139E+02,6.398659E+02,6.578159E-02,5.642330E-02,0.000000E+00,0.000000E+00,0.000000E+00,0.000000E+00,0.000000E+00,0.000000E+00,0.000000E+00,0.000000E+00,2.111084E+01,5.077550E+01,2.388776E+01,4.788171E+01,8.892994E+02,1.211272E+03,7.848979E-02,1.068098E-01,0.000000E+00,0.000000E+00,0.000000E+00,0.000000E+00,0.000000E+00,0.000000E+00,0.000000E+00,0.000000E+00,2.111075E+01,5.059275E+01,2.387818E+01,5.736145E+01,5.423438E+03,5.783039E+03,4.786740E-01,5.099477E-01,0.000000E+00,0.000000E+00,0.000000E+00,0.000000E+00,0.000000E+00,0.000000E+00,0.000000E+00,0.000000E+00,2.111079E+01,5.070801E+01,2.386362E+01,7.793217E+01,2.050782E+03,1.701228E+03,1.810025E-01,1.500141E-01,0.000000E+00,0.000000E+00,0.000000E+00,0.000000E+00,0.000000E+00,0.000000E+00,0.000000E+00,0.000000E+00,2.111075E+01,5.056901E+01,2.388521E+01,5.221136E+01,8.045470E+02,4.128566E+02,7.100952E-02,3.640565E-02,0.000000E+00,0.000000E+00,0.000000E+00,0.000000E+00,0.000000E+00,0.000000E+00,0.000000E+00,0.000000E+00,2.111089E+01,5.071224E+01,2.388786E+01,4.965591E+01,1.063658E+03,3.863286E+02,9.387876E-02,3.406641E-02,0.000000E+00,0.000000E+00,0.000000E+00,0.000000E+00,0.000000E+00,0.000000E+00,0.000000E+00,0.000000E+00,2.111069E+01,5.045612E+01,2.388794E+01,4.962248E+01,1.300198E+03,1.250666E+03,1.147558E-01,1.102836E-01,0.000000E+00,0.000000E+00,0.000000E+00,0.000000E+00,0.000000E+00,0.000000E+00,0.000000E+00,0.000000E+00,2.111052E+01,5.034932E+01,2.388294E+01,5.313986E+01,6.471435E+01,1.182949E+02,5.711705E-03,1.043123E-02,0.000000E+00,0.000000E+00,0.000000E+00,0.000000E+00,0.000000E+00,0.000000E+00,0.000000E+00,0.000000E+00,2.111111E+01,5.124987E+01,2.388847E+01,4.695219E+01
23:00:00,4.468278E+03,2.635744E+03,3.943714E-01,2.324196E-01,0.000000E+00,0.000000E+00,0.000000E+00,0.000000E+00,0.000000E+00,0.000000E+00,0.000000E+00,0.000000E+00,2.111081E+01,5.083354E+01,2.388762E+01,4.840675E+01,5.256496E+03,3.069202E+03,4.639397E-01,2.706418E-01,0.000000E+00,0.000000E+00,0.000000E+00,0.000000E+00,0.000000E+00,0.000000E+00,0.000000E+00,0.000000E+00,2.111094E+01,5.085970E+01,2.388658E+01,5.284615E+01,7.451886E+02,6.105662E+02,6.577053E-02,5.383965E-02,0.000000E+00,0.000000E+00,0.000000E+00,0.000000E+00,0.000000E+00,0.000000E+00,0.000000E+00,0.000000E+00,2.111084E+01,5.077542E+01,2.388774E+01,4.797148E+01,8.892293E+02,1.189528E+03,7.848360E-02,1.048924E-01,0.000000E+00,0.000000E+00,0.000000E+00,0.000000E+00,0.000000E+00,0.000000E+00,0.000000E+00,0.000000E+00,2.111075E+01,5.059270E+01,2.387809E+01,5.756733E+01,5.423170E+03,5.661175E+03,4.786503E-01,4.992017E-01,0.000000E+00,0.000000E+00,0.000000E+00,0.000000E+00,0.000000E+00,0.000000E+00,0.000000E+00,0.000000E+00,2.111079E+01,5.070798E+01,2.386336E+01,7.863974E+01,2.050568E+03,1.675875E+03,1.809836E-01,1.477785E-01,0.000000E+00,0.000000E+00,0.000000E+00,0.000000E+00,0.000000E+00,0.000000E+00,0.000000E+00,0.000000E+00,2.111075E+01,5.056893E+01,2.388519E+01,5.230419E+01,8.044223E+02,4.026459E+02,7.099851E-02,3.550526E-02,0.000000E+00,0.000000E+00,0.000000E+00,0.000000E+00,0.000000E+00,0.000000E+00,0.000000E+00,0.000000E+00,2.111089E+01,5.071215E+01,2.388786E+01,4.974512E+01,1.063548E+03,3.724815E+02,9.386899E-02,3.284537E-02,0.000000E+00,0.000000E+00,0.000000E+00,0.000000E+00,0.000000E+00,0.000000E+00,0.000000E+00,0.000000E+00,2.111069E+01,5.045603E+01,2.388793E+01,4.974078E+01,1.299999E+03,1.226922E+03,1.147382E-01,1.081899E-01,0.000000E+00,0.000000E+00,0.000000E+00,0.000000E+00,0.000000E+00,0.000000E+00,0.000000E+00,0.000000E+00,2.111052E+01,5.034918E+01,2.388289E+01,5.327465E+01,6.467381E+01,1.167242E+02,5.708126E-03,1.029273E-02,0.000000E+00,0.000000E+00,0.000000E+00,0.000000E+00,0.000000E+00,0.000000E+00,0.000000E+00,0.000000E+00,2.111111E+01,5.124987E+01,2.388846E+01,4.696587E+01
23:15:00,4.465334E+03,2.573386E+03,3.941115E-01,2.269208E-01,0.000000E+00,0.000000E+00,0.000000E+00,0.000000E+00,0.000000E+00,0.000000E+00,0.000000E+00,0.000000E+00,2.111081E+01,5.083327E+01,2.388761E+01,4.846541E+01,5.255702E+03,2.975120E+03,4.638696E-01,2.623457E-01,0.000000E+00,0.000000E+00,0.000000E+00,0.000000E+00,0.000000E+00,0.000000E+00,0.000000E+00,0.000000E+00,2.111094E+01,5.085963E+01,2.388656E+01,5.306045E+01,7.450698E+02,5.847337E+02,6.576005E-02,5.156175E-02,0.000000E+00,0.000000E+00,0.000000E+00,0.000000E+00,0.000000E+00,0.000000E+00,0.000000E+00,0.000000E+00,2.111084E+01,5.077534E+01,2.388772E+01,4.805840E+01,8.891652E+02,1.169709E+03,7.847794E-02,1.031448E-01,0.000000E+00,0.000000E+00,0.000000E+00,0.000000E+00,0.000000E+00,0.000000E+00,0.000000E+00,0.000000E+00,2.111075E+01,5.059265E+01,2.387801E+01,5.776168E+01,5.422925E+03,5.551854E+03,4.786287E-01,4.895618E-01,0.000000E+00,0.000000E+00,0.000000E+00,0.000000E+00,0.000000E+00,0.000000E+00,0.000000E+00,0.000000E+00,2.111079E+01,5.070795E+01,2.386314E+01,7.929907E+01,2.050371E+03,1.651871E+03,1.809663E-01,1.456618E-01,0.000000E+00,0.000000E+00,0.000000E+00,0.000000E+00,0.000000E+00,0.000000E+00,0.000000E+00,0.000000E+00,2.111075E+01,5.056886E+01,2.388517E+01,5.239447E+01,8.043078E+02,3.929793E+02,7.098841E-02,3.465286E-02,0.000000E+00,0.000000E+00,0.000000E+00,0.000000E+00,0.000000E+00,0.000000E+00,0.000000E+00,0.000000E+00,2.111089E+01,5.071206E+01,2.388785E+01,4.983377E+01,1.063446E+03,3.594732E+02,9.386003E-02,3.169830E-02,0.000000E+00,0.000000E+00,0.000000E+00,0.000000E+00,0.000000E+00,0.000000E+00,0.000000E+00,0.000000E+00,2.111069E+01,5.045595E+01,2.388793E+01,4.985926E+01,1.299810E+03,1.205084E+03,1.147216E-01,1.062641E-01,0.000000E+00,0.000000E+00,0.000000E+00,0.000000E+00,0.000000E+00,0.000000E+00,0.000000E+00,0.000000E+00,2.111052E+01,5.034905E+01,2.388284E+01,5.340305E+01,6.463570E+01,1.152326E+02,5.704763E-03,1.016120E-02,0.000000E+00,0.000000E+00,0.000000E+00,0.000000E+00,0.000000E+00,0.000000E+00,0.000000E+00,0.000000E+00,2.111111E+01,5.124987E+01,2.388846E+01,4.697926E+01
23:30:00,4.462433E+03,2.514862E+03,3.938555E-01,2.217602E-01,0.000000E+00,0.000000E+00,0.000000E+00,0.000000E+00,0.000000E+00,0.000000E+00,0.000000E+00,0.000000E+00,2.111081E+01,5.083300E+01,2.388761E+01,4.852277E+01,5.254964E+03,2.887628E+03,4.638045E-01,2.546306E-01,0.000000E+00,0.000000E+00,0.000000E+00,0.000000E+00,0.000000E+00,0.000000E+00,0.000000E+00,0.000000E+00,2.111094E+01,5.085957E+01,2.388654E+01,5.327200E+01,7.449571E+02,5.617995E+02,6.575010E-02,4.953941E-02,0.000000E+00,0.000000E+00,0.000000E+00,0.000000E+00,0.000000E+00,0.000000E+00,0.000000E+00,0.000000E+00,2.111084E+01,5.077526E+01,2.388770E+01,4.814252E+01,8.891065E+02,1.151562E+03,7.847276E-02,1.015446E-01,0.000000E+00,0.000000E+00,0.000000E+00,0.000000E+00,0.000000E+00,0.000000E+00,0.000000E+00,0.000000E+00,2.111075E+01,5.059260E+01,2.387793E+01,5.794552E+01,5.422702E+03,5.452846E+03,4.786091E-01,4.808313E-01,0.000000E+00,0.000000E+00,0.000000E+00,0.000000E+00,0.000000E+00,0.000000E+00,0.000000E+00,0.000000E+00,2.111079E+01,5.070793E+01,2.386296E+01,7.991709E+01,2.050192E+03,1.629076E+03,1.809504E-01,1.436517E-01,0.000000E+00,0.000000E+00,0.000000E+00,0.000000E+00,0.000000E+00,0.000000E+00,0.000000E+00,0.000000E+00,2.111075E+01,5.056880E+01,2.388515E+01,5.248243E+01,8.042027E+02,3.838091E+02,7.097913E-02,3.384424E-02,0.000000E+00,0.000000E+00,0.000000E+00,0.000000E+00,0.000000E+00,0.000000E+00,0.000000E+00,0.000000E+00,2.111089E+01,5.071198E+01,2.388785E+01,4.992187E+01,1.063353E+03,3.472266E+02,9.385181E-02,3.061840E-02,0.000000E+00,0.000000E+00,0.000000E+00,0.000000E+00,0.000000E+00,0.000000E+00,0.000000E+00,0.000000E+00,2.111069E+01,5.045587E+01,2.388793E+01,4.997792E+01,1.299631E+03,1.184900E+03,1.147058E-01,1.044844E-01,0.000000E+00,0.000000E+00,0.000000E+00,0.000000E+00,0.000000E+00,0.000000E+00,0.000000E+00,0.000000E+00,2.111052E+01,5.034893E+01,2.388279E+01,5.352572E+01,6.459988E+01,1.138156E+02,5.701602E-03,1.003624E-02,0.000000E+00,0.000000E+00,0.000000E+00,0.000000E+00,0.000000E+00,0.000000E+00,0.000000E+00,0.000000E+00,2.111111E+01,5.124987E+01,2.388846E+01,4.699234E+01
23:45:00,4.459576E+03,2.459563E+03,3.936033E-01,2.168839E-01,0.000000E+00,0.000000E+00,0.000000E+00,0.000000E+00,0.000000E+00,0.000000E+00,0.000000E+00,0.000000E+00,2.111081E+01,5.083273E+01,2.388760E+01,4.857909E+01,5.254279E+03,2.805968E+03,4.637440E-01,2.474299E-01,0.000000E+00,0.000000E+00,0.000000E+00,0.000000E+00,0.000000E+00,0.000000E+00,0.000000E+00,0.000000E+00,2.111094E+01,5.085951E+01,2.388652E+01,5.348097E+01,7.448500E+02,5.413017E+02,6.574065E-02,4.773191E-02,0.000000E+00,0.000000E+00,0.000000E+00,0.000000E+00,0.000000E+00,0.000000E+00,0.000000E+00,0.000000E+00,2.111084E+01,5.077519E+01,2.388769E+01,4.822394E+01,8.890527E+02,1.134869E+03,7.846801E-02,1.000726E-01,0.000000E+00,0.000000E+00,0.000000E+00,0.000000E+00,0.000000E+00,0.000000E+00,0.000000E+00,0.000000E+00,2.111075E+01,5.059256E+01,2.387786E+01,5.811983E+01,5.422499E+03,5.362363E+03,4.785911E-01,4.728525E-01,0.000000E+00,0.000000E+00,0.000000E+00,0.000000E+00,0.000000E+00,0.000000E+00,0.000000E+00,0.000000E+00,2.111079E+01,5.070791E+01,2.386279E+01,8.049985E+01,2.050027E+03,1.607362E+03,1.809359E-01,1.417369E-01,0.000000E+00,0.000000E+00,0.000000E+00,0.000000E+00,0.000000E+00,0.000000E+00,0.000000E+00,0.000000E+00,2.111075E+01,5.056874E+01,2.388513E+01,5.256832E+01,8.041062E+02,3.750890E+02,7.097062E-02,3.307530E-02,0.000000E+00,0.000000E+00,0.000000E+00,0.000000E+00,0.000000E+00,0.000000E+00,0.000000E+00,0.000000E+00,2.111089E+01,5.071190E+01,2.388784E+01,5.000943E+01,1.063268E+03,3.356691E+02,9.384428E-02,2.959925E-02,0.000000E+00,0.000000E+00,0.000000E+00,0.000000E+00,0.000000E+00,0.000000E+00,0.000000E+00,0.000000E+00,2.111069E+01,5.045581E+01,2.388792E+01,5.009678E+01,1.299460E+03,1.166153E+03,1.146907E-01,1.028312E-01,0.000000E+00,0.000000E+00,0.000000E+00,0.000000E+00,0.000000E+00,0.000000E+00,0.000000E+00,0.000000E+00,2.111052E+01,5.034881E+01,2.388275E+01,5.364325E+01,6.456618E+01,1.124685E+02,5.698627E-03,9.917457E-03,0.000000E+00,0.000000E+00,0.000000E+00,0.000000E+00,0.000000E+00,0.000000E+00,0.000000E+00,0.000000E+00,2.111111E+01,5.124987E+01,2.388846E+01,4.700511E+01
24:00:00,4.456762E+03,2.407061E+03,3.933549E-01,2.122544E-01,0.000000E+00,0.000000E+00,0.000000E+00,0.000000E+00,0.000000E+00,0.000000E+00,0.000000E+00,0.000000E+00,2.111081E+01,5.083247E+01,2.388760E+01,4.863460E+01,5.253641E+03,2.729497E+03,4.636877E-01,2.406867E-01,0.000000E+00,0.000000E+00,0.000000E+00,0.000000E+00,0.000000E+00,0.000000E+00,0.000000E+00,0.000000E+00,2.111094E+01,5.085946E+01,2.388651E+01,5.368757E+01,7.447484E+02,5.228628E+02,6.573168E-02,4.610597E-02,0.000000E+00,0.000000E+00,0.000000E+00,0.000000E+00,0.000000E+00,0.000000E+00,0.000000E+00,0.000000E+00,2.111084E+01,5.077512E+01,2.388767E+01,4.830278E+01,8.890035E+02,1.119442E+03,7.846367E-02,9.871224E-02,0.000000E+00,0.000000E+00,0.000000E+00,0.000000E+00,0.000000E+00,0.000000E+00,0.000000E+00,0.000000E+00,2.111075E+01,5.059252E+01,2.387779E+01,5.828548E+01,5.422314E+03,5.278991E+03,4.785748E-01,4.655007E-01,0.000000E+00,0.000000E+00,0.000000E+00,0.000000E+00,0.000000E+00,0.000000E+00,0.000000E+00,0.000000E+00,2.111079E+01,5.070789E+01,2.386263E+01,8.105223E+01,2.049877E+03,1.586611E+03,1.809226E-01,1.399072E-01,0.000000E+00,0.000000E+00,0.000000E+00,0.000000E+00,0.000000E+00,0.000000E+00,0.000000E+00,0.000000E+00,2.111075E+01,5.056868E+01,2.388511E+01,5.265235E+01,8.040177E+02,3.667774E+02,7.096280E-02,3.234238E-02,0.000000E+00,0.000000E+00,0.000000E+00,0.000000E+00,0.000000E+00,0.000000E+00,0.000000E+00,0.000000E+00,2.111089E+01,5.071183E+01,2.388784E+01,5.009650E+01,1.063190E+03,3.247368E+02,9.383738E-02,2.863525E-02,0.000000E+00,0.000000E+00,0.000000E+00,0.000000E+00,0.000000E+00,0.000000E+00,0.000000E+00,0.000000E+00,2.111069E+01,5.045574E+01,2.388792E+01,5.021587E+01,1.299298E+03,1.148654E+03,1.146764E-01,1.012882E-01,0.000000E+00,0.000000E+00,0.000000E+00,0.000000E+00,0.000000E+00,0.000000E+00,0.000000E+00,0.000000E+00,2.111052E+01,5.034869E+01,2.388270E+01,5.375617E+01,6.453445E+01,1.111871E+02,5.695827E-03,9.804463E-03,0.000000E+00,0.000000E+00,0.000000E+00,0.000000E+00,0.000000E+00,0.000000E+00,0.000000E+00,0.000000E+00,2.111111E+01,5.124987E+01,2.388845E+01,4.701758E+01
Peak,6.696564E+03,5.788881E+03,5.910404E-01,5.104628E-01,0.000000E+00,0.000000E+00,0.000000E+00,0.000000E+00,0.000000E+00,0.000000E+00,0.000000E+00,0.000000E+00,,,,,1.231302E+04,8.832768E+03,1.086751E+00,7.788723E-01,0.000000E+00,0.000000E+00,0.000000E+00,0.000000E+00,0.000000E+00,0.000000E+00,0.000000E+00,0.000000E+00,,,,,1.633288E+03,2.290845E+03,1.441544E-01,2.020064E-01,0.000000E+00,0.000000E+00,0.000000E+00,0.000000E+00,0.000000E+00,0.000000E+00,0.000000E+00,0.000000E+00,,,,,2.013936E+03,2.314526E+03,1.777505E-01,2.040946E-01,0.000000E+00,0.000000E+00,0.000000E+00,0.000000E+00,0.000000E+00,0.000000E+00,0.000000E+00,0.000000E+00,,,,,1.040818E+04,1.389105E+04,9.186289E-01,1.224911E+00,0.000000E+00,0.000000E+00,0.000000E+00,0.000000E+00,0.000000E+00,0.000000E+00,0.000000E+00,0.000000E+00,,,,,4.672645E+03,3.876831E+03,4.124088E-01,3.418585E-01,0.000000E+00,0.000000E+00,0.000000E+00,0.000000E+00,0.000000E+00,0.000000E+00,0.000000E+00,0.000000E+00,,,,,2.019870E+03,1.037195E+03,1.782742E-01,9.145974E-02,0.000000E+00,0.000000E+00,0.000000E+00,0.000000E+00,0.000000E+00,0.000000E+00,0.000000E+00,0.000000E+00,,,,,2.349922E+03,1.160399E+03,2.074047E-01,1.023238E-01,0.000000E+00,0.000000E+00,0.000000E+00,0.000000E+00,0.000000E+00,0.000000E+00,0.000000E+00,0.000000E+00,,,,,2.640397E+03,2.969248E+03,2.330421E-01,2.618279E-01,0.000000E+00,0.000000E+00,0.000000E+00,0.000000E+00,0.000000E+00,0.000000E+00,0.000000E+00,0.000000E+00,,,,,1.936210E+02,2.853560E+02,1.708904E-02,2.516266E-02,0.000000E+00,0.000000E+00,0.000000E+00,0.000000E+00,0.000000E+00,0.000000E+00,0.000000E+00,0.000000E+00,,,,

Peak Vol Flow (m3/s),,,4.919369E-01,4.248702E-01,,,0.000000E+00,0.000000E+00,,,,,,,,,,,9.045281E-01,6.482738E-01,,,0.000000E+00,0.000000E+00,,,,,,,,,,,1.199831E-01,1.681347E-01,,,0.000000E+00,0.000000E+00,,,,,,,,,,,1.479459E-01,1.698727E-01,,,0.000000E+00,0.000000E+00,,,,,,,,,,,7.645965E-01,1.019522E+00,,,0.000000E+00,0.000000E+00,,,,,,,,,,,3.432576E-01,2.845369E-01,,,0.000000E+00,0.000000E+00,,,,,,,,,,,1.483818E-01,7.612410E-02,,,0.000000E+00,0.000000E+00,,,,,,,,,,,1.726279E-01,8.516651E-02,,,0.000000E+00,0.000000E+00,,,,,,,,,,,1.939664E-01,2.179255E-01,,,0.000000E+00,0.000000E+00,,,,,,,,,,,1.422361E-02,2.094347E-02,,,0.000000E+00,0.000000E+00,,,,,,,,
