Time,BASEAIRSYS3:DesPer 1:Des Heat Mass Flow [kg/s],BASEAIRSYS3:DesPer 1:Des Heat Cap [W],BASEAIRSYS3:DesPer 1:Des Cool Mass Flow [kg/s],BASEAIRSYS3:DesPer 1:Des Sens Cool Cap [W],BASEAIRSYS3:DesPer 1:Des Tot Cool Cap [W],BASEAIRSYS3:DesPer 2:Des Heat Mass Flow [kg/s],BASEAIRSYS3:DesPer 2:Des Heat Cap [W],BASEAIRSYS3:DesPer 2:Des Cool Mass Flow [kg/s],BASEAIRSYS3:DesPer 2:Des Sens Cool Cap [W],BASEAIRSYS3:DesPer 2:Des Tot Cool Cap [W],BASEAIRSYS3-10:DesPer 1:Des Heat Mass Flow [kg/s],BASEAIRSYS3-10:DesPer 1:Des Heat Cap [W],BASEAIRSYS3-10:DesPer 1:Des Cool Mass Flow [kg/s],BASEAIRSYS3-10:DesPer 1:Des Sens Cool Cap [W],BASEAIRSYS3-10:DesPer 1:Des Tot Cool Cap [W],BASEAIRSYS3-10:DesPer 2:Des Heat Mass Flow [kg/s],BASEAIRSYS3-10:DesPer 2:Des Heat Cap [W],BASEAIRSYS3-10:DesPer 2:Des Cool Mass Flow [kg/s],BASEAIRSYS3-10:DesPer 2:Des Sens Cool Cap [W],BASEAIRSYS3-10:DesPer 2:Des Tot Cool Cap [W],BASEAIRSYS3-2:DesPer 1:Des Heat Mass Flow [kg/s],BASEAIRSYS3-2:DesPer 1:Des Heat Cap [W],BASEAIRSYS3-2:DesPer 1:Des Cool Mass Flow [kg/s],BASEAIRSYS3-2:DesPer 1:Des Sens Cool Cap [W],BASEAIRSYS3-2:DesPer 1:Des Tot Cool Cap [W],BASEAIRSYS3-2:DesPer 2:Des Heat Mass Flow [kg/s],BASEAIRSYS3-2:DesPer 2:Des Heat Cap [W],BASEAIRSYS3-2:DesPer 2:Des Cool Mass Flow [kg/s],BASEAIRSYS3-2:DesPer 2:Des Sens Cool Cap [W],BASEAIRSYS3-2:DesPer 2:Des Tot Cool Cap [W],BASEAIRSYS3-3:DesPer 1:Des Heat Mass Flow [kg/s],BASEAIRSYS3-3:DesPer 1:Des Heat Cap [W],BASEAIRSYS3-3:DesPer 1:Des Cool Mass Flow [kg/s],BASEAIRSYS3-3:DesPer 1:Des Sens Cool Cap [W],BASEAIRSYS3-3:DesPer 1:Des Tot Cool Cap [W],BASEAIRSYS3-3:DesPer 2:Des Heat Mass Flow [kg/s],BASEAIRSYS3-3:DesPer 2:Des Heat Cap [W],BASEAIRSYS3-3:DesPer 2:Des Cool Mass Flow [kg/s],BASEAIRSYS3-3:DesPer 2:Des Sens Cool Cap [W],BASEAIRSYS3-3:DesPer 2:Des Tot Cool Cap [W],BASEAIRSYS3-4:DesPer 1:Des Heat Mass Flow [kg/s],BASEAIRSYS3-4:DesPer 1:Des Heat Cap [W],BASEAIRSYS3-4:DesPer 1:Des Cool Mass Flow [kg/s],BASEAIRSYS3-4:DesPer 1:Des Sens Cool Cap [W],BASEAIRSYS3-4:DesPer 1:Des Tot Cool Cap [W],BASEAIRSYS3-4:DesPer 2:Des Heat Mass Flow [kg/s],BASEAIRSYS3-4:DesPer 2:Des Heat Cap [W],BASEAIRSYS3-4:DesPer 2:Des Cool Mass Flow [kg/s],BASEAIRSYS3-4:DesPer 2:Des Sens Cool Cap [W],BASEAIRSYS3-4:DesPer 2:Des Tot Cool Cap [W],BASEAIRSYS3-5:DesPer 1:Des Heat Mass Flow [kg/s],BASEAIRSYS3-5:DesPer 1:Des Heat Cap [W],BASEAIRSYS3-5:DesPer 1:Des Cool Mass Flow [kg/s],BASEAIRSYS3-5:DesPer 1:Des Sens Cool Cap [W],BASEAIRSYS3-5:DesPer 1:Des Tot Cool Cap [W],BASEAIRSYS3-5:DesPer 2:Des Heat Mass Flow [kg/s],BASEAIRSYS3-5:DesPer 2:Des Heat Cap [W],BASEAIRSYS3-5:DesPer 2:Des Cool Mass Flow [kg/s],BASEAIRSYS3-5:DesPer 2:Des Sens Cool Cap [W],BASEAIRSYS3-5:DesPer 2:Des Tot Cool Cap [W],BASEAIRSYS3-6:DesPer 1:Des Heat Mass Flow [kg/s],BASEAIRSYS3-6:DesPer 1:Des Heat Cap [W],BASEAIRSYS3-6:DesPer 1:Des Cool Mass Flow [kg/s],BASEAIRSYS3-6:DesPer 1:Des Sens Cool Cap [W],BASEAIRSYS3-6:DesPer 1:Des Tot Cool Cap [W],BASEAIRSYS3-6:DesPer 2:Des Heat Mass Flow [kg/s],BASEAIRSYS3-6:DesPer 2:Des Heat Cap [W],BASEAIRSYS3-6:DesPer 2:Des Cool Mass Flow [kg/s],BASEAIRSYS3-6:DesPer 2:Des Sens Cool Cap [W],BASEAIRSYS3-6:DesPer 2:Des Tot Cool Cap [W],BASEAIRSYS3-7:DesPer 1:Des Heat Mass Flow [kg/s],BASEAIRSYS3-7:DesPer 1:Des Heat Cap [W],BASEAIRSYS3-7:DesPer 1:Des Cool Mass Flow [kg/s],BASEAIRSYS3-7:DesPer 1:Des Sens Cool Cap [W],BASEAIRSYS3-7:DesPer 1:Des Tot Cool Cap [W],BASEAIRSYS3-7:DesPer 2:Des Heat Mass Flow [kg/s],BASEAIRSYS3-7:DesPer 2:Des Heat Cap [W],BASEAIRSYS3-7:DesPer 2:Des Cool Mass Flow [kg/s],BASEAIRSYS3-7:DesPer 2:Des Sens Cool Cap [W],BASEAIRSYS3-7:DesPer 2:Des Tot Cool Cap [W],BASEAIRSYS3-8:DesPer 1:Des Heat Mass Flow [kg/s],BASEAIRSYS3-8:DesPer 1:Des Heat Cap [W],BASEAIRSYS3-8:DesPer 1:Des Cool Mass Flow [kg/s],BASEAIRSYS3-8:DesPer 1:Des Sens Cool Cap [W],BASEAIRSYS3-8:DesPer 1:Des Tot Cool Cap [W],BASEAIRSYS3-8:DesPer 2:Des Heat Mass Flow [kg/s],BASEAIRSYS3-8:DesPer 2:Des Heat Cap [W],BASEAIRSYS3-8:DesPer 2:Des Cool Mass Flow [kg/s],BASEAIRSYS3-8:DesPer 2:Des Sens Cool Cap [W],BASEAIRSYS3-8:DesPer 2:Des Tot Cool Cap [W],BASEAIRSYS3-9:DesPer 1:Des Heat Mass Flow [kg/s],BASEAIRSYS3-9:DesPer 1:Des Heat Cap [W],BASEAIRSYS3-9:DesPer 1:Des Cool Mass Flow [kg/s],BASEAIRSYS3-9:DesPer 1:Des Sens Cool Cap [W],BASEAIRSYS3-9:DesPer 1:Des Tot Cool Cap [W],BASEAIRSYS3-9:DesPer 2:Des Heat Mass Flow [kg/s],BASEAIRSYS3-9:DesPer 2:Des Heat Cap [W],BASEAIRSYS3-9:DesPer 2:Des Cool Mass Flow [kg/s],BASEAIRSYS3-9:DesPer 2:Des Sens Cool Cap [W],BASEAIRSYS3-9:DesPer 2:Des Tot Cool Cap [W]
00:15:00,5.165079E-02,6.637570E+02,1.574729E-01,1.558992E+03,1.773265E+03,2.949233E-01,4.565090E+03,5.165079E-02,0.000000E+00,0.000000E+00,3.730654E-01,4.794210E+03,3.730654E-01,2.495083E+03,2.744560E+03,3.730654E-01,1.335399E+04,3.730654E-01,0.000000E+00,0.000000E+00,4.820504E-02,6.194760E+02,4.820504E-02,3.223982E+02,3.546339E+02,7.037549E-02,1.973058E+03,4.820504E-02,0.000000E+00,0.000000E+00,4.820516E-02,6.194776E+02,4.820516E-02,3.223990E+02,3.546348E+02,5.321922E-02,1.781501E+03,4.820516E-02,0.000000E+00,0.000000E+00,3.353389E-02,4.309392E+02,7.539562E-02,7.131150E+02,9.456820E+02,8.600198E-02,1.786198E+03,3.353389E-02,0.000000E+00,0.000000E+00,1.047938E-02,1.346690E+02,1.042504E-01,1.151084E+03,1.539977E+03,1.356871E-01,1.773114E+03,1.047938E-02,0.000000E+00,0.000000E+00,3.772573E-02,4.848080E+02,1.780193E-01,1.845277E+03,2.483951E+03,3.477450E-01,4.811853E+03,3.772573E-02,0.000000E+00,0.000000E+00,0.000000E+00,0.000000E+00,7.311370E-03,8.365235E+01,8.938348E+01,4.270832E-03,4.768425E+01,0.000000E+00,0.000000E+00,0.000000E+00,1.467111E-02,1.885364E+02,3.398350E-02,3.201891E+02,3.601149E+02,4.929542E-02,9.117500E+02,1.467111E-02,0.000000E+00,0.000000E+00,2.724636E-02,3.501391E+02,7.353228E-02,7.260395E+02,1.122110E+03,5.884616E-02,1.328118E+03,2.724636E-02,0.000000E+00,0.000000E+00
00:30:00,5.165079E-02,6.714644E+02,1.038735E-01,9.652584E+02,1.103250E+03,1.990709E-01,3.540103E+03,5.165079E-02,0.000000E+00,0.000000E+00,3.730654E-01,4.849879E+03,3.730654E-01,2.439414E+03,2.687778E+03,3.730654E-01,1.335399E+04,3.730654E-01,0.000000E+00,0.000000E+00,4.820504E-02,6.266693E+02,4.820504E-02,3.152049E+02,3.472969E+02,4.820504E-02,1.725514E+03,4.820504E-02,0.000000E+00,0.000000E+00,4.820516E-02,6.266708E+02,4.820516E-02,3.152057E+02,3.472978E+02,4.820516E-02,1.725518E+03,4.820516E-02,0.000000E+00,0.000000E+00,3.353389E-02,4.359432E+02,4.989975E-02,4.249299E+02,5.520800E+02,5.733123E-02,1.466069E+03,3.353389E-02,0.000000E+00,0.000000E+00,1.047938E-02,1.362327E+02,6.905982E-02,7.818238E+02,1.077641E+03,9.045499E-02,1.268077E+03,1.047938E-02,0.000000E+00,0.000000E+00,3.772573E-02,4.904375E+02,1.170851E-01,1.176313E+03,1.589849E+03,2.318168E-01,3.517483E+03,3.772573E-02,0.000000E+00,0.000000E+00,0.000000E+00,0.000000E+00,4.847179E-03,5.768186E+01,6.210895E+01,2.846557E-03,3.178208E+01,0.000000E+00,0.000000E+00,0.000000E+00,1.467111E-02,1.907256E+02,2.228468E-02,1.879739E+02,2.118934E+02,3.286147E-02,7.282589E+02,1.467111E-02,0.000000E+00,0.000000E+00,2.724636E-02,3.542048E+02,4.870353E-02,4.524070E+02,7.022202E+02,3.922977E-02,1.109092E+03,2.724636E-02,0.000000E+00,0.000000E+00
00:45:00,5.165079E-02,6.791718E+02,5.165079E-02,3.300288E+02,3.642607E+02,1.131726E-01,2.640465E+03,5.165079E-02,0.000000E+00,0.000000E+00,3.730654E-01,4.905549E+03,3.730654E-01,2.383745E+03,2.630997E+03,3.730654E-01,1.335399E+04,3.730654E-01,0.000000E+00,0.000000E+00,4.820504E-02,6.338625E+02,4.820504E-02,3.080117E+02,3.399599E+02,4.820504E-02,1.725514E+03,4.820504E-02,0.000000E+00,0.000000E+00,4.820516E-02,6.338641E+02,4.820516E-02,3.080125E+02,3.399608E+02,4.820516E-02,1.725518E+03,4.820516E-02,0.000000E+00,0.000000E+00,3.353389E-02,4.409472E+02,3.353389E-02,2.142687E+02,2.364935E+02,3.353389E-02,1.200355E+03,3.353389E-02,0.000000E+00,0.000000E+00,1.047938E-02,1.377965E+02,3.431563E-02,3.762793E+02,5.197664E+02,4.522605E-02,7.630751E+02,1.047938E-02,0.000000E+00,0.000000E+00,3.772573E-02,4.960670E+02,5.777732E-02,4.852276E+02,6.180748E+02,1.159021E-01,2.223264E+03,3.772573E-02,0.000000E+00,0.000000E+00,0.000000E+00,0.000000E+00,2.410493E-03,2.999110E+01,3.248989E+01,1.422959E-03,1.588748E+01,0.000000E+00,0.000000E+00,0.000000E+00,1.467111E-02,1.929149E+02,1.467111E-02,9.374279E+01,1.034662E+02,1.642970E-02,5.447921E+02,1.467111E-02,0.000000E+00,0.000000E+00,2.724636E-02,3.582706E+02,2.724636E-02,1.740938E+02,1.921515E+02,2.724636E-02,9.752915E+02,2.724636E-02,0.000000E+00,0.000000E+00
01:00:00,5.165079E-02,6.868792E+02,5.165079E-02,3.223214E+02,3.563994E+02,5.165079E-02,1.848855E+03,5.165079E-02,0.000000E+00,0.000000E+00,3.730654E-01,4.961218E+03,3.730654E-01,2.328075E+03,2.574215E+03,3.730654E-01,1.335399E+04,3.730654E-01,0.000000E+00,0.000000E+00,4.820504E-02,6.410557E+02,4.820504E-02,3.008185E+02,3.326231E+02,4.820504E-02,1.725514E+03,4.820504E-02,0.000000E+00,0.000000E+00,4.820516E-02,6.410573E+02,4.820516E-02,3.008192E+02,3.326239E+02,4.820516E-02,1.725518E+03,4.820516E-02,0.000000E+00,0.000000E+00,3.353389E-02,4.459511E+02,3.353389E-02,2.092647E+02,2.313896E+02,3.353389E-02,1.200355E+03,3.353389E-02,0.000000E+00,0.000000E+00,1.047938E-02,1.393602E+02,1.047938E-02,6.539544E+01,7.230950E+01,1.047938E-02,3.751123E+02,1.047938E-02,0.000000E+00,0.000000E+00,3.772573E-02,5.016965E+02,3.772573E-02,2.354235E+02,2.603141E+02,3.772573E-02,1.350404E+03,3.772573E-02,0.000000E+00,0.000000E+00,0.000000E+00,0.000000E+00,0.000000E+00,0.000000E+00,0.000000E+00,0.000000E+00,0.000000E+00,0.000000E+00,0.000000E+00,0.000000E+00,1.467111E-02,1.951041E+02,1.467111E-02,9.155355E+01,1.012332E+02,1.467111E-02,5.251568E+02,1.467111E-02,0.000000E+00,0.000000E+00,2.724636E-02,3.623363E+02,2.724636E-02,1.700281E+02,1.880046E+02,2.724636E-02,9.752915E+02,2.724636E-02,0.000000E+00,0.000000E+00
01:15:00,5.165079E-02,6.920175E+02,5.165079E-02,3.171831E+02,3.511584E+02,5.469508E-02,1.896523E+03,5.165079E-02,0.000000E+00,0.000000E+00,3.730654E-01,4.998331E+03,3.730654E-01,2.290962E+03,2.536361E+03,3.730654E-01,1.335399E+04,3.730654E-01,0.000000E+00,0.000000E+00,4.820504E-02,6.458512E+02,4.820504E-02,2.960230E+02,3.277318E+02,4.820504E-02,1.725514E+03,4.820504E-02,0.000000E+00,0.000000E+00,4.820516E-02,6.458528E+02,4.820516E-02,2.960237E+02,3.277326E+02,4.820516E-02,1.725518E+03,4.820516E-02,0.000000E+00,0.000000E+00,3.353389E-02,4.492871E+02,3.353389E-02,2.059287E+02,2.279870E+02,3.353389E-02,1.200355E+03,3.353389E-02,0.000000E+00,0.000000E+00,1.047938E-02,1.404027E+02,1.047938E-02,6.435295E+01,7.124617E+01,1.047938E-02,3.751123E+02,1.047938E-02,0.000000E+00,0.000000E+00,3.772573E-02,5.054495E+02,3.772573E-02,2.316705E+02,2.564861E+02,3.772573E-02,1.350404E+03,3.772573E-02,0.000000E+00,0.000000E+00,0.000000E+00,0.000000E+00,0.000000E+00,0.000000E+00,0.000000E+00,0.000000E+00,0.000000E+00,0.000000E+00,0.000000E+00,0.000000E+00,1.467111E-02,1.965636E+02,1.467111E-02,9.009405E+01,9.974455E+01,1.467111E-02,5.251568E+02,1.467111E-02,0.000000E+00,0.000000E+00,2.724636E-02,3.650468E+02,2.724636E-02,1.673176E+02,1.852399E+02,2.724636E-02,9.752915E+02,2.724636E-02,0.000000E+00,0.000000E+00
01:30:00,5.165079E-02,6.971557E+02,5.165079E-02,3.120448E+02,3.459176E+02,7.500669E-02,2.239988E+03,5.165079E-02,0.000000E+00,0.000000E+00,3.730654E-01,5.035444E+03,3.730654E-01,2.253849E+03,2.498507E+03,3.730654E-01,1.335399E+04,3.730654E-01,0.000000E+00,0.000000E+00,4.820504E-02,6.506467E+02,4.820504E-02,2.912275E+02,3.228406E+02,4.820504E-02,1.725514E+03,4.820504E-02,0.000000E+00,0.000000E+00,4.820516E-02,6.506483E+02,4.820516E-02,2.912282E+02,3.228414E+02,4.820516E-02,1.725518E+03,4.820516E-02,0.000000E+00,0.000000E+00,3.353389E-02,4.526231E+02,3.353389E-02,2.025927E+02,2.245844E+02,3.353389E-02,1.200355E+03,3.353389E-02,0.000000E+00,0.000000E+00,1.047938E-02,1.414452E+02,1.047938E-02,6.331045E+01,7.018287E+01,1.047938E-02,3.751123E+02,1.047938E-02,0.000000E+00,0.000000E+00,3.772573E-02,5.092025E+02,3.772573E-02,2.279175E+02,2.526582E+02,3.772573E-02,1.350404E+03,3.772573E-02,0.000000E+00,0.000000E+00,0.000000E+00,0.000000E+00,0.000000E+00,0.000000E+00,0.000000E+00,0.000000E+00,0.000000E+00,0.000000E+00,0.000000E+00,0.000000E+00,1.467111E-02,1.980231E+02,1.467111E-02,8.863455E+01,9.825593E+01,1.467111E-02,5.251568E+02,1.467111E-02,0.000000E+00,0.000000E+00,2.724636E-02,3.677573E+02,2.724636E-02,1.646071E+02,1.824753E+02,2.724636E-02,9.752915E+02,2.724636E-02,0.000000E+00,0.000000E+00
01:45:00,5.165079E-02,7.022940E+02,5.165079E-02,3.069065E+02,3.406767E+02,8.701484E-02,2.441111E+03,5.165079E-02,0.000000E+00,0.000000E+00,3.730654E-01,5.072557E+03,3.730654E-01,2.216737E+03,2.460653E+03,3.730654E-01,1.335399E+04,3.730654E-01,0.000000E+00,0.000000E+00,4.820504E-02,6.554422E+02,4.820504E-02,2.864320E+02,3.179493E+02,4.820504E-02,1.725514E+03,4.820504E-02,0.000000E+00,0.000000E+00,4.820516E-02,6.554438E+02,4.820516E-02,2.864327E+02,3.179501E+02,4.820516E-02,1.725518E+03,4.820516E-02,0.000000E+00,0.000000E+00,3.353389E-02,4.559591E+02,3.353389E-02,1.992568E+02,2.211818E+02,3.353389E-02,1.200355E+03,3.353389E-02,0.000000E+00,0.000000E+00,1.047938E-02,1.424877E+02,1.047938E-02,6.226795E+01,6.911954E+01,1.047938E-02,3.751123E+02,1.047938E-02,0.000000E+00,0.000000E+00,3.772573E-02,5.129555E+02,3.772573E-02,2.241645E+02,2.488302E+02,3.772573E-02,1.350404E+03,3.772573E-02,0.000000E+00,0.000000E+00,0.000000E+00,0.000000E+00,0.000000E+00,0.000000E+00,0.000000E+00,0.000000E+00,0.000000E+00,0.000000E+00,0.000000E+00,0.000000E+00,1.467111E-02,1.994826E+02,1.467111E-02,8.717505E+01,9.676728E+01,1.467111E-02,5.251568E+02,1.467111E-02,0.000000E+00,0.000000E+00,2.724636E-02,3.704678E+02,2.724636E-02,1.618966E+02,1.797107E+02,2.724636E-02,9.752915E+02,2.724636E-02,0.000000E+00,0.000000E+00
02:00:00,5.165079E-02,7.074323E+02,5.165079E-02,3.017683E+02,3.354359E+02,9.403947E-02,2.558772E+03,5.165079E-02,0.000000E+00,0.000000E+00,3.730654E-01,5.109670E+03,3.730654E-01,2.179624E+03,2.422799E+03,3.730654E-01,1.335399E+04,3.730654E-01,0.000000E+00,0.000000E+00,4.820504E-02,6.602377E+02,4.820504E-02,2.816365E+02,3.130581E+02,4.820504E-02,1.725514E+03,4.820504E-02,0.000000E+00,0.000000E+00,4.820516E-02,6.602393E+02,4.820516E-02,2.816372E+02,3.130589E+02,4.820516E-02,1.725518E+03,4.820516E-02,0.000000E+00,0.000000E+00,3.353389E-02,4.592951E+02,3.353389E-02,1.959208E+02,2.177792E+02,3.353389E-02,1.200355E+03,3.353389E-02,0.000000E+00,0.000000E+00,1.047938E-02,1.435302E+02,1.047938E-02,6.122545E+01,6.805623E+01,1.053560E-02,3.758958E+02,1.047938E-02,0.000000E+00,0.000000E+00,3.772573E-02,5.167084E+02,3.772573E-02,2.204115E+02,2.450023E+02,3.772573E-02,1.350404E+03,3.772573E-02,0.000000E+00,0.000000E+00,0.000000E+00,0.000000E+00,0.000000E+00,0.000000E+00,0.000000E+00,0.000000E+00,0.000000E+00,0.000000E+00,0.000000E+00,0.000000E+00,1.467111E-02,2.009421E+02,1.467111E-02,8.571556E+01,9.527864E+01,1.467111E-02,5.251568E+02,1.467111E-02,0.000000E+00,0.000000E+00,2.724636E-02,3.731783E+02,3.012369E-02,2.073517E+02,2.805594E+02,2.724636E-02,9.752915E+02,2.724636E-02,0.000000E+00,0.000000E+00
02:15:00,5.165079E-02,7.112860E+02,5.165079E-02,2.979146E+02,3.315052E+02,1.012487E-01,2.679514E+03,5.165079E-02,0.000000E+00,0.000000E+00,3.730654E-01,5.137504E+03,3.730654E-01,2.151789E+03,2.394409E+03,3.730654E-01,1.335399E+04,3.730654E-01,0.000000E+00,0.000000E+00,4.820504E-02,6.638343E+02,4.820504E-02,2.780399E+02,3.093897E+02,4.820504E-02,1.725514E+03,4.820504E-02,0.000000E+00,0.000000E+00,4.820516E-02,6.638359E+02,4.820516E-02,2.780406E+02,3.093904E+02,4.820516E-02,1.725518E+03,4.820516E-02,0.000000E+00,0.000000E+00,3.353389E-02,4.617971E+02,3.353389E-02,1.934188E+02,2.152273E+02,3.353389E-02,1.200355E+03,3.353389E-02,0.000000E+00,0.000000E+00,1.047938E-02,1.443121E+02,1.047938E-02,6.044358E+01,6.725875E+01,1.946333E-02,5.128417E+02,1.047938E-02,0.000000E+00,0.000000E+00,3.772573E-02,5.195232E+02,3.772573E-02,2.175968E+02,2.421314E+02,3.772573E-02,1.350404E+03,3.772573E-02,0.000000E+00,0.000000E+00,0.000000E+00,0.000000E+00,0.000000E+00,0.000000E+00,0.000000E+00,0.000000E+00,0.000000E+00,0.000000E+00,0.000000E+00,0.000000E+00,1.467111E-02,2.020367E+02,1.467111E-02,8.462093E+01,9.416217E+01,1.467111E-02,5.251568E+02,1.467111E-02,0.000000E+00,0.000000E+00,2.724636E-02,3.752112E+02,3.485415E-02,2.844878E+02,4.417921E+02,2.724636E-02,9.752915E+02,2.724636E-02,0.000000E+00,0.000000E+00
02:30:00,5.165079E-02,7.151397E+02,5.165079E-02,2.940609E+02,3.275746E+02,1.077932E-01,2.789122E+03,5.165079E-02,0.000000E+00,0.000000E+00,3.730654E-01,5.165339E+03,3.730654E-01,2.123954E+03,2.366019E+03,3.730654E-01,1.335399E+04,3.730654E-01,0.000000E+00,0.000000E+00,4.820504E-02,6.674309E+02,4.820504E-02,2.744433E+02,3.057213E+02,4.820504E-02,1.725514E+03,4.820504E-02,0.000000E+00,0.000000E+00,4.820516E-02,6.674326E+02,4.820516E-02,2.744440E+02,3.057220E+02,4.820516E-02,1.725518E+03,4.820516E-02,0.000000E+00,0.000000E+00,3.353389E-02,4.642991E+02,3.353389E-02,1.909168E+02,2.126753E+02,3.702468E-02,1.258820E+03,3.353389E-02,0.000000E+00,0.000000E+00,1.047938E-02,1.450939E+02,1.047938E-02,5.966170E+01,6.646127E+01,3.085433E-02,7.159087E+02,1.047938E-02,0.000000E+00,0.000000E+00,3.772573E-02,5.223379E+02,3.772573E-02,2.147820E+02,2.392604E+02,4.428959E-02,1.450929E+03,3.772573E-02,0.000000E+00,0.000000E+00,0.000000E+00,0.000000E+00,0.000000E+00,0.000000E+00,0.000000E+00,0.000000E+00,0.000000E+00,0.000000E+00,0.000000E+00,0.000000E+00,1.467111E-02,2.031314E+02,1.467111E-02,8.352631E+01,9.304570E+01,1.467111E-02,5.251568E+02,1.467111E-02,0.000000E+00,0.000000E+00,2.724636E-02,3.772440E+02,3.865467E-02,3.460385E+02,5.594229E+02,2.724636E-02,9.752915E+02,2.724636E-02,0.000000E+00,0.000000E+00
02:45:00,5.165079E-02,7.189934E+02,5.165079E-02,2.902072E+02,3.236440E+02,1.141765E-01,2.896033E+03,5.165079E-02,0.000000E+00,0.000000E+00,3.730654E-01,5.193174E+03,3.730654E-01,2.096120E+03,2.337629E+03,3.730654E-01,1.335399E+04,3.730654E-01,0.000000E+00,0.000000E+00,4.820504E-02,6.710275E+02,4.820504E-02,2.708467E+02,3.020529E+02,4.820504E-02,1.725514E+03,4.820504E-02,0.000000E+00,0.000000E+00,4.820516E-02,6.710292E+02,4.820516E-02,2.708474E+02,3.020536E+02,4.820516E-02,1.725518E+03,4.820516E-02,0.000000E+00,0.000000E+00,3.353389E-02,4.668010E+02,3.353389E-02,1.884148E+02,2.101234E+02,4.122311E-02,1.329138E+03,3.353389E-02,0.000000E+00,0.000000E+00,1.047938E-02,1.458758E+02,1.047938E-02,5.887983E+01,6.566379E+01,4.060271E-02,8.796174E+02,1.047938E-02,0.000000E+00,0.000000E+00,3.772573E-02,5.251527E+02,3.772573E-02,2.119673E+02,2.363895E+02,7.175800E-02,1.919103E+03,3.772573E-02,0.000000E+00,0.000000E+00,0.000000E+00,0.000000E+00,0.000000E+00,0.000000E+00,0.000000E+00,0.000000E+00,0.000000E+00,0.000000E+00,0.000000E+00,0.000000E+00,1.467111E-02,2.042260E+02,1.467111E-02,8.243169E+01,9.192924E+01,1.755684E-02,5.734869E+02,1.467111E-02,0.000000E+00,0.000000E+00,2.724636E-02,3.792769E+02,4.158461E-02,3.930196E+02,6.396730E+02,2.724636E-02,9.752915E+02,2.724636E-02,0.000000E+00,0.000000E+00
03:00:00,5.165079E-02,7.228471E+02,5.165079E-02,2.863535E+02,3.197134E+02,1.201232E-01,2.995631E+03,5.165079E-02,0.000000E+00,0.000000E+00,3.730654E-01,5.221008E+03,3.730654E-01,2.068285E+03,2.309238E+03,3.730654E-01,1.335399E+04,3.730654E-01,0.000000E+00,0.000000E+00,4.820504E-02,6.746241E+02,4.820504E-02,2.672501E+02,2.983845E+02,4.820504E-02,1.725514E+03,4.820504E-02,0.000000E+00,0.000000E+00,4.820516E-02,6.746258E+02,4.820516E-02,2.672507E+02,2.983852E+02,4.820516E-02,1.725518E+03,4.820516E-02,0.000000E+00,0.000000E+00,3.353389E-02,4.693030E+02,3.353389E-02,1.859128E+02,2.075715E+02,4.497185E-02,1.391925E+03,3.353389E-02,0.000000E+00,0.000000E+00,1.047938E-02,1.466577E+02,1.047938E-02,5.809795E+01,6.486631E+01,4.836611E-02,1.009644E+03,1.047938E-02,0.000000E+00,0.000000E+00,3.772573E-02,5.279674E+02,3.772573E-02,2.091525E+02,2.335186E+02,9.870951E-02,2.371731E+03,3.772573E-02,0.000000E+00,0.000000E+00,0.000000E+00,0.000000E+00,0.000000E+00,0.000000E+00,0.000000E+00,0.000000E+00,0.000000E+00,0.000000E+00,0.000000E+00,0.000000E+00,1.467111E-02,2.053206E+02,1.467111E-02,8.133707E+01,9.081276E+01,2.016244E-02,6.171258E+02,1.467111E-02,0.000000E+00,0.000000E+00,2.724636E-02,3.813098E+02,4.402510E-02,4.318153E+02,6.998228E+02,2.724636E-02,9.752915E+02,2.724636E-02,0.000000E+00,0.000000E+00
03:15:00,5.165079E-02,7.267008E+02,5.165079E-02,2.824997E+02,3.157828E+02,1.256183E-01,3.087664E+03,5.165079E-02,0.000000E+00,0.000000E+00,3.730654E-01,5.248843E+03,3.730654E-01,2.040450E+03,2.280848E+03,3.730654E-01,1.335399E+04,3.730654E-01,0.000000E+00,0.000000E+00,4.820504E-02,6.782207E+02,4.820504E-02,2.636535E+02,2.947161E+02,4.820504E-02,1.725514E+03,4.820504E-02,0.000000E+00,0.000000E+00,4.820516E-02,6.782224E+02,4.820516E-02,2.636541E+02,2.947168E+02,4.820516E-02,1.725518E+03,4.820516E-02,0.000000E+00,0.000000E+00,3.353389E-02,4.718050E+02,3.353389E-02,1.834108E+02,2.050196E+02,4.854692E-02,1.451803E+03,3.353389E-02,0.000000E+00,0.000000E+00,1.047938E-02,1.474396E+02,1.047938E-02,5.731608E+01,6.406884E+01,5.571257E-02,1.132687E+03,1.047938E-02,0.000000E+00,0.000000E+00,3.772573E-02,5.307822E+02,3.772573E-02,2.063378E+02,2.306477E+02,1.155651E-01,2.654044E+03,3.772573E-02,0.000000E+00,0.000000E+00,0.000000E+00,0.000000E+00,0.000000E+00,0.000000E+00,0.000000E+00,0.000000E+00,0.000000E+00,0.000000E+00,0.000000E+00,0.000000E+00,1.467111E-02,2.064152E+02,1.467111E-02,8.024244E+01,8.969630E+01,2.242046E-02,6.549437E+02,1.467111E-02,0.000000E+00,0.000000E+00,2.724636E-02,3.833426E+02,4.608587E-02,4.642629E+02,7.463532E+02,2.726935E-02,9.756766E+02,2.724636E-02,0.000000E+00,0.000000E+00
03:30:00,5.165079E-02,7.305545E+02,5.165079E-02,2.786460E+02,3.118522E+02,1.306795E-01,3.172430E+03,5.165079E-02,0.000000E+00,0.000000E+00,3.730654E-01,5.276678E+03,3.730654E-01,2.012615E+03,2.252458E+03,3.730654E-01,1.335399E+04,3.730654E-01,0.000000E+00,0.000000E+00,4.820504E-02,6.818173E+02,4.820504E-02,2.600568E+02,2.910477E+02,4.820504E-02,1.725514E+03,4.820504E-02,0.000000E+00,0.000000E+00,4.820516E-02,6.818191E+02,4.820516E-02,2.600575E+02,2.910485E+02,4.820516E-02,1.725518E+03,4.820516E-02,0.000000E+00,0.000000E+00,3.353389E-02,4.743070E+02,3.353389E-02,1.809088E+02,2.024677E+02,5.199810E-02,1.509605E+03,3.353389E-02,0.000000E+00,0.000000E+00,1.047938E-02,1.482214E+02,1.047938E-02,5.653420E+01,6.327137E+01,6.215094E-02,1.240522E+03,1.047938E-02,0.000000E+00,0.000000E+00,3.772573E-02,5.335969E+02,3.772573E-02,2.035230E+02,2.277768E+02,1.341382E-01,2.965107E+03,3.772573E-02,0.000000E+00,0.000000E+00,0.000000E+00,0.000000E+00,0.000000E+00,0.000000E+00,0.000000E+00,0.000000E+00,0.000000E+00,0.000000E+00,0.000000E+00,0.000000E+00,1.467111E-02,2.075098E+02,1.467111E-02,7.914782E+01,8.857984E+01,2.463971E-02,6.921121E+02,1.467111E-02,0.000000E+00,0.000000E+00,2.724636E-02,3.853755E+02,4.784292E-02,4.916330E+02,7.833934E+02,3.024661E-02,1.025541E+03,2.724636E-02,0.000000E+00,0.000000E+00
03:45:00,5.165079E-02,7.344082E+02,5.165079E-02,2.747923E+02,3.079208E+02,1.353292E-01,3.250304E+03,5.165079E-02,0.000000E+00,0.000000E+00,3.730654E-01,5.304512E+03,3.730654E-01,1.984781E+03,2.224062E+03,3.730654E-01,1.335399E+04,3.730654E-01,0.000000E+00,0.000000E+00,4.820504E-02,6.854140E+02,4.820504E-02,2.564602E+02,2.873786E+02,4.820504E-02,1.725514E+03,4.820504E-02,0.000000E+00,0.000000E+00,4.820516E-02,6.854157E+02,4.820516E-02,2.564609E+02,2.873793E+02,4.820516E-02,1.725518E+03,4.820516E-02,0.000000E+00,0.000000E+00,3.353389E-02,4.768090E+02,3.484768E-02,2.003999E+02,2.382305E+02,5.517184E-02,1.562760E+03,3.353389E-02,0.000000E+00,0.000000E+00,1.047938E-02,1.490033E+02,1.047938E-02,5.575233E+01,6.247372E+01,6.820844E-02,1.341976E+03,1.047938E-02,0.000000E+00,0.000000E+00,3.772573E-02,5.364117E+02,3.772573E-02,2.007083E+02,2.249053E+02,1.497015E-01,3.225764E+03,3.772573E-02,0.000000E+00,0.000000E+00,0.000000E+00,0.000000E+00,0.000000E+00,0.000000E+00,0.000000E+00,0.000000E+00,0.000000E+00,0.000000E+00,0.000000E+00,0.000000E+00,1.467111E-02,2.086045E+02,1.467111E-02,7.805320E+01,8.746314E+01,2.683261E-02,7.288392E+02,1.467111E-02,0.000000E+00,0.000000E+00,2.724636E-02,3.874084E+02,4.934946E-02,5.148135E+02,8.135102E+02,3.314404E-02,1.074068E+03,2.724636E-02,0.000000E+00,0.000000E+00
04:00:00,5.165079E-02,7.382619E+02,5.165079E-02,2.709386E+02,3.039902E+02,1.396010E-01,3.321849E+03,5.165079E-02,0.000000E+00,0.000000E+00,3.730654E-01,5.332347E+03,3.730654E-01,1.956946E+03,2.195672E+03,3.730654E-01,1.335399E+04,3.730654E-01,0.000000E+00,0.000000E+00,4.820504E-02,6.890106E+02,4.820504E-02,2.528636E+02,2.837102E+02,4.820504E-02,1.725514E+03,4.820504E-02,0.000000E+00,0.000000E+00,4.820516E-02,6.890123E+02,4.820516E-02,2.528643E+02,2.837109E+02,4.820516E-02,1.725518E+03,4.820516E-02,0.000000E+00,0.000000E+00,3.353389E-02,4.793110E+02,3.657927E-02,2.268847E+02,2.839737E+02,5.808741E-02,1.611591E+03,3.353389E-02,0.000000E+00,0.000000E+00,1.047938E-02,1.497852E+02,1.062666E-02,5.742745E+01,6.730397E+01,7.403960E-02,1.439639E+03,1.047938E-02,0.000000E+00,0.000000E+00,3.772573E-02,5.392264E+02,3.772573E-02,1.978935E+02,2.220344E+02,1.645140E-01,3.473846E+03,3.772573E-02,0.000000E+00,0.000000E+00,0.000000E+00,0.000000E+00,0.000000E+00,0.000000E+00,0.000000E+00,0.000000E+00,0.000000E+00,0.000000E+00,0.000000E+00,0.000000E+00,1.467111E-02,2.096991E+02,1.467111E-02,7.695857E+01,8.634667E+01,2.890756E-02,7.635905E+02,1.467111E-02,0.000000E+00,0.000000E+00,2.724636E-02,3.894413E+02,5.064849E-02,5.345227E+02,8.384699E+02,3.581370E-02,1.118780E+03,2.724636E-02,0.000000E+00,0.000000E+00
04:15:00,5.165079E-02,7.408311E+02,5.165079E-02,2.683695E+02,3.013698E+02,1.435373E-01,3.387774E+03,5.165079E-02,0.000000E+00,0.000000E+00,3.730654E-01,5.350903E+03,3.730654E-01,1.938390E+03,2.176746E+03,3.730654E-01,1.335399E+04,3.730654E-01,0.000000E+00,0.000000E+00,4.820504E-02,6.914083E+02,4.820504E-02,2.504659E+02,2.812647E+02,4.820504E-02,1.725514E+03,4.820504E-02,0.000000E+00,0.000000E+00,4.820516E-02,6.914101E+02,4.820516E-02,2.504665E+02,2.812654E+02,4.820516E-02,1.725518E+03,4.820516E-02,0.000000E+00,0.000000E+00,3.353389E-02,4.809790E+02,3.807753E-02,2.502979E+02,3.220118E+02,6.075629E-02,1.656289E+03,3.353389E-02,0.000000E+00,0.000000E+00,1.047938E-02,1.503064E+02,1.686086E-02,1.612279E+02,3.052145E+02,7.967511E-02,1.534023E+03,1.047938E-02,0.000000E+00,0.000000E+00,3.772573E-02,5.411029E+02,3.772573E-02,1.960170E+02,2.201205E+02,1.790650E-01,3.717546E+03,3.772573E-02,0.000000E+00,0.000000E+00,0.000000E+00,0.000000E+00,0.000000E+00,0.000000E+00,0.000000E+00,0.000000E+00,0.000000E+00,0.000000E+00,0.000000E+00,0.000000E+00,1.467111E-02,2.104288E+02,1.467111E-02,7.622883E+01,8.560238E+01,3.083546E-02,7.958791E+02,1.467111E-02,0.000000E+00,0.000000E+00,2.724636E-02,3.907965E+02,5.177685E-02,5.520535E+02,8.602417E+02,3.825729E-02,1.159706E+03,2.724636E-02,0.000000E+00,0.000000E+00
04:30:00,5.165079E-02,7.434002E+02,5.165079E-02,2.658004E+02,2.987494E+02,1.471765E-01,3.448723E+03,5.165079E-02,0.000000E+00,0.000000E+00,3.730654E-01,5.369460E+03,3.730654E-01,1.919833E+03,2.157819E+03,3.730654E-01,1.335399E+04,3.730654E-01,0.000000E+00,0.000000E+00,4.820504E-02,6.938061E+02,4.820504E-02,2.480681E+02,2.788191E+02,4.820504E-02,1.725514E+03,4.820504E-02,0.000000E+00,0.000000E+00,4.820516E-02,6.938078E+02,4.820516E-02,2.480688E+02,2.788198E+02,4.820516E-02,1.725518E+03,4.820516E-02,0.000000E+00,0.000000E+00,3.353389E-02,4.826470E+02,3.937816E-02,2.704031E+02,3.533111E+02,6.319237E-02,1.697089E+03,3.353389E-02,0.000000E+00,0.000000E+00,1.047938E-02,1.508277E+02,2.202914E-02,2.473244E+02,4.971119E+02,8.491951E-02,1.621857E+03,1.047938E-02,0.000000E+00,0.000000E+00,3.772573E-02,5.429794E+02,3.772573E-02,1.941405E+02,2.182065E+02,1.933173E-01,3.956243E+03,3.772573E-02,0.000000E+00,0.000000E+00,0.000000E+00,0.000000E+00,0.000000E+00,0.000000E+00,0.000000E+00,0.000000E+00,0.000000E+00,0.000000E+00,0.000000E+00,0.000000E+00,1.467111E-02,2.111586E+02,1.467111E-02,7.549908E+01,8.485808E+01,3.261327E-02,8.256538E+02,1.467111E-02,0.000000E+00,0.000000E+00,2.724636E-02,3.921518E+02,5.275993E-02,5.671528E+02,8.788911E+02,4.048115E-02,1.196951E+03,2.724636E-02,0.000000E+00,0.000000E+00
04:45:00,5.165079E-02,7.459693E+02,5.165079E-02,2.632312E+02,2.961291E+02,1.505518E-01,3.505252E+03,5.165079E-02,0.000000E+00,0.000000E+00,3.730654E-01,5.388016E+03,3.730654E-01,1.901277E+03,2.138892E+03,3.730654E-01,1.335399E+04,3.730654E-01,0.000000E+00,0.000000E+00,4.820504E-02,6.962038E+02,4.820504E-02,2.456704E+02,2.763735E+02,4.956450E-02,1.748282E+03,4.820504E-02,0.000000E+00,0.000000E+00,4.820516E-02,6.962056E+02,4.820516E-02,2.456710E+02,2.763742E+02,4.820516E-02,1.725518E+03,4.820516E-02,0.000000E+00,0.000000E+00,3.353389E-02,4.843150E+02,4.060174E-02,2.892192E+02,3.817289E+02,6.541086E-02,1.734244E+03,3.353389E-02,0.000000E+00,0.000000E+00,1.047938E-02,1.513489E+02,2.746061E-02,3.377371E+02,6.888082E+02,8.977612E-02,1.703195E+03,1.047938E-02,0.000000E+00,0.000000E+00,3.772573E-02,5.448559E+02,3.772573E-02,1.922640E+02,2.162926E+02,2.067041E-01,4.180444E+03,3.772573E-02,0.000000E+00,0.000000E+00,0.000000E+00,0.000000E+00,0.000000E+00,0.000000E+00,0.000000E+00,0.000000E+00,0.000000E+00,0.000000E+00,0.000000E+00,0.000000E+00,1.467111E-02,2.118883E+02,1.467111E-02,7.476933E+01,8.411377E+01,3.424354E-02,8.529574E+02,1.467111E-02,0.000000E+00,0.000000E+00,2.724636E-02,3.935070E+02,5.367036E-02,5.810355E+02,8.964084E+02,4.249663E-02,1.230706E+03,2.724636E-02,0.000000E+00,0.000000E+00
05:00:00,5.165079E-02,7.485385E+02,5.165079E-02,2.606621E+02,2.935087E+02,1.536880E-01,3.557777E+03,5.165079E-02,0.000000E+00,0.000000E+00,3.730654E-01,5.406573E+03,3.730654E-01,1.882720E+03,2.119966E+03,3.730654E-01,1.335399E+04,3.730654E-01,0.000000E+00,0.000000E+00,4.820504E-02,6.986015E+02,4.820504E-02,2.432726E+02,2.739280E+02,5.162692E-02,1.782824E+03,4.820504E-02,0.000000E+00,0.000000E+00,4.820516E-02,6.986033E+02,4.820516E-02,2.432733E+02,2.739287E+02,4.820516E-02,1.725518E+03,4.820516E-02,0.000000E+00,0.000000E+00,3.353389E-02,4.859830E+02,4.182747E-02,3.080714E+02,4.095995E+02,6.742538E-02,1.767984E+03,3.353389E-02,0.000000E+00,0.000000E+00,1.047938E-02,1.518702E+02,3.404330E-02,4.474136E+02,9.065076E+02,9.425413E-02,1.778191E+03,1.047938E-02,0.000000E+00,0.000000E+00,3.772573E-02,5.467324E+02,3.772573E-02,1.903876E+02,2.143787E+02,2.192017E-01,4.389754E+03,3.772573E-02,0.000000E+00,0.000000E+00,0.000000E+00,0.000000E+00,0.000000E+00,0.000000E+00,0.000000E+00,0.000000E+00,0.000000E+00,0.000000E+00,0.000000E+00,0.000000E+00,1.467111E-02,2.126181E+02,1.467111E-02,7.403958E+01,8.336947E+01,3.573246E-02,8.778935E+02,1.467111E-02,0.000000E+00,0.000000E+00,2.724636E-02,3.948623E+02,5.455455E-02,5.944778E+02,9.137520E+02,4.431804E-02,1.261211E+03,2.724636E-02,0.000000E+00,0.000000E+00
05:15:00,5.165079E-02,7.459693E+02,1.254098E-01,1.323202E+03,1.768654E+03,3.371538E-01,6.330809E+03,5.165079E-02,0.000000E+00,0.000000E+00,3.730654E-01,5.388016E+03,5.001232E-01,3.866975E+03,6.097900E+03,6.285561E-01,1.732627E+04,3.730654E-01,0.000000E+00,0.000000E+00,4.820504E-02,6.962038E+02,4.820504E-02,2.456704E+02,2.763735E+02,1.162465E-01,2.780753E+03,4.820504E-02,0.000000E+00,0.000000E+00,4.820516E-02,6.962056E+02,4.820516E-02,2.456710E+02,2.763742E+02,8.992578E-02,2.380486E+03,4.820516E-02,0.000000E+00,0.000000E+00,3.353389E-02,4.843150E+02,9.832880E-02,1.175349E+03,1.472303E+03,1.316619E-01,2.722296E+03,3.353389E-02,0.000000E+00,0.000000E+00,1.047938E-02,1.513489E+02,1.471325E-01,2.171581E+03,3.155308E+03,2.168397E-01,3.575551E+03,1.047938E-02,0.000000E+00,0.000000E+00,3.772573E-02,5.448559E+02,2.233174E-01,2.776009E+03,5.014910E+03,5.887673E-01,1.000133E+04,3.772573E-02,0.000000E+00,0.000000E+00,0.000000E+00,0.000000E+00,8.502030E-03,1.224813E+02,1.427249E+02,4.747111E-03,5.426512E+01,0.000000E+00,0.000000E+00,0.000000E+00,1.467111E-02,2.118883E+02,3.749295E-02,4.202917E+02,5.310884E+02,7.756323E-02,1.500546E+03,1.467111E-02,0.000000E+00,0.000000E+00,2.724636E-02,3.935070E+02,9.588644E-02,1.202587E+03,1.597224E+03,9.616120E-02,2.044102E+03,2.724636E-02,0.000000E+00,0.000000E+00
05:30:00,5.165079E-02,7.434002E+02,1.727591E-01,1.878681E+03,2.459408E+03,3.776223E-01,6.511137E+03,5.165079E-02,0.000000E+00,0.000000E+00,3.730654E-01,5.369460E+03,5.903407E-01,4.982469E+03,8.005769E+03,6.725200E-01,1.759185E+04,3.730654E-01,0.000000E+00,0.000000E+00,4.820504E-02,6.938061E+02,4.820504E-02,2.480681E+02,2.788191E+02,1.383445E-01,2.997653E+03,4.820504E-02,0.000000E+00,0.000000E+00,4.820516E-02,6.938078E+02,4.820516E-02,2.480688E+02,2.788198E+02,1.102602E-01,2.613103E+03,4.820516E-02,0.000000E+00,0.000000E+00,3.353389E-02,4.826470E+02,1.275619E-01,1.501164E+03,1.821116E+03,1.587816E-01,2.968095E+03,3.353389E-02,0.000000E+00,0.000000E+00,1.047938E-02,1.508277E+02,2.145977E-01,2.937176E+03,3.875550E+03,2.693955E-01,4.029251E+03,1.047938E-02,0.000000E+00,0.000000E+00,3.772573E-02,5.429794E+02,3.155112E-01,3.812976E+03,6.537870E+03,6.943798E-01,1.074287E+04,3.772573E-02,0.000000E+00,0.000000E+00,0.000000E+00,0.000000E+00,1.433739E-02,1.921375E+02,2.153945E+02,7.871309E-03,8.997842E+01,0.000000E+00,0.000000E+00,0.000000E+00,1.467111E-02,2.111586E+02,5.562129E-02,6.445946E+02,7.752425E+02,9.489048E-02,1.657308E+03,1.467111E-02,0.000000E+00,0.000000E+00,2.724636E-02,3.921518E+02,1.212527E-01,1.468238E+03,1.903808E+03,1.181697E-01,2.258528E+03,2.724636E-02,0.000000E+00,0.000000E+00
05:45:00,5.165079E-02,7.408311E+02,2.297018E-01,2.453427E+03,3.067138E+03,4.972467E-01,7.600181E+03,5.165079E-02,0.000000E+00,0.000000E+00,3.730654E-01,5.350903E+03,6.860653E-01,5.914995E+03,9.706437E+03,8.211282E-01,1.906960E+04,3.730654E-01,0.000000E+00,0.000000E+00,4.820504E-02,6.914083E+02,4.820504E-02,2.504659E+02,2.812647E+02,1.782762E-01,3.379666E+03,4.820504E-02,0.000000E+00,0.000000E+00,4.820516E-02,6.914101E+02,5.555459E-02,3.383327E+02,3.983855E+02,1.496002E-01,3.034274E+03,4.820516E-02,0.000000E+00,0.000000E+00,3.353389E-02,4.809790E+02,1.562573E-01,1.737329E+03,2.063051E+03,2.011607E-01,3.332272E+03,3.353389E-02,0.000000E+00,0.000000E+00,1.047938E-02,1.503064E+02,2.810472E-01,3.499161E+03,4.119523E+03,3.513093E-01,4.709618E+03,1.047938E-02,0.000000E+00,0.000000E+00,3.772573E-02,5.411029E+02,4.204574E-01,4.837769E+03,7.512790E+03,9.218923E-01,1.276309E+04,3.772573E-02,0.000000E+00,0.000000E+00,0.000000E+00,0.000000E+00,1.998079E-02,2.469230E+02,2.626387E+02,1.297283E-02,1.482949E+02,0.000000E+00,0.000000E+00,0.000000E+00,1.467111E-02,2.104288E+02,7.419603E-02,8.273780E+02,9.292268E+02,1.230203E-01,1.903088E+03,1.467111E-02,0.000000E+00,0.000000E+00,2.724636E-02,3.907965E+02,1.452000E-01,1.643737E+03,2.109209E+03,1.523737E-01,2.566621E+03,2.724636E-02,0.000000E+00,0.000000E+00
06:00:00,5.165079E-02,7.382619E+02,2.854056E-01,2.894231E+03,3.528516E+03,5.910404E-01,8.057963E+03,5.165079E-02,0.000000E+00,0.000000E+00,3.730654E-01,5.332347E+03,7.713138E-01,6.462357E+03,1.153466E+04,9.186289E-01,1.955191E+04,3.730654E-01,0.000000E+00,0.000000E+00,4.820504E-02,6.890106E+02,4.820504E-02,2.528636E+02,2.837102E+02,2.074047E-01,3.527902E+03,4.820504E-02,0.000000E+00,0.000000E+00,4.820516E-02,6.890123E+02,6.900769E-02,4.854544E+02,5.821419E+02,1.782742E-01,3.222843E+03,4.820516E-02,0.000000E+00,0.000000E+00,3.353389E-02,4.793110E+02,1.820530E-01,1.860416E+03,2.268008E+03,2.330421E-01,3.459286E+03,3.353389E-02,0.000000E+00,0.000000E+00,1.047938E-02,1.497852E+02,3.418585E-01,3.811728E+03,4.453406E+03,4.124088E-01,4.925666E+03,1.047938E-02,0.000000E+00,0.000000E+00,3.772573E-02,5.392264E+02,5.223063E-01,5.629289E+03,8.221947E+03,1.086751E+00,1.342693E+04,3.772573E-02,0.000000E+00,0.000000E+00,0.000000E+00,0.000000E+00,2.516266E-02,2.839913E+02,2.972302E+02,1.708904E-02,1.953480E+02,0.000000E+00,0.000000E+00,0.000000E+00,1.467111E-02,2.096991E+02,9.136223E-02,9.448262E+02,1.046604E+03,1.441544E-01,1.991141E+03,1.467111E-02,0.000000E+00,0.000000E+00,2.724636E-02,3.894413E+02,1.662632E-01,1.719594E+03,2.294970E+03,1.777505E-01,2.679294E+03,2.724636E-02,0.000000E+00,0.000000E+00
06:15:00,5.165079E-02,7.292699E+02,2.150542E-01,2.102461E+03,2.491241E+03,4.983344E-01,6.836187E+03,5.165079E-02,0.000000E+00,0.000000E+00,3.730654E-01,5.267399E+03,6.070410E-01,4.634869E+03,7.898437E+03,7.047252E-01,1.705704E+04,3.730654E-01,0.000000E+00,0.000000E+00,4.820504E-02,6.806185E+02,4.820504E-02,2.612557E+02,2.922705E+02,1.699217E-01,3.084516E+03,4.820504E-02,0.000000E+00,0.000000E+00,4.820516E-02,6.806202E+02,5.280755E-02,3.125593E+02,3.558172E+02,1.442985E-01,2.798418E+03,4.820516E-02,0.000000E+00,0.000000E+00,3.353389E-02,4.734730E+02,1.506708E-01,1.492018E+03,1.836262E+03,1.983859E-01,3.040992E+03,3.353389E-02,0.000000E+00,0.000000E+00,1.047938E-02,1.479608E+02,2.934030E-01,3.220973E+03,3.758463E+03,3.467972E-01,4.130190E+03,1.047938E-02,0.000000E+00,0.000000E+00,3.772573E-02,5.326587E+02,3.990630E-01,4.233594E+03,5.835172E+03,8.726506E-01,1.067248E+04,3.772573E-02,0.000000E+00,0.000000E+00,0.000000E+00,0.000000E+00,2.149257E-02,2.401922E+02,2.502985E+02,1.616344E-02,1.804663E+02,0.000000E+00,0.000000E+00,0.000000E+00,1.467111E-02,2.071450E+02,7.010703E-02,6.992221E+02,7.701508E+02,1.220195E-01,1.723725E+03,1.467111E-02,0.000000E+00,0.000000E+00,2.724636E-02,3.846979E+02,1.448719E-01,1.463250E+03,1.985311E+03,1.493598E-01,2.338721E+03,2.724636E-02,0.000000E+00,0.000000E+00
06:30:00,5.165079E-02,7.202780E+02,2.226674E-01,2.198043E+03,2.559394E+03,5.440787E-01,7.346953E+03,5.165079E-02,0.000000E+00,0.000000E+00,3.730654E-01,5.202452E+03,5.963126E-01,4.576281E+03,7.822182E+03,7.362878E-01,1.740946E+04,3.730654E-01,0.000000E+00,0.000000E+00,4.820504E-02,6.722264E+02,4.820504E-02,2.696478E+02,3.008301E+02,1.720199E-01,3.107948E+03,4.820504E-02,0.000000E+00,0.000000E+00,4.820516E-02,6.722281E+02,5.378289E-02,3.319148E+02,3.760327E+02,1.481495E-01,2.841416E+03,4.820516E-02,0.000000E+00,0.000000E+00,3.353389E-02,4.676350E+02,1.452489E-01,1.434683E+03,1.775569E+03,1.976590E-01,3.032889E+03,3.353389E-02,0.000000E+00,0.000000E+00,1.047938E-02,1.461364E+02,2.888690E-01,3.166485E+03,3.684011E+03,3.448474E-01,4.108433E+03,1.047938E-02,0.000000E+00,0.000000E+00,3.772573E-02,5.260909E+02,4.062538E-01,4.324391E+03,5.735490E+03,9.062927E-01,1.104811E+04,3.772573E-02,0.000000E+00,0.000000E+00,0.000000E+00,0.000000E+00,2.020889E-02,2.256376E+02,2.347489E+02,1.660437E-02,1.853894E+02,0.000000E+00,0.000000E+00,0.000000E+00,1.467111E-02,2.045909E+02,6.756255E-02,6.725770E+02,7.381499E+02,1.221780E-01,1.725499E+03,1.467111E-02,0.000000E+00,0.000000E+00,2.724636E-02,3.799545E+02,1.379549E-01,1.388005E+03,1.903781E+03,1.480252E-01,2.323825E+03,2.724636E-02,0.000000E+00,0.000000E+00
06:45:00,5.165079E-02,7.112860E+02,2.210149E-01,2.188651E+03,2.518970E+03,5.068615E-01,6.931420E+03,5.165079E-02,0.000000E+00,0.000000E+00,3.730654E-01,5.137504E+03,5.780220E-01,4.437022E+03,7.518571E+03,6.554436E-01,1.650682E+04,3.730654E-01,0.000000E+00,0.000000E+00,4.820504E-02,6.638343E+02,4.820504E-02,2.780399E+02,3.093897E+02,1.539337E-01,2.906011E+03,4.820504E-02,0.000000E+00,0.000000E+00,4.820516E-02,6.638359E+02,5.326731E-02,3.345535E+02,3.764316E+02,1.306189E-01,2.645682E+03,4.820516E-02,0.000000E+00,0.000000E+00,3.353389E-02,4.617971E+02,1.394258E-01,1.375330E+03,1.708984E+03,1.791150E-01,2.825840E+03,3.353389E-02,0.000000E+00,0.000000E+00,1.047938E-02,1.443121E+02,2.833003E-01,3.105870E+03,3.611659E+03,3.084281E-01,3.701801E+03,1.047938E-02,0.000000E+00,0.000000E+00,3.772573E-02,5.195232E+02,4.007132E-01,4.269404E+03,5.519478E+03,8.048102E-01,9.915038E+03,3.772573E-02,0.000000E+00,0.000000E+00,0.000000E+00,0.000000E+00,1.888940E-02,2.108964E+02,2.194151E+02,1.484793E-02,1.657785E+02,0.000000E+00,0.000000E+00,0.000000E+00,1.467111E-02,2.020367E+02,6.412104E-02,6.366876E+02,6.982630E+02,1.097394E-01,1.586619E+03,1.467111E-02,0.000000E+00,0.000000E+00,2.724636E-02,3.752112E+02,1.312844E-01,1.318065E+03,1.822878E+03,1.322732E-01,2.147949E+03,2.724636E-02,0.000000E+00,0.000000E+00
07:00:00,5.165079E-02,7.022940E+02,2.213485E-01,2.201398E+03,2.514001E+03,4.922325E-01,6.768093E+03,5.165079E-02,0.000000E+00,0.000000E+00,3.730654E-01,5.072557E+03,5.691064E-01,4.402494E+03,7.412603E+03,6.197735E-01,1.610856E+04,3.730654E-01,0.000000E+00,0.000000E+00,4.820504E-02,6.554422E+02,4.820504E-02,2.864320E+02,3.179493E+02,1.447028E-01,2.802948E+03,4.820504E-02,0.000000E+00,0.000000E+00,4.820516E-02,6.554438E+02,5.349838E-02,3.455262E+02,3.871314E+02,1.217566E-01,2.546734E+03,4.820516E-02,0.000000E+00,0.000000E+00,3.353389E-02,4.559591E+02,1.358990E-01,1.341783E+03,1.671845E+03,1.689575E-01,2.712433E+03,3.353389E-02,0.000000E+00,0.000000E+00,1.047938E-02,1.424877E+02,2.808250E-01,3.080060E+03,3.582604E+03,2.885934E-01,3.480351E+03,1.047938E-02,0.000000E+00,0.000000E+00,3.772573E-02,5.129555E+02,3.988495E-01,4.255317E+03,5.408190E+03,7.548571E-01,9.357317E+03,3.772573E-02,0.000000E+00,0.000000E+00,0.000000E+00,0.000000E+00,1.784530E-02,1.992393E+02,2.074381E+02,1.388461E-02,1.550230E+02,0.000000E+00,0.000000E+00,0.000000E+00,1.467111E-02,1.994826E+02,6.182129E-02,6.135696E+02,6.732217E+02,1.028058E-01,1.509206E+03,1.467111E-02,0.000000E+00,0.000000E+00,2.724636E-02,3.704678E+02,1.265893E-01,1.270385E+03,1.768333E+03,1.235228E-01,2.050251E+03,2.724636E-02,0.000000E+00,0.000000E+00
07:15:00,5.165079E-02,6.804564E+02,2.234817E-01,2.247068E+03,2.550517E+03,4.807538E-01,6.639943E+03,5.165079E-02,0.000000E+00,0.000000E+00,3.730654E-01,4.914827E+03,5.661903E-01,4.527664E+03,7.525371E+03,5.948961E-01,1.583080E+04,3.730654E-01,0.000000E+00,0.000000E+00,4.820504E-02,6.350614E+02,4.820504E-02,3.068128E+02,3.387371E+02,1.376999E-01,2.724763E+03,4.820504E-02,0.000000E+00,0.000000E+00,4.820516E-02,6.350630E+02,5.437790E-02,3.757267E+02,4.186009E+02,1.149430E-01,2.470662E+03,4.820516E-02,0.000000E+00,0.000000E+00,3.353389E-02,4.417812E+02,1.340282E-01,1.335076E+03,1.663658E+03,1.611480E-01,2.625242E+03,3.353389E-02,0.000000E+00,0.000000E+00,1.047938E-02,1.380571E+02,2.798742E-01,3.073890E+03,3.575516E+03,2.734256E-01,3.311008E+03,1.047938E-02,0.000000E+00,0.000000E+00,3.772573E-02,4.970052E+02,3.998346E-01,4.282351E+03,5.376946E+03,7.163572E-01,8.927476E+03,3.772573E-02,0.000000E+00,0.000000E+00,0.000000E+00,0.000000E+00,1.699895E-02,1.897902E+02,1.977828E+02,1.304641E-02,1.456645E+02,0.000000E+00,0.000000E+00,0.000000E+00,1.467111E-02,1.932798E+02,6.034056E-02,6.032430E+02,6.620235E+02,9.740811E-02,1.448941E+03,1.467111E-02,0.000000E+00,0.000000E+00,2.724636E-02,3.589482E+02,1.232217E-01,1.244318E+03,1.737604E+03,1.168110E-01,1.975316E+03,2.724636E-02,0.000000E+00,0.000000E+00
07:30:00,5.165079E-02,6.586187E+02,2.270864E-01,2.309160E+03,2.609586E+03,4.711850E-01,6.533112E+03,5.165079E-02,0.000000E+00,0.000000E+00,3.730654E-01,4.757097E+03,5.681654E-01,4.707373E+03,7.743617E+03,5.763641E-01,1.562389E+04,3.730654E-01,0.000000E+00,0.000000E+00,4.820504E-02,6.146805E+02,4.820504E-02,3.271936E+02,3.595252E+02,1.320519E-01,2.661702E+03,4.820504E-02,0.000000E+00,0.000000E+00,4.820516E-02,6.146821E+02,5.575822E-02,4.115182E+02,4.565387E+02,1.094021E-01,2.408799E+03,4.820516E-02,0.000000E+00,0.000000E+00,3.353389E-02,4.276032E+02,1.335111E-01,1.343477E+03,1.672290E+03,1.548333E-01,2.554737E+03,3.353389E-02,0.000000E+00,0.000000E+00,1.047938E-02,1.336265E+02,2.797048E-01,3.076433E+03,3.577951E+03,2.612181E-01,3.174712E+03,1.047938E-02,0.000000E+00,0.000000E+00,3.772573E-02,4.810550E+02,4.029181E-01,4.332773E+03,5.396662E+03,6.849038E-01,8.576303E+03,3.772573E-02,0.000000E+00,0.000000E+00,0.000000E+00,0.000000E+00,1.630955E-02,1.820932E+02,1.899158E+02,1.231399E-02,1.374869E+02,0.000000E+00,0.000000E+00,0.000000E+00,1.467111E-02,1.870769E+02,5.951120E-02,6.001874E+02,6.586253E+02,9.302268E-02,1.399978E+03,1.467111E-02,0.000000E+00,0.000000E+00,2.724636E-02,3.474286E+02,1.208933E-01,1.229851E+03,1.719327E+03,1.114181E-01,1.915103E+03,2.724636E-02,0.000000E+00,0.000000E+00
07:45:00,5.165079E-02,6.367810E+02,2.317478E-01,2.383019E+03,2.684397E+03,4.631170E-01,6.443033E+03,5.165079E-02,0.000000E+00,0.000000E+00,3.730654E-01,4.599367E+03,5.729685E-01,4.918200E+03,8.015838E+03,5.620935E-01,1.546456E+04,3.730654E-01,0.000000E+00,0.000000E+00,4.820504E-02,5.942997E+02,4.820504E-02,3.475744E+02,3.803143E+02,1.273656E-01,2.609378E+03,4.820504E-02,0.000000E+00,0.000000E+00,4.820516E-02,5.943012E+02,5.751899E-02,4.515559E+02,4.993176E+02,1.047813E-01,2.357207E+03,4.820516E-02,0.000000E+00,0.000000E+00,3.353389E-02,4.134253E+02,1.340943E-01,1.364121E+03,1.694552E+03,1.496071E-01,2.496385E+03,3.353389E-02,0.000000E+00,0.000000E+00,1.047938E-02,1.291958E+02,2.797964E-01,3.081828E+03,3.583350E+03,2.511443E-01,3.062236E+03,1.047938E-02,0.000000E+00,0.000000E+00,3.772573E-02,4.651048E+02,4.074293E-01,4.399029E+03,5.450128E+03,6.585706E-01,8.282290E+03,3.772573E-02,0.000000E+00,0.000000E+00,0.000000E+00,0.000000E+00,1.574835E-02,1.758272E+02,1.835082E+02,1.166727E-02,1.302662E+02,0.000000E+00,0.000000E+00,0.000000E+00,1.467111E-02,1.808740E+02,5.920401E-02,6.029564E+02,6.614241E+02,8.939317E-02,1.359453E+03,1.467111E-02,0.000000E+00,0.000000E+00,2.724636E-02,3.359090E+02,1.193522E-01,1.224106E+03,1.710601E+03,1.069879E-01,1.865639E+03,2.724636E-02,0.000000E+00,0.000000E+00
08:00:00,5.165079E-02,6.149434E+02,2.370006E-01,2.463476E+03,2.765219E+03,4.562442E-01,6.366296E+03,5.165079E-02,0.000000E+00,0.000000E+00,3.730654E-01,4.441637E+03,5.802208E-01,5.156228E+03,8.337063E+03,5.508006E-01,1.533847E+04,3.730654E-01,0.000000E+00,0.000000E+00,4.820504E-02,5.739189E+02,4.820504E-02,3.679553E+02,4.011028E+02,1.234022E-01,2.565125E+03,4.820504E-02,0.000000E+00,0.000000E+00,4.820516E-02,5.739204E+02,5.958114E-02,4.949576E+02,5.455607E+02,1.008612E-01,2.313438E+03,4.820516E-02,0.000000E+00,0.000000E+00,3.353389E-02,3.992474E+02,1.355963E-01,1.395009E+03,1.728121E+03,1.452119E-01,2.447311E+03,3.353389E-02,0.000000E+00,0.000000E+00,1.047938E-02,1.247652E+02,2.798905E-01,3.087239E+03,3.588746E+03,2.426799E-01,2.967728E+03,1.047938E-02,0.000000E+00,0.000000E+00,3.772573E-02,4.491546E+02,4.130448E-01,4.477587E+03,5.516080E+03,6.361603E-01,8.032075E+03,3.772573E-02,0.000000E+00,0.000000E+00,0.000000E+00,0.000000E+00,1.529423E-02,1.707567E+02,1.783660E+02,1.109248E-02,1.238486E+02,0.000000E+00,0.000000E+00,0.000000E+00,1.467111E-02,1.746712E+02,5.932508E-02,6.105059E+02,6.693668E+02,8.634878E-02,1.325462E+03,1.467111E-02,0.000000E+00,0.000000E+00,2.724636E-02,3.243894E+02,1.184650E-01,1.225646E+03,1.712015E+03,1.032901E-01,1.824352E+03,2.724636E-02,0.000000E+00,0.000000E+00
08:15:00,5.165079E-02,5.905366E+02,2.425085E-01,2.549347E+03,2.852438E+03,4.503433E-01,6.300410E+03,5.165079E-02,0.000000E+00,0.000000E+00,3.730654E-01,4.265351E+03,5.891403E-01,5.431337E+03,8.707116E+03,5.416636E-01,1.523645E+04,3.730654E-01,0.000000E+00,0.000000E+00,4.820504E-02,5.511404E+02,5.060076E-02,4.174789E+02,4.555424E+02,1.200064E-01,2.527209E+03,4.820504E-02,0.000000E+00,0.000000E+00,4.820516E-02,5.511418E+02,6.186240E-02,5.432027E+02,5.968176E+02,9.749559E-02,2.275860E+03,4.820516E-02,0.000000E+00,0.000000E+00,3.353389E-02,3.834014E+02,1.378391E-01,1.435830E+03,1.772132E+03,1.414737E-01,2.405572E+03,3.353389E-02,0.000000E+00,0.000000E+00,1.047938E-02,1.198134E+02,2.797318E-01,3.090349E+03,3.591726E+03,2.354724E-01,2.887254E+03,1.047938E-02,0.000000E+00,0.000000E+00,3.772573E-02,4.313278E+02,4.193714E-01,4.565952E+03,5.597977E+03,6.168713E-01,7.816708E+03,3.772573E-02,0.000000E+00,0.000000E+00,0.000000E+00,0.000000E+00,1.493057E-02,1.666961E+02,1.742534E+02,1.057938E-02,1.181197E+02,0.000000E+00,0.000000E+00,0.000000E+00,1.467111E-02,1.677386E+02,5.979474E-02,6.226765E+02,6.821021E+02,8.376960E-02,1.296665E+03,1.467111E-02,0.000000E+00,0.000000E+00,2.724636E-02,3.115145E+02,1.181023E-01,1.234392E+03,1.721357E+03,1.001670E-01,1.789481E+03,2.724636E-02,0.000000E+00,0.000000E+00
08:30:00,5.165079E-02,5.661298E+02,2.480913E-01,2.636053E+03,2.940935E+03,4.452470E-01,6.243508E+03,5.165079E-02,0.000000E+00,0.000000E+00,3.730654E-01,4.089064E+03,5.987291E-01,5.713852E+03,9.083176E+03,5.341169E-01,1.515219E+04,3.730654E-01,0.000000E+00,0.000000E+00,4.820504E-02,5.283618E+02,5.365439E-02,4.743467E+02,5.178708E+02,1.170698E-01,2.494421E+03,4.820504E-02,0.000000E+00,0.000000E+00,4.820516E-02,5.283631E+02,6.429279E-02,5.931123E+02,6.497420E+02,9.458048E-02,2.243312E+03,4.820516E-02,0.000000E+00,0.000000E+00,3.353389E-02,3.675555E+02,1.406716E-01,1.483229E+03,1.822949E+03,1.382683E-01,2.369783E+03,3.353389E-02,0.000000E+00,0.000000E+00,1.047938E-02,1.148615E+02,2.791864E-01,3.089142E+03,3.590216E+03,2.292727E-01,2.818033E+03,1.047938E-02,0.000000E+00,0.000000E+00,3.772573E-02,4.135011E+02,4.261450E-01,4.659303E+03,5.688342E+03,6.001316E-01,7.629806E+03,3.772573E-02,0.000000E+00,0.000000E+00,0.000000E+00,0.000000E+00,1.464355E-02,1.634912E+02,1.710115E+02,1.011991E-02,1.129897E+02,0.000000E+00,0.000000E+00,0.000000E+00,1.467111E-02,1.608059E+02,6.056529E-02,6.382059E+02,6.982984E+02,8.156769E-02,1.272080E+03,1.467111E-02,0.000000E+00,0.000000E+00,2.724636E-02,2.986397E+02,1.181473E-01,1.247684E+03,1.735619E+03,9.750518E-02,1.759761E+03,2.724636E-02,0.000000E+00,0.000000E+00
08:45:00,5.165079E-02,5.417230E+02,2.538141E-01,2.724346E+03,3.031383E+03,4.408089E-01,6.193957E+03,5.165079E-02,0.000000E+00,0.000000E+00,3.730654E-01,3.912778E+03,6.098679E-01,6.014075E+03,9.488790E+03,5.277850E-01,1.508149E+04,3.730654E-01,0.000000E+00,0.000000E+00,4.820504E-02,5.055833E+02,5.681803E-02,5.324430E+02,5.809526E+02,1.145159E-01,2.465906E+03,4.820504E-02,0.000000E+00,0.000000E+00,4.820516E-02,5.055845E+02,6.682273E-02,6.441348E+02,7.037113E+02,9.204141E-02,2.214962E+03,4.820516E-02,0.000000E+00,0.000000E+00,3.353389E-02,3.517096E+02,1.440315E-01,1.536554E+03,1.879957E+03,1.355080E-01,2.338962E+03,3.353389E-02,0.000000E+00,0.000000E+00,1.047938E-02,1.099096E+02,2.782532E-01,3.083664E+03,3.584340E+03,2.239059E-01,2.758111E+03,1.047938E-02,0.000000E+00,0.000000E+00,3.772573E-02,3.956744E+02,4.334938E-01,4.759162E+03,5.787957E+03,5.855405E-01,7.466894E+03,3.772573E-02,0.000000E+00,0.000000E+00,0.000000E+00,0.000000E+00,1.442224E-02,1.610202E+02,1.685161E+02,9.707797E-03,1.083885E+02,0.000000E+00,0.000000E+00,0.000000E+00,1.467111E-02,1.538733E+02,6.164641E-02,6.572066E+02,7.180870E+02,7.967747E-02,1.250975E+03,1.467111E-02,0.000000E+00,0.000000E+00,2.724636E-02,2.857648E+02,1.185983E-01,1.265567E+03,1.755083E+03,9.522240E-02,1.734273E+03,2.724636E-02,0.000000E+00,0.000000E+00
09:00:00,5.165079E-02,5.173162E+02,2.597081E-01,2.814554E+03,3.123994E+03,4.369335E-01,6.150687E+03,5.165079E-02,0.000000E+00,0.000000E+00,3.730654E-01,3.736492E+03,6.216289E-01,6.321322E+03,9.900042E+03,5.223940E-01,1.502130E+04,3.730654E-01,0.000000E+00,0.000000E+00,4.820504E-02,4.828047E+02,6.003204E-02,5.911020E+02,6.441089E+02,1.122837E-01,2.440983E+03,4.820504E-02,0.000000E+00,0.000000E+00,4.820516E-02,4.828059E+02,6.938934E-02,6.955670E+02,7.579533E+02,8.981848E-02,2.190143E+03,4.820516E-02,0.000000E+00,0.000000E+00,3.353389E-02,3.358636E+02,1.477709E-01,1.594122E+03,1.941176E+03,1.331185E-01,2.312283E+03,3.353389E-02,0.000000E+00,0.000000E+00,1.047938E-02,1.049577E+02,2.769578E-01,3.074156E+03,3.574397E+03,2.192304E-01,2.705908E+03,1.047938E-02,0.000000E+00,0.000000E+00,3.772573E-02,3.778477E+02,4.411934E-01,4.862944E+03,5.892840E+03,5.727539E-01,7.324129E+03,3.772573E-02,0.000000E+00,0.000000E+00,0.000000E+00,0.000000E+00,1.425717E-02,1.591772E+02,1.666588E+02,9.337497E-03,1.042540E+02,0.000000E+00,0.000000E+00,0.000000E+00,1.467111E-02,1.469407E+02,6.297499E-02,6.789706E+02,7.406829E+02,7.805074E-02,1.232812E+03,1.467111E-02,0.000000E+00,0.000000E+00,2.724636E-02,2.728900E+02,1.193660E-01,1.286995E+03,1.778345E+03,9.325548E-02,1.712312E+03,2.724636E-02,0.000000E+00,0.000000E+00
09:15:00,5.165079E-02,4.954785E+02,2.656403E-01,2.902620E+03,3.214426E+03,4.335404E-01,6.112802E+03,5.165079E-02,0.000000E+00,0.000000E+00,3.730654E-01,3.578762E+03,6.337958E-01,6.614561E+03,1.029412E+04,5.177412E-01,1.496935E+04,3.730654E-01,0.000000E+00,0.000000E+00,4.820504E-02,4.624239E+02,6.324282E-02,6.473274E+02,7.043110E+02,1.103245E-01,2.419108E+03,4.820504E-02,0.000000E+00,0.000000E+00,4.820516E-02,4.624251E+02,7.194016E-02,7.444252E+02,8.093962E+02,8.786372E-02,2.168317E+03,4.820516E-02,0.000000E+00,0.000000E+00,3.353389E-02,3.216857E+02,1.517582E-01,1.652793E+03,2.003331E+03,1.310421E-01,2.289099E+03,3.353389E-02,0.000000E+00,0.000000E+00,1.047938E-02,1.005271E+02,2.753736E-01,3.060905E+03,3.560679E+03,2.151360E-01,2.660193E+03,1.047938E-02,0.000000E+00,0.000000E+00,3.772573E-02,3.618975E+02,4.491482E-01,4.967698E+03,5.999387E+03,5.615013E-01,7.198492E+03,3.772573E-02,0.000000E+00,0.000000E+00,0.000000E+00,0.000000E+00,1.414039E-02,1.578733E+02,1.653487E+02,9.004222E-03,1.005330E+02,0.000000E+00,0.000000E+00,0.000000E+00,1.467111E-02,1.407379E+02,6.448779E-02,7.020616E+02,7.645911E+02,7.664285E-02,1.217093E+03,1.467111E-02,0.000000E+00,0.000000E+00,2.724636E-02,2.613704E+02,1.203903E-01,1.309934E+03,1.803258E+03,9.155158E-02,1.693287E+03,2.724636E-02,0.000000E+00,0.000000E+00
09:30:00,5.165079E-02,4.736409E+02,2.715321E-01,2.990233E+03,3.304370E+03,4.305589E-01,6.079512E+03,5.165079E-02,0.000000E+00,0.000000E+00,3.730654E-01,3.421032E+03,6.460985E-01,6.909328E+03,1.068619E+04,5.136959E-01,1.492418E+04,3.730654E-01,0.000000E+00,0.000000E+00,4.820504E-02,4.420431E+02,6.640650E-02,7.030273E+02,7.635555E+02,1.085991E-01,2.399843E+03,4.820504E-02,0.000000E+00,0.000000E+00,4.820516E-02,4.420442E+02,7.443137E-02,7.926181E+02,8.599797E+02,8.613864E-02,2.149057E+03,4.820516E-02,0.000000E+00,0.000000E+00,3.353389E-02,3.075078E+02,1.558873E-01,1.713050E+03,2.066983E+03,1.292324E-01,2.268892E+03,3.353389E-02,0.000000E+00,0.000000E+00,1.047938E-02,9.609651E+01,2.736376E-01,3.045960E+03,3.545330E+03,2.115360E-01,2.619998E+03,1.047938E-02,0.000000E+00,0.000000E+00,3.772573E-02,3.459472E+02,4.573665E-01,5.075390E+03,6.109506E+03,5.515658E-01,7.087560E+03,3.772573E-02,0.000000E+00,0.000000E+00,0.000000E+00,0.000000E+00,1.406480E-02,1.570292E+02,1.645051E+02,8.703874E-03,9.717959E+01,0.000000E+00,0.000000E+00,0.000000E+00,1.467111E-02,1.345350E+02,6.614219E-02,7.267335E+02,7.900807E+02,7.541986E-02,1.203438E+03,1.467111E-02,0.000000E+00,0.000000E+00,2.724636E-02,2.498508E+02,1.216210E-01,1.335176E+03,1.830669E+03,9.006954E-02,1.676740E+03,2.724636E-02,0.000000E+00,0.000000E+00
09:45:00,5.165079E-02,4.518032E+02,2.772558E-01,3.075971E+03,3.392298E+03,4.279287E-01,6.050145E+03,5.165079E-02,0.000000E+00,0.000000E+00,3.730654E-01,3.263302E+03,6.580773E-01,7.200498E+03,1.106753E+04,5.101469E-01,1.488456E+04,3.730654E-01,0.000000E+00,0.000000E+00,4.820504E-02,4.216623E+02,6.948533E-02,7.577801E+02,8.214665E+02,1.070728E-01,2.382802E+03,4.820504E-02,0.000000E+00,0.000000E+00,4.820516E-02,4.216633E+02,7.682771E-02,8.397520E+02,9.093054E+02,8.460907E-02,2.131978E+03,4.820516E-02,0.000000E+00,0.000000E+00,3.353389E-02,2.933298E+02,1.600306E-01,1.773465E+03,2.130610E+03,1.276465E-01,2.251185E+03,3.353389E-02,0.000000E+00,0.000000E+00,1.047938E-02,9.166589E+01,2.719367E-01,3.031406E+03,3.530532E+03,2.083525E-01,2.584452E+03,1.047938E-02,0.000000E+00,0.000000E+00,3.772573E-02,3.299970E+02,4.658053E-01,5.185543E+03,6.222468E+03,5.427425E-01,6.989047E+03,3.772573E-02,0.000000E+00,0.000000E+00,0.000000E+00,0.000000E+00,1.402424E-02,1.565764E+02,1.640576E+02,8.432598E-03,9.415076E+01,0.000000E+00,0.000000E+00,0.000000E+00,1.467111E-02,1.283321E+02,6.786558E-02,7.521758E+02,8.163054E+02,7.435333E-02,1.191530E+03,1.467111E-02,0.000000E+00,0.000000E+00,2.724636E-02,2.383312E+02,1.229922E-01,1.361989E+03,1.859715E+03,8.877426E-02,1.662278E+03,2.724636E-02,0.000000E+00,0.000000E+00
10:00:00,5.165079E-02,4.299656E+02,2.827748E-01,3.159423E+03,3.477809E+03,4.255993E-01,6.024137E+03,5.165079E-02,0.000000E+00,0.000000E+00,3.730654E-01,3.105572E+03,6.696668E-01,7.487345E+03,1.143818E+04,5.070140E-01,1.484958E+04,3.730654E-01,0.000000E+00,0.000000E+00,4.820504E-02,4.012815E+02,7.245020E-02,8.112609E+02,8.777690E+02,1.057195E-01,2.367691E+03,4.820504E-02,0.000000E+00,0.000000E+00,4.820516E-02,4.012825E+02,7.910433E-02,8.855492E+02,9.571042E+02,8.324934E-02,2.116797E+03,4.820516E-02,0.000000E+00,0.000000E+00,3.353389E-02,2.791519E+02,1.641278E-01,1.833369E+03,2.193555E+03,1.262553E-01,2.235651E+03,3.353389E-02,0.000000E+00,0.000000E+00,1.047938E-02,8.723527E+01,2.704736E-01,3.019505E+03,3.518616E+03,2.055309E-01,2.552949E+03,1.047938E-02,0.000000E+00,0.000000E+00,3.772573E-02,3.140468E+02,4.746543E-01,5.300275E+03,6.340576E+03,5.348961E-01,6.901440E+03,3.772573E-02,0.000000E+00,0.000000E+00,0.000000E+00,0.000000E+00,1.401329E-02,1.564541E+02,1.639446E+02,8.187318E-03,9.141219E+01,0.000000E+00,0.000000E+00,0.000000E+00,1.467111E-02,1.221293E+02,6.963725E-02,7.781571E+02,8.430416E+02,7.341703E-02,1.181076E+03,1.467111E-02,0.000000E+00,0.000000E+00,2.724636E-02,2.268116E+02,1.244742E-01,1.390037E+03,1.890046E+03,8.763711E-02,1.649581E+03,2.724636E-02,0.000000E+00,0.000000E+00
10:15:00,5.165079E-02,4.106971E+02,2.883737E-01,3.241197E+03,3.561830E+03,4.235282E-01,6.001013E+03,5.165079E-02,0.000000E+00,0.000000E+00,3.730654E-01,2.966399E+03,6.807994E-01,7.750555E+03,1.177855E+04,5.042358E-01,1.481856E+04,3.730654E-01,0.000000E+00,0.000000E+00,4.820504E-02,3.832984E+02,7.528183E-02,8.608566E+02,9.298518E+02,1.045174E-01,2.354270E+03,4.820504E-02,0.000000E+00,0.000000E+00,4.820516E-02,3.832994E+02,8.123994E-02,9.273747E+02,1.000702E+03,8.203837E-02,2.103276E+03,4.820516E-02,0.000000E+00,0.000000E+00,3.353389E-02,2.666420E+02,1.682456E-01,1.891834E+03,2.255134E+03,1.250330E-01,2.222004E+03,3.353389E-02,0.000000E+00,0.000000E+00,1.047938E-02,8.332590E+01,2.693809E-01,3.011216E+03,3.510423E+03,2.030255E-01,2.524975E+03,1.047938E-02,0.000000E+00,0.000000E+00,3.772573E-02,2.999731E+02,4.843365E-01,5.422429E+03,6.467201E+03,5.279076E-01,6.823412E+03,3.772573E-02,0.000000E+00,0.000000E+00,0.000000E+00,0.000000E+00,1.402707E-02,1.566079E+02,1.641106E+02,7.965386E-03,8.893430E+01,0.000000E+00,0.000000E+00,0.000000E+00,1.467111E-02,1.166562E+02,7.143405E-02,8.036896E+02,8.692841E+02,7.259558E-02,1.171904E+03,1.467111E-02,0.000000E+00,0.000000E+00,2.724636E-02,2.166472E+02,1.260871E-01,1.418194E+03,1.920691E+03,8.663762E-02,1.638421E+03,2.724636E-02,0.000000E+00,0.000000E+00
10:30:00,5.165079E-02,3.914285E+02,2.944318E-01,3.328098E+03,3.651448E+03,4.216790E-01,5.980366E+03,5.165079E-02,0.000000E+00,0.000000E+00,3.730654E-01,2.827225E+03,6.914531E-01,8.008436E+03,1.210819E+04,5.017624E-01,1.479094E+04,3.730654E-01,0.000000E+00,0.000000E+00,4.820504E-02,3.653153E+02,7.798186E-02,9.089833E+02,9.802381E+02,1.034480E-01,2.342328E+03,4.820504E-02,0.000000E+00,0.000000E+00,4.820516E-02,3.653162E+02,8.321457E-02,9.674030E+02,1.042329E+03,8.095789E-02,2.091212E+03,4.820516E-02,0.000000E+00,0.000000E+00,3.353389E-02,2.541320E+02,1.725225E-01,1.952075E+03,2.318688E+03,1.239573E-01,2.209994E+03,3.353389E-02,0.000000E+00,0.000000E+00,1.047938E-02,7.941653E+01,2.686913E-01,3.007426E+03,3.506774E+03,2.007965E-01,2.500088E+03,1.047938E-02,0.000000E+00,0.000000E+00,3.772573E-02,2.858993E+02,4.952869E-01,5.558739E+03,6.609291E+03,5.216725E-01,6.753796E+03,3.772573E-02,0.000000E+00,0.000000E+00,0.000000E+00,0.000000E+00,1.406121E-02,1.569890E+02,1.645060E+02,7.764425E-03,8.669054E+01,0.000000E+00,0.000000E+00,0.000000E+00,1.467111E-02,1.111830E+02,7.323412E-02,8.292586E+02,8.955357E+02,7.187379E-02,1.163845E+03,1.467111E-02,0.000000E+00,0.000000E+00,2.724636E-02,2.064828E+02,1.279006E-01,1.448587E+03,1.953980E+03,8.575741E-02,1.628594E+03,2.724636E-02,0.000000E+00,0.000000E+00
10:45:00,5.165079E-02,3.721600E+02,3.012947E-01,3.423984E+03,3.750534E+03,4.200209E-01,5.961853E+03,5.165079E-02,0.000000E+00,0.000000E+00,3.730654E-01,2.688052E+03,7.016557E-01,8.261295E+03,1.242822E+04,4.995531E-01,1.476627E+04,3.730654E-01,0.000000E+00,0.000000E+00,4.820504E-02,3.473323E+02,8.057075E-02,9.558692E+02,1.029217E+03,1.024948E-01,2.331686E+03,4.820504E-02,0.000000E+00,0.000000E+00,4.820516E-02,3.473331E+02,8.501043E-02,1.005436E+03,1.081795E+03,7.999211E-02,2.080429E+03,4.820516E-02,0.000000E+00,0.000000E+00,3.353389E-02,2.416221E+02,1.771167E-01,2.015859E+03,2.385884E+03,1.230091E-01,2.199406E+03,3.353389E-02,0.000000E+00,0.000000E+00,1.047938E-02,7.550716E+01,2.683804E-01,3.007862E+03,3.507447E+03,1.988101E-01,2.477909E+03,1.047938E-02,0.000000E+00,0.000000E+00,3.772573E-02,2.718256E+02,5.078561E-01,5.713117E+03,6.770543E+03,5.161005E-01,6.691583E+03,3.772573E-02,0.000000E+00,0.000000E+00,0.000000E+00,0.000000E+00,1.411189E-02,1.575548E+02,1.650875E+02,7.582314E-03,8.465726E+01,0.000000E+00,0.000000E+00,0.000000E+00,1.467111E-02,1.057099E+02,7.501815E-02,8.546486E+02,9.215815E+02,7.123844E-02,1.156751E+03,1.467111E-02,0.000000E+00,0.000000E+00,2.724636E-02,1.963185E+02,1.300231E-01,1.482427E+03,1.991173E+03,8.498072E-02,1.619922E+03,2.724636E-02,0.000000E+00,0.000000E+00
11:00:00,5.165079E-02,3.528915E+02,3.092128E-01,3.531647E+03,3.861838E+03,4.185275E-01,5.945178E+03,5.165079E-02,0.000000E+00,0.000000E+00,3.730654E-01,2.548878E+03,7.114598E-01,8.509715E+03,1.273974E+04,4.975740E-01,1.474417E+04,3.730654E-01,0.000000E+00,0.000000E+00,4.820504E-02,3.293492E+02,8.307765E-02,1.001840E+03,1.077161E+03,1.016440E-01,2.322187E+03,4.820504E-02,0.000000E+00,0.000000E+00,4.820516E-02,3.293500E+02,8.661257E-02,1.041305E+03,1.118938E+03,7.912742E-02,2.070774E+03,4.820516E-02,0.000000E+00,0.000000E+00,3.353389E-02,2.291121E+02,1.821806E-01,2.084881E+03,2.458417E+03,1.221718E-01,2.190057E+03,3.353389E-02,0.000000E+00,0.000000E+00,1.047938E-02,7.159779E+01,2.683545E-01,3.011479E+03,3.511352E+03,1.970369E-01,2.458111E+03,1.047938E-02,0.000000E+00,0.000000E+00,3.772573E-02,2.577519E+02,5.222497E-01,5.887858E+03,6.952898E+03,5.111130E-01,6.635897E+03,3.772573E-02,0.000000E+00,0.000000E+00,0.000000E+00,0.000000E+00,1.417584E-02,1.582688E+02,1.658183E+02,7.417165E-03,8.281335E+01,0.000000E+00,0.000000E+00,0.000000E+00,1.467111E-02,1.002368E+02,7.676948E-02,8.796737E+02,9.472334E+02,7.067816E-02,1.150496E+03,1.467111E-02,0.000000E+00,0.000000E+00,2.724636E-02,1.861541E+02,1.325907E-01,1.521231E+03,2.033851E+03,8.429409E-02,1.612255E+03,2.724636E-02,0.000000E+00,0.000000E+00
11:15:00,5.165079E-02,3.400458E+02,3.179616E-01,3.642161E+03,3.975918E+03,4.171772E-01,5.930102E+03,5.165079E-02,0.000000E+00,0.000000E+00,3.730654E-01,2.456096E+03,7.208248E-01,8.706854E+03,1.299409E+04,4.958032E-01,1.472440E+04,3.730654E-01,0.000000E+00,0.000000E+00,4.820504E-02,3.173605E+02,8.551955E-02,1.041090E+03,1.118167E+03,1.008861E-01,2.313724E+03,4.820504E-02,0.000000E+00,0.000000E+00,4.820516E-02,3.173613E+02,8.800431E-02,1.068832E+03,1.147459E+03,7.835475E-02,2.062147E+03,4.820516E-02,0.000000E+00,0.000000E+00,3.353389E-02,2.207722E+02,1.877122E-01,2.154952E+03,2.531894E+03,1.214329E-01,2.181807E+03,3.353389E-02,0.000000E+00,0.000000E+00,1.047938E-02,6.899154E+01,2.685177E-01,3.015905E+03,3.515995E+03,1.954568E-01,2.440468E+03,1.047938E-02,0.000000E+00,0.000000E+00,3.772573E-02,2.483694E+02,5.382428E-01,6.075761E+03,7.148189E+03,5.066561E-01,6.586135E+03,3.772573E-02,0.000000E+00,0.000000E+00,0.000000E+00,0.000000E+00,1.425014E-02,1.590983E+02,1.666651E+02,7.267692E-03,8.114447E+01,0.000000E+00,0.000000E+00,0.000000E+00,1.467111E-02,9.658807E+01,7.845866E-02,9.021806E+02,9.702844E+02,7.018424E-02,1.144981E+03,1.467111E-02,0.000000E+00,0.000000E+00,2.724636E-02,1.793779E+02,1.356854E-01,1.562526E+03,2.079315E+03,8.368779E-02,1.605486E+03,2.724636E-02,0.000000E+00,0.000000E+00
11:30:00,5.165079E-02,3.272001E+02,3.272250E-01,3.758420E+03,4.095613E+03,4.159505E-01,5.916406E+03,5.165079E-02,0.000000E+00,0.000000E+00,3.730654E-01,2.363314E+03,7.297230E-01,8.898792E+03,1.323914E+04,4.942158E-01,1.470668E+04,3.730654E-01,0.000000E+00,0.000000E+00,4.820504E-02,3.053718E+02,8.789598E-02,1.079610E+03,1.158351E+03,1.002098E-01,2.306173E+03,4.820504E-02,0.000000E+00,0.000000E+00,4.820516E-02,3.053725E+02,8.917296E-02,1.093868E+03,1.173336E+03,7.766330E-02,2.054427E+03,4.820516E-02,0.000000E+00,0.000000E+00,3.353389E-02,2.124322E+02,1.936398E-01,2.229443E+03,2.609795E+03,1.207799E-01,2.174516E+03,3.353389E-02,0.000000E+00,0.000000E+00,1.047938E-02,6.638529E+01,2.688189E-01,3.021872E+03,3.522183E+03,1.940468E-01,2.424726E+03,1.047938E-02,0.000000E+00,0.000000E+00,3.772573E-02,2.389869E+02,5.554986E-01,6.277758E+03,7.356986E+03,5.026678E-01,6.541605E+03,3.772573E-02,0.000000E+00,0.000000E+00,0.000000E+00,0.000000E+00,1.433216E-02,1.600140E+02,1.675982E+02,7.132339E-03,7.963324E+01,0.000000E+00,0.000000E+00,0.000000E+00,1.467111E-02,9.293933E+01,8.006898E-02,9.238073E+02,9.924214E+02,6.974815E-02,1.140112E+03,1.467111E-02,0.000000E+00,0.000000E+00,2.724636E-02,1.726017E+02,1.393467E-01,1.610140E+03,2.131421E+03,8.315160E-02,1.599499E+03,2.724636E-02,0.000000E+00,0.000000E+00
11:45:00,5.165079E-02,3.143544E+02,3.366845E-01,3.876868E+03,4.217253E+03,4.148308E-01,5.903904E+03,5.165079E-02,0.000000E+00,0.000000E+00,3.730654E-01,2.270532E+03,7.380919E-01,9.084835E+03,1.347421E+04,4.927887E-01,1.469075E+04,3.730654E-01,0.000000E+00,0.000000E+00,4.820504E-02,2.933830E+02,9.018542E-02,1.117159E+03,1.197461E+03,9.960502E-02,2.299420E+03,4.820504E-02,0.000000E+00,0.000000E+00,4.820516E-02,2.933838E+02,9.010796E-02,1.116296E+03,1.196452E+03,7.704310E-02,2.047502E+03,4.820516E-02,0.000000E+00,0.000000E+00,3.353389E-02,2.040922E+02,1.998589E-01,2.307186E+03,2.690923E+03,1.202014E-01,2.168057E+03,3.353389E-02,0.000000E+00,0.000000E+00,1.047938E-02,6.377904E+01,2.691927E-01,3.028648E+03,3.529172E+03,1.927861E-01,2.410649E+03,1.047938E-02,0.000000E+00,0.000000E+00,3.772573E-02,2.296044E+02,5.736293E-01,6.489522E+03,7.574712E+03,4.990909E-01,6.501668E+03,3.772573E-02,0.000000E+00,0.000000E+00,0.000000E+00,0.000000E+00,1.441961E-02,1.609904E+02,1.685921E+02,7.009630E-03,7.826319E+01,0.000000E+00,0.000000E+00,0.000000E+00,1.467111E-02,8.929059E+01,8.158639E-02,9.443967E+02,1.013490E+03,6.936225E-02,1.135803E+03,1.467111E-02,0.000000E+00,0.000000E+00,2.724636E-02,1.658254E+02,1.435560E-01,1.663866E+03,2.189808E+03,8.267630E-02,1.594192E+03,2.724636E-02,0.000000E+00,0.000000E+00
12:00:00,5.165079E-02,3.015088E+02,3.460694E-01,3.994484E+03,4.337749E+03,4.138038E-01,5.892437E+03,5.165079E-02,0.000000E+00,0.000000E+00,3.730654E-01,2.177749E+03,7.458579E-01,9.264161E+03,1.369798E+04,4.915031E-01,1.467639E+04,3.730654E-01,0.000000E+00,0.000000E+00,4.820504E-02,2.813943E+02,9.235513E-02,1.153370E+03,1.235115E+03,9.906317E-02,2.293370E+03,4.820504E-02,0.000000E+00,0.000000E+00,4.820516E-02,2.813950E+02,9.080132E-02,1.136026E+03,1.216721E+03,7.648582E-02,2.041280E+03,4.820516E-02,0.000000E+00,0.000000E+00,3.353389E-02,1.957523E+02,2.062492E-01,2.386842E+03,2.773870E+03,1.196878E-01,2.162323E+03,3.353389E-02,0.000000E+00,0.000000E+00,1.047938E-02,6.117280E+01,2.695679E-01,3.035441E+03,3.536123E+03,1.916570E-01,2.398043E+03,1.047938E-02,0.000000E+00,0.000000E+00,3.772573E-02,2.202220E+02,5.922367E-01,6.706611E+03,7.796795E+03,4.958773E-01,6.465788E+03,3.772573E-02,0.000000E+00,0.000000E+00,0.000000E+00,0.000000E+00,1.451051E-02,1.620052E+02,1.696242E+02,6.898291E-03,7.702008E+01,0.000000E+00,0.000000E+00,0.000000E+00,1.467111E-02,8.564184E+01,8.299952E-02,9.638219E+02,1.033359E+03,6.902008E-02,1.131983E+03,1.467111E-02,0.000000E+00,0.000000E+00,2.724636E-02,1.590492E+02,1.482205E-01,1.722671E+03,2.253169E+03,8.225417E-02,1.589479E+03,2.724636E-02,0.000000E+00,0.000000E+00
12:15:00,5.165079E-02,2.912322E+02,3.552368E-01,4.107105E+03,4.452927E+03,4.128565E-01,5.881860E+03,5.165079E-02,0.000000E+00,0.000000E+00,3.730654E-01,2.103523E+03,7.530348E-01,9.418369E+03,1.389193E+04,4.903366E-01,1.466337E+04,3.730654E-01,0.000000E+00,0.000000E+00,4.820504E-02,2.718034E+02,9.437624E-02,1.185526E+03,1.268536E+03,9.857430E-02,2.287912E+03,4.820504E-02,0.000000E+00,0.000000E+00,4.820516E-02,2.718040E+02,9.125198E-02,1.150648E+03,1.231690E+03,7.598162E-02,2.035651E+03,4.820516E-02,0.000000E+00,0.000000E+00,3.353389E-02,1.890803E+02,2.127046E-01,2.465558E+03,2.855711E+03,1.192292E-01,2.157202E+03,3.353389E-02,0.000000E+00,0.000000E+00,1.047938E-02,5.908780E+01,2.698977E-01,3.041207E+03,3.541969E+03,1.906393E-01,2.386680E+03,1.047938E-02,0.000000E+00,0.000000E+00,3.772573E-02,2.127160E+02,6.109973E-01,6.923535E+03,8.017783E+03,4.929719E-01,6.433348E+03,3.772573E-02,0.000000E+00,0.000000E+00,0.000000E+00,0.000000E+00,1.460312E-02,1.630392E+02,1.706750E+02,6.796795E-03,7.588686E+01,0.000000E+00,0.000000E+00,0.000000E+00,1.467111E-02,8.272285E+01,8.431351E-02,9.814107E+02,1.051342E+03,6.871503E-02,1.128577E+03,1.467111E-02,0.000000E+00,0.000000E+00,2.724636E-02,1.536282E+02,1.531777E-01,1.783387E+03,2.318056E+03,8.187684E-02,1.585266E+03,2.724636E-02,0.000000E+00,0.000000E+00
12:30:00,5.165079E-02,2.809557E+02,3.640539E-01,4.215814E+03,4.563978E+03,4.119786E-01,5.872058E+03,5.165079E-02,0.000000E+00,0.000000E+00,3.730654E-01,2.029298E+03,7.595884E-01,9.565634E+03,1.407488E+04,4.892763E-01,1.465153E+04,3.730654E-01,0.000000E+00,0.000000E+00,4.820504E-02,2.622124E+02,9.621650E-02,1.215662E+03,1.299800E+03,9.813265E-02,2.282981E+03,4.820504E-02,0.000000E+00,0.000000E+00,4.820516E-02,2.622131E+02,9.145974E-02,1.162559E+03,1.243805E+03,7.552483E-02,2.030551E+03,4.820516E-02,0.000000E+00,0.000000E+00,3.353389E-02,1.824083E+02,2.191054E-01,2.543665E+03,2.936800E+03,1.188189E-01,2.152620E+03,3.353389E-02,0.000000E+00,0.000000E+00,1.047938E-02,5.700280E+01,2.701309E-01,3.045895E+03,3.546679E+03,1.897209E-01,2.376426E+03,1.047938E-02,0.000000E+00,0.000000E+00,3.772573E-02,2.052100E+02,6.295695E-01,7.138360E+03,8.235909E+03,4.903414E-01,6.403979E+03,3.772573E-02,0.000000E+00,0.000000E+00,0.000000E+00,0.000000E+00,1.469600E-02,1.640762E+02,1.717283E+02,6.704182E-03,7.485284E+01,0.000000E+00,0.000000E+00,0.000000E+00,1.467111E-02,7.980386E+01,8.552557E-02,9.978616E+02,1.068159E+03,6.844247E-02,1.125534E+03,1.467111E-02,0.000000E+00,0.000000E+00,2.724636E-02,1.482072E+02,1.582624E-01,1.845529E+03,2.384183E+03,8.153896E-02,1.581493E+03,2.724636E-02,0.000000E+00,0.000000E+00
12:45:00,5.165079E-02,2.706791E+02,3.724546E-01,4.319876E+03,4.670217E+03,4.111615E-01,5.862935E+03,5.165079E-02,0.000000E+00,0.000000E+00,3.730654E-01,1.955072E+03,7.654905E-01,9.705642E+03,1.424662E+04,4.883129E-01,1.464077E+04,3.730654E-01,0.000000E+00,0.000000E+00,4.820504E-02,2.526214E+02,9.784739E-02,1.243460E+03,1.328586E+03,9.773379E-02,2.278527E+03,4.820504E-02,0.000000E+00,0.000000E+00,4.820516E-02,2.526221E+02,9.142659E-02,1.171780E+03,1.253092E+03,7.511113E-02,2.025931E+03,4.820516E-02,0.000000E+00,0.000000E+00,3.353389E-02,1.757364E+02,2.253351E-01,2.619866E+03,3.015811E+03,1.184513E-01,2.148516E+03,3.353389E-02,0.000000E+00,0.000000E+00,1.047938E-02,5.491781E+01,2.702255E-01,3.049036E+03,3.549784E+03,1.888923E-01,2.367174E+03,1.047938E-02,0.000000E+00,0.000000E+00,3.772573E-02,1.977040E+02,6.476322E-01,7.347502E+03,8.447709E+03,4.879602E-01,6.377392E+03,3.772573E-02,0.000000E+00,0.000000E+00,0.000000E+00,0.000000E+00,1.478771E-02,1.651000E+02,1.727676E+02,6.619684E-03,7.390940E+01,0.000000E+00,0.000000E+00,0.000000E+00,1.467111E-02,7.688486E+01,8.663340E-02,1.013149E+03,1.083784E+03,6.819865E-02,1.122811E+03,1.467111E-02,0.000000E+00,0.000000E+00,2.724636E-02,1.427862E+02,1.633351E-01,1.907540E+03,2.450075E+03,8.123634E-02,1.578114E+03,2.724636E-02,0.000000E+00,0.000000E+00
13:00:00,5.165079E-02,2.604026E+02,3.804531E-01,4.419449E+03,4.771854E+03,4.103977E-01,5.854407E+03,5.165079E-02,0.000000E+00,0.000000E+00,3.730654E-01,1.880846E+03,7.707138E-01,9.838087E+03,1.440672E+04,4.874374E-01,1.463100E+04,3.730654E-01,0.000000E+00,0.000000E+00,4.820504E-02,2.430304E+02,9.924432E-02,1.268647E+03,1.354614E+03,9.737342E-02,2.274504E+03,4.820504E-02,0.000000E+00,0.000000E+00,4.820516E-02,2.430311E+02,9.115589E-02,1.178350E+03,1.259588E+03,7.473627E-02,2.021746E+03,4.820516E-02,0.000000E+00,0.000000E+00,3.353389E-02,1.690644E+02,2.312819E-01,2.692909E+03,3.091458E+03,1.181215E-01,2.144834E+03,3.353389E-02,0.000000E+00,0.000000E+00,1.047938E-02,5.283281E+01,2.701467E-01,3.050242E+03,3.550880E+03,1.881443E-01,2.358822E+03,1.047938E-02,0.000000E+00,0.000000E+00,3.772573E-02,1.901980E+02,6.648843E-01,7.547596E+03,8.649901E+03,4.858033E-01,6.353310E+03,3.772573E-02,0.000000E+00,0.000000E+00,0.000000E+00,0.000000E+00,1.487678E-02,1.660945E+02,1.737766E+02,6.542559E-03,7.304830E+01,0.000000E+00,0.000000E+00,0.000000E+00,1.467111E-02,7.396587E+01,8.763427E-02,1.027242E+03,1.098184E+03,6.798021E-02,1.120372E+03,1.467111E-02,0.000000E+00,0.000000E+00,2.724636E-02,1.373652E+02,1.682954E-01,1.968302E+03,2.514480E+03,8.096507E-02,1.575086E+03,2.724636E-02,0.000000E+00,0.000000E+00
13:15:00,5.165079E-02,2.539797E+02,3.881170E-01,4.511433E+03,4.865749E+03,4.096805E-01,5.846399E+03,5.165079E-02,0.000000E+00,0.000000E+00,3.730654E-01,1.834455E+03,7.751981E-01,9.934464E+03,1.452545E+04,4.866415E-01,1.462211E+04,3.730654E-01,0.000000E+00,0.000000E+00,4.820504E-02,2.370361E+02,1.003842E-01,1.287368E+03,1.373952E+03,9.704762E-02,2.270866E+03,4.820504E-02,0.000000E+00,0.000000E+00,4.820516E-02,2.370367E+02,9.065066E-02,1.178704E+03,1.259657E+03,7.439640E-02,2.017951E+03,4.820516E-02,0.000000E+00,0.000000E+00,3.353389E-02,1.648944E+02,2.368327E-01,2.759033E+03,3.159879E+03,1.178252E-01,2.141526E+03,3.353389E-02,0.000000E+00,0.000000E+00,1.047938E-02,5.152968E+01,2.698585E-01,3.048330E+03,3.548735E+03,1.874687E-01,2.351279E+03,1.047938E-02,0.000000E+00,0.000000E+00,3.772573E-02,1.855068E+02,6.810220E-01,7.732440E+03,8.836220E+03,4.838482E-01,6.331480E+03,3.772573E-02,0.000000E+00,0.000000E+00,0.000000E+00,0.000000E+00,1.496171E-02,1.670427E+02,1.747382E+02,6.472133E-03,7.226198E+01,0.000000E+00,0.000000E+00,0.000000E+00,1.467111E-02,7.214150E+01,8.851936E-02,1.038948E+03,1.110134E+03,6.778416E-02,1.118183E+03,1.467111E-02,0.000000E+00,0.000000E+00,2.724636E-02,1.339771E+02,1.731032E-01,2.025332E+03,2.574823E+03,8.072169E-02,1.572368E+03,2.724636E-02,0.000000E+00,0.000000E+00
13:30:00,5.165079E-02,2.475569E+02,3.957211E-01,4.602749E+03,4.959127E+03,4.090044E-01,5.838851E+03,5.165079E-02,0.000000E+00,0.000000E+00,3.730654E-01,1.788064E+03,7.793377E-01,1.002700E+04,1.464067E+04,4.859176E-01,1.461403E+04,3.730654E-01,0.000000E+00,0.000000E+00,4.820504E-02,2.310417E+02,1.012517E-01,1.303048E+03,1.390101E+03,9.675285E-02,2.267575E+03,4.820504E-02,0.000000E+00,0.000000E+00,4.820516E-02,2.310423E+02,8.991877E-02,1.176528E+03,1.257060E+03,7.408803E-02,2.014508E+03,4.820516E-02,0.000000E+00,0.000000E+00,3.353389E-02,1.607244E+02,2.418919E-01,2.819671E+03,3.222595E+03,1.175585E-01,2.138548E+03,3.353389E-02,0.000000E+00,0.000000E+00,1.047938E-02,5.022656E+01,2.693385E-01,3.043829E+03,3.543931E+03,1.868582E-01,2.344462E+03,1.047938E-02,0.000000E+00,0.000000E+00,3.772573E-02,1.808155E+02,6.958508E-01,7.902673E+03,9.007591E+03,4.820743E-01,6.311675E+03,3.772573E-02,0.000000E+00,0.000000E+00,0.000000E+00,0.000000E+00,1.504094E-02,1.679274E+02,1.756347E+02,6.407788E-03,7.154356E+01,0.000000E+00,0.000000E+00,0.000000E+00,1.467111E-02,7.031713E+01,8.936642E-02,1.050229E+03,1.121693E+03,6.760788E-02,1.116215E+03,1.467111E-02,0.000000E+00,0.000000E+00,2.724636E-02,1.305890E+02,1.777140E-01,2.080167E+03,2.632716E+03,8.050311E-02,1.569928E+03,2.724636E-02,0.000000E+00,0.000000E+00
13:45:00,5.165079E-02,2.411341E+02,4.037373E-01,4.698665E+03,5.057478E+03,4.083646E-01,5.831707E+03,5.165079E-02,0.000000E+00,0.000000E+00,3.730654E-01,1.741672E+03,7.848302E-01,1.013460E+04,1.478633E+04,4.852590E-01,1.460667E+04,3.730654E-01,0.000000E+00,0.000000E+00,4.820504E-02,2.250474E+02,1.018484E-01,1.315703E+03,1.403086E+03,9.648593E-02,2.264595E+03,4.820504E-02,0.000000E+00,0.000000E+00,4.820516E-02,2.250479E+02,8.898639E-02,1.172113E+03,1.252104E+03,7.380803E-02,2.011382E+03,4.820516E-02,0.000000E+00,0.000000E+00,3.353389E-02,1.565545E+02,2.463982E-01,2.874139E+03,3.278941E+03,1.173180E-01,2.135862E+03,3.353389E-02,0.000000E+00,0.000000E+00,1.047938E-02,4.892344E+01,2.685848E-01,3.036721E+03,3.536478E+03,1.863060E-01,2.338297E+03,1.047938E-02,0.000000E+00,0.000000E+00,3.772573E-02,1.761243E+02,7.094255E-01,8.058909E+03,9.165031E+03,4.804636E-01,6.293691E+03,3.772573E-02,0.000000E+00,0.000000E+00,0.000000E+00,0.000000E+00,1.511297E-02,1.687315E+02,1.764490E+02,6.348967E-03,7.088683E+01,0.000000E+00,0.000000E+00,0.000000E+00,1.467111E-02,6.849275E+01,9.050310E-02,1.064744E+03,1.136723E+03,6.744908E-02,1.114442E+03,1.467111E-02,0.000000E+00,0.000000E+00,2.724636E-02,1.272009E+02,1.820777E-01,2.132245E+03,2.687610E+03,8.030661E-02,1.567734E+03,2.724636E-02,0.000000E+00,0.000000E+00
14:00:00,5.165079E-02,2.347112E+02,4.125289E-01,4.803237E+03,5.164787E+03,4.077568E-01,5.824920E+03,5.165079E-02,0.000000E+00,0.000000E+00,3.730654E-01,1.695281E+03,7.936100E-01,1.027881E+04,1.499066E+04,4.846594E-01,1.459998E+04,3.730654E-01,0.000000E+00,0.000000E+00,4.820504E-02,2.190530E+02,1.021961E-01,1.325580E+03,1.413173E+03,9.624406E-02,2.261894E+03,4.820504E-02,0.000000E+00,0.000000E+00,4.820516E-02,2.190536E+02,8.790332E-02,1.166016E+03,1.245379E+03,7.355360E-02,2.008541E+03,4.820516E-02,0.000000E+00,0.000000E+00,3.353389E-02,1.523845E+02,2.503357E-01,2.922260E+03,3.328735E+03,1.171006E-01,2.133435E+03,3.353389E-02,0.000000E+00,0.000000E+00,1.047938E-02,4.762031E+01,2.676212E-01,3.027270E+03,3.526656E+03,1.858063E-01,2.332718E+03,1.047938E-02,0.000000E+00,0.000000E+00,3.772573E-02,1.714330E+02,7.219051E-01,8.202922E+03,9.310377E+03,4.789997E-01,6.277346E+03,3.772573E-02,0.000000E+00,0.000000E+00,0.000000E+00,0.000000E+00,1.517634E-02,1.694391E+02,1.771649E+02,6.295166E-03,7.028613E+01,0.000000E+00,0.000000E+00,0.000000E+00,1.467111E-02,6.666838E+01,9.229645E-02,1.086589E+03,1.159361E+03,6.730575E-02,1.112842E+03,1.467111E-02,0.000000E+00,0.000000E+00,2.724636E-02,1.238127E+02,1.861532E-01,2.181109E+03,2.739041E+03,8.012978E-02,1.565759E+03,2.724636E-02,0.000000E+00,0.000000E+00
14:15:00,5.165079E-02,2.347112E+02,4.222314E-01,4.911554E+03,5.275837E+03,4.071800E-01,5.818480E+03,5.165079E-02,0.000000E+00,0.000000E+00,3.730654E-01,1.695281E+03,8.074576E-01,1.043304E+04,1.522867E+04,4.841197E-01,1.459395E+04,3.730654E-01,0.000000E+00,0.000000E+00,4.820504E-02,2.190530E+02,1.023238E-01,1.327006E+03,1.414586E+03,9.602728E-02,2.259473E+03,4.820504E-02,0.000000E+00,0.000000E+00,4.820516E-02,2.190536E+02,8.672966E-02,1.152914E+03,1.231476E+03,7.332497E-02,2.005988E+03,4.820516E-02,0.000000E+00,0.000000E+00,3.353389E-02,1.523845E+02,2.537034E-01,2.959851E+03,3.367635E+03,1.169057E-01,2.131259E+03,3.353389E-02,0.000000E+00,0.000000E+00,1.047938E-02,4.762031E+01,2.664720E-01,3.014445E+03,3.513361E+03,1.853587E-01,2.327720E+03,1.047938E-02,0.000000E+00,0.000000E+00,3.772573E-02,1.714330E+02,7.334312E-01,8.331598E+03,9.440223E+03,4.776826E-01,6.262640E+03,3.772573E-02,0.000000E+00,0.000000E+00,0.000000E+00,0.000000E+00,1.522963E-02,1.700340E+02,1.777661E+02,6.246411E-03,6.974177E+01,0.000000E+00,0.000000E+00,0.000000E+00,1.467111E-02,6.666838E+01,9.509014E-02,1.117777E+03,1.191573E+03,6.717726E-02,1.111407E+03,1.467111E-02,0.000000E+00,0.000000E+00,2.724636E-02,1.238127E+02,1.898978E-01,2.222893E+03,2.783008E+03,7.997216E-02,1.563999E+03,2.724636E-02,0.000000E+00,0.000000E+00
14:30:00,5.165079E-02,2.347112E+02,4.327412E-01,5.028884E+03,5.395986E+03,4.066306E-01,5.812347E+03,5.165079E-02,0.000000E+00,0.000000E+00,3.730654E-01,1.695281E+03,8.275445E-01,1.065673E+04,1.556286E+04,4.836341E-01,1.458853E+04,3.730654E-01,0.000000E+00,0.000000E+00,4.820504E-02,2.190530E+02,1.022641E-01,1.326341E+03,1.413819E+03,9.583290E-02,2.257303E+03,4.820504E-02,0.000000E+00,0.000000E+00,4.820516E-02,2.190536E+02,8.552565E-02,1.139472E+03,1.217218E+03,7.311946E-02,2.003694E+03,4.820516E-02,0.000000E+00,0.000000E+00,3.353389E-02,1.523845E+02,2.565190E-01,2.991281E+03,3.400149E+03,1.167307E-01,2.129305E+03,3.353389E-02,0.000000E+00,0.000000E+00,1.047938E-02,4.762031E+01,2.651738E-01,2.999955E+03,3.498380E+03,1.849577E-01,2.323243E+03,1.047938E-02,0.000000E+00,0.000000E+00,3.772573E-02,1.714330E+02,7.441070E-01,8.450781E+03,9.560552E+03,4.764971E-01,6.249404E+03,3.772573E-02,0.000000E+00,0.000000E+00,0.000000E+00,0.000000E+00,1.527146E-02,1.705011E+02,1.782369E+02,6.202245E-03,6.924866E+01,0.000000E+00,0.000000E+00,0.000000E+00,1.467111E-02,6.666838E+01,9.912603E-02,1.162832E+03,1.237937E+03,6.706196E-02,1.110120E+03,1.467111E-02,0.000000E+00,0.000000E+00,2.724636E-02,1.238127E+02,1.932811E-01,2.260648E+03,2.822711E+03,7.983166E-02,1.562431E+03,2.724636E-02,0.000000E+00,0.000000E+00
14:45:00,5.165079E-02,2.347112E+02,4.436344E-01,5.150492E+03,5.520318E+03,4.061053E-01,5.806481E+03,5.165079E-02,0.000000E+00,0.000000E+00,3.730654E-01,1.695281E+03,8.534731E-01,1.094546E+04,1.597999E+04,4.831957E-01,1.458364E+04,3.730654E-01,0.000000E+00,0.000000E+00,4.820504E-02,2.190530E+02,1.020347E-01,1.323779E+03,1.411076E+03,9.565796E-02,2.255350E+03,4.820504E-02,0.000000E+00,0.000000E+00,4.820516E-02,2.190536E+02,8.433041E-02,1.126128E+03,1.203063E+03,7.293407E-02,2.001624E+03,4.820516E-02,0.000000E+00,0.000000E+00,3.353389E-02,1.523845E+02,2.587847E-01,3.016573E+03,3.426309E+03,1.165728E-01,2.127542E+03,3.353389E-02,0.000000E+00,0.000000E+00,1.047938E-02,4.762031E+01,2.637460E-01,2.984019E+03,3.481932E+03,1.845974E-01,2.319220E+03,1.047938E-02,0.000000E+00,0.000000E+00,3.772573E-02,1.714330E+02,7.538116E-01,8.559123E+03,9.669874E+03,4.754261E-01,6.237447E+03,3.772573E-02,0.000000E+00,0.000000E+00,0.000000E+00,0.000000E+00,1.530063E-02,1.708268E+02,1.785640E+02,6.162144E-03,6.880092E+01,0.000000E+00,0.000000E+00,0.000000E+00,1.467111E-02,6.666838E+01,1.043630E-01,1.221295E+03,1.297895E+03,6.695809E-02,1.108960E+03,1.467111E-02,0.000000E+00,0.000000E+00,2.724636E-02,1.238127E+02,1.962721E-01,2.294026E+03,2.857801E+03,7.970598E-02,1.561027E+03,2.724636E-02,0.000000E+00,0.000000E+00
15:00:00,5.165079E-02,2.347112E+02,4.544933E-01,5.271720E+03,5.644059E+03,4.056012E-01,5.800853E+03,5.165079E-02,0.000000E+00,0.000000E+00,3.730654E-01,1.695281E+03,8.842951E-01,1.128869E+04,1.645970E+04,4.827989E-01,1.457921E+04,3.730654E-01,0.000000E+00,0.000000E+00,4.820504E-02,2.190530E+02,1.016338E-01,1.319304E+03,1.406331E+03,9.550014E-02,2.253588E+03,4.820504E-02,0.000000E+00,0.000000E+00,4.820516E-02,2.190536E+02,8.315559E-02,1.113013E+03,1.189143E+03,7.276648E-02,1.999753E+03,4.820516E-02,0.000000E+00,0.000000E+00,3.353389E-02,1.523845E+02,2.604644E-01,3.035325E+03,3.445665E+03,1.164300E-01,2.125948E+03,3.353389E-02,0.000000E+00,0.000000E+00,1.047938E-02,4.762031E+01,2.621853E-01,2.966599E+03,3.463941E+03,1.842729E-01,2.315597E+03,1.047938E-02,0.000000E+00,0.000000E+00,3.772573E-02,1.714330E+02,7.623092E-01,8.653989E+03,9.765329E+03,4.744565E-01,6.226621E+03,3.772573E-02,0.000000E+00,0.000000E+00,0.000000E+00,0.000000E+00,1.531615E-02,1.710001E+02,1.787361E+02,6.125685E-03,6.839386E+01,0.000000E+00,0.000000E+00,0.000000E+00,1.467111E-02,6.666838E+01,1.106810E-01,1.291827E+03,1.370028E+03,6.686424E-02,1.107912E+03,1.467111E-02,0.000000E+00,0.000000E+00,2.724636E-02,1.238127E+02,1.988344E-01,2.322622E+03,2.887814E+03,7.959333E-02,1.559770E+03,2.724636E-02,0.000000E+00,0.000000E+00
15:15:00,5.165079E-02,2.424186E+02,4.649193E-01,5.380406E+03,5.754789E+03,4.051136E-01,5.795409E+03,5.165079E-02,0.000000E+00,0.000000E+00,3.730654E-01,1.750951E+03,9.187958E-01,1.161724E+04,1.692291E+04,4.824329E-01,1.457512E+04,3.730654E-01,0.000000E+00,0.000000E+00,4.820504E-02,2.262463E+02,1.010451E-01,1.305539E+03,1.392046E+03,9.535499E-02,2.251967E+03,4.820504E-02,0.000000E+00,0.000000E+00,4.820516E-02,2.262468E+02,8.199277E-02,1.092838E+03,1.168011E+03,7.261206E-02,1.998029E+03,4.820516E-02,0.000000E+00,0.000000E+00,3.353389E-02,1.573885E+02,2.614977E-01,3.041860E+03,3.452390E+03,1.162986E-01,2.124480E+03,3.353389E-02,0.000000E+00,0.000000E+00,1.047938E-02,4.918406E+01,2.604660E-01,2.945845E+03,3.442460E+03,1.839753E-01,2.312274E+03,1.047938E-02,0.000000E+00,0.000000E+00,3.772573E-02,1.770625E+02,7.693079E-01,8.726494E+03,9.837699E+03,4.735627E-01,6.216641E+03,3.772573E-02,0.000000E+00,0.000000E+00,0.000000E+00,0.000000E+00,1.531717E-02,1.710115E+02,1.787434E+02,6.092022E-03,6.801801E+01,0.000000E+00,0.000000E+00,0.000000E+00,1.467111E-02,6.885763E+01,1.179187E-01,1.370437E+03,1.450249E+03,6.677810E-02,1.106951E+03,1.467111E-02,0.000000E+00,0.000000E+00,2.724636E-02,1.278785E+02,2.009264E-01,2.341905E+03,2.908069E+03,7.949053E-02,1.558622E+03,2.724636E-02,0.000000E+00,0.000000E+00
15:30:00,5.165079E-02,2.501260E+02,4.746123E-01,5.480912E+03,5.857095E+03,4.046409E-01,5.790131E+03,5.165079E-02,0.000000E+00,0.000000E+00,3.730654E-01,1.806620E+03,9.557040E-01,1.197265E+04,1.740803E+04,4.820946E-01,1.457134E+04,3.730654E-01,0.000000E+00,0.000000E+00,4.820504E-02,2.334395E+02,1.002494E-01,1.289463E+03,1.375333E+03,9.522130E-02,2.250474E+03,4.820504E-02,0.000000E+00,0.000000E+00,4.820516E-02,2.334401E+02,8.082582E-02,1.072616E+03,1.146811E+03,7.246957E-02,1.996438E+03,4.820516E-02,0.000000E+00,0.000000E+00,3.353389E-02,1.623924E+02,2.618279E-01,3.040546E+03,3.451038E+03,1.161773E-01,2.123126E+03,3.353389E-02,0.000000E+00,0.000000E+00,1.047938E-02,5.074781E+01,2.585609E-01,2.923017E+03,3.418834E+03,1.837020E-01,2.309222E+03,1.047938E-02,0.000000E+00,0.000000E+00,3.772573E-02,1.826920E+02,7.745366E-01,8.779242E+03,9.889783E+03,4.727375E-01,6.207427E+03,3.772573E-02,0.000000E+00,0.000000E+00,0.000000E+00,0.000000E+00,1.530293E-02,1.708525E+02,1.785775E+02,6.060874E-03,6.767024E+01,0.000000E+00,0.000000E+00,0.000000E+00,1.467111E-02,7.104687E+01,1.258983E-01,1.457330E+03,1.538806E+03,6.669876E-02,1.106065E+03,1.467111E-02,0.000000E+00,0.000000E+00,2.724636E-02,1.319442E+02,2.025117E-01,2.355536E+03,2.922418E+03,7.939650E-02,1.557572E+03,2.724636E-02,0.000000E+00,0.000000E+00
15:45:00,5.165079E-02,2.578334E+02,4.833385E-01,5.570625E+03,5.948359E+03,4.041823E-01,5.785011E+03,5.165079E-02,0.000000E+00,0.000000E+00,3.730654E-01,1.862289E+03,9.937229E-01,1.234049E+04,1.789706E+04,4.817831E-01,1.456786E+04,3.730654E-01,0.000000E+00,0.000000E+00,4.820504E-02,2.406327E+02,9.922824E-02,1.270869E+03,1.355972E+03,9.509865E-02,2.249105E+03,4.820504E-02,0.000000E+00,0.000000E+00,4.820516E-02,2.406333E+02,7.963690E-02,1.052150E+03,1.125328E+03,7.233856E-02,1.994975E+03,4.820516E-02,0.000000E+00,0.000000E+00,3.353389E-02,1.673964E+02,2.613979E-01,3.030749E+03,3.440939E+03,1.160654E-01,2.121876E+03,3.353389E-02,0.000000E+00,0.000000E+00,1.047938E-02,5.231156E+01,2.564431E-01,2.897816E+03,3.392767E+03,1.834517E-01,2.306428E+03,1.047938E-02,0.000000E+00,0.000000E+00,3.772573E-02,1.883215E+02,7.777255E-01,8.809220E+03,9.918536E+03,4.719780E-01,6.198948E+03,3.772573E-02,0.000000E+00,0.000000E+00,0.000000E+00,0.000000E+00,1.527280E-02,1.705161E+02,1.782312E+02,6.032105E-03,6.734903E+01,0.000000E+00,0.000000E+00,0.000000E+00,1.467111E-02,7.323612E+01,1.344192E-01,1.550267E+03,1.633442E+03,6.662571E-02,1.105249E+03,1.467111E-02,0.000000E+00,0.000000E+00,2.724636E-02,1.360100E+02,2.035565E-01,2.363135E+03,2.930460E+03,7.931074E-02,1.556614E+03,2.724636E-02,0.000000E+00,0.000000E+00
16:00:00,5.165079E-02,2.655409E+02,4.912310E-01,5.651032E+03,6.030251E+03,4.037368E-01,5.780036E+03,5.165079E-02,0.000000E+00,0.000000E+00,3.730654E-01,1.917959E+03,1.032183E+00,1.271331E+04,1.838445E+04,4.814969E-01,1.456467E+04,3.730654E-01,0.000000E+00,0.000000E+00,4.820504E-02,2.478259E+02,9.796518E-02,1.249575E+03,1.333765E+03,9.498631E-02,2.247851E+03,4.820504E-02,0.000000E+00,0.000000E+00,4.820516E-02,2.478266E+02,7.840779E-02,1.031235E+03,1.103342E+03,7.221829E-02,1.993632E+03,4.820516E-02,0.000000E+00,0.000000E+00,3.353389E-02,1.724004E+02,2.602352E-01,3.012776E+03,3.422453E+03,1.159621E-01,2.120724E+03,3.353389E-02,0.000000E+00,0.000000E+00,1.047938E-02,5.387531E+01,2.540463E-01,2.869499E+03,3.363395E+03,1.832229E-01,2.303873E+03,1.047938E-02,0.000000E+00,0.000000E+00,3.772573E-02,1.939510E+02,7.788723E-01,8.816403E+03,9.924150E+03,4.712798E-01,6.191153E+03,3.772573E-02,0.000000E+00,0.000000E+00,0.000000E+00,0.000000E+00,1.522625E-02,1.699964E+02,1.776986E+02,6.005542E-03,6.705244E+01,0.000000E+00,0.000000E+00,0.000000E+00,1.467111E-02,7.542537E+01,1.433895E-01,1.648222E+03,1.733177E+03,6.655843E-02,1.104498E+03,1.467111E-02,0.000000E+00,0.000000E+00,2.724636E-02,1.400757E+02,2.040945E-01,2.365082E+03,2.932699E+03,7.923260E-02,1.555742E+03,2.724636E-02,0.000000E+00,0.000000E+00
16:15:00,5.165079E-02,2.758174E+02,4.980426E-01,5.716803E+03,6.097007E+03,4.033034E-01,5.775197E+03,5.165079E-02,0.000000E+00,0.000000E+00,3.730654E-01,1.992185E+03,1.069807E+00,1.305830E+04,1.882887E+04,4.812342E-01,1.456174E+04,3.730654E-01,0.000000E+00,0.000000E+00,4.820504E-02,2.574169E+02,9.645849E-02,1.223164E+03,1.306241E+03,9.488348E-02,2.246702E+03,4.820504E-02,0.000000E+00,0.000000E+00,4.820516E-02,2.574176E+02,7.712760E-02,1.007352E+03,1.078276E+03,7.210795E-02,1.992400E+03,4.820516E-02,0.000000E+00,0.000000E+00,3.353389E-02,1.790724E+02,2.583011E-01,2.984524E+03,3.393187E+03,1.158668E-01,2.119659E+03,3.353389E-02,0.000000E+00,0.000000E+00,1.047938E-02,5.596030E+01,2.513930E-01,2.837800E+03,3.330568E+03,1.830138E-01,2.301538E+03,1.047938E-02,0.000000E+00,0.000000E+00,3.772573E-02,2.014570E+02,7.777649E-01,8.796547E+03,9.901828E+03,4.706383E-01,6.183989E+03,3.772573E-02,0.000000E+00,0.000000E+00,0.000000E+00,0.000000E+00,1.516308E-02,1.692911E+02,1.769773E+02,5.981011E-03,6.677855E+01,0.000000E+00,0.000000E+00,0.000000E+00,1.467111E-02,7.834436E+01,1.525475E-01,1.747544E+03,1.834206E+03,6.649637E-02,1.103805E+03,1.467111E-02,0.000000E+00,0.000000E+00,2.724636E-02,1.454967E+02,2.040946E-01,2.359672E+03,2.927002E+03,7.916143E-02,1.554947E+03,2.724636E-02,0.000000E+00,0.000000E+00
16:30:00,5.165079E-02,2.860939E+02,5.036020E-01,5.768594E+03,6.149420E+03,4.028812E-01,5.770483E+03,5.165079E-02,0.000000E+00,0.000000E+00,3.730654E-01,2.066410E+03,1.105471E+00,1.338152E+04,1.923765E+04,4.809934E-01,1.455905E+04,3.730654E-01,0.000000E+00,0.000000E+00,4.820504E-02,2.670079E+02,9.470514E-02,1.193998E+03,1.275801E+03,9.478939E-02,2.245652E+03,4.820504E-02,0.000000E+00,0.000000E+00,4.820516E-02,2.670085E+02,7.578655E-02,9.827890E+02,1.052453E+03,7.200674E-02,1.991270E+03,4.820516E-02,0.000000E+00,0.000000E+00,3.353389E-02,1.857443E+02,2.555684E-01,2.947360E+03,3.354654E+03,1.157787E-01,2.118675E+03,3.353389E-02,0.000000E+00,0.000000E+00,1.047938E-02,5.804530E+01,2.484825E-01,2.803229E+03,3.294801E+03,1.828227E-01,2.299406E+03,1.047938E-02,0.000000E+00,0.000000E+00,3.772573E-02,2.089630E+02,7.742308E-01,8.749601E+03,9.851599E+03,4.700487E-01,6.177406E+03,3.772573E-02,0.000000E+00,0.000000E+00,0.000000E+00,0.000000E+00,1.508340E-02,1.684016E+02,1.760687E+02,5.958349E-03,6.652554E+01,0.000000E+00,0.000000E+00,0.000000E+00,1.467111E-02,8.126335E+01,1.616458E-01,1.846200E+03,1.934518E+03,6.643907E-02,1.103165E+03,1.467111E-02,0.000000E+00,0.000000E+00,2.724636E-02,1.509177E+02,2.035347E-01,2.348014E+03,2.914679E+03,7.909661E-02,1.554223E+03,2.724636E-02,0.000000E+00,0.000000E+00
16:45:00,5.165079E-02,2.963705E+02,5.077603E-01,5.804745E+03,6.185928E+03,4.024693E-01,5.765884E+03,5.165079E-02,0.000000E+00,0.000000E+00,3.730654E-01,2.140636E+03,1.138203E+00,1.367210E+04,1.960279E+04,4.807728E-01,1.455658E+04,3.730654E-01,0.000000E+00,0.000000E+00,4.820504E-02,2.765988E+02,9.270786E-02,1.162110E+03,1.242467E+03,9.470330E-02,2.244691E+03,4.820504E-02,0.000000E+00,0.000000E+00,4.820516E-02,2.765995E+02,7.437897E-02,9.574837E+02,1.025805E+03,7.191393E-02,1.990234E+03,4.820516E-02,0.000000E+00,0.000000E+00,3.353389E-02,1.924163E+02,2.520307E-01,2.901212E+03,3.306873E+03,1.156971E-01,2.117765E+03,3.353389E-02,0.000000E+00,0.000000E+00,1.047938E-02,6.013030E+01,2.453185E-01,2.765829E+03,3.256088E+03,1.826483E-01,2.297457E+03,1.047938E-02,0.000000E+00,0.000000E+00,3.772573E-02,2.164690E+02,7.681551E-01,8.674284E+03,9.772336E+03,4.695067E-01,6.171355E+03,3.772573E-02,0.000000E+00,0.000000E+00,0.000000E+00,0.000000E+00,1.498741E-02,1.673298E+02,1.749750E+02,5.937407E-03,6.629171E+01,0.000000E+00,0.000000E+00,0.000000E+00,1.467111E-02,8.418235E+01,1.704197E-01,1.941234E+03,2.031162E+03,6.638607E-02,1.102573E+03,1.467111E-02,0.000000E+00,0.000000E+00,2.724636E-02,1.563387E+02,2.024053E-01,2.330001E+03,2.895797E+03,7.903756E-02,1.553564E+03,2.724636E-02,0.000000E+00,0.000000E+00
17:00:00,5.165079E-02,3.066470E+02,5.100337E-01,5.819852E+03,6.200871E+03,4.020672E-01,5.761394E+03,5.165079E-02,0.000000E+00,0.000000E+00,3.730654E-01,2.214862E+03,1.166540E+00,1.391376E+04,1.990439E+04,4.805706E-01,1.455433E+04,3.730654E-01,0.000000E+00,0.000000E+00,4.820504E-02,2.861898E+02,9.047670E-02,1.127610E+03,1.206347E+03,9.462452E-02,2.243811E+03,4.820504E-02,0.000000E+00,0.000000E+00,4.820516E-02,2.861905E+02,7.290273E-02,9.314118E+02,9.982993E+02,7.182880E-02,1.989283E+03,4.820516E-02,0.000000E+00,0.000000E+00,3.353389E-02,1.990883E+02,2.476258E-01,2.845385E+03,3.249003E+03,1.156215E-01,2.116920E+03,3.353389E-02,0.000000E+00,0.000000E+00,1.047938E-02,6.221530E+01,2.419491E-01,2.726136E+03,3.215011E+03,1.824889E-01,2.295678E+03,1.047938E-02,0.000000E+00,0.000000E+00,3.772573E-02,2.239749E+02,7.592342E-01,8.567207E+03,9.660329E+03,4.690084E-01,6.165791E+03,3.772573E-02,0.000000E+00,0.000000E+00,0.000000E+00,0.000000E+00,1.487534E-02,1.660786E+02,1.736988E+02,5.918042E-03,6.607551E+01,0.000000E+00,0.000000E+00,0.000000E+00,1.467111E-02,8.710134E+01,1.784968E-01,2.028491E+03,2.119894E+03,6.633698E-02,1.102025E+03,1.467111E-02,0.000000E+00,0.000000E+00,2.724636E-02,1.617597E+02,2.006415E-01,2.304911E+03,2.869428E+03,7.898376E-02,1.552964E+03,2.724636E-02,0.000000E+00,0.000000E+00
17:15:00,5.165079E-02,3.194927E+02,5.104628E-01,5.811801E+03,6.192152E+03,4.016741E-01,5.757005E+03,5.165079E-02,0.000000E+00,0.000000E+00,3.730654E-01,2.307644E+03,1.189936E+00,1.408186E+04,2.011835E+04,4.803856E-01,1.455226E+04,3.730654E-01,0.000000E+00,0.000000E+00,4.820504E-02,2.981785E+02,8.802998E-02,1.088306E+03,1.165193E+03,9.455242E-02,2.243006E+03,4.820504E-02,0.000000E+00,0.000000E+00,4.820516E-02,2.981793E+02,7.135874E-02,9.021859E+02,9.674954E+02,7.175072E-02,1.988412E+03,4.820516E-02,0.000000E+00,0.000000E+00,3.353389E-02,2.074282E+02,2.424107E-01,2.778848E+03,3.179965E+03,1.155512E-01,2.116135E+03,3.353389E-02,0.000000E+00,0.000000E+00,1.047938E-02,6.482154E+01,2.383705E-01,2.683586E+03,3.170952E+03,1.823432E-01,2.294052E+03,1.047938E-02,0.000000E+00,0.000000E+00,3.772573E-02,2.333574E+02,7.475421E-01,8.427318E+03,9.514546E+03,4.685500E-01,6.160673E+03,3.772573E-02,0.000000E+00,0.000000E+00,0.000000E+00,0.000000E+00,1.474744E-02,1.646507E+02,1.722429E+02,5.900128E-03,6.587549E+01,0.000000E+00,0.000000E+00,0.000000E+00,1.467111E-02,9.075008E+01,1.856930E-01,2.105184E+03,2.197888E+03,6.629145E-02,1.101517E+03,1.467111E-02,0.000000E+00,0.000000E+00,2.724636E-02,1.685359E+02,1.982755E-01,2.271747E+03,2.834546E+03,7.893474E-02,1.552416E+03,2.724636E-02,0.000000E+00,0.000000E+00
17:30:00,5.165079E-02,3.323384E+02,5.089200E-01,5.781737E+03,6.160939E+03,4.012895E-01,5.752711E+03,5.165079E-02,0.000000E+00,0.000000E+00,3.730654E-01,2.400427E+03,1.207706E+00,1.418728E+04,2.025551E+04,4.802161E-01,1.455037E+04,3.730654E-01,0.000000E+00,0.000000E+00,4.820504E-02,3.101672E+02,8.539533E-02,1.046904E+03,1.121765E+03,9.448643E-02,2.242269E+03,4.820504E-02,0.000000E+00,0.000000E+00,4.820516E-02,3.101680E+02,6.974963E-02,8.722330E+02,9.358642E+02,7.167909E-02,1.987612E+03,4.820516E-02,0.000000E+00,0.000000E+00,3.353389E-02,2.157682E+02,2.364355E-01,2.703828E+03,3.102027E+03,1.154859E-01,2.115406E+03,3.353389E-02,0.000000E+00,0.000000E+00,1.047938E-02,6.742779E+01,2.345896E-01,2.638779E+03,3.124540E+03,1.822102E-01,2.292566E+03,1.047938E-02,0.000000E+00,0.000000E+00,3.772573E-02,2.427399E+02,7.331191E-01,8.256944E+03,9.337344E+03,4.681282E-01,6.155964E+03,3.772573E-02,0.000000E+00,0.000000E+00,0.000000E+00,0.000000E+00,1.460401E-02,1.630494E+02,1.706108E+02,5.883545E-03,6.569034E+01,0.000000E+00,0.000000E+00,0.000000E+00,1.467111E-02,9.439883E+01,1.917856E-01,2.169555E+03,2.263348E+03,6.624915E-02,1.101045E+03,1.467111E-02,0.000000E+00,0.000000E+00,2.724636E-02,1.753121E+02,1.953315E-01,2.232134E+03,2.792815E+03,7.889004E-02,1.551917E+03,2.724636E-02,0.000000E+00,0.000000E+00
17:45:00,5.165079E-02,3.451841E+02,5.054007E-01,5.729607E+03,6.107222E+03,4.009129E-01,5.748506E+03,5.165079E-02,0.000000E+00,0.000000E+00,3.730654E-01,2.493209E+03,1.219636E+00,1.422765E+04,2.031614E+04,4.800610E-01,1.454864E+04,3.730654E-01,0.000000E+00,0.000000E+00,4.820504E-02,3.221560E+02,8.260617E-02,1.003777E+03,1.076439E+03,9.442600E-02,2.241595E+03,4.820504E-02,0.000000E+00,0.000000E+00,4.820516E-02,3.221568E+02,6.807778E-02,8.415796E+02,9.034277E+02,7.161337E-02,1.986878E+03,4.820516E-02,0.000000E+00,0.000000E+00,3.353389E-02,2.241082E+02,2.297636E-01,2.621032E+03,3.015889E+03,1.154250E-01,2.114727E+03,3.353389E-02,0.000000E+00,0.000000E+00,1.047938E-02,7.003404E+01,2.305821E-01,2.591441E+03,3.075432E+03,1.820886E-01,2.291208E+03,1.047938E-02,0.000000E+00,0.000000E+00,3.772573E-02,2.521224E+02,7.160573E-01,8.057115E+03,9.129742E+03,4.677398E-01,6.151628E+03,3.772573E-02,0.000000E+00,0.000000E+00,0.000000E+00,0.000000E+00,1.444542E-02,1.612788E+02,1.688065E+02,5.868185E-03,6.551885E+01,0.000000E+00,0.000000E+00,0.000000E+00,1.467111E-02,9.804757E+01,1.966890E-01,2.220653E+03,2.315339E+03,6.620980E-02,1.100605E+03,1.467111E-02,0.000000E+00,0.000000E+00,2.724636E-02,1.820884E+02,1.918518E-01,2.186545E+03,2.744735E+03,7.884929E-02,1.551462E+03,2.724636E-02,0.000000E+00,0.000000E+00
18:00:00,5.165079E-02,3.580298E+02,4.997391E-01,5.653561E+03,6.028964E+03,4.005439E-01,5.744386E+03,5.165079E-02,0.000000E+00,0.000000E+00,3.730654E-01,2.585991E+03,1.224911E+00,1.419386E+04,2.028499E+04,4.799190E-01,1.454705E+04,3.730654E-01,0.000000E+00,0.000000E+00,4.820504E-02,3.341447E+02,7.969597E-02,9.592987E+02,1.029594E+03,9.437067E-02,2.240977E+03,4.820504E-02,0.000000E+00,0.000000E+00,4.820516E-02,3.341455E+02,6.634494E-02,8.102453E+02,8.701975E+02,7.155306E-02,1.986205E+03,4.820516E-02,0.000000E+00,0.000000E+00,3.353389E-02,2.324481E+02,2.224639E-01,2.531228E+03,2.922279E+03,1.153683E-01,2.114093E+03,3.353389E-02,0.000000E+00,0.000000E+00,1.047938E-02,7.264028E+01,2.263686E-01,2.541805E+03,3.023951E+03,1.819774E-01,2.289967E+03,1.047938E-02,0.000000E+00,0.000000E+00,3.772573E-02,2.615049E+02,6.964447E-01,7.828809E+03,8.892567E+03,4.673821E-01,6.147634E+03,3.772573E-02,0.000000E+00,0.000000E+00,0.000000E+00,0.000000E+00,1.427221E-02,1.593449E+02,1.668362E+02,5.853950E-03,6.535991E+01,0.000000E+00,0.000000E+00,0.000000E+00,1.467111E-02,1.016963E+02,2.001736E-01,2.255909E+03,2.351178E+03,6.617314E-02,1.100196E+03,1.467111E-02,0.000000E+00,0.000000E+00,2.724636E-02,1.888646E+02,1.878735E-01,2.135392E+03,2.690626E+03,7.881211E-02,1.551047E+03,2.724636E-02,0.000000E+00,0.000000E+00
18:15:00,5.165079E-02,3.772983E+02,4.917754E-01,5.545390E+03,5.917746E+03,4.001821E-01,5.740347E+03,5.165079E-02,0.000000E+00,0.000000E+00,3.730654E-01,2.725165E+03,1.222623E+00,1.402941E+04,2.010282E+04,4.797890E-01,1.454560E+04,3.730654E-01,0.000000E+00,0.000000E+00,4.820504E-02,3.521277E+02,7.668943E-02,9.077503E+02,9.753842E+02,9.431999E-02,2.240411E+03,4.820504E-02,0.000000E+00,0.000000E+00,4.820516E-02,3.521286E+02,6.455019E-02,7.722255E+02,8.300357E+02,7.149770E-02,1.985587E+03,4.820516E-02,0.000000E+00,0.000000E+00,3.353389E-02,2.449581E+02,2.146060E-01,2.431025E+03,2.817672E+03,1.153153E-01,2.113501E+03,3.353389E-02,0.000000E+00,0.000000E+00,1.047938E-02,7.654965E+01,2.219443E-01,2.488513E+03,2.968639E+03,1.818758E-01,2.288832E+03,1.047938E-02,0.000000E+00,0.000000E+00,3.772573E-02,2.755786E+02,6.743560E-01,7.568171E+03,8.621672E+03,4.670525E-01,6.143953E+03,3.772573E-02,0.000000E+00,0.000000E+00,0.000000E+00,0.000000E+00,1.408501E-02,1.572549E+02,1.647069E+02,5.840748E-03,6.521251E+01,0.000000E+00,0.000000E+00,0.000000E+00,1.467111E-02,1.071694E+02,2.020064E-01,2.270901E+03,2.366376E+03,6.613894E-02,1.099814E+03,1.467111E-02,0.000000E+00,0.000000E+00,2.724636E-02,1.990290E+02,1.834379E-01,2.075747E+03,2.627459E+03,7.877819E-02,1.550668E+03,2.724636E-02,0.000000E+00,0.000000E+00
18:30:00,5.165079E-02,3.965668E+02,4.814832E-01,5.411226E+03,5.779925E+03,3.998272E-01,5.736384E+03,5.165079E-02,0.000000E+00,0.000000E+00,3.730654E-01,2.864338E+03,1.211998E+00,1.377207E+04,1.980978E+04,4.796700E-01,1.454427E+04,3.730654E-01,0.000000E+00,0.000000E+00,4.820504E-02,3.701108E+02,7.361297E-02,8.554213E+02,9.202209E+02,9.427356E-02,2.239892E+03,4.820504E-02,0.000000E+00,0.000000E+00,4.820516E-02,3.701117E+02,6.269645E-02,7.335470E+02,7.890828E+02,7.144689E-02,1.985019E+03,4.820516E-02,0.000000E+00,0.000000E+00,3.353389E-02,2.574680E+02,2.062980E-01,2.325799E+03,2.707619E+03,1.152657E-01,2.112947E+03,3.353389E-02,0.000000E+00,0.000000E+00,1.047938E-02,8.045902E+01,2.173188E-01,2.432975E+03,2.910944E+03,1.817828E-01,2.287794E+03,1.047938E-02,0.000000E+00,0.000000E+00,3.772573E-02,2.896523E+02,6.499739E-01,7.281932E+03,8.323974E+03,4.667486E-01,6.140560E+03,3.772573E-02,0.000000E+00,0.000000E+00,0.000000E+00,0.000000E+00,1.388455E-02,1.550168E+02,1.624271E+02,5.828497E-03,6.507572E+01,0.000000E+00,0.000000E+00,0.000000E+00,1.467111E-02,1.126425E+02,2.019879E-01,2.265224E+03,2.360576E+03,6.610699E-02,1.099457E+03,1.467111E-02,0.000000E+00,0.000000E+00,2.724636E-02,2.091933E+02,1.786108E-01,2.011736E+03,2.559562E+03,7.874723E-02,1.550323E+03,2.724636E-02,0.000000E+00,0.000000E+00
18:45:00,5.165079E-02,4.158353E+02,4.687185E-01,5.249458E+03,5.613747E+03,3.994788E-01,5.732494E+03,5.165079E-02,0.000000E+00,0.000000E+00,3.730654E-01,3.003512E+03,1.191562E+00,1.340540E+04,1.938224E+04,4.795612E-01,1.454306E+04,3.730654E-01,0.000000E+00,0.000000E+00,4.820504E-02,3.880939E+02,7.049056E-02,8.025793E+02,8.643690E+02,9.423102E-02,2.239417E+03,4.820504E-02,0.000000E+00,0.000000E+00,4.820516E-02,3.880949E+02,6.078924E-02,6.942716E+02,7.473936E+02,7.140025E-02,1.984498E+03,4.820516E-02,0.000000E+00,0.000000E+00,3.353389E-02,2.699779E+02,1.976633E-01,2.216925E+03,2.593491E+03,1.152192E-01,2.112429E+03,3.353389E-02,0.000000E+00,0.000000E+00,1.047938E-02,8.436840E+01,2.125377E-01,2.375700E+03,2.851437E+03,1.816978E-01,2.286845E+03,1.047938E-02,0.000000E+00,0.000000E+00,3.772573E-02,3.037261E+02,6.234769E-01,6.972083E+03,8.001349E+03,4.664683E-01,6.137431E+03,3.772573E-02,0.000000E+00,0.000000E+00,0.000000E+00,0.000000E+00,1.367187E-02,1.526423E+02,1.600086E+02,5.817120E-03,6.494870E+01,0.000000E+00,0.000000E+00,0.000000E+00,1.467111E-02,1.181157E+02,1.997716E-01,2.235011E+03,2.329802E+03,6.607711E-02,1.099124E+03,1.467111E-02,0.000000E+00,0.000000E+00,2.724636E-02,2.193577E+02,1.734573E-01,1.944081E+03,2.487632E+03,7.871897E-02,1.550007E+03,2.724636E-02,0.000000E+00,0.000000E+00
19:00:00,5.165079E-02,4.351038E+02,4.535506E-01,5.060861E+03,5.419932E+03,3.991367E-01,5.728675E+03,5.165079E-02,0.000000E+00,0.000000E+00,3.730654E-01,3.142685E+03,1.160237E+00,1.291742E+04,1.880180E+04,4.794616E-01,1.454194E+04,3.730654E-01,0.000000E+00,0.000000E+00,4.820504E-02,4.060769E+02,6.734496E-02,7.494783E+02,8.080807E+02,9.419203E-02,2.238982E+03,4.820504E-02,0.000000E+00,0.000000E+00,4.820516E-02,4.060780E+02,5.883725E-02,6.544964E+02,7.050624E+02,7.135742E-02,1.984020E+03,4.820516E-02,0.000000E+00,0.000000E+00,3.353389E-02,2.824879E+02,1.888560E-01,2.106125E+03,2.477012E+03,1.151757E-01,2.111943E+03,3.353389E-02,0.000000E+00,0.000000E+00,1.047938E-02,8.827777E+01,2.076060E-01,2.316743E+03,2.790122E+03,1.816200E-01,2.285977E+03,1.047938E-02,0.000000E+00,0.000000E+00,3.772573E-02,3.177998E+02,5.951200E-01,6.641472E+03,7.656518E+03,4.662097E-01,6.134543E+03,3.772573E-02,0.000000E+00,0.000000E+00,0.000000E+00,0.000000E+00,1.344834E-02,1.501467E+02,1.574670E+02,5.806548E-03,6.483066E+01,0.000000E+00,0.000000E+00,0.000000E+00,1.467111E-02,1.235888E+02,1.951102E-01,2.177501E+03,2.271225E+03,6.604913E-02,1.098811E+03,1.467111E-02,0.000000E+00,0.000000E+00,2.724636E-02,2.295221E+02,1.680707E-01,1.873825E+03,2.412703E+03,7.869316E-02,1.549719E+03,2.724636E-02,0.000000E+00,0.000000E+00
19:15:00,5.165079E-02,4.492341E+02,4.362257E-01,4.853339E+03,5.209414E+03,3.988007E-01,5.724923E+03,5.165079E-02,0.000000E+00,0.000000E+00,3.730654E-01,3.244746E+03,1.116607E+00,1.233004E+04,1.816116E+04,4.793704E-01,1.454093E+04,3.730654E-01,0.000000E+00,0.000000E+00,4.820504E-02,4.192645E+02,6.422020E-02,7.014062E+02,7.569465E+02,9.415629E-02,2.238583E+03,4.820504E-02,0.000000E+00,0.000000E+00,4.820516E-02,4.192656E+02,5.686369E-02,6.192761E+02,6.673373E+02,7.131809E-02,1.983581E+03,4.820516E-02,0.000000E+00,0.000000E+00,3.353389E-02,2.916618E+02,1.800908E-01,1.999153E+03,2.368728E+03,1.151348E-01,2.111486E+03,3.353389E-02,0.000000E+00,0.000000E+00,1.047938E-02,9.114464E+01,2.025867E-01,2.257876E+03,2.731810E+03,1.815489E-01,2.285183E+03,1.047938E-02,0.000000E+00,0.000000E+00,3.772573E-02,3.281205E+02,5.653501E-01,6.298886E+03,7.310349E+03,4.659709E-01,6.131877E+03,3.772573E-02,0.000000E+00,0.000000E+00,0.000000E+00,0.000000E+00,1.321602E-02,1.475530E+02,1.548497E+02,5.796718E-03,6.472091E+01,0.000000E+00,0.000000E+00,0.000000E+00,1.467111E-02,1.276024E+02,1.877551E-01,2.091383E+03,2.184413E+03,6.602290E-02,1.098518E+03,1.467111E-02,0.000000E+00,0.000000E+00,2.724636E-02,2.369759E+02,1.625617E-01,1.804953E+03,2.344147E+03,7.866958E-02,1.549456E+03,2.724636E-02,0.000000E+00,0.000000E+00
19:30:00,5.165079E-02,4.633643E+02,4.165361E-01,4.619434E+03,4.968912E+03,3.984705E-01,5.721236E+03,5.165079E-02,0.000000E+00,0.000000E+00,3.730654E-01,3.346806E+03,1.058957E+00,1.158698E+04,1.726017E+04,4.792870E-01,1.453999E+04,3.730654E-01,0.000000E+00,0.000000E+00,4.820504E-02,4.324521E+02,6.115210E-02,6.539667E+02,7.060702E+02,9.412353E-02,2.238217E+03,4.820504E-02,0.000000E+00,0.000000E+00,4.820516E-02,4.324532E+02,5.489474E-02,5.841074E+02,6.294436E+02,7.128196E-02,1.983178E+03,4.820516E-02,0.000000E+00,0.000000E+00,3.353389E-02,3.008358E+02,1.715585E-01,1.894805E+03,2.258244E+03,1.150964E-01,2.111058E+03,3.353389E-02,0.000000E+00,0.000000E+00,1.047938E-02,9.401151E+01,1.975389E-01,2.198716E+03,2.670095E+03,1.814838E-01,2.284456E+03,1.047938E-02,0.000000E+00,0.000000E+00,3.772573E-02,3.384413E+02,5.343724E-01,5.942853E+03,6.936699E+03,4.657504E-01,6.129415E+03,3.772573E-02,0.000000E+00,0.000000E+00,0.000000E+00,0.000000E+00,1.297811E-02,1.448972E+02,1.521442E+02,5.787571E-03,6.461878E+01,0.000000E+00,0.000000E+00,0.000000E+00,1.467111E-02,1.316160E+02,1.772277E-01,1.969854E+03,2.061023E+03,6.599828E-02,1.098244E+03,1.467111E-02,0.000000E+00,0.000000E+00,2.724636E-02,2.444298E+02,1.570535E-01,1.736133E+03,2.270348E+03,7.864804E-02,1.549215E+03,2.724636E-02,0.000000E+00,0.000000E+00
19:45:00,5.165079E-02,4.774946E+02,3.945968E-01,4.360408E+03,4.703100E+03,3.981459E-01,5.717611E+03,5.165079E-02,0.000000E+00,0.000000E+00,3.730654E-01,3.448867E+03,9.862931E-01,1.067635E+04,1.613169E+04,4.792107E-01,1.453914E+04,3.730654E-01,0.000000E+00,0.000000E+00,4.820504E-02,4.456397E+02,5.817633E-02,6.075576E+02,6.561686E+02,9.409349E-02,2.237882E+03,4.820504E-02,0.000000E+00,0.000000E+00,4.820516E-02,4.456408E+02,5.295820E-02,5.493002E+02,5.918544E+02,7.124879E-02,1.982807E+03,4.820516E-02,0.000000E+00,0.000000E+00,3.353389E-02,3.100098E+02,1.634488E-01,1.795167E+03,2.153007E+03,1.150603E-01,2.110654E+03,3.353389E-02,0.000000E+00,0.000000E+00,1.047938E-02,9.687838E+01,1.925314E-01,2.140003E+03,2.609684E+03,1.814242E-01,2.283791E+03,1.047938E-02,0.000000E+00,0.000000E+00,3.772573E-02,3.487620E+02,5.025785E-01,5.577698E+03,6.556468E+03,4.655467E-01,6.127141E+03,3.772573E-02,0.000000E+00,0.000000E+00,0.000000E+00,0.000000E+00,1.273829E-02,1.422200E+02,1.494259E+02,5.779054E-03,6.452369E+01,0.000000E+00,0.000000E+00,0.000000E+00,1.467111E-02,1.356296E+02,1.632683E-01,1.810007E+03,1.898679E+03,6.597515E-02,1.097985E+03,1.467111E-02,0.000000E+00,0.000000E+00,2.724636E-02,2.518836E+02,1.516351E-01,1.668310E+03,2.197900E+03,7.862835E-02,1.548995E+03,2.724636E-02,0.000000E+00,0.000000E+00
20:00:00,5.165079E-02,4.916248E+02,3.712602E-01,4.085778E+03,4.420640E+03,3.978267E-01,5.714048E+03,5.165079E-02,0.000000E+00,0.000000E+00,3.730654E-01,3.550927E+03,9.024705E-01,9.640982E+03,1.478934E+04,4.791409E-01,1.453836E+04,3.730654E-01,0.000000E+00,0.000000E+00,4.820504E-02,4.588273E+02,5.532377E-02,5.625235E+02,6.075328E+02,9.406595E-02,2.237574E+03,4.820504E-02,0.000000E+00,0.000000E+00,4.820516E-02,4.588284E+02,5.107903E-02,5.151332E+02,5.548387E+02,7.121832E-02,1.982467E+03,4.820516E-02,0.000000E+00,0.000000E+00,3.353389E-02,3.191837E+02,1.558848E-01,1.701614E+03,2.053156E+03,1.150263E-01,2.110274E+03,3.353389E-02,0.000000E+00,0.000000E+00,1.047938E-02,9.974525E+01,1.876073E-01,2.082218E+03,2.549807E+03,1.813697E-01,2.283182E+03,1.047938E-02,0.000000E+00,0.000000E+00,3.772573E-02,3.590827E+02,4.707824E-01,5.212504E+03,6.173931E+03,4.653584E-01,6.125038E+03,3.772573E-02,0.000000E+00,0.000000E+00,0.000000E+00,0.000000E+00,1.250008E-02,1.395608E+02,1.467234E+02,5.771119E-03,6.443509E+01,0.000000E+00,0.000000E+00,0.000000E+00,1.467111E-02,1.396432E+02,1.465754E-01,1.619639E+03,1.705065E+03,6.595339E-02,1.097742E+03,1.467111E-02,0.000000E+00,0.000000E+00,2.724636E-02,2.593375E+02,1.463377E-01,1.601830E+03,2.125793E+03,7.861035E-02,1.548794E+03,2.724636E-02,0.000000E+00,0.000000E+00
20:15:00,5.165079E-02,5.031860E+02,3.488832E-01,3.824411E+03,4.151664E+03,3.975128E-01,5.710543E+03,5.165079E-02,0.000000E+00,0.000000E+00,3.730654E-01,3.634431E+03,8.198345E-01,8.636647E+03,1.342247E+04,4.790770E-01,1.453765E+04,3.730654E-01,0.000000E+00,0.000000E+00,4.820504E-02,4.696171E+02,5.261393E-02,5.214800E+02,5.628594E+02,9.404069E-02,2.237292E+03,4.820504E-02,0.000000E+00,0.000000E+00,4.820516E-02,4.696183E+02,4.927672E-02,4.842216E+02,5.210895E+02,7.119032E-02,1.982155E+03,4.820516E-02,0.000000E+00,0.000000E+00,3.353389E-02,3.266897E+02,1.489878E-01,1.617149E+03,1.962517E+03,1.149942E-01,2.109916E+03,3.353389E-02,0.000000E+00,0.000000E+00,1.047938E-02,1.020909E+02,1.828641E-01,2.026950E+03,2.492453E+03,1.813198E-01,2.282624E+03,1.047938E-02,0.000000E+00,0.000000E+00,3.772573E-02,3.675270E+02,4.407404E-01,4.868721E+03,5.813095E+03,4.651842E-01,6.123094E+03,3.772573E-02,0.000000E+00,0.000000E+00,0.000000E+00,0.000000E+00,1.226668E-02,1.369551E+02,1.440748E+02,5.763720E-03,6.435248E+01,0.000000E+00,0.000000E+00,0.000000E+00,1.467111E-02,1.429271E+02,1.294545E-01,1.425217E+03,1.506954E+03,6.593292E-02,1.097514E+03,1.467111E-02,0.000000E+00,0.000000E+00,2.724636E-02,2.654361E+02,1.412205E-01,1.538674E+03,2.056951E+03,7.859390E-02,1.548611E+03,2.724636E-02,0.000000E+00,0.000000E+00
20:30:00,5.165079E-02,5.147471E+02,3.289030E-01,3.589784E+03,3.909501E+03,3.972040E-01,5.707095E+03,5.165079E-02,0.000000E+00,0.000000E+00,3.730654E-01,3.717935E+03,7.467022E-01,7.737696E+03,1.210578E+04,4.790186E-01,1.453700E+04,3.730654E-01,0.000000E+00,0.000000E+00,4.820504E-02,4.804070E+02,5.006457E-02,4.822280E+02,5.199369E+02,9.401753E-02,2.237034E+03,4.820504E-02,0.000000E+00,0.000000E+00,4.820516E-02,4.804082E+02,4.820516E-02,4.614684E+02,4.964900E+02,7.116461E-02,1.981867E+03,4.820516E-02,0.000000E+00,0.000000E+00,3.353389E-02,3.341957E+02,1.428022E-01,1.540601E+03,1.880028E+03,1.149640E-01,2.109579E+03,3.353389E-02,0.000000E+00,0.000000E+00,1.047938E-02,1.044365E+02,1.783718E-01,1.974457E+03,2.437940E+03,1.812741E-01,2.282114E+03,1.047938E-02,0.000000E+00,0.000000E+00,3.772573E-02,3.759712E+02,4.136892E-01,4.558287E+03,5.486544E+03,4.650232E-01,6.121295E+03,3.772573E-02,0.000000E+00,0.000000E+00,0.000000E+00,0.000000E+00,1.204084E-02,1.344337E+02,1.415119E+02,5.756817E-03,6.427541E+01,0.000000E+00,0.000000E+00,0.000000E+00,1.467111E-02,1.462110E+02,1.137288E-01,1.246366E+03,1.323712E+03,6.591362E-02,1.097298E+03,1.467111E-02,0.000000E+00,0.000000E+00,2.724636E-02,2.715347E+02,1.363063E-01,1.477742E+03,1.990234E+03,7.857886E-02,1.548443E+03,2.724636E-02,0.000000E+00,0.000000E+00
20:45:00,5.165079E-02,5.263082E+02,3.122150E-01,3.391913E+03,3.705021E+03,3.969002E-01,5.703703E+03,5.165079E-02,0.000000E+00,0.000000E+00,3.730654E-01,3.801439E+03,6.891601E-01,7.012519E+03,1.098832E+04,4.789652E-01,1.453640E+04,3.730654E-01,0.000000E+00,0.000000E+00,4.820504E-02,4.911968E+02,4.820504E-02,4.506774E+02,4.854825E+02,9.399628E-02,2.236797E+03,4.820504E-02,0.000000E+00,0.000000E+00,4.820516E-02,4.911980E+02,4.820516E-02,4.506785E+02,4.854838E+02,7.114099E-02,1.981604E+03,4.820516E-02,0.000000E+00,0.000000E+00,3.353389E-02,3.417016E+02,1.373015E-01,1.471697E+03,1.805463E+03,1.149354E-01,2.109260E+03,3.353389E-02,0.000000E+00,0.000000E+00,1.047938E-02,1.067821E+02,1.741733E-01,1.925244E+03,2.386772E+03,1.812322E-01,2.281647E+03,1.047938E-02,0.000000E+00,0.000000E+00,3.772573E-02,3.844154E+02,3.902836E-01,4.288549E+03,5.202755E+03,4.648741E-01,6.119631E+03,3.772573E-02,0.000000E+00,0.000000E+00,0.000000E+00,0.000000E+00,1.182429E-02,1.320159E+02,1.390546E+02,5.750371E-03,6.420344E+01,0.000000E+00,0.000000E+00,0.000000E+00,1.467111E-02,1.494948E+02,1.007834E-01,1.098554E+03,1.171656E+03,6.589543E-02,1.097095E+03,1.467111E-02,0.000000E+00,0.000000E+00,2.724636E-02,2.776333E+02,1.316488E-01,1.419670E+03,1.926255E+03,7.856510E-02,1.548289E+03,2.724636E-02,0.000000E+00,0.000000E+00
21:00:00,5.165079E-02,5.378693E+02,2.988851E-01,3.231531E+03,3.539746E+03,3.966013E-01,5.700366E+03,5.165079E-02,0.000000E+00,0.000000E+00,3.730654E-01,3.884943E+03,6.481610E-01,6.471788E+03,1.014988E+04,4.789163E-01,1.453586E+04,3.730654E-01,0.000000E+00,0.000000E+00,4.820504E-02,5.019866E+02,4.820504E-02,4.398875E+02,4.744764E+02,9.397680E-02,2.236579E+03,4.820504E-02,0.000000E+00,0.000000E+00,4.820516E-02,5.019879E+02,4.820516E-02,4.398886E+02,4.744776E+02,7.111928E-02,1.981361E+03,4.820516E-02,0.000000E+00,0.000000E+00,3.353389E-02,3.492076E+02,1.324586E-01,1.410135E+03,1.738704E+03,1.149084E-01,2.108959E+03,3.353389E-02,0.000000E+00,0.000000E+00,1.047938E-02,1.091277E+02,1.703184E-01,1.879865E+03,2.339637E+03,1.811939E-01,2.281219E+03,1.047938E-02,0.000000E+00,0.000000E+00,3.772573E-02,3.928597E+02,3.705393E-01,4.059684E+03,4.963068E+03,4.647361E-01,6.118090E+03,3.772573E-02,0.000000E+00,0.000000E+00,0.000000E+00,0.000000E+00,1.161805E-02,1.297133E+02,1.367148E+02,5.744350E-03,6.413621E+01,0.000000E+00,0.000000E+00,0.000000E+00,1.467111E-02,1.527787E+02,9.100887E-02,9.861424E+02,1.056007E+03,6.587826E-02,1.096904E+03,1.467111E-02,0.000000E+00,0.000000E+00,2.724636E-02,2.837320E+02,1.273375E-01,1.365461E+03,1.866239E+03,7.855251E-02,1.548148E+03,2.724636E-02,0.000000E+00,0.000000E+00
21:15:00,5.165079E-02,5.494304E+02,2.873041E-01,3.090674E+03,3.393379E+03,3.963071E-01,5.697081E+03,5.165079E-02,0.000000E+00,0.000000E+00,3.730654E-01,3.968447E+03,6.169095E-01,6.039764E+03,9.456913E+03,4.788717E-01,1.453536E+04,3.730654E-01,0.000000E+00,0.000000E+00,4.820504E-02,5.127765E+02,4.820504E-02,4.290977E+02,4.634703E+02,9.395892E-02,2.236379E+03,4.820504E-02,0.000000E+00,0.000000E+00,4.820516E-02,5.127778E+02,4.820516E-02,4.290988E+02,4.634715E+02,7.109935E-02,1.981139E+03,4.820516E-02,0.000000E+00,0.000000E+00,3.353389E-02,3.567135E+02,1.281907E-01,1.354991E+03,1.677631E+03,1.148829E-01,2.108674E+03,3.353389E-02,0.000000E+00,0.000000E+00,1.047938E-02,1.114734E+02,1.667962E-01,1.838201E+03,2.295297E+03,1.811589E-01,2.280828E+03,1.047938E-02,0.000000E+00,0.000000E+00,3.772573E-02,4.013039E+02,3.533443E-01,3.859278E+03,4.748709E+03,4.646083E-01,6.116663E+03,3.772573E-02,0.000000E+00,0.000000E+00,0.000000E+00,0.000000E+00,1.142261E-02,1.275311E+02,1.344865E+02,5.738720E-03,6.407336E+01,0.000000E+00,0.000000E+00,0.000000E+00,1.467111E-02,1.560626E+02,8.318242E-02,8.954806E+02,9.621613E+02,6.586205E-02,1.096723E+03,1.467111E-02,0.000000E+00,0.000000E+00,2.724636E-02,2.898306E+02,1.234388E-01,1.315857E+03,1.809246E+03,7.854100E-02,1.548020E+03,2.724636E-02,0.000000E+00,0.000000E+00
21:30:00,5.165079E-02,5.609915E+02,2.770014E-01,2.964069E+03,3.260895E+03,3.960175E-01,5.693847E+03,5.165079E-02,0.000000E+00,0.000000E+00,3.730654E-01,4.051951E+03,5.912163E-01,5.669344E+03,8.841864E+03,4.788309E-01,1.453490E+04,3.730654E-01,0.000000E+00,0.000000E+00,4.820504E-02,5.235663E+02,4.820504E-02,4.183079E+02,4.524642E+02,9.394252E-02,2.236196E+03,4.820504E-02,0.000000E+00,0.000000E+00,4.820516E-02,5.235677E+02,4.820516E-02,4.183089E+02,4.524654E+02,7.108103E-02,1.980934E+03,4.820516E-02,0.000000E+00,0.000000E+00,3.353389E-02,3.642195E+02,1.243771E-01,1.304885E+03,1.621319E+03,1.148588E-01,2.108404E+03,3.353389E-02,0.000000E+00,0.000000E+00,1.047938E-02,1.138190E+02,1.635198E-01,1.799241E+03,2.252953E+03,1.811268E-01,2.280469E+03,1.047938E-02,0.000000E+00,0.000000E+00,3.772573E-02,4.097481E+02,3.379627E-01,3.679064E+03,4.551910E+03,4.644898E-01,6.115341E+03,3.772573E-02,0.000000E+00,0.000000E+00,0.000000E+00,0.000000E+00,1.123676E-02,1.254559E+02,1.323594E+02,5.733453E-03,6.401456E+01,0.000000E+00,0.000000E+00,0.000000E+00,1.467111E-02,1.593464E+02,7.672284E-02,8.200749E+02,8.837445E+02,6.584673E-02,1.096551E+03,1.467111E-02,0.000000E+00,0.000000E+00,2.724636E-02,2.959292E+02,1.199046E-01,1.270261E+03,1.755558E+03,7.853047E-02,1.547902E+03,2.724636E-02,0.000000E+00,0.000000E+00
21:45:00,5.165079E-02,5.725526E+02,2.677514E-01,2.849215E+03,3.142444E+03,3.957324E-01,5.690664E+03,5.165079E-02,0.000000E+00,0.000000E+00,3.730654E-01,4.135456E+03,5.699531E-01,5.348345E+03,8.335194E+03,4.787936E-01,1.453448E+04,3.730654E-01,0.000000E+00,0.000000E+00,4.820504E-02,5.343562E+02,4.820504E-02,4.075180E+02,4.414575E+02,9.392748E-02,2.236028E+03,4.820504E-02,0.000000E+00,0.000000E+00,4.820516E-02,5.343575E+02,4.820516E-02,4.075190E+02,4.414586E+02,7.106420E-02,1.980746E+03,4.820516E-02,0.000000E+00,0.000000E+00,3.353389E-02,3.717255E+02,1.209669E-01,1.259278E+03,1.571822E+03,1.148359E-01,2.108149E+03,3.353389E-02,0.000000E+00,0.000000E+00,1.047938E-02,1.161646E+02,1.604742E-01,1.762855E+03,2.215317E+03,1.810973E-01,2.280141E+03,1.047938E-02,0.000000E+00,0.000000E+00,3.772573E-02,4.181924E+02,3.241004E-01,3.515811E+03,4.381338E+03,4.643801E-01,6.114116E+03,3.772573E-02,0.000000E+00,0.000000E+00,0.000000E+00,0.000000E+00,1.105987E-02,1.234806E+02,1.303540E+02,5.728523E-03,6.395951E+01,0.000000E+00,0.000000E+00,0.000000E+00,1.467111E-02,1.626303E+02,7.131331E-02,7.563927E+02,8.181167E+02,6.583224E-02,1.096390E+03,1.467111E-02,0.000000E+00,0.000000E+00,2.724636E-02,3.020278E+02,1.167319E-01,1.228691E+03,1.709452E+03,7.852083E-02,1.547795E+03,2.724636E-02,0.000000E+00,0.000000E+00
22:00:00,5.165079E-02,5.841137E+02,2.593539E-01,2.743881E+03,3.033687E+03,3.954517E-01,5.687530E+03,5.165079E-02,0.000000E+00,0.000000E+00,3.730654E-01,4.218960E+03,5.518844E-01,5.063027E+03,7.881222E+03,4.787595E-01,1.453410E+04,3.730654E-01,0.000000E+00,0.000000E+00,4.820504E-02,5.451460E+02,4.820504E-02,3.967282E+02,4.304516E+02,9.391368E-02,2.235874E+03,4.820504E-02,0.000000E+00,0.000000E+00,4.820516E-02,5.451474E+02,4.820516E-02,3.967292E+02,4.304527E+02,7.104874E-02,1.980574E+03,4.820516E-02,0.000000E+00,0.000000E+00,3.353389E-02,3.792314E+02,1.178951E-01,1.217449E+03,1.526348E+03,1.148143E-01,2.107907E+03,3.353389E-02,0.000000E+00,0.000000E+00,1.047938E-02,1.185102E+02,1.576187E-01,1.728589E+03,2.179852E+03,1.810704E-01,2.279840E+03,1.047938E-02,0.000000E+00,0.000000E+00,3.772573E-02,4.266366E+02,3.114797E-01,3.366423E+03,4.224858E+03,4.642783E-01,6.112979E+03,3.772573E-02,0.000000E+00,0.000000E+00,0.000000E+00,0.000000E+00,1.089123E-02,1.215974E+02,1.284423E+02,5.723905E-03,6.390794E+01,0.000000E+00,0.000000E+00,0.000000E+00,1.467111E-02,1.659142E+02,6.672378E-02,7.018659E+02,7.618459E+02,6.581852E-02,1.096237E+03,1.467111E-02,0.000000E+00,0.000000E+00,2.724636E-02,3.081264E+02,1.138736E-01,1.190630E+03,1.667195E+03,7.851201E-02,1.547696E+03,2.724636E-02,0.000000E+00,0.000000E+00
22:15:00,5.165079E-02,5.931057E+02,2.517010E-01,2.649430E+03,2.936046E+03,3.951754E-01,5.684445E+03,5.165079E-02,0.000000E+00,0.000000E+00,3.730654E-01,4.283907E+03,5.358012E-01,4.818459E+03,7.475229E+03,4.787284E-01,1.453376E+04,3.730654E-01,0.000000E+00,0.000000E+00,4.820504E-02,5.535381E+02,4.820504E-02,3.883361E+02,4.218914E+02,9.390102E-02,2.235733E+03,4.820504E-02,0.000000E+00,0.000000E+00,4.820516E-02,5.535395E+02,4.820516E-02,3.883371E+02,4.218925E+02,7.103454E-02,1.980415E+03,4.820516E-02,0.000000E+00,0.000000E+00,3.353389E-02,3.850694E+02,1.151010E-01,1.180387E+03,1.485853E+03,1.147937E-01,2.107678E+03,3.353389E-02,0.000000E+00,0.000000E+00,1.047938E-02,1.203346E+02,1.549152E-01,1.696544E+03,2.146616E+03,1.810458E-01,2.279565E+03,1.047938E-02,0.000000E+00,0.000000E+00,3.772573E-02,4.332043E+02,2.998994E-01,3.230528E+03,4.082043E+03,4.641840E-01,6.111926E+03,3.772573E-02,0.000000E+00,0.000000E+00,0.000000E+00,0.000000E+00,1.073022E-02,1.197994E+02,1.266171E+02,5.719576E-03,6.385961E+01,0.000000E+00,0.000000E+00,0.000000E+00,1.467111E-02,1.684683E+02,6.278356E-02,6.553183E+02,7.137315E+02,6.580554E-02,1.096092E+03,1.467111E-02,0.000000E+00,0.000000E+00,2.724636E-02,3.128698E+02,1.112653E-01,1.156714E+03,1.629260E+03,7.850394E-02,1.547606E+03,2.724636E-02,0.000000E+00,0.000000E+00
22:30:00,5.165079E-02,6.020977E+02,2.447218E-01,2.562518E+03,2.846128E+03,3.949033E-01,5.681406E+03,5.165079E-02,0.000000E+00,0.000000E+00,3.730654E-01,4.348855E+03,5.221049E-01,4.600818E+03,7.113693E+03,4.787000E-01,1.453344E+04,3.730654E-01,0.000000E+00,0.000000E+00,4.820504E-02,5.619302E+02,4.820504E-02,3.799440E+02,4.133314E+02,9.388941E-02,2.235603E+03,4.820504E-02,0.000000E+00,0.000000E+00,4.820516E-02,5.619316E+02,4.820516E-02,3.799449E+02,4.133324E+02,7.102150E-02,1.980270E+03,4.820516E-02,0.000000E+00,0.000000E+00,3.353389E-02,3.909074E+02,1.125801E-01,1.146407E+03,1.448680E+03,1.147743E-01,2.107460E+03,3.353389E-02,0.000000E+00,0.000000E+00,1.047938E-02,1.221590E+02,1.523923E-01,1.666551E+03,2.115539E+03,1.810232E-01,2.279313E+03,1.047938E-02,0.000000E+00,0.000000E+00,3.772573E-02,4.397721E+02,2.893269E-01,3.105932E+03,3.950932E+03,4.640964E-01,6.110948E+03,3.772573E-02,0.000000E+00,0.000000E+00,0.000000E+00,0.000000E+00,1.057701E-02,1.180889E+02,1.248809E+02,5.715516E-03,6.381428E+01,0.000000E+00,0.000000E+00,0.000000E+00,1.467111E-02,1.710224E+02,5.938060E-02,6.147722E+02,6.717599E+02,6.579324E-02,1.095954E+03,1.467111E-02,0.000000E+00,0.000000E+00,2.724636E-02,3.176131E+02,1.089277E-01,1.125875E+03,1.594763E+03,7.849655E-02,1.547524E+03,2.724636E-02,0.000000E+00,0.000000E+00
22:45:00,5.165079E-02,6.110897E+02,2.383188E-01,2.482042E+03,2.762790E+03,3.946353E-01,5.678414E+03,5.165079E-02,0.000000E+00,0.000000E+00,3.730654E-01,4.413802E+03,5.099477E-01,4.400381E+03,6.778298E+03,4.786740E-01,1.453315E+04,3.730654E-01,0.000000E+00,0.000000E+00,4.820504E-02,5.703223E+02,4.820504E-02,3.715519E+02,4.047713E+02,9.387876E-02,2.235484E+03,4.820504E-02,0.000000E+00,0.000000E+00,4.820516E-02,5.703238E+02,4.820516E-02,3.715528E+02,4.047723E+02,7.100952E-02,1.980136E+03,4.820516E-02,0.000000E+00,0.000000E+00,3.353389E-02,3.967454E+02,1.102836E-01,1.114936E+03,1.414181E+03,1.147558E-01,2.107254E+03,3.353389E-02,0.000000E+00,0.000000E+00,1.047938E-02,1.239833E+02,1.500141E-01,1.638179E+03,2.086108E+03,1.810025E-01,2.279082E+03,1.047938E-02,0.000000E+00,0.000000E+00,3.772573E-02,4.463398E+02,2.795963E-01,2.990738E+03,3.829431E+03,4.640151E-01,6.110041E+03,3.772573E-02,0.000000E+00,0.000000E+00,0.000000E+00,0.000000E+00,1.043123E-02,1.164612E+02,1.232292E+02,5.711705E-03,6.377173E+01,0.000000E+00,0.000000E+00,0.000000E+00,1.467111E-02,1.735765E+02,5.642330E-02,5.792019E+02,6.348860E+02,6.578159E-02,1.095824E+03,1.467111E-02,0.000000E+00,0.000000E+00,2.724636E-02,3.223565E+02,1.068098E-01,1.097497E+03,1.562932E+03,7.848979E-02,1.547448E+03,2.724636E-02,0.000000E+00,0.000000E+00
23:00:00,5.165079E-02,6.200817E+02,2.324196E-01,2.407191E+03,2.685208E+03,3.943714E-01,5.675468E+03,5.165079E-02,0.000000E+00,0.000000E+00,3.730654E-01,4.478750E+03,4.992017E-01,4.215683E+03,6.468744E+03,4.786503E-01,1.453289E+04,3.730654E-01,0.000000E+00,0.000000E+00,4.820504E-02,5.787144E+02,4.820504E-02,3.631598E+02,3.962113E+02,9.386899E-02,2.235375E+03,4.820504E-02,0.000000E+00,0.000000E+00,4.820516E-02,5.787159E+02,4.820516E-02,3.631607E+02,3.962123E+02,7.099851E-02,1.980013E+03,4.820516E-02,0.000000E+00,0.000000E+00,3.353389E-02,4.025833E+02,1.081899E-01,1.085729E+03,1.382124E+03,1.147382E-01,2.107058E+03,3.353389E-02,0.000000E+00,0.000000E+00,1.047938E-02,1.258077E+02,1.477785E-01,1.611399E+03,2.058324E+03,1.809836E-01,2.278871E+03,1.047938E-02,0.000000E+00,0.000000E+00,3.772573E-02,4.529076E+02,2.706418E-01,2.884209E+03,3.716889E+03,4.639397E-01,6.109198E+03,3.772573E-02,0.000000E+00,0.000000E+00,0.000000E+00,0.000000E+00,1.029273E-02,1.149149E+02,1.216602E+02,5.708126E-03,6.373177E+01,0.000000E+00,0.000000E+00,0.000000E+00,1.467111E-02,1.761307E+02,5.383965E-02,5.478033E+02,6.022929E+02,6.577053E-02,1.095701E+03,1.467111E-02,0.000000E+00,0.000000E+00,2.724636E-02,3.270999E+02,1.048924E-01,1.071358E+03,1.533577E+03,7.848360E-02,1.547379E+03,2.724636E-02,0.000000E+00,0.000000E+00
23:15:00,5.165079E-02,6.290736E+02,2.269208E-01,2.336810E+03,2.612172E+03,3.941115E-01,5.672566E+03,5.165079E-02,0.000000E+00,0.000000E+00,3.730654E-01,4.543698E+03,4.895618E-01,4.043318E+03,6.179384E+03,4.786287E-01,1.453264E+04,3.730654E-01,0.000000E+00,0.000000E+00,4.820504E-02,5.871065E+02,4.820504E-02,3.547677E+02,3.876513E+02,9.386003E-02,2.235275E+03,4.820504E-02,0.000000E+00,0.000000E+00,4.820516E-02,5.871080E+02,4.820516E-02,3.547686E+02,3.876523E+02,7.098841E-02,1.979900E+03,4.820516E-02,0.000000E+00,0.000000E+00,3.353389E-02,4.084213E+02,1.062641E-01,1.058398E+03,1.352076E+03,1.147216E-01,2.106872E+03,3.353389E-02,0.000000E+00,0.000000E+00,1.047938E-02,1.276321E+02,1.456618E-01,1.585946E+03,2.031891E+03,1.809663E-01,2.278678E+03,1.047938E-02,0.000000E+00,0.000000E+00,3.772573E-02,4.594753E+02,2.623457E-01,2.785029E+03,3.611870E+03,4.638696E-01,6.108416E+03,3.772573E-02,0.000000E+00,0.000000E+00,0.000000E+00,0.000000E+00,1.016120E-02,1.134464E+02,1.201704E+02,5.704763E-03,6.369423E+01,0.000000E+00,0.000000E+00,0.000000E+00,1.467111E-02,1.786848E+02,5.156175E-02,5.198180E+02,5.732013E+02,6.576005E-02,1.095584E+03,1.467111E-02,0.000000E+00,0.000000E+00,2.724636E-02,3.318432E+02,1.031448E-01,1.047114E+03,1.506306E+03,7.847794E-02,1.547316E+03,2.724636E-02,0.000000E+00,0.000000E+00
23:30:00,5.165079E-02,6.380656E+02,2.217602E-01,2.270206E+03,2.542971E+03,3.938555E-01,5.669707E+03,5.165079E-02,0.000000E+00,0.000000E+00,3.730654E-01,4.608645E+03,4.808313E-01,3.881090E+03,5.906878E+03,4.786091E-01,1.453242E+04,3.730654E-01,0.000000E+00,0.000000E+00,4.820504E-02,5.954986E+02,4.820504E-02,3.463756E+02,3.790914E+02,9.385181E-02,2.235183E+03,4.820504E-02,0.000000E+00,0.000000E+00,4.820516E-02,5.955001E+02,4.820516E-02,3.463765E+02,3.790924E+02,7.097913E-02,1.979797E+03,4.820516E-02,0.000000E+00,0.000000E+00,3.353389E-02,4.142593E+02,1.044844E-01,1.032696E+03,1.323780E+03,1.147058E-01,2.106695E+03,3.353389E-02,0.000000E+00,0.000000E+00,1.047938E-02,1.294565E+02,1.436517E-01,1.561685E+03,2.006669E+03,1.809504E-01,2.278501E+03,1.047938E-02,0.000000E+00,0.000000E+00,3.772573E-02,4.660430E+02,2.546306E-01,2.692335E+03,3.513481E+03,4.638045E-01,6.107689E+03,3.772573E-02,0.000000E+00,0.000000E+00,0.000000E+00,0.000000E+00,1.003624E-02,1.120513E+02,1.187553E+02,5.701602E-03,6.365893E+01,0.000000E+00,0.000000E+00,0.000000E+00,1.467111E-02,1.812389E+02,4.953941E-02,4.946861E+02,5.470387E+02,6.575010E-02,1.095473E+03,1.467111E-02,0.000000E+00,0.000000E+00,2.724636E-02,3.365866E+02,1.015446E-01,1.024516E+03,1.480851E+03,7.847276E-02,1.547258E+03,2.724636E-02,0.000000E+00,0.000000E+00
23:45:00,5.165079E-02,6.470576E+02,2.168839E-01,2.206774E+03,2.476984E+03,3.936033E-01,5.666892E+03,5.165079E-02,0.000000E+00,0.000000E+00,3.730654E-01,4.673593E+03,4.728525E-01,3.727243E+03,5.648445E+03,4.785911E-01,1.453222E+04,3.730654E-01,0.000000E+00,0.000000E+00,4.820504E-02,6.038907E+02,4.820504E-02,3.379835E+02,3.705315E+02,9.384428E-02,2.235099E+03,4.820504E-02,0.000000E+00,0.000000E+00,4.820516E-02,6.038922E+02,4.820516E-02,3.379843E+02,3.705324E+02,7.097062E-02,1.979701E+03,4.820516E-02,0.000000E+00,0.000000E+00,3.353389E-02,4.200973E+02,1.028312E-01,1.008407E+03,1.297005E+03,1.146907E-01,2.106527E+03,3.353389E-02,0.000000E+00,0.000000E+00,1.047938E-02,1.312808E+02,1.417369E-01,1.538486E+03,1.982529E+03,1.809359E-01,2.278339E+03,1.047938E-02,0.000000E+00,0.000000E+00,3.772573E-02,4.726108E+02,2.474299E-01,2.605384E+03,3.420954E+03,4.637440E-01,6.107013E+03,3.772573E-02,0.000000E+00,0.000000E+00,0.000000E+00,0.000000E+00,9.917457E-03,1.107251E+02,1.174102E+02,5.698627E-03,6.362572E+01,0.000000E+00,0.000000E+00,0.000000E+00,1.467111E-02,1.837930E+02,4.773191E-02,4.719526E+02,5.233395E+02,6.574065E-02,1.095367E+03,1.467111E-02,0.000000E+00,0.000000E+00,2.724636E-02,3.413300E+02,1.000726E-01,1.003348E+03,1.456979E+03,7.846801E-02,1.547205E+03,2.724636E-02,0.000000E+00,0.000000E+00
24:00:00,5.165079E-02,6.560496E+02,2.122544E-01,2.146098E+03,2.413785E+03,3.933549E-01,5.664119E+03,5.165079E-02,0.000000E+00,0.000000E+00,3.730654E-01,4.738540E+03,4.655007E-01,3.580386E+03,5.401832E+03,4.785748E-01,1.453204E+04,3.730654E-01,0.000000E+00,0.000000E+00,4.820504E-02,6.122828E+02,4.820504E-02,3.295914E+02,3.619709E+02,9.383738E-02,2.235022E+03,4.820504E-02,0.000000E+00,0.000000E+00,4.820516E-02,6.122844E+02,4.820516E-02,3.295922E+02,3.619718E+02,7.096280E-02,1.979614E+03,4.820516E-02,0.000000E+00,0.000000E+00,3.353389E-02,4.259352E+02,1.012882E-01,9.853469E+02,1.271551E+03,1.146764E-01,2.106368E+03,3.353389E-02,0.000000E+00,0.000000E+00,1.047938E-02,1.331052E+02,1.399072E-01,1.516237E+03,1.959352E+03,1.809226E-01,2.278190E+03,1.047938E-02,0.000000E+00,0.000000E+00,3.772573E-02,4.791785E+02,2.406867E-01,2.523540E+03,3.333633E+03,4.636877E-01,6.106385E+03,3.772573E-02,0.000000E+00,0.000000E+00,0.000000E+00,0.000000E+00,9.804463E-03,1.094635E+02,1.161308E+02,5.695827E-03,6.359445E+01,0.000000E+00,0.000000E+00,0.000000E+00,1.467111E-02,1.863471E+02,4.610597E-02,4.512461E+02,5.017229E+02,6.573168E-02,1.095267E+03,1.467111E-02,0.000000E+00,0.000000E+00,2.724636E-02,3.460733E+02,9.871224E-02,9.834249E+02,1.434487E+03,7.846367E-02,1.547157E+03,2.724636E-02,0.000000E+00,0.000000E+00
Coinc Peak   ,5.910404E-01,5.104628E-01,8.057963E+03,5.811801E+03,9.186289E-01,1.224911E+00,1.955191E+04,1.419386E+04,2.074047E-01,1.023238E-01,3.527902E+03,1.327006E+03,1.782742E-01,9.145974E-02,3.222843E+03,1.162559E+03,2.330421E-01,2.618279E-01,3.459286E+03,3.040546E+03,4.124088E-01,3.418585E-01,4.925666E+03,3.811728E+03,1.086751E+00,7.788723E-01,1.342693E+04,8.816403E+03,1.708904E-02,2.516266E-02,1.953480E+02,2.839913E+02,1.441544E-01,2.020064E-01,1.991141E+03,2.270901E+03,1.777505E-01,2.040946E-01,2.679294E+03,2.359672E+03
NonCoinc Peak,5.910404E-01,5.104628E-01,8.057963E+03,5.811801E+03,9.186289E-01,1.224911E+00,1.955191E+04,1.419386E+04,2.074047E-01,1.023238E-01,3.527902E+03,1.327006E+03,1.782742E-01,9.145974E-02,3.222843E+03,1.162559E+03,2.330421E-01,2.618279E-01,3.459286E+03,3.040546E+03,4.124088E-01,3.418585E-01,4.925666E+03,3.811728E+03,1.086751E+00,7.788723E-01,1.342693E+04,8.816403E+03,1.708904E-02,2.516266E-02,1.953480E+02,2.839913E+02,1.441544E-01,2.020064E-01,1.991141E+03,2.270901E+03,1.777505E-01,2.040946E-01,2.679294E+03,2.359672E+03
